130.329,97.8284,132.75
416.746,376.51,416.988
851.337,803.363,850.517
750.851,698.806,750.326
-7.77471,-62.1137,-9.80191
-525.447,-580.291,-531.022
-137.956,-189.466,-144.878
586.694,539.456,582.097
663.106,615.63,660.957
46.8064,-3.50729,44.5586
-404.361,-454.284,-408.788
-92.8517,-139.082,-99.0572
509.92,465.648,504.94
582.345,536.314,580.2
88.4681,40.1027,87.1287
-280.142,-328.165,-283.206
-34.3008,-79.2392,-38.8871
459.026,416.48,455.036
536.056,493.001,533.491
158.221,113.397,155.957
-136.867,-182.038,-139.886
42.5945,-0.763176,40.4599
417.807,375.978,418.954
479.043,436.966,482.826
193.93,151.405,198.038
-33.9872,-75.8014,-31.2953
97.2777,56.7508,98.5632
372.385,332.259,373.634
415.115,373.655,416.553
211.105,167.309,211.879
42.8537,-2.17484,42.5724
120.249,76.7228,119.388
293.497,252.495,292.883
314.239,273.392,313.973
187.068,144.157,186.744
73.2635,29.2449,72.0809
93.3689,50.4234,91.2673
177.054,134.922,175.301
190.509,147.656,189.35
129.71,86.2635,128.953
65.3642,22.307,65.0581
60.7071,18.5779,60.2849
83.3158,41.9939,83.0631
87.2456,46.6332,87.6507
74.07,34.4876,74.6675
38.9977,0.690201,39.7762
0.778415,-36.0909,2.48076
-35.2778,-71.2035,-32.5306
-47.646,-83.2638,-45.7635
-23.5735,-58.9398,-23.784
-22.6269,-57.804,-23.9559
-75.8708,-110.725,-78.7901
-147.412,-181.697,-152.407
-153.969,-186.71,-159.544
-82.695,-113.095,-87.736
-53.6886,-82.4142,-58.1528
-133.772,-162.363,-138.123
-258.144,-288.562,-262.734
-295.415,-328.283,-300.376
-231.05,-265.694,-235.862
-228.076,-263.832,-232.127
-371.991,-407.66,-376.004
-562.182,-596.318,-566.987
-614.217,-646.103,-619.606
-516.1,-546.182,-521.28
-474.337,-504.623,-479.024
-605.795,-638.518,-611.246
-809.796,-844.729,-816.35
-883.935,-918.297,-890.138
-805.43,-837.569,-810.519
-796.764,-828.825,-800.645
-992.097,-1026.34,-994.77
-1273.42,-1307.74,-1276.08
-1415.68,-1446.51,-1419.86
-1398.26,-1426.21,-1403.09
-1466.34,-1494.71,-1470.44
-1752.42,-1781.74,-1756.09
-2109.81,-2138.2,-2113.9
-2281.56,-2308.55,-2286.77
-2230.91,-2257.43,-2236.48
-2216.36,-2242.99,-2221
-2407.29,-2434.29,-2411.72
-2672.31,-2699.36,-2677.89
-2743.23,-2768.56,-2750.29
-2582.32,-2604.3,-2589.9
-2433.6,-2454.08,-2439.59
-2466.3,-2488.42,-2470.62
-2592.43,-2616.62,-2597.45
-2607.18,-2631.99,-2614.68
-2511.07,-2535.35,-2520.08
-2501.27,-2525.78,-2508.92
-2639.43,-2665.06,-2644.74
-2766.29,-2792.21,-2770.66
-2638.45,-2665.07,-2643.64
-2240.74,-2269.1,-2245.77
-1851.65,-1879.31,-1854.51
-1658.88,-1683.66,-1661.44
-1575.3,-1599.28,-1579.56
-1360.92,-1385.97,-1365.79
-967.358,-992.589,-972.07
-628.542,-653.286,-633.573
-502.938,-527.961,-508.977
-495.787,-521.626,-501.542
-358.225,-384.353,-360.849
-43.2571,-69.0902,-42.9664
221.796,196.224,222.169
294.898,269.554,293.929
263.218,237.907,261.786
355.661,330.155,354.752
620.185,595.45,620.128
836.116,813.365,837.221
866.323,845.093,867.462
799.937,778.505,799.481
849.591,827.417,848.196
1057.75,1035.89,1057.08
1217.85,1196.91,1218.2
1204,1183.09,1205.2
1093.77,1071.02,1095.72
1097.12,1072.06,1098.84
1266.94,1241.54,1267.63
1397.28,1372.88,1397.91
1363.55,1339.96,1365.77
1229.48,1207.01,1233.43
1199.95,1178.68,1205.18
1343.56,1322.32,1349.48
1455.3,1432.56,1460.33
1410.42,1386.23,1414.29
1285.05,1261.53,1289.2
1263.25,1242.02,1268.26
1392.57,1372.93,1397.79
1490.95,1470.85,1495.3
1457.01,1435.17,1460.32
1365.21,1342.51,1368.77
1377.52,1355.91,1382.19
1534.1,1514.74,1539.76
1659.83,1642.9,1665.94
1634.51,1618.44,1641.01
1498.84,1481.57,1506.14
1433.2,1415.34,1441.07
1519.82,1502.87,1527.79
1601.81,1585.65,1609.56
1611.54,1594.91,1619.09
1607.11,1588.35,1614.2
1660.99,1639.67,1667.25
1769.45,1746.32,1774.45
1806.13,1782.2,1809.86
1743.41,1719.95,1747.61
1674.13,1651.62,1679.34
1727.54,1705.85,1732.35
1943.27,1922.48,1947.83
2184.71,2164.4,2189.65
2309.61,2289.4,2314.94
2249.88,2229.38,2255.05
2074.41,2053.9,2078.21
1893.06,1873.14,1895.27
1674.75,1653.91,1676.2
1413.76,1389.87,1415.9
1170.05,1143.26,1173.5
1004.17,976.36,1007.13
913.677,885.399,914.56
773.871,744.138,773.006
557.554,527.088,556.362
354.069,325.264,354.092
245.132,219.192,246.351
222.39,198.729,224.169
167.043,144.073,169.317
47.3981,23.5019,49.253
-73.1959,-98.3357,-72.6742
-136.847,-162.239,-137.744
-156.354,-181.505,-158.066
-217.219,-242.593,-218.606
-331.307,-357.157,-332.416
-455.23,-482.03,-456.548
-546.811,-574.825,-548.303
-605.908,-634.053,-607.522
-705.096,-732.375,-706.398
-846.671,-873.59,-847.126
-985.022,-1012.65,-984.78
-1089.73,-1118.16,-1089.95
-1166.2,-1195.03,-1167.71
-1283.95,-1312.96,-1286.15
-1446.64,-1475.2,-1448.74
-1627.67,-1655.53,-1629.96
-1819.15,-1846.87,-1822.01
-2045.28,-2073.44,-2048.26
-2423.6,-2452.7,-2426.73
-2975.19,-3004.83,-2978.86
-3491.82,-3520.8,-3495.91
-3730.6,-3757.92,-3735.13
-3663.37,-3688.57,-3667.45
-3408.18,-3431.88,-3411.3
-3023.13,-3046.17,-3026.31
-2572.34,-2595.42,-2575.88
-2130.93,-2153.81,-2135.06
-1714.18,-1735.8,-1719.01
-1333.01,-1353.55,-1337.27
-989.59,-1010.5,-992.543
-727.739,-750.396,-730.361
-567.836,-591.992,-571.062
-451.377,-475.851,-454.921
-342.808,-367.39,-345.981
-221.602,-246.614,-223.58
-122.263,-148.266,-123.209
-66.3889,-94.0539,-68.4713
-5.24044,-34.116,-8.5879
75.8043,47.3669,73.7337
169.926,142.521,169.641
228.641,201.549,229.311
223.504,197.113,225.381
215.09,189.594,218.119
243.486,218.08,246.01
317.843,292.392,319.221
399.208,373.786,401.159
459.415,434.603,462.998
534.733,511.293,539.021
633.523,611.319,637.161
747.521,726.066,750.632
820.185,799.144,824.126
812.758,791.658,817.541
769.146,746.968,773.981
727.911,703.89,732.426
704.258,678.271,706.878
650.051,622.543,649.289
530.772,502.431,526.898
385.326,355.983,380.537
250.591,219.84,247.156
163.282,132.016,161.143
95.7323,65.3762,94.9614
17.2888,-11.5055,18.6175
-37.8377,-65.2003,-34.619
-126.013,-152.93,-122.186
-300.041,-327.454,-297.459
-503.37,-531.498,-502.197
-659.785,-688.323,-658.322
-726.386,-755.184,-723.269
-692.93,-722.637,-688.567
-547.919,-578.357,-543.52
-368.304,-398.709,-364.248
-258.868,-288.561,-255.082
-216.944,-245.3,-213.067
-219.791,-247.853,-216.116
-241.487,-269.985,-239.136
-220.973,-249.354,-219.302
-109.806,-138.364,-107.345
65.6761,36.7997,68.5855
271.164,243.598,273.488
538.756,513.874,541.287
807.249,783.928,810.888
971.373,948.153,975.269
1027.35,1004.39,1031.84
1014.18,992.469,1020.14
1120.6,1100.94,1127.15
1579.12,1561.59,1585.43
2305.4,2289.34,2311.4
2901.97,2885.9,2908
3038.7,3021.27,3045.09
2746.66,2727.7,2752.94
2253.67,2232.87,2259.37
1758.91,1736.41,1763.55
1367.76,1345.31,1371.27
1050.2,1028.94,1053.61
721.295,701.355,725.875
332.806,313.765,339.032
-33.7713,-53.2412,-27.7286
-233.095,-254.111,-229.151
-231.124,-253.031,-228.485
-92.4049,-113.858,-89.6801
40.6766,19.786,43.8793
78.9908,58.1631,82.4967
71.4727,50.0132,74.7499
93.3563,71.1943,95.7767
177.809,156.199,179.75
250.368,229.811,253.329
240.243,220.559,244.661
206.515,187.517,212.256
227.246,208.151,234.336
300.022,281.174,307.41
347.618,329.632,354.775
321.27,303.329,327.904
257.208,239.144,262.604
223.108,205.9,227.741
250.486,233.886,255.663
270.241,252.737,276.793
224.188,205.223,231.132
147.654,127.782,153.401
104.51,84.0851,109.489
131.99,111.596,137.705
164.911,145.625,171.825
150.654,132.591,158.074
117.638,100.502,125.33
106.551,90.2757,115.216
145.016,129.051,153.932
177.781,161.057,185.855
162.374,144.57,170.416
117.883,101.066,126.745
86.2873,71.5905,96.1555
109.612,94.9354,119.391
132.575,116.314,140.593
113.764,96.6958,120.452
82.7854,67.3167,89.7195
69.1576,56.9251,77.2374
98.8802,89.5483,108.205
124.115,117.289,134.94
108.873,103.941,120.891
80.5888,76.0339,92.7044
64.0132,58.2794,75.6276
89.947,82.1453,99.7996
116.107,107.335,123.443
112.82,105.348,119.709
102.585,96.6729,111.057
96.1041,90.4215,105.829
121.531,115.011,131.13
127.658,120.349,136.675
100.363,92.9362,109.589
88.3873,80.3638,97.5866
83.8255,74.1803,92.5782
99.2968,88.1674,108.643
112.094,100.622,122.82
106.755,94.7569,118.763
103.598,89.5145,116.601
92.9747,76.774,106.591
97.3613,80.8685,111.183
102.375,86.7276,116.69
93.8182,78.5355,109.038
91.7217,76.876,107.772
79.9654,66.4589,96.9846
80.0961,67.9053,97.7051
78.3854,67.4771,95.8359
65.1514,55.6017,82.4108
67.9628,57.6526,84.0181
54.6094,41.5991,67.7967
48.9268,34.5616,60.1126
57.0638,42.8053,68.1439
54.4666,40.0553,65.6799
57.5318,43.4025,68.7956
52.2423,39.7108,63.9216
52.0599,40.7489,63.6523
50.9031,38.4113,60.7478
39.9361,24.6757,46.9999
40.4479,23.171,45.9623
32.0302,14.3168,37.5613
25.0433,7.54551,30.7157
23.6444,5.9776,29.2504
21.8257,3.73026,27.6586
28.4228,9.83304,35.0935
14.2235,-5.01059,21.6402
5.73973,-13.5432,13.4659
15.3575,-2.53634,23.7013
16.1717,0.343854,25.4507
29.3104,13.9004,39.6583
53.4286,36.615,65.1963
113.143,95.4178,126.219
208.398,191.109,221.956
294.243,278.096,307.242
377.369,362.445,389.461
455.185,441.781,466.428
520.326,508.871,530.679
551.048,540.244,561.06
533.601,521.798,543.229
488.486,475.928,497.539
421.935,409.247,431.341
373.52,360.906,383.585
368.724,355.998,378.634
398.56,385.957,408.134
442.64,431.039,453.37
413.617,402.775,425.626
289.166,279.036,300.571
160.458,151.191,170.645
85.0511,75.6063,93.4293
29.8119,19.1703,35.3109
-63.1984,-75.4321,-60.1908
-178.868,-192.138,-177.495
-296.665,-309.743,-295.646
-414.745,-426.943,-412.464
-522.589,-533.81,-519.35
-620.707,-631.148,-618.279
-687.375,-697.982,-687.1
-726.169,-738.301,-727.613
-742.365,-755.518,-743.672
-734.604,-747.034,-734.967
-733.406,-745.075,-733.4
-741.277,-752.443,-741.047
-760.988,-771.908,-759.902
-801.075,-812.686,-799.693
-859.663,-871.799,-859.553
-951.53,-963.587,-953.151
-1068.12,-1079.84,-1070.44
-1201.78,-1213.26,-1203.58
-1346.48,-1358.16,-1347.35
-1498.73,-1511.38,-1498.61
-1653.85,-1668.21,-1654.3
-1730.55,-1745.53,-1733.33
-1689.98,-1703.55,-1693.9
-1564.95,-1576.47,-1568.26
-1393.76,-1403.84,-1396.02
-1232,-1241.95,-1232.81
-1100.96,-1112.29,-1101.34
-1009.14,-1022.6,-1011.19
-941.007,-956.831,-943.522
-861.502,-879.541,-860.953
-772.14,-792.158,-767.659
-673.716,-696.12,-666.805
-575.563,-601.278,-567.558
-485.77,-515.867,-477.613
-403.563,-438.849,-394.95
-348.018,-388.698,-337.194
-309.792,-355.734,-296.088
-282.503,-334.181,-267.205
-259.18,-316.605,-243.6
-231.818,-293.52,-216.003
-226.512,-291.567,-209.79
-234.076,-302.026,-215.906
-241.322,-311.805,-221.31
-241.285,-315.09,-219.388
-232.716,-310.575,-208.886
-236.204,-317.407,-209.941
-243.976,-328.007,-216.033
-247.923,-335.654,-219.763
-236.172,-327.586,-208.632
-208.984,-303.204,-182.093
-198.835,-294.741,-170.977
-204.218,-299.672,-174.266
-218.246,-312.481,-187.142
-227.921,-322.646,-197.184
-222.742,-319.116,-192.247
-226.515,-323.873,-194.921
-233.391,-331.019,-201.271
-243.542,-340.641,-211.751
-248.767,-344.056,-217.386
-236.936,-329.982,-207.322
-234.685,-326.091,-207.744
-235.491,-326.191,-210.33
-222.211,-313.127,-197.037
-186.265,-277.159,-160.653
-149.759,-238.856,-124.833
-140.18,-227.019,-115.612
-134.218,-219.702,-109.442
-127.129,-210.994,-102.585
-104.617,-185.883,-79.5816
-64.6907,-143.696,-38.2401
-48.6797,-127.2,-21.8628
-43.3044,-122.138,-18.1928
-30.2877,-108.865,-7.59985
1.54299,-75.5555,22.728
50.1331,-24.0275,70.4343
74.0906,2.43687,93.2858
77.8826,6.31291,95.9587
63.193,-9.38714,80.8175
42.4058,-30.0305,59.6301
22.7404,-48.124,38.5376
-23.499,-92.3375,-9.11567
-64.6236,-131.881,-50.6148
-84.7651,-151.153,-70.1353
-75.1773,-140.633,-59.4241
-28.9531,-92.3662,-12.6966
14.7816,-46.1823,31.4691
52.6865,-6.19547,70.8079
104.197,46.8261,123.842
211.621,155.069,231.332
351.458,295.487,369.799
393.086,336.919,409.988
313.648,257.052,329.9
180.866,125.178,196.6
51.9254,-2.36035,66.4694
-63.7599,-116.902,-50.3893
-193.82,-245.576,-181.026
-298.489,-348.632,-285.14
-360.375,-408.26,-345.071
-390.892,-436.204,-374.684
-417.385,-461.414,-402.933
-479.496,-523.556,-467.082
-535.964,-579.62,-523.591
-570.73,-612.937,-556.745
-593.15,-634.226,-578.653
-603.036,-643.938,-590.404
-621.582,-662.551,-610.067
-632.639,-673.437,-619.955
-646.316,-686.183,-631.832
-682.361,-720.194,-666.325
-729.174,-765.552,-712.9
-767.276,-804.66,-753.124
-743.772,-783.119,-732.604
-673.807,-713.42,-664.017
-592.477,-631.221,-582.15
-515.589,-553.548,-503.916
-479.262,-515.847,-466.128
-454.238,-489.691,-441.039
-420.94,-456.982,-409.28
-371.775,-409.684,-361.891
-298.35,-338.127,-290.369
-229.78,-270.742,-223.305
-161.164,-201.892,-154.703
-103.569,-142.384,-95.7513
-62.6858,-99.9847,-53.5091
-19.1752,-56.4304,-9.42935
11.9076,-25.5089,21.5231
43.4182,5.9856,52.406
67.2954,29.7903,76.0633
76.2998,39.4776,86.1039
88.0968,52.77,98.986
86.9071,52.5143,97.4496
95.979,61.2432,104.774
109.967,74.2461,116.606
115.932,79.5697,121.98
125.917,89.6926,132.995
126.017,90.1889,134.507
139.873,103.98,149.708
156.874,120.523,167.415
160.472,124.057,171.294
168.74,132.58,179.548
169.965,133.944,179.863
172.693,137.602,181.828
166.271,133.1,176.346
156.619,124.877,168.429
168.792,137.318,181.422
172.138,140.904,184.988
174.034,144.022,187.634
171.617,143.729,185.127
164.628,138.039,175.393
168.265,140.451,176.156
159.416,128.628,167.993
156.803,122.347,167.907
155.827,118.013,168.057
155.595,115.864,168.429
173.852,132.887,186.782
197.231,154.505,207.509
261.075,215.704,267.383
365.832,317.198,372.303
477.556,425.799,489.956
574.431,519.781,593.152
613.764,557.112,635.728
613.248,556.379,636.978
588.571,531.519,612.589
551.05,492.423,573.479
525.361,465.245,546.255
490.795,430.6,511.108
457.192,397.566,477.921
412.322,353.283,433.34
354.574,297.605,372.329
311.942,258.201,323.271
269.134,216.567,278.378
237.615,184.179,252.567
206.186,152.764,228.375
167.295,115.346,193.99
145.453,95.021,175.108
127.686,78.3221,158.064
117.984,69.4573,146.314
98.9019,50.8281,124.857
69.018,20.5801,93.4682
60.6375,11.5288,84.8495
51.0863,2.46235,76.0845
43.0864,-4.52819,66.8821
28.5296,-19.3571,48.6135
10.0662,-38.8654,28.4487
9.40186,-39.4624,29.7907
-10.5542,-57.4496,12.0547
-26.361,-70.4532,-3.88798
-27.4377,-69.7517,-6.9108
-35.0584,-77.4506,-15.8501
-32.2039,-75.6653,-12.2395
-31.8874,-75.8924,-10.4629
-21.1287,-64.4208,0.691139
1.35814,-40.2608,22.8528
20.92,-18.62,43.378
41.3078,2.91748,66.182
31.3997,-7.15979,57.7371
8.40677,-30.0408,34.6194
-7.53259,-45.4358,17.5931
-18.8602,-56.3001,4.52249
-5.41994,-41.9279,17.2553
13.9228,-20.9494,36.7735
52.3544,18.4162,74.021
106.827,72.3706,125.858
149.337,114.814,166.555
184.584,151.716,201.658
189.904,159.345,206.853
189.779,160.812,206.295
205.546,176.82,221.555
231.131,201.477,246.116
267.93,237.726,282.343
285.446,255.866,299.442
312.298,284.167,324.754
372.928,346.984,384.575
422.158,397.843,434.969
410.439,386.054,424.413
308.78,283.893,322.774
169.989,145.268,183.695
31.3687,7.38695,44.8919
-97.1901,-120.076,-83.2418
-180.168,-202.391,-165.377
-243.377,-266.202,-229.36
-301.887,-325.939,-289.741
-367.976,-392.516,-356.986
-438.793,-463.247,-428.243
-475.614,-500.217,-464.547
-493.664,-518.858,-481.876
-494.225,-520.291,-482.841
-492.581,-519.433,-482.346
-506.099,-533.394,-497.446
-508.855,-535.847,-501.295
-513.649,-539.748,-505.637
-518.957,-544.21,-510.36
-535.702,-560.215,-527.724
-575.24,-599.312,-567.998
-593.743,-618.594,-586.313
-598.867,-625.392,-591.632
-598.734,-625.629,-591.987
-604.404,-630.604,-597.38
-626.941,-653.687,-619.742
-636.303,-663.85,-628.702
-647.149,-673.695,-638.426
-665.65,-690.789,-656.479
-706.085,-731.492,-698.026
-769.235,-796.6,-762.785
-808.881,-838.68,-803.5
-830.691,-861.812,-825.527
-840.517,-871.855,-834.423
-857.141,-887.501,-850.851
-887.17,-914.438,-882.873
-883.05,-907.491,-881.309
-848.99,-872.74,-849.042
-786.902,-810.335,-787.716
-714.87,-736.304,-715.763
-654.334,-672.249,-654.542
-570.959,-585.976,-570.102
-481.483,-493.849,-481.16
-393.778,-402.356,-394.755
-313.123,-318.01,-313.869
-247.709,-249.448,-247.851
-174.575,-172.146,-175.742
-113.65,-106.796,-117.319
-54.0192,-45.0269,-60.2549
8.12309,17.5301,0.343131
55.6206,65.8202,46.819
108.869,119.983,99.1392
150.86,163.532,140.499
188.77,205.45,178.041
230.564,251.905,219.929
262.866,287.352,251.623
309.486,336.169,295.788
343.612,372.876,327.332
364.206,396.505,347.34
390.726,425.285,374.163
404.233,440.894,386.663
416.256,456.151,396.988
415.717,459.243,395.835
410.207,456.601,390.961
415.582,464.008,396.827
420.174,470.387,400.679
430.029,481.938,408.625
431.815,485.318,407.824
432.623,488.46,406.967
439.397,497.427,413.687
435.933,494.302,409.906
434.588,492.517,408.013
429.606,487.495,403.071
430.164,488.1,403.493
446.448,503.806,419.575
447.976,505.089,420.985
440.141,499.854,413.933
428.542,492.769,404.436
416.5,482.703,393.841
410.109,474.155,387.598
403.895,465.312,381.425
408.233,468.644,385.784
409.711,468.607,387.14
408.56,464.798,386.154
412.656,467.289,390.481
416.278,471.422,393.441
423.226,479.365,399.349
420.436,475.96,397.316
414.907,469.073,393.785
417.286,472.002,396.768
416.618,472.771,394.888
413.066,468.929,390.577
403.094,457.148,381.778
399.096,451.627,378.168
404.995,456.617,381.701
403.46,454.076,378.288
403.252,453.211,378.689
399.917,449.974,376.108
392.075,442.793,368.529
384.153,435.273,361.731
377.031,428.275,355.926
382.028,434.224,361.515
383.08,435.888,362.727
379.725,431.004,359.299
383.01,431.549,363.023
391.065,437.197,372.229
402.899,447.378,384.764
402.772,446.767,384.168
401.071,446.04,381.445
415.79,461.881,396.2
430.842,476.873,411.363
436.504,481.409,415.642
437.118,480.305,415.967
449.863,491.808,430.915
482.116,523.691,464.422
520.613,562.043,501.589
545.242,586.387,525.069
537.89,578.981,517.318
526.237,567.427,504.32
526.428,566.772,503.511
539.119,578.586,516.977
582.199,621.211,561.418
643.764,681.013,622.908
715.894,751.288,692.789
777.302,812.734,752.93
807.03,843.577,784.309
811.775,849.383,790.553
791.663,829.346,769.859
756.231,793.254,732.723
708.874,745.917,684.741
661.327,699.175,638.621
622.311,661.54,601.381
570.724,610.761,550.457
510.917,550.143,489.993
443.58,481.884,421.764
373.042,410.941,350.929
328.081,365.341,306.219
298.486,334.626,277.597
274.849,309.653,254.872
247.366,280.962,228.129
212.95,245.364,195.003
187.758,219.516,170.617
165.483,197.087,148.76
147.113,177.889,131.719
124.324,153.525,111.177
94.2975,122.548,82.7161
63.8568,92.3278,51.6384
19.465,47.8027,5.91345
-27.3959,0.103368,-41.9763
-66.016,-39.1305,-82.0254
-92.1972,-65.4408,-109.611
-100.459,-73.7041,-118.63
-113.197,-86.9829,-131.085
-122.722,-96.93,-139.181
-122.741,-97.1513,-137.886
-118.137,-92.7822,-133.249
-105.185,-80.3395,-121.011
-101.076,-77.6656,-117.587
-100.454,-78.0111,-117.622
-106.004,-84.141,-124.14
-110.434,-90.3655,-129.314
-95.0367,-77.0073,-113.884
-78.6186,-61.0955,-97.8637
-65.1327,-46.0749,-86.0368
-57.2782,-36.7871,-79.4181
-57.0161,-37.4323,-78.5907
-53.7336,-36.5925,-74.1086
-56.1906,-41.3378,-76.2715
-63.0395,-48.3999,-83.1739
-73.3003,-56.6871,-92.7812
-83.6635,-65.4031,-102.927
-88.932,-70.2064,-108.717
-109.303,-90.6454,-128.995
-133.192,-115.492,-151.802
-152.142,-136.571,-168.838
-167.186,-154.044,-182.265
-167.88,-156.868,-182.971
-165.879,-156.761,-181.694
-158.167,-149.572,-174.333
-148.403,-138.407,-164.771
-132.612,-121.508,-148.964
-101.265,-90.1039,-116.87
-81.6756,-69.9424,-95.7864
-76.5338,-63.7925,-89.9132
-75.8704,-62.8131,-89.7638
-77.0407,-63.8327,-92.031
-71.5819,-57.7332,-88.2517
-71.1688,-57.5105,-88.7109
-69.2591,-56.6777,-85.614
-63.6043,-51.4284,-78.1177
-56.1489,-43.8444,-69.918
-36.9063,-24.4965,-50.6324
-24.6279,-12.4803,-38.7131
-14.7791,-3.18452,-31.1846
-7.04665,4.57449,-26.8303
-4.15689,7.82467,-25.602
6.56005,19.2348,-15.3576
15.2763,28.7344,-7.15962
29.4698,42.7299,6.03364
43.1743,55.506,18.0204
47.9117,59.0933,21.6098
52.996,63.3268,26.4679
47.8664,57.9355,21.3219
45.7262,56.2398,19.7955
50.4447,61.4372,25.1779
50.3488,60.1245,24.568
52.9852,60.3417,27.1069
49.2918,55.3555,24.5639
49.081,56.1589,24.3522
50.689,59.2012,25.2262
45.5146,53.7301,21.653
43.2444,50.7769,22.0176
35.6796,43.4392,15.2
35.7809,44.2088,15.1885
38.5066,47.2472,19.6897
33.8662,41.4702,18.5312
33.6455,39.8448,19.9011
33.2078,38.8443,18.7186
37.6573,42.5765,23.5081
36.6843,41.0161,24.3567
26.0506,29.6679,14.2636
19.9055,22.3619,7.17795
8.45723,9.98443,-4.00558
5.86213,6.25218,-4.46301
11.7519,10.6044,3.39702
11.0486,8.34242,3.53881
14.5244,11.1756,7.85452
15.2917,11.5759,10.4532
18.6254,13.0123,15.7905
18.8637,11.2717,15.8835
18.8317,10.3323,13.8613
25.3696,15.73,19.4431
11.4948,0.106493,6.56403
-0.451927,-12.896,-3.66912
-2.15987,-14.022,-4.36907
-6.13283,-16.7739,-8.31244
0.478376,-8.95751,-1.76801
3.36321,-5.26552,0.825374
8.6135,0.0231298,4.66451
11.9169,3.83466,6.8453
3.00573,-3.87134,-1.58499
3.51287,-1.58024,0.0893303
-2.92764,-5.55888,-5.68098
-5.68131,-6.93871,-8.34193
2.3732,0.557659,-0.249686
-2.25249,-5.45063,-4.7713
-4.94713,-9.1422,-5.92344
-14.8929,-18.9763,-13.0826
-22.5516,-26.3259,-19.7349
-16.7253,-21.1139,-14.5491
-8.67529,-14.0996,-6.29898
-1.46595,-7.82583,1.63408
-13.1476,-20.4952,-9.89697
-13.4136,-20.8675,-10.1464
-0.120382,-6.23783,2.98705
-0.692176,-5.80784,2.17258
1.33215,-3.58379,4.70148
-6.05958,-10.9812,-1.86444
-12.8059,-18.5686,-7.44959
-9.33632,-15.733,-1.82762
-9.99265,-14.3726,-0.823226
1.12236,-0.0185464,10.6849
0.280869,-0.12901,10.6503
-13.6808,-16.0709,-1.35621
-23.8907,-28.4463,-10.8225
-36.4368,-41.4662,-25.4057
-38.4843,-43.1179,-29.9546
-42.8473,-47.6791,-35.5635
-37.8824,-43.3298,-31.7533
-23.2742,-29.8123,-18.744
-22.1204,-30.5484,-18.2931
-23.7998,-33.8704,-19.0582
-32.6344,-42.8019,-26.5141
-30.6823,-39.8083,-24.5941
-18.188,-26.5904,-13.552
-19.8782,-28.227,-16.7101
-18.2164,-26.8557,-15.7322
-22.0939,-31.3209,-19.48
-21.8012,-31.7807,-18.8192
-11.5106,-22.336,-8.52078
-12.9103,-24.7373,-10.702
-8.40697,-21.3338,-8.01493
-9.85368,-22.6901,-11.6429
-11.4245,-23.5837,-14.2679
-7.16724,-20.2615,-9.60589
-9.36037,-23.2767,-10.9208
1.43173,-11.3515,0.150171
9.40033,-2.24552,7.61984
4.27165,-8.05862,2.25927
-10.0209,-24.2685,-11.6233
-22.9352,-39.1218,-24.8883
-10.4748,-27.2498,-13.4644
6.63769,-9.01456,3.40907
27.0915,12.2748,24.2461
49.3793,34.7334,47.5477
53.9532,40.0825,54.2102
58.0238,44.8836,59.391
53.1244,40.6413,52.2281
59.2888,47.9429,55.6455
78.7661,68.1936,75.7247
78.8985,68.945,78.4275
94.5031,84.9382,95.1172
125.484,115.263,124.738
160.394,149.303,158.743
192.445,180.896,192.53
194.234,183.122,196.505
181.253,171.925,183.335
158.329,150.302,158.592
136.439,128.172,136.295
122.965,114.069,123.401
101.378,92.0589,100.243
88.2622,78.22,84.7702
73.5317,62.1077,69.4214
56.0386,43.8018,52.8965
48.5419,36.6949,47.6256
32.358,21.3465,32.6761
28.5757,18.1502,27.0295
29.2284,18.7589,24.223
21.1036,10.8244,13.8396
20.7375,11.295,13.323
17.2639,8.40789,10.0906
20.9611,12.2749,13.494
19.5915,11.3598,12.1047
9.3396,1.86772,1.9735
4.12636,-3.74114,-3.46694
-14.2899,-23.9249,-22.3715
-36.6879,-48.273,-45.3368
-63.0472,-76.4082,-72.1076
-97.9908,-111.793,-107.364
-131.055,-143.888,-141.023
-163.567,-175.919,-174.74
-182.315,-195.853,-194.514
-199.233,-215.292,-211.225
-222.764,-240.372,-234.148
-236.773,-254.789,-248.139
-254.952,-274.339,-266.751
-272.805,-294.545,-283.909
-290.377,-314.189,-299.331
-304.274,-328.259,-312.522
-297.631,-320.197,-307.432
-284.505,-306.127,-295.313
-261.764,-283.137,-271.538
-241.855,-263.412,-251.01
-230.083,-252.84,-240.647
-208.772,-233.222,-221.011
-183.617,-209.071,-196.64
-155.208,-180.424,-167.658
-137.66,-161.739,-148.558
-126.536,-149.579,-136.489
-105.125,-127.873,-115.003
-88.596,-110.926,-98.6577
-68.9392,-89.3347,-78.3032
-50.9089,-69.5578,-58.9021
-45.3803,-63.5976,-53.3054
-41.6783,-59.7024,-50.961
-45.6584,-64.099,-56.7479
-41.1626,-60.3252,-53.6469
-32.4246,-52.4515,-45.4529
-32.5756,-53.5968,-45.4036
-35.4486,-56.1046,-47.247
-44.8292,-63.8867,-55.3292
-43.5901,-61.8924,-52.8625
-41.3583,-60.1392,-49.6266
-50.1375,-69.0273,-58.6275
-56.2598,-74.6471,-66.2283
-64.36,-82.2311,-75.9307
-67.1053,-84.2277,-78.4256
-67.1709,-83.853,-76.312
-70.8431,-87.7158,-78.6391
-69.1469,-86.6916,-77.1998
-70.6764,-89.5164,-80.0856
-66.3711,-86.6372,-77.3206
-60.599,-81.3428,-71.7126
-63.1872,-82.3286,-73.7729
-61.0965,-77.8102,-71.5197
-59.5821,-75.09,-69.1773
-53.7994,-69.2014,-61.5962
-47.3713,-63.3472,-53.8942
-42.3408,-59.5423,-48.8272
-33.3671,-52.3572,-40.7324
-32.4347,-52.9908,-41.4843
-36.1857,-56.9786,-46.735
-45.0867,-64.9384,-56.0645
-55.3697,-73.8855,-66.4984
-57.7155,-75.6205,-68.3446
-61.9813,-80.7385,-71.4185
-61.138,-81.1561,-69.4932
-62.3497,-82.4749,-69.6831
-73.0093,-92.2784,-80.2808
-75.4834,-94.5509,-83.1892
-78.9983,-98.5005,-86.5589
-78.9865,-98.985,-86.0224
-75.5312,-96.7622,-81.7817
-71.1375,-93.9416,-76.8342
-59.3562,-83.3146,-65.3067
-56.2047,-81.4003,-63.104
-53.78,-79.7983,-60.9013
-49.3871,-74.9938,-55.9124
-45.7612,-70.0018,-52.6168
-39.0909,-61.1917,-46.4705
-38.8428,-59.0996,-46.1374
-38.3503,-58.3748,-45.7424
-37.3542,-58.9853,-44.6225
-38.7845,-61.96,-45.6802
-36.111,-58.5316,-42.5772
-34.6622,-55.8739,-41.6013
-27.2719,-48.4423,-36.0424
-22.2633,-43.13,-32.4247
-27.6283,-47.4071,-38.0005
-30.1068,-48.2888,-39.2501
-35.0258,-51.1581,-42.3019
-33.9032,-48.1317,-40.0279
-32.5596,-46.5357,-38.2364
-37.3127,-52.8561,-42.9955
-34.671,-51.9076,-40.2386
-27.6712,-45.8178,-33.3711
-11.0654,-29.8736,-17.0885
2.21885,-17.0248,-2.53824
0.740423,-17.4879,-2.54284
-0.709579,-17.0811,-4.89995
-2.84022,-18.732,-8.56277
-3.87235,-21.7414,-9.3711
-5.19176,-26.4431,-9.5847
-3.81853,-26.7138,-8.07324
7.28583,-14.8636,2.6293
4.02374,-17.3218,-0.890304
-7.56182,-28.4285,-13.1106
-9.20211,-29.1507,-15.5317
-6.21319,-24.9917,-12.6156
-3.92553,-22.8533,-9.50398
-9.46745,-29.6165,-14.423
-11.8581,-31.9657,-16.9112
-11.9747,-31.8095,-16.7792
-14.7413,-35.73,-18.8222
-13.8702,-36.8824,-18.2598
-15.2224,-39.6798,-20.8421
-15.3206,-39.2403,-21.1803
-14.3235,-36.9576,-19.4137
-14.2374,-36.4021,-19.0255
-8.89907,-30.7687,-13.2515
-8.66252,-29.4697,-11.845
-10.8972,-29.5606,-13.0657
-14.3923,-31.3547,-16.1892
-18.4362,-36.1172,-20.8339
-13.5926,-33.1979,-16.4713
-14.2185,-34.4119,-16.8341
-16.361,-35.7525,-19.248
-19.2296,-38.0456,-22.6684
-27.0316,-46.3188,-30.3952
-31.7913,-51.78,-34.4574
-35.3606,-55.4261,-37.1253
-32.8322,-52.3723,-34.3861
-34.0434,-52.4292,-35.5642
-42.6071,-59.6868,-43.3542
-45.3651,-61.7893,-44.3419
-45.5475,-62.0011,-42.534
-39.8801,-56.9195,-37.0332
-33.3776,-51.5509,-33.1465
-34.5519,-52.9707,-36.6837
-35.0174,-52.6277,-36.6371
-38.2566,-55.8778,-37.8018
-36.701,-54.5239,-35.8117
-32.9573,-50.6266,-33.3377
-35.3889,-53.432,-36.9046
-37.9798,-55.9622,-39.1076
-43.7092,-60.056,-43.5458
-44.5653,-58.5268,-43.9194
-46.1315,-58.2124,-45.2935
-52.1895,-63.3045,-50.712
-53.9209,-65.8713,-52.2177
-55.3408,-68.9824,-53.9566
-51.3934,-64.8658,-50.5603
-43.1782,-55.2076,-42.9097
-42.8442,-54.0616,-43.1602
-51.3757,-62.3263,-52.3012
-56.1433,-66.7357,-57.1699
-48.8461,-59.2065,-49.2951
-43.9618,-54.7275,-44.5909
-39.9799,-51.2412,-42.14
-32.5127,-43.6316,-34.8735
-32.5496,-43.6264,-33.271
-31.4799,-42.6304,-31.1022
-31.4678,-41.8692,-31.2943
-29.4705,-39.3618,-30.2238
-26.157,-36.3648,-27.4364
-30.2942,-40.7715,-31.0657
-30.2041,-40.8572,-30.3585
-35.0081,-45.6127,-34.9084
-38.9397,-49.6409,-38.5876
-35.0634,-46.3792,-34.4833
-29.2375,-41.5505,-28.564
-23.0592,-36.3105,-22.7118
-31.8446,-44.4911,-31.6934
-37.5873,-48.4648,-36.7672
-37.7046,-47.5844,-36.2322
-42.4065,-52.3386,-41.7222
-29.0532,-38.6255,-29.4174
-19.3159,-27.4321,-18.7878
-26.9433,-34.2024,-24.8181
-28.6885,-35.9164,-26.3166
-18.2187,-24.6495,-16.9642
10.9004,4.16198,10.8975
29.186,19.7609,28.8959
27.9535,16.6543,28.3027
28.8974,18.554,30.5387
28.3463,20.6647,30.9701
36.4674,31.1668,38.425
41.3489,37.4522,41.76
49.4077,46.0623,49.3452
70.0681,66.6347,70.1648
85.2634,81.7959,84.5893
100.687,97.4803,98.8732
109.711,107.048,107.409
129.612,127.136,126.68
169.197,166.113,164.477
203.839,200.355,196.879
229.943,226.397,221.399
229.058,225.1,220.004
217.482,212.979,208.728
218.177,213.494,210.512
218.402,214.209,212.363
237.537,233.898,231.023
264.168,260.58,255.107
276.859,272.908,266.994
263.09,258.407,253.727
219.073,213.226,208.87
183.5,175.632,171.782
156.33,147.039,144.35
139.144,130.469,128.059
132.76,124.963,121.746
114.784,106.39,102.991
100.826,91.3175,89.6159
86.9796,77.8746,77.7449
70.0089,62.5415,62.1509
59.7414,53.7035,52.4369
45.8027,40.5577,39.128
38.0187,32.4312,32.4532
32.384,25.6025,27.8038
30.9993,23.2078,25.932
30.3322,22.3791,23.8875
9.70063,2.59056,3.69515
-10.0846,-15.7574,-13.9156
-25.6972,-30.1994,-29.0146
-23.6626,-28.6352,-28.8354
-2.75162,-9.08388,-9.96529
3.74188,-3.19651,-4.17809
5.52114,-1.89964,-1.96089
-2.37675,-10.4211,-9.65107
-13.8951,-22.4498,-21.6065
-13.1092,-22.6037,-20.8712
-17.4083,-27.8095,-24.1171
-21.7533,-31.4808,-26.3465
-30.1323,-38.3915,-32.7373
-34.6046,-42.6855,-37.1886
-24.6449,-33.1357,-28.9205
-22.7943,-31.5831,-29.0533
-24.255,-34.1303,-31.7268
-34.4856,-45.604,-41.3444
-41.6352,-53.5511,-47.1685
-32.9678,-46.3174,-39.3468
-30.9064,-45.9059,-39.1601
-27.4369,-42.9062,-35.0986
-31.3269,-46.7072,-36.9058
-35.8714,-51.8005,-40.6282
-37.1167,-53.3586,-42.3738
-54.1225,-69.2442,-60.2074
-57.1367,-70.8116,-63.815
-47.5418,-60.6186,-53.9621
-40.3691,-53.6473,-46.1153
-34.7963,-49.0347,-40.5501
-42.4193,-57.6964,-48.6081
-43.3387,-58.8858,-49.6612
-42.0425,-57.3746,-48.7903
-44.4326,-59.2045,-51.9707
-44.3692,-58.2554,-51.8034
-54.5523,-68.4688,-61.6018
-52.8537,-68.0804,-60.5706
-48.8234,-64.4855,-57.4274
-45.7776,-60.1011,-54.263
-40.25,-53.797,-48.4065
-56.3327,-70.8217,-64.3368
-61.4676,-77.0041,-68.5854
-59.3241,-74.4294,-65.3315
-66.3657,-80.1209,-71.9583
-67.3615,-80.2227,-73.1034
-73.3846,-85.8691,-79.545
-74.8678,-88.0652,-81.5394
-82.6715,-97.8037,-89.562
-99.9573,-115.918,-106.289
-102.247,-116.943,-107.255
-105.919,-119.556,-110.307
-105.513,-119.243,-110.402
-107.836,-121.05,-113.157
-119.968,-131.984,-125.405
-118.53,-130.458,-123.846
-118.23,-131.246,-123.007
-111.148,-125.491,-115.093
-107.846,-123.876,-111.362
-117.158,-134.591,-120.612
-115.211,-133.127,-118.075
-114.501,-132.716,-116.231
-102.049,-120.397,-103.457
-89.05,-107.065,-92.0314
-92.0041,-109.709,-96.7001
-89.3747,-106.916,-93.6037
-90.5255,-107.161,-93.0279
-88.9551,-103.801,-90.6904
-88.714,-102.557,-91.4164
-93.1562,-107.273,-96.8714
-84.6305,-99.1884,-87.8861
-83.9374,-98.5259,-86.6261
-82.1404,-96.2492,-85.3451
-79.4464,-93.6002,-84.5848
-80.9974,-95.7168,-87.9476
-69.4459,-83.3269,-76.0783
-65.5648,-77.4789,-70.838
-58.7707,-69.8607,-62.4028
-53.9976,-65.9826,-56.5908
-56.994,-69.7137,-59.5812
-48.6589,-61.087,-50.9664
-46.3949,-58.8267,-49.001
-38.375,-51.7187,-42.3622
-31.0501,-45.8922,-35.5226
-35.9373,-51.8229,-38.9465
-33.0053,-48.7249,-34.2382
-34.0665,-48.8985,-35.1566
-29.8184,-43.1538,-31.2784
-24.3056,-36.5127,-25.6635
-25.4882,-38.0243,-27.3884
-16.6491,-29.7657,-19.1708
-17.5051,-30.7438,-20.4843
-14.5932,-28.7365,-18.4756
-7.98697,-23.6223,-12.1471
-10.1063,-26.2836,-13.3115
-6.12409,-21.7786,-8.3229
-9.80038,-24.0089,-11.9781
-8.4126,-20.4825,-10.734
-4.81809,-15.306,-6.96079
-6.13737,-16.5562,-8.00847
0.499265,-11.039,-0.689056
-0.574218,-12.9593,-0.942446
0.640443,-11.5297,1.16698
-0.316714,-11.6664,0.944772
-6.25597,-16.8184,-5.49519
-0.626048,-10.9602,-0.916376
-6.21862,-16.3894,-6.21481
-9.41132,-18.8284,-7.08992
-7.10165,-15.5213,-2.53178
-6.05535,-14.3615,-1.73432
7.81327,-2.33468,10.3164
2.04986,-10.3872,3.38515
-5.87773,-18.2195,-3.73426
-4.78313,-14.389,-0.545079
-12.9785,-19.0694,-7.62663
-13.3246,-17.1947,-8.57598
-16.9511,-20.471,-13.2526
-14.3638,-18.4609,-11.4053
-6.62412,-11.4191,-3.92587
-7.71747,-12.3026,-5.05451
-0.56585,-3.73576,1.32009
2.51398,0.792847,3.13456
4.09068,2.68892,4.18415
1.68034,-0.749377,1.34319
-12.7768,-15.9345,-13.9697
-13.3687,-15.7785,-13.5001
-14.4025,-15.2795,-11.3384
-14.0263,-12.6371,-7.84745
-8.07834,-4.18707,-0.108102
-9.94981,-4.83202,-2.42023
-4.12878,0.414547,1.57124
-5.22555,-1.95223,-0.97983
-5.39872,-2.39593,-1.8955
-1.90991,2.30737,1.12306
-9.77393,-3.78321,-7.10774
-11.3954,-4.40806,-8.79311
-13.1603,-5.99345,-11.0916
-9.95913,-2.76848,-8.70239
-5.12914,1.24697,-3.35731
-7.17447,-2.02694,-3.80437
3.76193,8.69129,8.60787
7.63117,12.9693,12.3169
7.00922,12.6466,9.72413
9.06992,14.8206,9.93065
1.09771,6.83952,1.52644
4.88458,10.1831,5.95778
11.4769,16.3417,12.9136
22.4945,27.7041,24.1305
32.1267,37.4245,34.3581
24.3855,28.8742,27.3113
24.7806,28.4244,28.8329
23.0756,26.1441,28.3922
19.3062,21.6589,24.7831
19.0858,20.1386,22.8595
14.989,14.3973,15.9409
21.1379,19.349,19.9928
19.9052,17.7173,17.7836
14.7151,13.2697,12.0065
16.632,16.5854,13.4162
12.7168,13.6787,9.39898
11.9666,12.9056,9.13927
2.64715,2.80001,0.0534374
-1.78737,-2.34676,-3.9376
6.13669,4.72883,5.24309
6.33671,4.79901,6.45811
13.4754,13.11,13.9201
16.5905,17.2138,16.8651
21.6724,22.0326,21.0557
29.0771,27.8228,26.407
19.8826,16.5558,15.2762
13.3278,8.59511,8.38219
5.68681,0.675659,0.967556
4.30361,-0.963566,-0.781652
15.1839,8.46923,9.46074
18.3502,10.0324,12.1425
16.3992,6.92332,10.2474
4.38768,-5.76202,-1.14282
2.13003,-7.59541,-2.98359
13.5096,4.60514,8.43697
3.74862,-5.07039,-1.83547
-6.08404,-15.9169,-12.3402
-6.81214,-17.7563,-12.629
-6.85129,-17.2833,-10.7255
-6.88512,-16.2897,-8.3539
-12.1621,-21.7719,-12.5979
-9.02721,-19.287,-9.83329
-6.68834,-17.8888,-7.86087
-3.8557,-16.8513,-5.07175
2.49912,-11.9759,1.60828
3.21716,-10.7521,3.37888
5.17948,-7.01748,6.54276
0.959211,-10.4784,2.19556
-4.49224,-16.7141,-4.39161
-6.36024,-19.8955,-6.1943
-10.993,-25.802,-10.1799
-5.17566,-20.8305,-4.82525
2.6912,-13.4589,1.53683
4.61605,-12.4343,1.49154
4.56793,-13.3835,0.48475
-1.11404,-18.7439,-5.04655
-1.27475,-17.7583,-4.92393
-3.29166,-19.0279,-6.54412
-4.78365,-19.3664,-7.2612
-2.61062,-14.8244,-3.67693
-6.19635,-16.4013,-6.41177
-5.92569,-15.6555,-6.78471
-7.26381,-17.108,-8.69917
-9.60818,-19.0145,-10.608
-14.8232,-23.8189,-15.0856
-27.2105,-37.2929,-27.0564
-29.9643,-42.2008,-30.2324
-21.8159,-35.2259,-23.1582
-8.29974,-21.2268,-10.671
2.35643,-9.87858,-0.454619
2.00926,-10.0812,-0.696927
0.934331,-10.8994,-1.12714
-4.3189,-16.4514,-5.03966
-9.90681,-24.1469,-9.53402
-10.6679,-27.4225,-9.77306
-12.7553,-29.6491,-11.6927
-8.69685,-24.107,-7.48225
-9.55761,-23.8101,-6.9262
-13.4207,-26.6801,-9.30946
-11.714,-24.5336,-8.45046
-9.11517,-22.0948,-7.43507
-5.41361,-18.08,-4.04441
-10.2966,-22.0449,-8.62085
-13.9082,-25.3568,-11.93
-10.3121,-22.6722,-7.48165
-12.1473,-24.7835,-7.97063
-15.5715,-27.139,-10.4967
-22.9458,-34.0441,-18.2025
-26.0682,-37.542,-22.5182
-20.6926,-32.838,-17.5433
-20.3918,-33.2257,-16.803
-18.9318,-31.9727,-15.1373
-20.728,-34.1657,-17.2466
-22.563,-35.8622,-19.1333
-21.5456,-33.3858,-17.344
-21.8582,-32.7669,-17.5448
-17.309,-28.7193,-14.3173
-17.5645,-29.7881,-15.8864
-19.2654,-31.7678,-18.0043
-22.5225,-35.0207,-20.4057
-28.2568,-39.9339,-24.4215
-23.9136,-33.1601,-18.9116
-20.7028,-28.1668,-14.5154
-23.247,-31.2182,-15.0329
-25.5878,-35.4831,-15.6788
-27.0013,-38.8415,-16.6177
-24.0306,-36.5192,-13.8134
-28.9464,-41.7672,-19.5216
-33.0041,-46.9129,-25.1918
-28.1853,-43.1044,-21.3881
-23.5127,-38.7053,-16.618
-13.5395,-28.955,-6.24174
-10.0642,-26.8143,-2.44339
-14.018,-32.3911,-6.26696
-21.9864,-40.7343,-14.8575
-31.1327,-49.6026,-26.3413
-30.2145,-48.6555,-28.0214
-28.7436,-47.4472,-27.2889
-28.9086,-47.3586,-27.2625
-26.4215,-43.6282,-24.2574
-21.5927,-38.1398,-18.8553
-23.2787,-40.4481,-20.2684
-35.4225,-53.3009,-31.2917
-37.435,-55.401,-32.4012
-34.5691,-52.2172,-30.0847
-35.9342,-52.6019,-31.783
-31.6975,-46.9521,-27.7274
-28.6443,-43.8835,-25.9919
-20.9616,-37.5476,-19.6456
-15.9133,-33.4248,-15.1166
-21.5283,-39.0515,-20.9719
-29.2856,-46.1429,-28.7927
-38.6144,-54.7432,-37.7285
-28.0456,-43.9429,-26.8113
-12.7557,-28.5847,-11.7155
-9.70204,-25.7815,-9.1173
-3.62094,-19.9931,-3.89
-3.07707,-19.0141,-4.34768
-3.7894,-19.0839,-6.02826
-5.88799,-20.9107,-8.42966
-6.27508,-20.8589,-7.3807
5.13872,-7.7429,6.39623
10.0069,-1.66436,12.4015
11.1849,-1.8231,12.2347
9.49864,-5.56416,8.4561
5.66039,-10.7573,4.13366
13.2085,-3.91727,12.6623
14.7607,-2.03596,15.0298
15.8233,-0.525895,15.5295
13.067,-4.25038,11.3104
1.11943,-17.8984,-1.18116
-1.05778,-21.2168,-2.41887
-4.27514,-24.4622,-4.61852
-3.84839,-22.6749,-4.51208
-2.85644,-20.4289,-4.55263
-7.49697,-24.6861,-9.31947
-10.103,-26.3412,-11.3061
-17.6396,-32.296,-18.0429
-20.2353,-34.2548,-20.0815
-23.0189,-38.0718,-23.0383
-28.9348,-45.2243,-29.6539
-25.3446,-42.125,-26.9875
-25.9101,-43.5985,-28.0404
-24.501,-43.2627,-26.0744
-24.1664,-42.8734,-24.892
-31.4608,-49.8495,-32.1074
-30.8404,-48.9934,-31.0523
-29.6696,-46.2482,-28.6063
-22.4925,-36.6382,-20.8979
-19.6707,-32.5743,-18.4846
-22.7018,-36.7019,-21.9304
-17.8074,-34.1014,-17.2484
-21.6058,-39.5334,-21.851
-24.5937,-42.3159,-26.0112
-27.0705,-42.221,-28.4407
-32.7886,-44.5935,-33.0225
-30.5138,-40.4707,-30.3754
-32.3876,-42.9476,-32.86
-31.3749,-43.4515,-32.1214
-29.3967,-42.3127,-30.2131
-32.0501,-45.7159,-33.4299
-27.0726,-41.2392,-29.0708
-26.8775,-40.7205,-28.6054
-24.3853,-37.7973,-25.3092
-22.7768,-36.1508,-23.5577
-26.1443,-39.3279,-26.7769
-23.7577,-36.9035,-23.5098
-28.0522,-42.1276,-26.6599
-26.885,-41.2458,-25.1301
-28.166,-40.9667,-27.507
-35.0622,-46.7431,-35.6878
-28.4944,-41.012,-29.6628
-24.1492,-38.4488,-26.0982
-20.4796,-35.9955,-24.2366
-19.1716,-34.5166,-24.731
-21.9117,-36.2616,-27.891
-17.9622,-31.0009,-23.2409
-23.8874,-35.0875,-28.3562
-27.5736,-36.9119,-30.3764
-27.2627,-35.9225,-27.2324
-29.2629,-39.5266,-28.5141
-17.8799,-31.5869,-19.3447
-13.8692,-30.2036,-17.0668
-13.6104,-30.554,-17.447
-13.0699,-30.0765,-17.2968
-12.8528,-30.8277,-16.96
-9.03107,-28.4783,-14.0839
-22.0556,-41.884,-28.6205
-25.7989,-45.3091,-31.8509
-21.6476,-41.2036,-26.7094
-25.0864,-44.5477,-30.5396
-18.0223,-37.4212,-24.1354
-18.504,-38.207,-24.2977
-16.8658,-36.2766,-21.2595
-11.2757,-29.7809,-14.1998
-11.8805,-29.5468,-13.3875
-1.72796,-18.6519,-1.48415
-5.81968,-23.0134,-5.04447
-10.8648,-30.3756,-11.7967
-6.27287,-28.8692,-9.47273
-12.1405,-35.5471,-15.674
-11.9242,-33.383,-14.0345
-17.0617,-36.727,-18.5363
-13.6548,-33.1695,-15.3672
-12.5758,-32.0863,-13.9397
-36.328,-54.9572,-36.5672
-44.936,-63.0055,-44.2444
-47.394,-65.5847,-46.682
-43.3151,-60.9678,-42.6222
-36.7697,-52.8832,-35.7329
-47.8268,-63.2888,-46.6485
-52.3507,-69.5573,-51.0491
-63.5847,-82.313,-61.7273
-75.1097,-93.0318,-72.6683
-75.0121,-92.4563,-72.8533
-81.0433,-99.2502,-80.1534
-77.35,-96.1981,-78.3036
-75.8184,-95.0671,-78.9906
-68.8937,-87.6671,-72.7808
-52.3955,-70.0984,-54.8256
-50.636,-67.9342,-52.0328
-39.4282,-56.9009,-41.104
-33.9198,-51.3189,-36.484
-32.9469,-50.3766,-36.0138
-24.2578,-42.2299,-26.9328
-26.2848,-43.6303,-29.0171
-9.80896,-24.9067,-13.0577
9.34272,-4.45768,6.5785
13.5113,-1.10565,12.2105
22.6511,7.11748,22.3925
30.8102,15.7134,30.4972
43.0571,28.768,42.9846
50.0882,36.5925,51.498
52.105,40.3293,54.5245
59.3966,49.8153,61.7006
61.7728,53.8806,63.9697
70.0256,63.1017,72.1435
74.4099,67.8754,76.6293
77.8559,71.5687,80.5013
99.0701,92.8808,102.241
120.632,114.455,124.343
146.389,140.447,149.962
167.455,161.949,169.514
180.701,175.786,180.909
185.265,180.972,185.29
162.961,158.505,164.355
141.706,136.202,144.206
129.021,123.051,131.129
126.701,121.131,126.967
133.127,128.021,131.834
123.622,119.744,122.639
113.002,111.335,113.315
100.452,99.3963,101.073
88.1373,85.3973,87.4664
87.2995,82.6702,85.0219
79.2131,73.2176,76.1497
73.2651,66.5491,70.8083
63.9185,57.8177,62.9425
53.1909,48.3379,52.9066
50.1748,45.2223,49.5642
36.334,30.4527,34.5568
28.9455,23.3892,26.0242
19.3562,15.2368,16.5368
5.04982,1.39374,3.00566
-2.45057,-8.17059,-4.69851
-16.6496,-24.8229,-20.6927
-22.3309,-30.692,-27.3397
-26.43,-34.4422,-30.6037
-33.6316,-42.0025,-36.6107
-38.401,-46.8189,-40.2146
-51.0041,-59.1299,-52.834
-53.7183,-61.7872,-56.5994
-52.9384,-62.0175,-56.3973
-53.8659,-64.5073,-57.5946
-46.7804,-58.5107,-50.4863
-54.5622,-67.1558,-58.4951
-66.4892,-79.0461,-70.6264
-72.0067,-83.2842,-75.6997
-77.1634,-87.8348,-80.8933
-76.743,-88.4502,-79.8704
-71.6253,-84.4184,-72.9899
-56.5677,-70.2996,-57.2045
-55.2744,-70.6965,-56.4718
-68.4281,-84.5758,-70.0431
-73.6569,-88.5296,-75.2345
-70.137,-83.6445,-71.8507
-59.1828,-72.496,-60.7217
-62.2168,-76.0843,-62.6153
-71.5197,-85.5022,-71.0159
-72.9645,-86.0097,-72.3479
-73.9397,-85.7366,-73.0974
-68.4241,-79.2719,-67.129
-62.5088,-72.9947,-60.9426
-54.2164,-64.3226,-52.8066
-47.6078,-56.6153,-45.9603
-55.7183,-63.9756,-53.1562
-56.9534,-66.314,-54.5844
-54.4155,-66.3044,-53.4721
-54.8723,-68.174,-54.6731
-52.5086,-65.0063,-52.0309
-56.855,-67.4681,-55.6883
-55.4315,-64.5392,-53.0458
-51.9593,-60.901,-48.0384
-48.9771,-58.0561,-43.937
-44.6268,-53.3135,-38.6256
-46.0244,-55.2212,-39.6175
-39.89,-50.9233,-34.2818
-28.7697,-41.2138,-23.4768
-16.4107,-28.8707,-10.8023
-7.14682,-19.0985,-1.41757
-6.61081,-18.684,-0.970923
2.20775,-10.8837,7.23079
12.0676,-1.91534,17.0588
17.1376,3.26522,23.13
20.6423,6.96742,28.2816
17.2149,3.27823,26.428
23.0965,8.98668,32.7515
34.7186,20.1267,43.7315
47.8865,32.5071,55.4666
57.3077,41.0297,63.2857
53.1075,35.9238,57.7757
47.4717,30.4849,51.6074
39.5254,23.41,44.0014
41.1434,25.6373,45.5314
57.0619,41.0835,60.825
75.3827,56.9455,79.1393
98.4208,76.9383,102.343
112.403,88.8449,115.271
119.864,96.6364,121.067
131.317,110.187,132.05
137.042,116.845,137.983
140.029,119.744,140.037
130.107,109.576,128.293
113.898,92.854,111.1
105.306,84.2894,103.271
91.1804,71.3723,90.1325
70.8198,52.8691,69.1354
47.2336,30.4734,44.7617
39.5071,22.4456,37.3234
45.9092,27.3933,44.0116
44.6245,24.7606,42.2746
40.2594,20.6599,37.5084
30.7666,11.9981,29.0411
22.7506,3.45452,22.1771
16.519,-3.63972,16.1101
7.1235,-12.9124,6.74948
6.78794,-12.3005,6.73249
-1.48493,-19.5465,-0.269477
-13.5107,-31.034,-11.0628
-17.4531,-35.189,-16.0183
-23.3699,-41.5509,-24.1689
-16.5538,-34.3937,-18.1583
-10.2871,-27.4725,-11.1081
-13.8647,-30.76,-13.7315
-19.7758,-36.2315,-18.7882
-30.247,-46.5836,-29.0455
-34.551,-51.4428,-34.1931
-38.9207,-56.3781,-38.7283
-42.5035,-60.2212,-41.773
-45.5294,-63.339,-44.8584
-55.4155,-73.9765,-55.3682
-58.7045,-77.7138,-58.9116
-61.0751,-78.86,-60.2255
-66.1141,-82.1461,-64.148
-75.2893,-90.6325,-73.1074
-93.0726,-108.868,-90.2845
-102.361,-118.788,-98.1135
-110.914,-127.982,-106.141
-113.314,-131.75,-110.246
-103.667,-123.944,-103.091
-100.393,-121.697,-101.9
-103.123,-124.654,-106.307
-118.328,-140.148,-121.564
-133.471,-155.328,-135.031
-139.475,-160.449,-139.185
-145.837,-165.177,-144.565
-158.095,-175.514,-157.425
-182.528,-198.936,-182.416
-195.487,-212.963,-195.207
-196.478,-216.163,-196.883
-195.377,-216.287,-196.618
-180.324,-200.431,-181.839
-170.344,-188.494,-171.565
-157.362,-174.25,-157.464
-137.497,-154.823,-136.456
-128.615,-146.496,-127.033
-114.5,-131.697,-112.549
-104.612,-120.818,-101.949
-92.931,-107.704,-89.7697
-80.4924,-94.0287,-78.1769
-78.1402,-92.6636,-76.915
-63.5667,-79.9112,-62.2365
-52.8425,-70.4055,-51.5662
-44.4488,-63.5307,-44.1115
-37.4693,-58.2436,-37.6735
-39.0923,-61.2956,-39.155
-31.599,-54.5412,-31.3137
-29.9921,-52.3147,-29.1501
-26.1538,-46.4692,-24.4934
-17.7334,-35.9226,-14.924
-18.2209,-35.4891,-14.2159
-9.6737,-27.4088,-5.14058
-6.48744,-25.6956,-2.12003
0.727546,-19.5864,5.05634
15.8943,-4.20677,20.0761
20.4119,0.961181,23.3714
33.2219,13.8234,34.3458
36.4666,16.4939,36.1682
33.6344,13.2173,33.3342
30.3866,10.4596,31.9362
20.8508,1.89024,23.4098
29.5135,11.8168,30.8255
38.2852,21.0598,38.7674
46.3921,26.862,46.773
53.3352,31.2659,53.1896
50.7075,28.151,50.3934
62.2394,39.984,61.9936
71.6699,50.2835,71.1254
80.9729,61.1234,79.8471
90.8983,72.3302,88.5645
85.8321,67.2015,82.4045
90.0995,70.1857,87.4319
91.0988,70.072,90.1612
88.4929,67.2667,87.9606
79.4992,58.56,78.3855
55.5605,34.9387,54.7454
47.958,28.1006,48.4144
46.3347,27.5229,47.516
51.6228,33.4525,52.6315
57.2166,39.8832,59.0853
49.0239,31.6335,53.2308
51.8979,32.5467,57.4525
53.3843,32.6509,58.4117
60.9315,40.429,64.9043
74.0849,54.4251,77.7595
66.8153,48.38,70.9557
61.0163,43.7151,65.2278
48.1896,31.3001,51.8075
35.1788,18.3012,38.3928
29.2747,13.1511,32.4906
14.7148,-0.121028,18.1077
9.28895,-5.24887,12.7715
-0.415246,-15.5715,2.68361
-5.70052,-21.5519,-3.26122
-4.61454,-21.1485,-2.45367
-11.6976,-28.4292,-8.92522
-10.8122,-26.2434,-7.13104
-20.5545,-34.1416,-16.7913
-28.5121,-41.5992,-25.2706
-28.2843,-41.833,-25.2629
-42.5226,-57.0507,-39.7959
-51.2552,-67.4521,-49.3976
-67.31,-84.9314,-66.0359
-87.3237,-104.86,-85.4505
-100.633,-116.433,-97.7739
-118.823,-133.512,-115.818
-119.549,-135.473,-116.396
-119.682,-137.192,-115.876
-117.92,-135.184,-114.22
-108.717,-124.19,-105.032
-104.225,-118.425,-99.0151
-87.4238,-102.105,-80.8702
-80.3602,-95.9579,-73.7425
-75.4056,-90.9801,-68.6345
-61.8469,-76.1051,-54.1041
-56.7583,-69.0848,-47.7633
-47.8131,-59.0655,-38.3853
-47.7326,-59.1302,-39.027
-47.0643,-59.22,-38.9817
-40.9723,-54.3587,-32.1131
-45.8722,-59.9594,-34.6562
-39.1603,-52.2858,-25.5395
-37.6565,-49.6079,-24.1187
-37.5389,-49.5579,-26.413
-30.2895,-43.0636,-20.8074
-35.8971,-49.5566,-25.5103
-33.1008,-47.1046,-21.2902
-33.5448,-46.6928,-22.1874
-31.5517,-43.9218,-21.5476
-23.6294,-36.2757,-14.8339
-28.1793,-41.5442,-20.8778
-22.246,-35.7986,-15.8822
-13.4795,-26.4267,-6.24902
-0.1141,-12.856,8.62639
16.408,3.40816,25.2021
20.4878,7.23578,27.8026
28.4854,14.9794,34.9169
22.7207,9.36658,30.1645
16.0633,2.77819,24.4095
25.7653,11.6381,33.4761
34.2159,18.537,41.5713
53.9215,37.2899,62.2332
59.7114,43.7105,68.9477
57.119,42.3462,66.0559
62.9856,48.9693,71.371
61.0589,47.8682,70.9551
66.8788,54.0863,79.1877
65.3698,51.8563,77.8556
64.021,49.6209,74.9208
70.2611,54.6745,79.324
66.6258,49.4509,74.0027
69.6551,51.6273,76.175
68.5209,50.478,75.4676
71.577,53.7412,79.6191
81.0008,62.6902,90.2946
72.5227,53.098,82.9555
67.6957,48.1882,78.2424
60.2246,41.5385,70.087
59.5954,41.0672,68.846
70.366,51.4771,78.856
67.7343,48.5449,75.6037
73.6664,53.3614,82.0749
76.158,53.7442,86.3969
85.4599,61.8594,98.0604
118.838,96.1384,133.123
167.23,146.319,181.738
241.232,221.517,254.581
288.127,268.239,300.311
278.41,257.241,290.624
226.963,204.675,239.368
150.657,127.915,162.5
98.2433,75.6426,109.509
71.9979,49.8409,83.5911
75.3216,53.9655,87.8034
96.7233,76.9567,110.083
94.3631,76.4472,108.308
84.919,68.2012,97.9256
62.7164,45.7733,73.808
43.6224,25.5131,54.0377
41.2631,22.9274,52.1834
29.9467,12.3119,41.4469
24.4716,7.13265,36.4404
13.4078,-4.2589,26.142
3.52644,-14.8023,17.4591
-0.293832,-19.3476,13.5657
-13.7525,-32.8996,-2.70907
-17.7157,-35.7029,-9.76793
-26.1183,-43.8088,-18.0906
-28.2173,-48.7638,-17.6392
-13.9142,-39.1005,-2.0613
-11.7789,-40.2009,-1.2133
-11.7307,-40.0107,-2.43438
-21.4153,-47.7536,-11.9108
-23.0592,-48.682,-13.2438
-10.9429,-37.0119,-1.43124
-18.1794,-44.0537,-8.35943
-20.5745,-45.3767,-9.59331
-23.55,-47.179,-12.2772
-24.7668,-47.9152,-14.3426
-22.9459,-45.8496,-13.3707
-37.1769,-59.9179,-28.1241
-42.8089,-66.5113,-34.2655
-54.0484,-79.0103,-46.4155
-65.9639,-90.9735,-59.8257
-66.3428,-90.9177,-61.618
-74.3092,-99.6004,-69.2313
-71.5467,-98.1606,-64.4342
-73.4602,-99.9242,-65.1956
-75.3305,-100.324,-68.304
-61.9058,-86.6226,-57.1608
-56.4693,-82.483,-52.6131
-45.8491,-72.8178,-41.7569
-46.0896,-72.3987,-41.6358
-44.7331,-68.9058,-38.896
-31.9282,-54.1584,-25.5547
-41.2591,-63.2635,-37.0123
-41.4474,-65.0892,-39.132
-41.3004,-67.0551,-39.0621
-46.1238,-72.7643,-43.3004
-37.7965,-63.7729,-34.2007
-40.2204,-64.6781,-36.0322
-40.3109,-64.138,-36.2863
-46.2423,-71.1358,-43.1951
-55.0814,-81.2097,-54.5875
-47.4928,-74.3769,-50.266
-42.8249,-70.6028,-46.6891
-35.8119,-64.7665,-38.307
-45.5278,-75.2208,-46.7589
-56.0338,-84.9324,-56.6949
-40.4399,-67.4063,-39.5199
-34.3717,-59.936,-31.793
-25.309,-51.3847,-22.0303
-19.699,-46.9423,-15.8221
-16.0033,-42.6802,-11.9008
-1.0212,-26.2182,3.06576
-2.08258,-27.0921,2.31161
1.30885,-25.2607,5.51803
1.88738,-25.9468,5.29521
2.61323,-24.4949,6.19857
17.263,-9.00154,22.6181
18.0229,-8.29962,24.9118
23.4084,-2.68841,29.8016
24.3785,-2.65469,29.1249
14.9444,-14.664,19.5226
11.438,-19.9018,18.1919
-2.35448,-34.2442,6.37662
-6.03983,-38.7094,2.86784
-12.4481,-46.2735,-4.21037
-21.0538,-56.0847,-13.5342
-12.8103,-49.5395,-5.4602
-27.1518,-65.5683,-19.4622
-41.6711,-81.0796,-33.2982
-48.6005,-88.8776,-39.4169
-57.629,-98.9356,-48.7425
-58.2225,-100.989,-51.0229
-72.6234,-116.972,-66.5029
-80.0587,-124.868,-72.967
-87.1164,-131.608,-78.5202
-103.19,-147.44,-94.3894
-106.663,-151.393,-98.1285
-113.606,-160.103,-105.08
-115.32,-163.439,-107.838
-125.161,-173.849,-119.73
-153.108,-202.841,-148.345
-167.811,-218.668,-160.72
-174.482,-223.004,-165.26
-163.36,-207.137,-155.619
-155.124,-197.262,-149.983
-170.541,-214.451,-165.156
-183.616,-229.661,-175.729
-200.165,-246.724,-191.521
-206.406,-250.673,-199.431
-211.053,-252.171,-205.713
-218.61,-258.533,-213.717
-213.881,-254.328,-207.952
-220.046,-261.025,-212.584
-221.806,-262.786,-214.101
-218.996,-259.935,-212.472
-219.214,-260.114,-214.487
-211.565,-251.93,-207.862
-213.916,-252.868,-209.973
-209.121,-246.371,-204.843
-197.951,-234.511,-193.337
-187.644,-223.759,-181.95
-168.678,-203.412,-161.565
-174.323,-207.577,-166.941
-183.742,-216.096,-176.614
-179.177,-211.518,-171.995
-171.028,-203.648,-164.748
-149.668,-182.698,-144.841
-136.388,-170.904,-132.702
-126.021,-162.169,-122.971
-116.522,-153.323,-113.182
-111.142,-147.587,-107.522
-104.641,-139.979,-101.861
-108.851,-143.1,-107.337
-104.226,-137.847,-103.128
-92.0181,-126.012,-90.4468
-81.2344,-116.476,-78.8076
-70.5101,-106.853,-67.3386
-74.6123,-111.043,-71.1311
-72.5522,-107.672,-68.4292
-61.8961,-95.7574,-56.7564
-52.438,-86.1456,-47.4692
-33.1105,-67.421,-29.8758
-21.0333,-56.3528,-20.0761
-14.7996,-50.4571,-15.3344
-25.8948,-60.4871,-26.1293
-59.7552,-92.4732,-59.3467
-86.1649,-117.113,-86.5948
-103.055,-133.173,-104.803
-100.271,-130.76,-101.784
-92.7764,-123.337,-92.2616
-94.0049,-123.865,-91.6622
-94.1049,-123.753,-91.3038
-102.805,-132.336,-101.044
-101.03,-130.32,-101.389
-91.3619,-121.046,-93.4793
-92.0758,-121.898,-95.1399
-91.6905,-120.468,-94.2253
-93.6821,-120.457,-93.9952
-95.9894,-120.324,-93.8032
-96.4222,-119.279,-92.5525
-94.4965,-117.304,-90.7286
-93.3551,-116.465,-90.6898
-103.884,-127.465,-101.457
-106.22,-130.452,-103.221
-104.905,-128.856,-101.314
-105.191,-127.946,-102.14
-103.269,-125.829,-101.49
-112.965,-137.074,-111.801
-115.782,-141.146,-115.022
-117.086,-141.746,-116.438
-122.357,-144.712,-121.51
-123.889,-143.688,-122.909
-129.979,-149.175,-129.018
-127.226,-147.796,-127.07
-121.709,-143.277,-122.701
-126.219,-147.035,-128.39
-144.555,-163.353,-147.476
-165.184,-183,-167.736
-164.147,-182.658,-166.7
-165.155,-183.89,-167.497
-170.491,-188.139,-170.695
-173.371,-189.182,-172.26
-195.547,-209.691,-195.583
-219.879,-234.036,-220.528
-246.94,-262.637,-246.789
-272.717,-289.522,-273.173
-298.843,-315.498,-300.701
-351.292,-367.437,-351.417
-410.572,-426.128,-406.436
-480.492,-495.082,-473.592
-556.484,-570.666,-549.324
-633.469,-647.739,-626.455
-732.411,-746.255,-724.961
-844.187,-857.14,-836.122
-978.743,-990.809,-969.583
-1131.48,-1143.51,-1121.21
-1302.37,-1315.45,-1291.18
-1511.32,-1525.6,-1499.09
-1744.53,-1759.17,-1732.58
-2014.75,-2029.79,-2004.87
-2312.62,-2329.25,-2304.61
-2621.19,-2639.2,-2613.79
-2958.3,-2976.49,-2951.5
-3308.39,-3326.4,-3303.28
-3689.02,-3706.93,-3686.22
-4097.44,-4115.64,-4096.52
-4511.2,-4529.89,-4510.69
-4939.12,-4957.63,-4937.01
-5365.89,-5383.91,-5361.82
-5809.12,-5826.78,-5804.58
-6244.08,-6261.35,-6239.93
-6639.16,-6656.06,-6635.93
-7017.74,-7035.21,-7016.04
-7367.87,-7386.95,-7367.98
-7693.12,-7713.29,-7695.06
-7976.31,-7997.3,-7979.63
-8198.56,-8220.97,-8202.85
-8373.8,-8397.04,-8379.09
-8470.73,-8493.53,-8476.86
-8496.61,-8518.86,-8502.71
-8476.87,-8498.71,-8481.89
-8418.84,-8440.22,-8423.39
-8338.52,-8359.75,-8343.83
-8235.89,-8256.55,-8241.07
-8162.58,-8182.23,-8165.55
-8136.3,-8156.09,-8136.51
-8150.81,-8172.21,-8150.56
-8233.32,-8256.12,-8235.29
-8365.77,-8388.11,-8369.65
-8552.61,-8573.46,-8556.94
-8772.82,-8793.56,-8777.92
-8991.36,-9013.16,-8997.73
-9208.15,-9230.22,-9215.57
-9395.82,-9417.43,-9404.05
-9573.28,-9594.42,-9580.95
-9751.37,-9771.46,-9756.85
-9917.24,-9935.33,-9920.99
-10079.8,-10096.8,-10083
-10205.8,-10224.2,-10208.3
-10302.9,-10323.3,-10304.9
-10378.3,-10398.6,-10380.2
-10419.8,-10439.5,-10421
-10445.3,-10465,-10444.9
-10430.5,-10449.8,-10430.6
-10391.7,-10409.1,-10395
-10324.6,-10340.3,-10330.4
-10209.2,-10223.7,-10214.9
-10084.8,-10097.8,-10090.5
-9938.41,-9949.22,-9945
-9772.21,-9780.72,-9779.89
-9589.97,-9597.19,-9599.12
-9389.79,-9396.93,-9400.32
-9206.72,-9214.21,-9217.52
-9021.02,-9028.33,-9030.46
-8829.99,-8836.47,-8837.01
-8624.14,-8629.82,-8629.93
-8374.85,-8380.5,-8381.06
-8106.44,-8113.09,-8112.88
-7802.33,-7810.17,-7808.24
-7466.98,-7475.14,-7472.28
-7105.78,-7113.06,-7110.59
-6701.24,-6706.55,-6705.05
-6289.56,-6292.15,-6291.76
-5849.11,-5850.42,-5849.92
-5374.36,-5377.67,-5374.88
-4892.68,-4898.04,-4892.88
-4402.23,-4406.53,-4400.93
-3919.92,-3921.75,-3917.7
-3426.7,-3427.44,-3424.58
-2933.71,-2935.36,-2931.76
-2455.53,-2458.26,-2453.91
-1968.56,-1971.63,-1967.16
-1490.44,-1494.34,-1489.53
-1018.18,-1023.52,-1018.6
-562.269,-568.353,-563.686
-129.733,-134.749,-130.296
308.002,305.109,309.19
735.053,733.592,737.12
1159.26,1158.81,1162.21
1569.5,1570.46,1573.85
1944.56,1946.63,1949.18
2311.19,2313.02,2314.52
2654.84,2655.13,2656.45
2988.93,2987.45,2989.37
3321.14,3318.59,3320.99
3630.44,3627.68,3630.44
3926.06,3922.85,3926.68
4192.49,4188.55,4193.15
4433.74,4430.7,4434.82
4654.22,4652.54,4656.61
4854.96,4852.48,4857.69
5042.82,5038.6,5045.07
5194.03,5188.3,5196.12
5324,5316.97,5326.64
5442.13,5434.9,5445.71
5539.97,5533.58,5543.14
5634.87,5628.92,5636.98
5710.63,5703.73,5712.18
5764.62,5756.29,5765.54
5810.37,5800.87,5810.93
5851.25,5841.18,5851.78
5890.22,5881.07,5891.4
5912.04,5905.12,5914.19
5929.43,5924.14,5931.7
5940.46,5934.63,5943.02
5939.54,5932.36,5942.93
5934.53,5925.94,5938.95
5909.6,5899.77,5915.54
5887.14,5878.07,5893.14
5874.38,5866.99,5878.81
5857.84,5851.03,5861.86
5842.51,5836.36,5846.85
5821.67,5816.96,5823.78
5803.21,5799.57,5801.1
5780.35,5776.93,5775.42
5739.5,5736.32,5732.51
5689.15,5687.41,5680.42
5637.63,5639.17,5629.17
5592.29,5598.88,5585.39
5536.34,5547.49,5530.98
5475.57,5488.84,5470.33
5425.27,5439.06,5418.42
5364.82,5379.2,5356.73
5300.6,5316.41,5291.84
5227.86,5245.12,5218.54
5149.85,5168.28,5141.18
5082.04,5101.81,5073.93
5017.98,5038.6,5008.52
4968,4988.61,4957.05
4909.83,4930.39,4899.16
4843.05,4865.05,4833.72
4780.09,4804.85,4771.59
4705.05,4731.18,4696.6
4636.47,4662.65,4627.4
4572.97,4599.77,4562.87
4508.94,4536.54,4498.73
4446.66,4474.74,4437.83
4375.59,4403.93,4367.95
4313.66,4342.24,4306.46
4254.27,4282.16,4248.72
4192.79,4218.5,4189.02
4136.44,4159.95,4132.5
4071.95,4094.92,4066.93
4015.22,4038.93,4009.16
3955.6,3979.23,3949.24
3892.47,3915.3,3886.15
3836.84,3859.99,3829.55
3771.1,3795.25,3763.32
3704.85,3729.55,3698.2
3635.04,3660.53,3629.43
3579.3,3605.7,3574.24
3542.35,3568.43,3539.32
3488.96,3513.51,3489.64
3430.38,3453.48,3433.5
3369.81,3390.83,3372.35
3310.94,3329.09,3311.21
3259.71,3277.05,3258.68
3201.8,3220.15,3201.39
3149.71,3168.77,3149.68
3086.81,3106.62,3085.34
3020.12,3040.43,3015.85
2967.95,2987.02,2960.75
2906.52,2922.98,2898.56
2849.85,2865.32,2843.4
2795.59,2812.54,2790.43
2747,2765.33,2742.48
2705.23,2723.66,2701.32
2646.14,2663.9,2642.5
2590.78,2607.36,2586.95
2541.13,2556.35,2536.84
2494.09,2508.69,2488.42
2449.44,2464.75,2442.15
2393.49,2409.14,2386.63
2348.82,2363.08,2343.18
2309.7,2321.6,2303.34
2270.11,2280.02,2262.37
2235.33,2244.44,2227.53
2187.89,2197.01,2180.66
2146.48,2155.69,2139.43
2105.4,2114.61,2098.35
2065.41,2074.11,2058.28
2032.91,2039.66,2025
1989.21,1993.19,1980.29
1957.46,1959.23,1947.96
1929.76,1930.45,1919.83
1903.31,1904.01,1893.1
1881.32,1882.55,1870.84
1840.92,1842.28,1829.86
1802.8,1803.95,1791.4
1765.97,1767.22,1755.1
1731.33,1732.64,1721.27
1707.54,1708.32,1698.32
1673.55,1673.59,1665.13
1643.38,1643.98,1635.53
1610.28,1612.56,1603.93
1573.67,1576.92,1568.98
1550.09,1553.18,1544.88
1525.04,1527.46,1518.07
1504.39,1506.48,1496.64
1474.58,1476.9,1467.41
1445.81,1447.96,1439.83
1429.57,1430.12,1424.27
1402.02,1399.95,1397.07
1379.77,1376.12,1375.79
1354.17,1350.92,1351.45
1322.72,1321.29,1321.38
1300.76,1301.53,1300.68
1276.38,1277.66,1276.27
1263.43,1262.76,1262.09
1252.05,1248.88,1250.22
1231.98,1227.55,1230.2
1210.11,1206.11,1207.58
1179.89,1177.02,1176.8
1162.38,1159.8,1159.64
1141.73,1138.2,1139.7
1117.82,1112.95,1116.15
1108,1102.46,1105.59
1095.48,1089.35,1091.88
1092.11,1084.68,1087.02
1068.69,1059.6,1060.8
1034.46,1023.41,1023.64
1024.51,1012.75,1012.72
1006.88,996.569,995.839
990.524,981.011,980.22
972.249,961.557,962.414
950.408,938.037,941.388
941.762,928.109,933.431
921.735,907.825,913.608
901.649,888.235,893.445
879.443,865.815,871.179
855.36,840.766,847.643
846.679,831.677,840.394
825.108,810.345,820.177
808.505,793.616,804.235
797.953,782.89,794.141
788.477,773.405,784.606
785.031,769.191,779.71
749.967,732.893,742.184
720.976,703.307,712.031
708.498,691.868,701.122
692.014,677.334,686.383
685.226,671.07,679.056
666.455,651.385,658.391
653.045,637.295,643.903
643.352,627.437,634.785
621.934,606.321,614.097
610.252,595.795,603.38
594.317,581.316,589.617
584.004,571.066,580.947
575.522,560.722,572.241
558.685,541.985,553.906
553.669,536.292,547.814
542.332,524.884,536.876
541.633,524.202,537.131
542.575,525.405,538.476
516.977,500.901,513.358
495.107,480.318,493.145
473.303,458.647,472.894
465.798,450.733,465.687
475.756,460.842,476.045
484.724,471.33,485.894
500.568,489.767,502.538
500.661,491.05,503.722
494.027,483.944,498.229
493.07,482.984,497.312
491.6,481.817,494.341
496.608,486.26,498.189
488.599,477.591,489.823
482.463,471.673,482.753
484.442,473.68,484.009
480.411,468.369,479.549
489.374,475.054,487.82
482.5,466.739,480.02
455.766,440.92,453.034
435.264,421.924,434.438
421.847,408.989,422.848
425.398,412.714,426.709
425.318,413.19,427.625
421.227,409.645,424.298
413.288,401.717,415.182
393.908,382.789,394.771
383.818,373.938,385.061
379.798,370.588,381.96
381.33,371.713,384.204
375.307,364.961,378.494
358.861,348.061,362.192
355.732,344.197,358.955
356.975,344.76,359.841
363.676,352.021,366.025
370.505,359.164,372.235
358.026,346.155,358.503
340.062,328.39,338.967
327.92,316.668,327.044
327.941,317.006,328.812
327.364,317.428,329.119
317.706,309.006,319.62
313.565,305.415,317.074
310.066,301.35,315.3
309.566,300.231,313.16
300.064,290.973,300.449
286.109,277.121,285.986
285.11,275.819,286.683
280.917,271.596,283.308
278.715,269.68,279.949
273.197,264.158,273.1
266.353,256.216,266.209
267.423,255.304,267.788
260.205,246.365,261.152
253.832,239.617,254.905
247.398,233.614,248.571
241.72,227.852,243.544
244.707,230.577,246.828
239.45,225.633,241.242
234.561,221.258,235.555
228.128,214.43,228.398
221.535,205.855,220.889
222.934,204.989,220.76
213.706,195.021,210.375
207.678,189.456,203.827
201.529,184.514,197.761
194.525,179.189,191.094
199.235,184.679,195.932
202.719,187.62,199.629
204.308,188.46,200.709
187.047,170.955,182.546
166.445,150.049,162.125
163.76,147.2,159.973
159.847,143.757,156.497
163.337,147.925,160.978
162.281,147.673,161.415
156.727,142.635,156.98
163.474,148.91,163.762
155.759,140.245,155.392
144.403,128.558,143.588
137.834,122.448,137.704
141.058,126.107,142.298
159.482,144.849,161.342
158.157,143.807,159.346
152.056,137.8,152.995
147.048,133.951,150.007
142.679,131.954,148.003
142.547,134.059,148.749
127.724,120.333,134.079
128.051,120.144,134.035
139.154,130.244,144.528
140.791,131.975,145.611
136.907,129.37,141.27
121.931,115.555,126.849
120.686,114.861,126.922
121.368,115.754,128.432
116.62,111.054,123.568
123.502,119.211,129.863
120.701,119.226,126.935
125.609,126.018,132.005
134.794,135.164,140.718
137.726,137.686,142.35
144.774,144.652,147.895
142.297,141.622,144.781
145.957,143.973,149.401
144.502,141.61,149.728
138.824,136.261,144.48
148.884,147.665,153.804
149.526,149.763,154.685
142.929,144.166,148.958
129.583,131.626,136.212
119.181,121.411,126.185
130.174,131.408,136.914
139.494,139.432,145.505
147.562,146.793,152.967
139.549,138.466,144.389
119.699,119.143,124.524
110.262,111.834,116.364
92.8446,96.7788,100.203
93.6435,97.7854,100.506
108.671,111.305,114.25
116.824,117.842,121.953
122.345,121.945,127.508
114.426,113.168,119.534
113.898,112.835,118.854
114.897,114.639,119.633
108.862,108.805,113.697
103.034,103.029,109.036
87.0897,88.0796,95.2112
83.6635,85.0391,93.145
86.7274,86.5267,95.8315
84.6839,82.5142,92.6073
88.368,85.0266,95.2454
85.9424,81.6379,91.6173
90.5552,85.6693,94.6938
91.2075,86.4666,94.3698
86.6183,81.3542,89.2258
90.2519,83.1001,91.3069
82.4747,73.4284,81.2629
83.5812,74.3335,80.9642
88.6443,81.2083,86.5016
84.7139,79.3036,84.8985
79.8282,74.9633,82.3899
66.6737,61.3354,69.9422
63.6373,57.6172,65.7797
58.5976,51.2862,58.6603
45.5131,37.2019,43.9542
45.2463,37.9521,43.4056
45.9801,40.7836,45.1193
57.9029,53.9287,58.3758
65.3655,61.5279,66.6707
57.7336,53.4594,59.2046
56.6124,51.1961,57.5307
49.0254,42.3554,48.8785
49.2505,42.9484,48.3881
51.1816,46.3212,50.2056
48.2851,43.7841,47.126
51.7437,46.5075,50.1188
44.7751,38.8596,42.9333
45.8541,40.0113,44.4586
50.3655,45.017,49.9734
50.0232,45.0178,49.6039
58.2731,53.9156,56.1364
59.0337,55.5365,55.7894
60.444,57.2811,57.1553
55.469,52.3249,51.5505
43.7115,41.2401,39.5098
45.0008,43.6378,41.965
39.661,38.8135,37.7415
37.1264,36.4571,35.6392
30.3612,29.6906,29.2135
18.507,17.1834,17.9685
23.0494,20.6715,22.7122
21.1007,17.4948,19.7284
21.4969,16.1484,18.6969
18.4722,12.1597,15.4594
8.42769,3.85581,7.45904
10.5272,8.77133,12.3821
7.5642,6.63127,10.8437
15.2836,13.2744,18.3935
30.4144,27.558,32.0497
36.6363,33.7052,36.0926
44.2574,41.2644,42.0012
39.7711,36.2216,36.2719
41.7073,37.0255,36.9692
45.2572,40.3749,40.2948
39.1761,35.841,35.3425
35.4261,33.8562,32.5248
19.2794,18.593,16.9354
22.3252,21.9228,20.4186
32.781,32.6412,29.9037
31.1238,30.551,26.5643
39.5505,37.7297,34.405
31.9438,29.3541,27.1675
24.3464,21.1648,20.3268
24.608,20.2003,21.5973
22.4823,17.2235,20.2642
32.6482,28.1935,30.676
31.9285,29.1878,29.4018
28.9019,27.2215,25.1106
26.7065,24.5564,21.6675
18.9472,14.6618,12.525
26.8345,20.4327,19.1831
26.886,19.554,18.9997
25.4066,17.4271,17.3598
25.5258,16.9685,16.3796
19.5225,10.5792,9.596
29.7845,20.4437,20.2713
30.4878,21.4007,22.0318
27.411,18.9675,20.365
26.0461,17.4788,19.9173
21.3955,11.6467,15.0299
28.579,17.5044,21.4305
19.9428,9.28574,12.9415
11.2526,2.05592,5.32235
12.1479,3.71988,6.84954
9.90765,2.12,4.9309
19.853,11.7971,15.2866
18.7946,9.04737,14.3326
13.5751,2.94193,9.22757
10.5913,0.431788,6.57379
0.327417,-9.20928,-3.63606
4.21322,-4.98476,0.102328
3.92199,-5.32241,-0.493585
11.2593,1.03615,6.86067
23.2393,10.8878,18.8222
13.8784,-0.804123,8.27543
11.5109,-4.83699,4.61006
5.70061,-11.1192,-1.92993
1.79777,-14.1739,-5.65568
5.02166,-9.17518,-0.350904
1.73702,-10.2181,-1.08532
10.572,-0.354417,8.46078
12.0574,-0.0594475,8.04144
9.39516,-4.19393,2.72389
14.1606,0.035007,6.77053
11.5988,-2.64116,4.29885
13.4833,-1.34376,5.63272
8.90905,-7.17648,0.936943
3.78629,-12.65,-3.81423
9.11569,-6.68955,1.3695
10.3973,-4.73566,1.87981
20.4324,5.52082,11.7801
18.7253,3.20048,10.8476
1.47381,-14.1485,-5.42991
-4.43941,-19.1843,-10.3196
-4.88763,-18.7942,-9.84142
3.05532,-10.8166,-0.439074
5.3501,-9.24158,3.28821
5.42835,-8.93164,3.20758
11.8772,-1.21131,9.5018
10.5926,-2.15579,9.11842
9.74834,-3.72953,7.96722
3.24146,-10.2246,0.0227227
-3.70862,-16.4479,-7.35321
-1.43608,-15.1261,-4.34416
7.18192,-8.39749,4.2032
26.072,10.721,21.617
34.5115,21.4412,29.2998
31.2569,20.4283,27.0373
30.5123,20.2118,28.1035
32.1006,21.7004,30.8406
42.8578,33.5465,42.8813
47.6341,39.3272,48.8824
52.4273,44.3487,51.7129
61.6193,53.5436,57.2326
56.9409,47.8922,50.3609
56.6329,46.2664,49.9075
60.5207,50.4343,54.9336
66.3908,57.4851,60.8256
71.8445,63.0357,65.1267
65.6118,55.779,58.7394
63.7618,52.8504,58.0225
63.9338,52.1328,58.9166
65.1755,52.7989,59.5721
71.9557,59.6054,66.113
76.283,64.1507,71.0337
83.8715,71.7623,78.6061
86.3645,73.7307,80.5896
86.2347,72.6293,80.9592
85.2869,70.8618,81.7839
73.6388,58.6167,71.5138
69.8754,54.4807,67.7775
67.4681,52.0217,64.0004
63.5757,47.9749,57.8508
62.1073,45.689,55.1461
59.6673,43.0125,53.2432
70.7592,55.3679,65.2625
77.5737,63.4628,72.9918
72.1681,59.4655,68.8836
67.0869,55.617,63.9017
62.7504,50.2982,57.3365
68.514,53.9537,60.6037
75.2835,59.2613,66.7536
70.517,53.2784,62.8901
63.4175,44.3318,56.9671
63.627,43.105,56.7964
64.9962,44.7242,55.8426
54.9495,34.956,43.8194
52.5164,32.348,40.968
57.9662,38.3881,47.2524
55.0374,36.8992,45.1217
52.9821,36.264,42.7362
47.8476,30.6072,36.9179
50.6389,31.1794,39.5938
56.0924,36.114,45.8062
47.6251,29.459,38.2432
37.8797,20.8921,28.6887
31.0984,13.323,21.7565
36.0004,17.415,26.3238
43.7216,25.9047,33.7393
45.8639,28.9866,35.4876
41.3416,24.7735,30.6531
28.1362,11.6748,18.5405
29.9022,13.6317,21.6904
35.1272,19.9183,27.2272
32.9782,18.841,24.4434
36.239,21.8027,26.0731
32.262,16.2179,21.1221
32.4229,14.2671,21.6792
36.3921,16.7048,26.0072
34.3096,14.1138,23.9852
38.4466,18.7415,28.8205
33.4054,14.7096,24.9459
27.9403,10.0008,19.1423
24.3899,6.45618,13.2593
16.4597,-2.43105,3.65552
13.4878,-5.5003,1.10244
6.45286,-10.1985,-4.67502
13.9751,0.228379,4.18735
15.4182,3.10021,6.42921
5.29412,-7.45738,-3.87881
16.3714,2.65075,6.76629
19.0507,5.50317,9.58782
16.4282,3.8976,7.88189
16.9155,5.0765,8.95433
14.5093,2.55902,5.87281
23.7565,10.9677,15.014
23.973,9.94048,16.7341
21.835,7.24457,15.5325
20.1002,5.98806,13.3466
9.40365,-4.12934,2.21824
13.4855,-0.727666,6.72931
15.6329,-0.835978,9.42176
16.4163,-1.69498,10.2573
13.9964,-3.66937,8.04364
3.14949,-13.7281,-2.25722
7.76128,-9.77818,2.63128
4.55293,-13.729,-0.692377
1.60893,-16.1868,-3.70442
7.19846,-10.3864,1.58365
5.66656,-12.7651,-0.832916
2.8246,-15.9704,-4.26937
-11.6055,-29.7463,-18.5317
-13.3857,-31.1516,-20.098
-0.464431,-18.6161,-7.15052
1.71859,-15.7282,-4.27669
5.53347,-9.67133,0.941947
1.55579,-12.7091,-2.41938
1.61798,-13.6835,-2.93574
6.70039,-9.43621,1.25818
3.13811,-12.2305,-2.54587
11.2371,-2.42309,5.99325
11.2151,-1.20021,6.44675
12.7321,0.0613649,8.77348
13.0178,-1.11797,9.96342
-6.83402,-21.977,-9.41431
-11.1272,-26.7685,-13.931
-13.8875,-29.8103,-17.3742
-18.0798,-34.1231,-21.1048
-20.0302,-37.3296,-21.8215
-30.2145,-49.3724,-32.1143
-23.4164,-42.8821,-26.5086
-17.215,-35.7491,-21.4147
-17.3797,-35.1756,-22.5455
-17.999,-35.0543,-24.2825
-26.0659,-42.4003,-33.5338
-18.251,-34.1364,-26.14
-12.8546,-27.5661,-20.1262
-11.7212,-24.4324,-17.3136
2.00081,-9.99625,-1.55366
12.7453,-0.227289,10.3533
23.9806,10.2487,22.5789
17.1339,3.40477,16.661
6.63324,-6.5281,6.06945
9.76613,-2.95736,8.55658
5.15767,-8.43791,3.18048
7.22285,-7.58156,4.27976
5.00462,-9.64569,1.33611
0.825075,-13.5876,-2.91563
2.6144,-12.6251,-0.843465
-4.34339,-19.8493,-7.83021
-5.33566,-20.3677,-8.68082
-14.584,-29.7391,-17.1518
-29.4914,-44.9499,-31.4858
-32.3577,-47.3268,-34.1356
-32.9526,-47.08,-34.2318
-20.5826,-34.6926,-21.1087
-13.1397,-27.9546,-14.2298
-9.70495,-24.7542,-12.4806
-3.15378,-17.6589,-6.48435
-21.0263,-34.3646,-24.0658
-29.7273,-41.9361,-32.1827
-21.3286,-33.0472,-23.1934
-14.7652,-26.2527,-16.5958
-8.24395,-19.4504,-10.2541
-7.75276,-19.1117,-10.8339
-1.30501,-14.0893,-5.68049
-6.9681,-21.4511,-11.4752
-19.367,-34.3452,-23.248
-15.3772,-29.6252,-17.7792
-12.5971,-25.4015,-12.9516
-12.1649,-24.1473,-11.1325
-17.888,-30.3451,-17.1806
-22.8193,-35.6107,-23.72
-17.5149,-30.07,-19.3396
-18.4203,-31.2134,-20.0501
-15.1671,-28.5701,-15.6561
-13.2203,-26.5819,-11.8804
-26.9633,-38.8893,-24.5245
-37.5605,-48.6276,-34.6876
-39.7193,-51.9741,-36.7221
-35.099,-48.5204,-32.7587
-35.8518,-49.7705,-34.4217
-38.8017,-53.187,-38.348
-33.3553,-47.7364,-33.4372
-31.0221,-45.1368,-30.2208
-26.8031,-41.2659,-24.8638
-25.4025,-40.8228,-23.9021
-28.2309,-44.6072,-28.884
-31.9344,-48.8004,-34.3358
-35.2423,-52.0091,-37.3884
-28.5067,-44.1629,-29.9856
-25.4001,-38.3554,-26.1137
-24.576,-35.3014,-23.7949
-17.1101,-28.3287,-15.4363
-13.4973,-26.097,-12.112
-12.4452,-25.4446,-11.5875
-16.6247,-29.6825,-15.5905
-19.0763,-32.3718,-17.6483
-13.7599,-27.3781,-12.3382
-14.58,-27.6106,-13.1474
-13.8489,-25.3296,-11.9655
-12.7422,-24.2627,-10.2163
-9.09235,-22.2557,-6.23939
1.18608,-12.5256,4.30534
5.27313,-8.10433,8.54294
6.23077,-7.59773,8.8202
-0.240224,-15.2036,1.28
-3.33821,-18.8838,-2.40994
3.811,-10.8659,5.11687
2.86796,-9.85061,5.55068
-3.8442,-14.761,0.360659
-11.6991,-21.8134,-6.87891
-14.5018,-24.6544,-10.3556
-11.9829,-23.0559,-8.52017
-14.3142,-26.4137,-10.5178
-11.5245,-22.8858,-6.3005
-9.53262,-19.1862,-2.53088
-8.57878,-17.4769,-0.985733
-1.89436,-10.529,6.13838
-0.250391,-8.43388,9.24103
2.28173,-5.43287,13.0648
-2.03571,-9.13519,8.97492
-8.43605,-14.9333,1.38793
-6.99971,-13.4663,0.934451
-7.60935,-13.907,-0.733698
-6.09502,-11.52,1.21842
-7.38389,-12.8252,1.41865
-8.4854,-14.5309,1.83632
-2.86762,-8.88281,8.31068
-0.362191,-6.22476,10.4456
3.38857,-2.75555,13.1448
4.89427,-2.59631,13.8413
5.09523,-3.73791,13.5225
9.71325,0.490817,18.7924
6.23747,-2.94948,16.1927
2.80996,-5.30543,12.2616
0.887972,-5.11965,9.56769
2.92122,-0.991672,11.0998
9.45167,6.94054,16.9165
7.68055,5.31844,14.8371
9.16875,6.29269,17.3488
13.2682,9.59902,22.6979
16.204,11.5269,24.9311
18.1896,13.3337,25.4764
17.6136,13.9151,24.8548
21.2282,19.5901,28.6345
20.3321,20.3455,27.4658
18.0677,18.9815,25.0065
19.479,21.2183,26.4536
15.2915,17.5178,22.3361
18.7923,20.4736,25.2664
26.7128,27.2721,32.4762
31.8889,32.5281,37.4295
41.392,43.1652,47.3043
44.9575,47.8681,51.7226
45.9051,49.7373,52.9906
46.312,50.3594,52.598
47.0569,51.0722,52.1449
46.4337,50.0539,51.1926
39.1347,41.9621,44.6326
41.4438,44.9447,47.1197
52.1664,58.2016,57.6865
58.045,66.251,64.672
54.4369,62.1822,62.5217
47.7111,53.035,55.8769
51.5862,55.2009,58.0111
59.0241,61.8201,63.8613
64.3521,66.2674,70.0159
68.6653,70.0723,76.4053
69.8492,70.713,77.5354
73.6635,73.3935,78.9488
73.8365,72.1652,77.349
72.3179,69.4934,74.9441
68.5317,65.6461,70.2283
59.7075,57.5879,61.0202
60.6893,59.0043,62.1411
64.4252,61.8139,65.6415
70.9698,66.4031,71.6512
73.9982,68.6524,74.9322
71.6019,66.5965,73.068
76.051,71.1141,77.5039
74.3716,69.3067,75.8804
74.9626,69.5703,76.5132
81.7134,75.0147,82.7689
88.4931,78.973,88.2761
105.713,93.8905,103.932
124.816,112.004,122.595
136.872,123.323,135.459
127.018,114.029,126.524
99.0874,87.4942,98.9089
82.6381,71.32,82.0869
64.4298,52.8547,63.4576
47.8191,36.6571,47.237
41.8403,31.6217,41.673
37.7102,28.0217,37.325
36.215,25.7078,36.1055
17.1555,5.71107,18.0701
-9.07634,-20.0376,-7.51625
-30.4698,-40.5489,-29.388
-48.0636,-58.9165,-48.1147
-52.6561,-65.5187,-53.5703
-61.686,-75.8561,-63.328
-72.9138,-87.79,-75.9431
-84.792,-99.7492,-88.8922
-105.516,-119.006,-108.949
-117.35,-128.934,-119.437
-128.685,-139.869,-130.562
-138.387,-150.301,-140.719
-138.787,-151.557,-140.984
-136.31,-150.372,-138.407
-126.599,-142.255,-129.04
-124.792,-141.471,-126.867
-119.729,-136.745,-120.737
-104.877,-121.872,-105.347
-85.5715,-102.208,-85.8367
-62.6403,-78.7279,-62.6089
-63.424,-79.2675,-62.961
-64.86,-81.368,-63.5003
-59.1184,-76.8602,-57.1791
-61.0397,-79.7656,-60.1196
-48.866,-68.4224,-49.9658
-40.3075,-61.0183,-42.558
-36.1466,-58.2179,-37.9644
-29.3351,-52.3672,-29.9143
-31.8739,-55.0448,-31.7266
-22.7801,-45.7211,-22.7878
-13.9686,-36.9422,-14.1987
-8.36434,-31.4137,-8.45946
-2.40347,-25.7933,-2.64806
-8.73382,-33.3306,-9.71411
-3.54263,-29.1031,-4.87496
3.76922,-21.9299,2.50353
10.6325,-15.6122,8.64534
14.3822,-11.995,11.1586
5.33741,-19.7898,1.33697
8.28679,-15.8765,4.03619
8.36346,-15.675,4.42759
7.87876,-15.6943,4.39073
12.5459,-10.516,9.06723
9.34172,-13.3953,6.07623
14.8823,-6.77397,12.4358
13.9564,-6.51112,11.9358
14.0588,-6.00513,11.6806
25.6702,5.6805,23.2476
23.6795,4.47379,21.9044
23.5505,5.79813,22.482
16.4855,-1.03287,15.7284
6.35014,-12.4315,5.79402
7.17356,-12.8104,6.65315
2.89947,-17.7662,2.15873
9.03628,-12.1457,8.61922
13.3332,-7.95931,13.2831
16.1218,-4.52966,15.0965
24.7015,4.73585,21.6976
23.1678,3.65139,19.1747
23.1993,4.48076,19.5441
15.7039,-2.33761,12.5559
10.4387,-7.59119,7.90181
16.9483,-1.62303,15.1662
16.1748,-3.58644,14.7365
19.8404,-1.04261,18.6403
18.4905,-2.01585,17.7175
15.0173,-3.5231,14.2312
13.2955,-3.25149,12.2064
0.270163,-15.6424,-0.802057
-2.67195,-18.4732,-3.22743
-7.61068,-22.5094,-8.1085
-11.4321,-25.4703,-12.6806
-8.47383,-22.2835,-9.19192
-9.12119,-22.9393,-8.06856
2.73471,-11.0514,3.68001
7.60258,-5.72992,7.25379
8.29466,-4.62108,8.34819
15.0074,2.37294,16.4176
17.9772,5.82386,19.8437
30.7293,18.7334,31.9083
36.4611,24.9507,37.3495
36.0725,25.5737,37.4934
40.4867,29.8829,40.8038
40.1522,28.7302,38.4576
52.4512,41.4327,51.2266
62.095,51.8294,62.5504
69.3264,58.1947,70.0497
81.0955,68.6209,80.9588
81.7744,68.6348,81.2783
86.9265,73.2123,87.2374
81.7485,67.881,82.7093
72.1154,58.596,72.8346
72.8961,59.0008,72.8217
71.0233,55.7737,69.7042
76.5866,60.811,73.9773
77.9357,62.8229,74.8826
75.6552,60.7825,72.7091
76.2882,61.1283,73.1156
72.759,57.3515,70.0469
81.6671,66.3227,80.9036
84.0495,69.6191,84.8085
83.326,69.7662,83.2133
96.0811,82.3867,93.328
103.064,89.1398,98.219
114.698,100.578,109.2
115.032,99.6593,109.152
104.344,86.891,98.535
101.147,82.4831,96.5273
97.0092,77.8705,93.83
101.387,81.06,98.6486
99.7843,78.6358,96.3687
92.174,72.2133,88.0025
84.3862,66.4036,79.657
69.1929,51.748,64.8994
68.5318,50.3001,65.6731
69.3669,50.3201,66.9504
68.6372,48.5943,65.6885
65.3717,44.902,62.4517
38.9743,20.1131,37.5956
23.916,6.95741,24.1423
19.6393,2.81347,19.4913
18.265,0.342147,17.4839
20.3359,1.18017,19.8278
8.71841,-11.326,8.11783
6.68903,-14.3067,5.47428
4.85068,-17.5195,3.21655
-1.79004,-25.0444,-3.58819
-4.73018,-27.3852,-6.75912
-13.5304,-35.0059,-15.9931
-12.3719,-34.4918,-15.8625
-11.9933,-37.2016,-16.5506
-15.0675,-42.8333,-19.5405
-19.2404,-46.9945,-22.7875
-39.1999,-66.4473,-41.82
-51.8932,-79.3665,-53.5498
-63.6025,-90.3841,-63.9856
-78.1255,-102.758,-77.0359
-86.1363,-108.464,-84.2341
-96.1204,-117.381,-94.9628
-92.041,-113.986,-92.7996
-91.7051,-114.797,-93.5755
-92.2092,-115.744,-92.9014
-83.0745,-106.365,-82.2337
-82.7691,-105.001,-81.8444
-77.3979,-98.2389,-76.7293
-79.05,-98.8744,-78.6432
-83.0665,-102.454,-82.907
-74.0978,-93.4886,-73.3715
-68.0141,-87.4082,-66.3152
-57.7319,-77.2139,-55.5378
-54.3771,-74.6567,-52.6345
-51.5429,-73.6181,-51.2585
-37.3532,-60.6574,-38.6839
-30.8621,-52.684,-32.4564
-21.7944,-40.7557,-22.0528
-21.7301,-39.6981,-20.6132
-19.9496,-39.3165,-18.2565
-5.28221,-26.5523,-3.50983
-5.05082,-27.3713,-3.44691
-4.86366,-27.3463,-3.1935
-6.2615,-28.6092,-4.04406
-1.58363,-23.7596,1.50592
12.2726,-9.55031,16.5037
14.7356,-7.51958,18.9066
19.852,-3.61666,22.116
16.5325,-7.23115,17.5039
9.00599,-14.4431,10.382
9.4232,-14.289,11.5881
2.71947,-21.3364,5.55717
6.77614,-17.6149,10.512
9.92793,-15.1393,14.7626
7.14476,-17.8664,13.2288
7.17864,-17.2566,13.7558
-0.97073,-25.6681,4.56482
5.2308,-19.7633,9.6419
1.34838,-22.0677,5.4409
-12.6902,-33.4585,-9.31387
-8.67712,-28.0733,-6.55855
-12.4296,-30.8491,-10.4428
-12.7219,-28.8098,-9.40951
-10.4073,-23.7826,-5.11071
-7.08268,-19.0052,-0.370757
4.60428,-7.68758,10.7032
2.01376,-11.291,6.88094
3.62544,-8.77805,9.14364
8.4483,-0.708883,15.7707
7.41659,0.849816,15.5269
13.2864,6.26034,21.1628
10.4548,1.19044,17.3236
11.3474,0.201605,16.5744
11.161,-1.05757,15.4755
10.2778,-2.35546,14.9759
23.4204,11.205,29.3645
11.2366,0.0095117,17.7623
-7.02161,-17.7716,-1.12814
-10.0233,-20.7897,-4.91836
-7.07515,-17.2776,-2.55985
7.4635,-1.39739,11.888
7.56242,0.417193,12.4665
5.3319,-0.432952,11.1513
7.97378,2.43075,14.4762
5.44015,-0.268478,11.4615
8.92432,3.4742,14.5572
7.22746,1.3932,13.2835
9.99957,2.75509,15.9741
14.2613,5.57952,19.7925
6.46401,-2.85242,11.9503
3.50802,-5.95775,9.58898
-1.27925,-11.4517,5.13618
2.62123,-9.15852,8.02582
13.8479,1.15669,18.6892
4.89654,-6.15987,10.8501
-5.33952,-14.126,2.07596
-10.5564,-18.8993,-2.27809
-8.40804,-16.6725,0.178471
-0.512649,-7.72986,8.14437
-6.75163,-13.1326,1.66011
-25.3749,-32.0341,-18.127
-43.1771,-51.7083,-38.2958
-39.612,-50.6035,-36.3238
-30.9432,-42.8127,-27.3167
-29.4202,-41.1338,-25.9143
-17.2601,-29.4259,-14.4425
-3.42124,-16.8742,0.0179459
4.39305,-10.5375,9.17539
5.77565,-10.0497,11.5063
10.9282,-4.49229,17.1425
36.0093,22.1007,41.9589
65.4766,53.0859,69.8989
86.7838,75.5519,89.5719
93.4634,82.4094,95.762
82.047,70.3913,84.8126
62.4568,50.899,65.9504
34.3888,23.9984,38.0472
17.2843,8.39369,20.5316
15.313,7.16483,17.5859
13.9434,5.81838,15.2935
13.0348,5.14951,14.8302
7.17049,-0.449303,10.1741
4.02235,-3.64295,8.16236
3.54207,-4.51874,8.54965
0.949203,-8.36708,5.67734
-3.18099,-13.3419,1.35775
-11.3894,-20.0569,-5.64327
-10.7896,-17.0578,-4.08816
-4.44945,-10.8625,2.65268
-1.60632,-10.5275,5.54396
3.69176,-6.47501,10.347
3.82749,-5.36615,10.8344
-0.762154,-8.82985,7.19913
-8.58323,-16.947,-0.632467
-13.6711,-22.8202,-6.44497
-8.52773,-17.2384,-2.04757
-9.81889,-17.2639,-4.48874
-19.1292,-25.4152,-14.9771
-28.0587,-34.3646,-24.1241
-29.3529,-36.9454,-24.9702
-26.5903,-34.9575,-21.3408
-30.271,-38.8898,-23.5747
-34.3385,-42.8475,-26.3386
-43.4152,-51.0588,-35.016
-56.1168,-63.0915,-48.7484
-62.2235,-68.9595,-56.1718
-70.7079,-77.2346,-64.2327
-77.7166,-83.7902,-70.0775
-82.8786,-87.4196,-74.5071
-92.1738,-93.9942,-82.7363
-100.132,-100.218,-89.6859
-111.776,-112.661,-101.789
-122.575,-124.8,-113.844
-136.152,-137.989,-127.34
-152.229,-153.016,-142.245
-161.084,-162.157,-150.305
-169.986,-172.535,-159.56
-175.76,-179.676,-166.667
-177.337,-181.941,-168.573
-176.163,-181.162,-166.306
-173.19,-178.825,-162.175
-173.12,-179.16,-161.131
-167.676,-172.851,-155.4
-161.519,-165.207,-150.062
-155.362,-157.953,-144.484
-135.972,-137.903,-124.147
-117.274,-119.249,-105.146
-105.324,-107.782,-95.3968
-99.7614,-102.769,-91.6205
-95.8385,-99.3089,-87.4407
-84.0861,-86.9446,-75.1278
-73.8761,-75.1259,-64.3253
-64.6374,-64.76,-54.4469
-57.5738,-57.4032,-47.6499
-47.6029,-47.4913,-38.8389
-36.6179,-36.7933,-28.5407
-34.3718,-34.426,-26.1167
-25.8066,-23.9059,-18.1699
-15.6054,-10.8204,-9.2217
-13.0804,-7.27963,-7.46795
-9.09865,-3.72929,-3.4616
-6.91944,-2.12088,-0.762478
-2.96054,0.768837,3.3515
2.66154,5.08171,8.62337
11.8748,12.2804,16.0255
31.7398,29.2891,33.364
44.4303,40.7648,45.2714
48.7879,47.0373,50.1307
48.4478,49.9531,49.9398
46.0827,49.679,46.9923
47.7371,51.1048,48.3422
49.3724,50.6937,50.5586
55.3973,54.8793,56.7044
59.137,58.3857,59.5554
55.6107,56.1042,54.8181
39.9827,42.3823,38.5561
20.7564,23.663,19.8607
22.7888,24.0241,22.0611
28.948,28.4871,27.7868
26.126,25.6744,25.6334
23.0002,23.1409,23.4792
18.6936,18.5593,19.1481
23.3689,22.6512,23.2829
24.389,23.2747,24.0322
18.0154,16.4358,17.9016
18.746,16.6098,18.8143
17.6409,15.1849,18.0389
21.9095,19.11,23.5237
26.7491,22.869,29.453
30.5189,26.5509,31.8905
38.4558,37.261,35.9939
43.79,45.9231,39.4592
48.1512,51.0207,45.7742
35.125,36.0939,34.9016
29.2328,27.9695,28.9275
41.2859,39.6254,39.1439
38.7742,38.3746,35.4011
46.6117,47.4278,43.6929
65.7372,66.4831,63.5692
80.1555,79.8461,78.8435
95.2117,93.573,94.7452
97.3604,93.4831,97.1067
101.158,94.8909,101.815
103.266,96.4246,105.156
100.742,94.7984,102.514
109.331,103.592,110.772
108.351,101.814,110.562
104.442,97.6506,107.528
97.4105,90.5767,99.7325
89.8719,82.2218,90.7776
90.3829,81.5637,91.367
79.4425,69.9973,82.0195
76.3002,66.9402,79.8932
73.6612,64.8558,75.3014
64.2747,55.602,62.2823
64.4736,54.6315,60.0815
60.7293,50.5759,55.479
62.1095,54.5721,56.5051
53.0676,47.7097,47.3303
31.4852,25.0408,26.1984
31.0448,23.3576,26.2525
42.2436,34.8696,37.1028
65.2668,57.2192,59.1564
76.6596,66.28,69.7472
72.0098,59.8856,65.5132
79.2282,66.9788,73.6749
76.1731,64.9138,70.4224
73.6294,63.9065,67.8852
72.7513,63.5216,68.5992
69.562,58.6211,67.4003
76.1035,63.043,74.3722
71.1821,57.6577,67.0223
69.2888,56.3051,61.5418
69.1587,56.2352,61.3688
62.5774,49.3795,59.6275
66.5576,53.8279,68.1582
67.3376,55.9636,69.3048
74.1648,63.624,74.7481
78.443,67.4519,79.0286
69.8725,58.5728,71.5019
70.1805,59.254,72.7683
68.3913,57.6895,72.5525
74.9804,64.2566,82.0853
70.4823,60.2872,80.3335
47.8505,38.3139,59.1971
50.6538,39.2152,62.5316
58.7601,42.9736,69.587
66.0276,46.9995,74.8017
70.0956,50.1043,77.4557
68.0625,47.9613,74.8918
76.7197,56.5657,83.5375
73.0733,53.4507,79.7711
67.9802,49.9287,74.372
68.1332,51.7136,74.5832
64.4414,49.2072,71.0875
72.0363,57.653,78.4673
70.4289,55.3183,75.551
67.7267,50.2375,71.3056
69.2411,50.1983,71.6264
62.2523,44.294,62.9413
67.9573,52.0887,67.623
61.8124,46.6389,61.1765
49.9762,33.8712,48.9148
50.6466,33.0319,49.6635
46.0215,27.7742,44.8437
49.1165,31.7248,46.9247
48.5965,32.33,45.6861
50.5175,33.9209,47.6935
61.9312,44.4824,59.009
64.6901,48.5329,61.5193
69.7348,55.4354,67.2994
75.7566,60.4747,74.5937
90.1455,72.6571,90.1526
104.673,85.9312,105.479
97.7096,77.7285,98.6805
91.9781,70.3046,93.1037
84.362,61.5262,85.5673
77.6713,54.9402,78.3053
78.3098,56.0174,77.9871
70.728,48.0518,69.3034
71.0402,47.6344,69.0179
72.3626,48.8705,70.6648
72.8918,50.0553,71.5746
68.7112,46.712,67.3151
56.2651,35.1264,54.9233
60.3838,40.7417,59.5782
60.4274,42.8888,60.503
53.9037,37.7022,54.579
52.1076,35.8182,52.0933
48.1333,31.5186,46.3852
51.0256,34.2361,48.2631
45.8924,28.7021,43.3818
39.8181,21.9287,37.491
45.0463,26.0677,42.4464
47.0175,28.3677,43.6851
51.8114,34.4656,47.2748
45.3042,27.5512,39.7631
38.3996,19.5422,33.2357
43.9484,25.2359,40.2208
42.8955,25.5912,38.9742
43.8783,27.695,37.5933
37.4933,21.1804,28.8633
35.8535,19.3838,26.6265
46.5609,30.8504,38.2815
49.9125,35.5424,42.9487
55.7171,41.9739,49.2522
51.9238,37.635,44.5143
44.208,29.523,35.7533
48.1566,33.0825,40.5193
50.176,33.7804,44.4589
54.0086,36.4137,49.4463
49.4292,31.7776,45.1379
48.0797,30.8339,43.6198
64.4453,46.636,59.9134
66.3866,46.6892,61.72
59.838,37.8404,55.8253
58.011,34.3757,56.1726
61.2527,38.3175,60.7267
63.3238,43.5057,61.8482
54.8319,38.2266,51.734
54.0729,39.2061,50.9511
54.9436,40.2177,53.1695
50.6557,35.2269,49.2238
41.2436,25.3875,38.4586
28.6406,13.2449,23.9213
27.4704,13.4204,22.1176
26.0445,13.1917,22.1654
21.2146,9.01673,18.8356
17.8935,6.21113,15.8216
14.9128,3.23765,13.0773
17.7046,6.11761,17.0389
13.8724,2.89032,14.483
8.02585,-2.37572,8.32072
11.889,1.70542,10.9694
19.7083,9.03546,18.1641
34.7727,23.0725,33.3865
40.4827,28.2565,40.0233
36.358,24.051,37.1253
34.0301,21.008,35.9121
32.7982,18.9337,35.8877
37.287,23.0143,41.4858
33.0925,18.7689,37.7568
29.0892,15.2759,33.0188
36.0372,22.5864,38.8838
38.7829,24.8719,41.5094
35.6948,21.0245,38.9163
30.8531,15.3209,34.1983
32.7525,16.1633,35.6983
31.566,13.7997,34.9459
18.964,-0.225289,23.4226
15.337,-4.72817,20.1619
14.3041,-5.43347,18.8871
13.4211,-6.05832,16.5699
15.7582,-4.54175,16.0492
14.766,-6.18592,11.7448
22.2575,1.73303,16.5617
24.1878,4.31005,17.5813
21.9876,2.84523,16.2381
22.4568,4.4041,18.1152
12.5889,-4.16025,8.36091
5.01946,-9.85979,0.0749216
6.51775,-6.43948,1.82163
16.282,4.46121,11.9909
24.5961,13.0391,20.6562
23.5983,11.1166,19.9777
23.1469,9.16252,19.3444
19.6795,5.41775,16.5564
15.4635,2.54029,14.1351
10.2374,-1.14715,11.2983
-1.41602,-11.7048,1.85005
-7.05951,-16.607,-3.03513
-14.3148,-23.3792,-10.2367
-17.9158,-25.8503,-13.3759
-18.5602,-24.6059,-13.5586
-30.8999,-34.6984,-25.4681
-37.1439,-38.9856,-31.1694
-36.9893,-38.1703,-31.1117
-32.1504,-33.3415,-27.0748
-27.2279,-28.6595,-22.5737
-28.2495,-30.3614,-23.3846
-18.6919,-21.3474,-13.5283
-3.23221,-6.2735,2.05337
-0.872664,-3.84995,3.82319
-14.0392,-16.8015,-10.0311
-21.6911,-25.0423,-17.568
-16.1271,-19.1876,-11.4783
-15.1748,-16.6997,-10.2843
-10.5981,-11.5922,-6.30362
-2.7505,-5.15269,0.263348
-2.45631,-7.70422,-1.08441
-3.45221,-10.9365,-3.55505
-8.12626,-16.0841,-8.68109
-3.14149,-11.9263,-3.84712
1.0775,-10.1556,-0.403357
-0.539303,-13.7494,-2.85682
6.74659,-6.56105,3.5032
1.67894,-11.304,-2.67402
-4.47234,-17.8249,-9.86513
-4.28651,-18.1959,-10.0502
-3.14952,-17.5274,-7.8442
5.38499,-9.15353,1.86069
3.88798,-10.4497,0.545435
-2.57812,-16.2136,-6.27487
-8.0112,-20.6589,-12.7228
-12.3688,-24.5011,-18.5597
-12.082,-23.3693,-18.416
-17.9552,-28.0929,-21.9617
-13.0554,-23.031,-14.0003
-1.68688,-12.1204,-0.377539
-0.0371002,-10.3846,2.75534
0.846638,-8.80751,4.16698
-10.4294,-19.8635,-7.40064
-19.1068,-28.6727,-16.8718
-20.8626,-29.9449,-19.7929
-23.547,-32.2262,-23.6063
-22.3693,-31.4496,-23.6334
-29.5423,-38.8414,-31.7158
-29.5763,-38.2145,-31.5524
-29.3974,-37.2879,-30.1939
-37.843,-45.4977,-37.4052
-38.2015,-45.8877,-38.0528
-37.8311,-46.0234,-39.5575
-30.4253,-39.6123,-33.7773
-25.7289,-35.127,-29.3104
-30.219,-39.4455,-33.6193
-25.0882,-35.0075,-28.8206
-22.7833,-32.9199,-26.7564
-16.3426,-25.8029,-20.5222
-8.74891,-17.6554,-13.3414
-8.78707,-17.0519,-13.3653
1.24551,-6.39506,-3.23445
4.99725,-2.89322,0.425222
2.8528,-6.59319,-1.3788
-4.52789,-15.8836,-8.36419
-11.5792,-23.8566,-14.9999
-2.6018,-14.9101,-5.59932
-3.50198,-16.0553,-6.62199
-8.67043,-22.3751,-12.0229
-8.65815,-23.9781,-11.6491
-7.71441,-23.9476,-9.95301
-3.94172,-19.887,-5.5923
-13.765,-28.7298,-14.4986
-18.4139,-31.7624,-17.639
-16.1208,-27.692,-13.4665
-23.2155,-34.4952,-18.7866
-30.3695,-43.3792,-25.9749
-42.7109,-57.6414,-39.5975
-38.8828,-54.2495,-36.107
-25.0745,-39.6067,-22.0278
-19.9298,-33.5217,-16.9858
-14.6099,-28.6759,-12.6431
-21.9651,-37.9597,-21.7192
-23.0171,-40.2724,-24.2676
-19.9495,-36.1904,-21.5828
-23.9623,-38.007,-24.7847
-15.1856,-27.4546,-14.8247
-4.39415,-16.2397,-3.24016
6.68327,-6.08668,7.89244
6.70344,-6.39556,7.59781
-7.02633,-19.2548,-6.32475
-8.58336,-20.2,-8.29501
-11.7963,-22.9672,-12.3333
-12.8743,-22.6223,-13.3797
-12.1116,-20.3382,-11.0102
-17.0336,-25.5451,-14.0824
-14.8434,-24.8423,-10.9289
-22.3606,-33.3274,-18.5128
-22.849,-34.5023,-20.3748
-17.8476,-29.7452,-16.885
-24.4658,-35.9288,-23.3572
-23.9286,-35.3278,-22.428
-18.3464,-30.9079,-18.122
2.05511,-12.3513,0.250794
22.5073,7.2884,20.1372
23.0545,7.3018,22.0108
17.4198,-0.0598772,17.8816
2.51442,-16.8248,3.97252
-1.82078,-22.2559,-0.386513
2.59338,-18.4439,2.33258
1.34414,-20.6762,-0.973687
9.53259,-14.5671,5.49213
7.94624,-17.6707,2.82295
5.10684,-19.7261,0.352341
3.60989,-19.9156,-0.746932
-2.84416,-26.0977,-7.32391
2.29166,-20.1821,-1.58241
-2.05678,-22.5645,-5.03093
-5.24172,-24.2355,-8.00783
-6.36678,-24.987,-9.38977
-14.9406,-33.4123,-17.9429
-12.8539,-30.9644,-15.5884
-15.6604,-33.246,-18.3662
-15.1589,-32.3194,-18.4406
-10.4582,-27.4192,-14.5569
-15.0151,-31.2404,-19.0789
-13.1358,-28.4269,-16.7766
-17.8758,-33.5,-21.4656
-19.1458,-36.604,-22.4073
-17.167,-35.9501,-20.3203
-25.7421,-43.595,-29.2658
-27.1092,-43.1798,-30.3423
-34.2288,-49.6677,-36.2278
-29.6437,-45.2831,-29.9075
-24.4212,-39.5535,-24.1807
-36.8624,-50.8545,-37.7452
-33.0702,-46.8467,-34.4199
-33.7824,-48.2284,-34.752
-33.202,-47.9621,-34.1165
-24.9561,-40.0377,-26.1523
-24.5139,-40.8549,-25.8784
-13.2981,-31.3945,-14.4253
-11.2229,-30.4184,-12.0357
-10.3956,-30.4728,-10.9401
-4.98386,-26.4701,-5.20015
-12.762,-34.9947,-12.7093
-7.14288,-28.9218,-7.05866
-5.1837,-26.1015,-5.98685
-5.50346,-26.2101,-7.1383
-0.108679,-20.6797,-0.860106
-6.19678,-25.3376,-5.53573
-0.83149,-18.6647,0.268903
-2.6444,-20.3581,-1.66357
-7.9446,-25.2848,-7.09848
-7.59113,-23.923,-7.08095
-14.4732,-30.0594,-14.4039
-7.41995,-22.5218,-7.3222
-3.65965,-18.1397,-2.7726
-3.50624,-17.24,-1.93149
-6.4585,-19.4685,-5.1245
-18.415,-30.5034,-17.6862
-13.9203,-24.3225,-13.6688
-15.7094,-24.0517,-16.0628
-20.8627,-27.6452,-21.6845
-19.3482,-25.2314,-20.4002
-26.8499,-32.4353,-28.1522
-22.5633,-28.4088,-24.1298
-20.918,-27.3978,-23.2712
-20.2274,-27.1813,-23.5025
-22.7296,-29.6042,-25.6983
-40.6895,-47.0351,-41.865
-41.1546,-46.1711,-40.5806
-42.2237,-44.3326,-40.6149
-40.3511,-39.014,-37.3335
-31.71,-28.7785,-27.5144
-37.2022,-34.6724,-33.0528
-33.607,-31.631,-30.2328
-31.6884,-30.1255,-29.4074
-26.707,-26.0364,-24.5995
-15.0914,-14.8055,-11.184
-13.0405,-13.1427,-7.38678
-1.576,-4.06008,3.84565
0.554406,-5.41991,4.79032
-2.7888,-10.9568,1.06064
-1.85465,-10.082,2.44255
-7.2837,-14.4695,-2.81333
-0.0191363,-6.39158,4.37943
-4.87879,-10.7477,-0.406417
-10.6506,-16.4355,-5.98486
-1.59049,-8.81931,3.1153
0.982822,-8.70669,6.33755
5.85854,-5.07769,12.9246
-4.61734,-15.2694,3.51251
-14.2845,-25.3609,-6.41596
-10.7594,-23.3781,-4.18768
-10.0711,-23.1821,-5.18683
2.11285,-9.81925,6.48195
0.938102,-9.32093,6.31227
-9.95519,-19.6782,-3.37246
-14.0312,-25.1079,-7.31324
-21.097,-34.4876,-15.2414
-13.5779,-29.4429,-8.57326
-14.75,-32.0052,-10.1901
-18.1509,-34.6836,-13.5785
-13.7147,-28.687,-8.57529
-18.8015,-32.3622,-12.7347
-10.8743,-23.3347,-4.14683
-10.6804,-22.268,-4.21359
-13.0274,-23.8643,-7.29634
-12.6171,-23.366,-7.63532
-27.8133,-39.2364,-23.6126
-30.619,-42.381,-26.3675
-28.9997,-39.6468,-23.4679
-19.9756,-28.4584,-13.1473
-8.78801,-15.4019,-2.20016
-16.899,-22.5514,-11.8899
-16.1462,-21.1045,-12.1693
-19.0924,-23.2644,-14.9269
-25.0288,-28.8796,-20.5383
-21.9803,-26.4503,-18.0801
-18.3573,-23.5644,-15.306
-2.76185,-8.31987,0.174648
-8.06083,-14.2849,-4.52013
-19.1602,-26.9355,-14.9232
-15.2929,-25.5093,-11.1835
-15.2937,-27.9017,-11.7007
-5.02695,-18.8204,-1.49806
-6.71432,-20.2568,-3.08292
-11.3306,-24.6825,-7.57593
-7.3151,-22.0802,-3.6428
-11.462,-28.4091,-8.39244
-0.18814,-18.9572,2.22388
7.04077,-13.4223,9.06303
5.62898,-15.4023,8.15964
5.79304,-13.5862,9.9016
-7.71992,-24.629,-1.67808
-11.4744,-27.066,-4.08133
-18.391,-34.4375,-12.2137
-24.2679,-41.6327,-21.239
-20.1445,-38.2198,-19.1646
-29.9825,-47.5467,-29.2069
-33.9884,-50.8019,-32.7413
-38.8745,-55.3915,-37.3585
-33.4488,-49.7626,-31.6079
-18.1656,-34.6544,-15.9478
-27.6007,-44.3054,-25.0343
-35.3664,-51.7542,-32.3068
-38.3687,-54.667,-34.9667
-33.6533,-50.6661,-29.8113
-22.4759,-40.5656,-18.6976
-29.4888,-47.9687,-27.7215
-29.4821,-47.4443,-29.7621
-31.0597,-48.45,-31.3992
-28.1342,-45.8437,-27.7419
-14.6465,-33.8426,-13.6549
-21.4524,-41.4004,-20.0584
-21.9594,-40.9812,-20.2471
-22.7386,-40.7328,-20.1717
-21.9792,-39.3936,-18.0562
-13.3658,-30.4524,-9.47916
-17.5409,-34.2848,-15.017
-9.05193,-25.7313,-7.15427
-5.23375,-23.2541,-3.75779
-13.1949,-32.7195,-12.728
-16.5454,-35.7764,-16.67
-21.0303,-39.3358,-20.953
-13.9454,-31.7788,-12.5106
-20.4377,-37.3625,-16.0023
-30.2604,-46.392,-23.194
-23.4051,-40.3117,-16.1632
-23.8685,-41.8618,-17.3548
-12.7376,-30.2283,-5.67165
-9.01952,-25.892,-1.24582
-14.0096,-31.8507,-6.43893
-9.41651,-28.2922,-1.67681
-11.9747,-31.5121,-3.63146
-4.50133,-25.4185,3.59999
-4.76602,-25.9191,2.35589
-6.41636,-25.6863,-0.337355
-2.00251,-19.1146,3.22242
-16.0388,-31.5827,-10.8535
-21.0327,-36.5505,-15.277
-24.5148,-41.8776,-18.2394
-30.5288,-50.0625,-23.7997
-33.4136,-54.2034,-26.381
-43.5722,-64.1767,-36.3081
-35.0236,-54.7703,-27.2603
-29.2388,-48.6846,-21.3895
-28.4336,-47.3944,-20.9836
-23.6569,-40.5588,-16.402
-39.0587,-52.6747,-31.9486
-41.3572,-52.4958,-33.9823
-38.2699,-48.7713,-30.3237
-37.0457,-47.8431,-28.5421
-30.4523,-41.4004,-22.0724
-37.7566,-48.2183,-30.6364
-36.0307,-46.5036,-30.6149
-35.746,-47.3979,-32.4337
-34.3362,-46.4986,-32.5464
-22.327,-33.3373,-20.3001
-23.5231,-32.7462,-20.7006
-19.2592,-26.6146,-15.6759
-15.4202,-21.3112,-11.0539
-12.3663,-17.9568,-8.15304
-7.16656,-13.0048,-3.62599
-17.5789,-23.771,-14.6568
-14.9523,-21.9741,-13.253
-13.665,-21.2764,-13.5757
-15.8974,-23.8318,-16.6287
-8.66334,-18.0825,-9.88325
-12.1294,-23.8114,-14.1289
-4.98667,-18.2636,-7.20664
-1.06439,-15.1238,-3.38948
0.639372,-13.8068,-2.28761
8.26301,-6.67099,5.01001
2.47258,-13.4303,-0.840334
6.65449,-10.6961,2.78861
5.94486,-12.2451,1.4088
0.859323,-16.2106,-3.72573
5.44919,-10.2431,1.11225
-1.69852,-17.9889,-6.07492
-0.535565,-18.296,-5.32326
-1.01491,-19.2486,-6.29209
-0.313634,-17.7849,-5.24501
11.7919,-4.99376,7.69525
1.11779,-16.1366,-2.68173
-11.2345,-29.4372,-14.7784
-19.7766,-38.2396,-23.4524
-14.3127,-31.9469,-18.1145
5.3346,-10.7589,2.82838
2.9941,-11.9866,1.97942
1.79705,-13.0446,0.828496
-3.25019,-17.7477,-4.89095
-10.0225,-23.8244,-12.145
-4.62778,-19.0329,-7.23345
-7.48633,-23.1876,-10.1284
0.796684,-14.9817,-0.897348
6.88729,-8.82033,6.12944
1.61791,-15.4195,0.781002
2.21563,-16.8744,0.663546
-2.80721,-23.0778,-5.34573
3.05916,-16.21,-0.0700135
3.49497,-13.405,0.739892
2.37081,-12.9531,-0.057246
17.2194,1.70595,13.95
19.7769,3.50957,15.5876
25.2494,8.27326,21.5098
19.7182,0.758282,16.2877
8.1557,-13.359,4.29579
8.419,-14.7652,4.85897
-2.89438,-27.0071,-5.82644
0.915347,-23.1979,-1.82483
13.8693,-9.13364,11.1046
19.7945,-1.73317,16.8795
19.8588,-1.26404,16.4181
3.77625,-18.0449,-0.711333
2.29653,-19.6933,-3.04381
1.07908,-20.4789,-4.50303
-6.55572,-27.596,-12.2783
-1.52291,-21.433,-7.54465
-3.91339,-22.1712,-10.5813
2.27248,-15.5195,-5.78415
3.15375,-15.6497,-6.50121
-2.11268,-20.4544,-11.3071
3.5789,-12.0827,-2.36932
-0.399408,-14.2185,-3.29861
4.24796,-9.57634,2.03395
5.30591,-8.31621,2.04924
1.19289,-11.1658,-3.34441
5.55415,-6.13077,0.48306
0.842177,-11.3608,-4.37319
6.43284,-5.48077,1.8371
6.13565,-3.88273,3.85468
0.354241,-7.94958,0.799777
6.77066,-1.37556,8.50762
-2.56287,-11.1751,-1.15409
-5.7492,-14.3004,-4.96873
-9.71061,-17.3621,-9.09075
-16.0571,-22.5644,-15.8291
-6.07919,-13.0795,-6.45759
-4.82121,-13.645,-5.40079
0.231289,-10.4621,-0.77376
-3.38178,-16.3138,-5.46315
-9.52298,-24.1263,-12.2742
-2.56273,-17.0715,-5.41618
-7.06743,-20.7614,-10.535
-4.45114,-17.9182,-8.73908
-5.63335,-19.0075,-9.21967
-7.80312,-21.2446,-9.23341
4.82582,-9.69423,4.61152
2.40212,-12.939,1.91534
3.01448,-11.5234,2.25435
1.72265,-11.0155,0.610402
-5.37412,-15.9729,-6.72402
1.94373,-6.91562,1.69232
-0.013194,-8.18618,0.654027
1.01872,-6.87691,1.38242
-1.63022,-8.95019,-1.25908
-7.63101,-14.4345,-6.76416
0.36512,-6.05616,1.48309
-0.848805,-5.99313,0.185533
-1.45124,-4.79062,-0.332601
-11.0183,-13.8561,-9.62985
-22.3082,-26.0598,-21.7262
-15.078,-20.0527,-16.8408
-11.058,-16.7567,-14.8782
-1.2093,-6.75035,-4.90804
-1.61724,-6.20623,-4.08933
-12.4418,-15.2186,-14.5213
-10.7922,-11.585,-12.7269
-14.6904,-14.9741,-16.1835
-7.11818,-8.89716,-8.73387
-1.1847,-5.01614,-3.83384
-3.97069,-8.83619,-7.87213
1.86335,-2.54192,-2.20494
-2.96434,-5.8197,-5.72994
1.22275,-1.30166,-0.227971
3.0839,-2.24731,1.36065
-1.33343,-10.2821,-3.83671
1.12246,-9.00975,-0.526964
-8.01502,-17.025,-7.85377
-4.79109,-12.3914,-3.85248
-2.76935,-10.3888,-2.61142
-10.6006,-19.7444,-11.6842
-8.23884,-19.2628,-9.48446
-13.2128,-25.0536,-13.6959
-10.5493,-22.0319,-10.0268
-8.38457,-19.5231,-6.18615
-10.7666,-22.1225,-6.92558
-4.43313,-17.2072,-1.10159
-13.8917,-28.3091,-13.1892
-15.9907,-30.6395,-16.9718
-13.8367,-28.0782,-14.3106
-13.8523,-28.457,-13.157
-4.15936,-19.5221,-2.44886
-9.0878,-24.1914,-6.78564
-8.3179,-23.2897,-6.40637
-6.43161,-22.6699,-6.00726
-9.20188,-26.505,-10.4277
-3.59951,-21.4718,-5.64317
-8.48747,-27.124,-10.5991
-6.47251,-24.8685,-7.85769
-7.35571,-24.2263,-7.228
-15.7937,-31.2108,-14.4116
-10.7497,-25.9337,-9.28044
-12.9791,-29.399,-12.4939
-8.55209,-26.9304,-9.0478
-6.80908,-26.2059,-7.98986
-13.1605,-31.4253,-14.6753
-8.82477,-25.312,-9.38859
-16.298,-32.2777,-15.6419
-14.8704,-31.5014,-14.5303
-5.98772,-23.6055,-7.16608
1.79777,-16.9263,-1.20351
11.8269,-7.90333,7.14132
-0.412315,-19.7425,-6.05436
-5.19449,-22.9129,-10.9992
-1.54839,-18.2266,-7.50575
-4.99996,-20.997,-11.0856
-4.932,-20.3754,-10.3943
-14.4344,-29.2387,-18.3797
-11.1663,-25.3275,-13.8589
-2.61026,-17.6917,-6.10103
-4.38198,-20.7417,-9.20388
-7.49824,-24.3819,-11.8345
-20.6948,-37.7335,-23.825
-8.44711,-24.7753,-11.1906
9.61908,-6.07118,6.08272
7.72928,-7.45778,4.20535
4.75513,-8.51243,3.49233
-7.00941,-17.9925,-6.60071
-6.05777,-16.5748,-5.82054
-8.08007,-19.7999,-8.01926
-20.0292,-33.1504,-20.3839
-21.3361,-34.5252,-23.1991
-27.3894,-39.7438,-30.792
-24.4318,-37.4349,-28.26
-24.0184,-38.6441,-26.8725
-28.0863,-42.7261,-29.6952
-19.6226,-33.3271,-20.9206
-25.194,-38.7355,-26.6033
-25.2814,-38.8464,-26.7656
-20.5139,-33.9495,-22.8724
-18.9478,-32.7071,-23.0295
-4.59556,-19.2638,-9.94973
-1.21359,-16.0419,-6.4596
4.55421,-8.94676,0.661202
5.39205,-6.88928,2.68912
-0.963369,-13.1869,-3.19989
4.44215,-8.70382,2.49178
0.595927,-13.5834,-0.996244
3.06812,-11.3817,2.25119
5.29392,-8.36581,5.46122
1.86465,-10.3121,2.23149
6.19565,-5.36617,5.6614
-3.80713,-15.5578,-5.55481
-8.35847,-19.4643,-10.51
-10.4707,-20.9059,-12.086
-17.8729,-28.3273,-18.4439
-9.10666,-19.3639,-8.24376
-6.81866,-16.3794,-5.36523
-5.05963,-13.7311,-3.90534
-6.91958,-15.1724,-5.93837
-9.69458,-17.4519,-8.44635
-3.12339,-9.67587,-0.815478
-14.8458,-20.6777,-11.813
-20.2738,-26.9027,-17.8635
-17.9676,-26.1745,-16.404
-14.7789,-23.4735,-13.1171
-4.94662,-12.5023,-2.96884
-13.2066,-19.0316,-11.4872
-15.8787,-20.3995,-13.9918
-13.7284,-18.7159,-11.7791
-15.5539,-22.668,-14.6167
-5.40557,-14.6422,-4.8047
-4.00426,-14.3921,-2.42936
0.549816,-9.79302,4.08767
1.8653,-7.87623,7.35745
-0.0451966,-9.43939,5.22616
11.5333,1.46878,14.3368
4.77025,-6.82418,4.76376
-0.518818,-13.0635,-1.33985
-2.42342,-14.7727,-2.45227
-7.76018,-19.3109,-8.02223
-0.963683,-12.318,-2.88355
-1.93126,-14.8882,-5.42217
0.998232,-14.5177,-2.74645
-0.149791,-17.4074,-3.46605
-5.29999,-22.6935,-8.51548
3.34917,-12.9322,0.546694
5.16765,-9.72842,2.20334
9.81753,-3.20889,5.04857
6.54079,-4.06439,0.409254
-6.11941,-15.522,-11.6115
-3.78622,-14.569,-8.23403
-2.42975,-15.5002,-7.63562
6.88113,-6.86365,0.0450141
7.82287,-5.28858,0.310807
2.07385,-10.3171,-5.12443
15.296,3.50788,9.68701
19.7515,8.46942,16.3924
24.8729,13.7049,22.5118
25.2961,13.5248,21.8608
16.551,3.96833,10.7538
13.0849,-0.357767,4.88677
-2.16307,-16.2936,-12.0342
-6.71466,-21.2242,-16.9585
-3.99899,-19.2539,-13.6356
-8.01025,-22.9622,-16.5238
-7.77284,-20.9574,-14.7513
-17.867,-30.0988,-24.249
-13.7047,-25.6656,-20.54
-4.2423,-15.0727,-11.0165
-10.7224,-20.2894,-17.2429
-10.6757,-20.1283,-17.3753
-18.245,-27.2047,-24.5414
-20.0521,-26.6128,-24.886
-10.9739,-15.4143,-14.7018
-2.03884,-6.87631,-6.26438
10.662,3.30522,5.63623
6.13172,-3.43578,1.53501
-1.0778,-10.2929,-5.15628
0.886732,-6.43435,-3.8506
6.49465,0.591218,1.05556
12.0569,6.64707,7.16838
4.79911,-1.08823,0.579252
2.72348,-4.33286,-1.93464
6.06627,-1.67459,0.808214
6.34215,-0.425431,0.702312
5.96623,0.899258,0.192978
-8.11715,-12.2295,-13.0274
-16.4895,-20.4532,-19.4728
-17.7082,-22.7247,-18.8289
-19.5162,-25.3899,-20.1065
-12.8629,-17.5423,-13.5981
-19.0929,-22.1584,-19.8216
-29.6143,-31.7868,-30.038
-34.9882,-36.112,-34.7439
-25.0254,-25.6469,-24.6864
2.60206,1.15041,2.49858
10.7188,8.89575,10.6395
9.20528,7.93351,10.0559
7.0406,5.01237,9.7172
2.5444,-0.91877,6.89604
6.71424,3.38022,12.0721
6.32746,4.04389,12.1996
5.51182,4.41818,11.9667
0.0984307,0.311987,7.49085
-8.89607,-6.92607,-1.48086
-6.97931,-3.1007,0.246343
-10.1907,-6.00612,-2.11739
-10.1598,-7.21062,-1.03325
-11.2164,-9.39637,-1.20987
-18.0628,-16.2177,-7.54129
-16.7579,-14.7835,-6.24183
-17.6688,-17.2229,-8.0323
-11.7594,-13.4925,-3.87514
-6.99284,-9.75515,0.110341
-8.67681,-11.276,-0.38476
-12.901,-15.3011,-2.1337
-27.2654,-30.7968,-14.4288
-25.316,-31.1081,-11.991
-8.88844,-16.5485,4.49902
4.91831,-3.35941,18.6642
18.3522,10.6628,32.4897
20.3859,14.3348,33.9836
19.143,14.9662,31.1964
10.1014,6.68339,21.6397
-4.04902,-7.02913,7.78233
-4.62,-6.74073,6.83695
-4.48161,-6.74633,6.29118
3.65361,0.250832,14.805
4.73278,1.19897,17.5771
-10.5015,-12.3733,3.58056
-17.4102,-17.8167,-3.29725
-19.6722,-20.762,-6.86628
-13.6535,-15.8218,-3.11261
-10.7263,-12.3468,-1.76366
-13.4875,-14.4744,-5.87637
-6.1348,-6.97751,0.365369
-2.42622,-2.7768,4.33887
-6.97922,-6.95752,0.125885
-16.3318,-16.9929,-9.44584
-17.8204,-20.5162,-11.2896
-9.16302,-14.0785,-2.66526
-8.58039,-14.4258,-1.34892
-5.69331,-10.9886,2.05725
-4.3449,-8.79276,4.13129
-3.77384,-7.43497,5.70927
1.80602,-0.540904,10.8132
-2.64237,-3.69842,5.60479
1.45438,0.666784,9.97275
10.7318,9.53043,19.2875
16.2382,14.9762,24.0237
16.6159,15.2644,23.3816
4.74024,2.91979,10.8641
0.197538,-1.62798,5.69764
-0.732896,-1.93695,4.42714
-1.10963,-1.84551,4.15589
-8.21484,-9.03684,-3.47308
-21.1537,-21.5652,-16.7188
-15.5207,-14.5307,-10.7991
-13.3817,-12.6051,-8.83307
-14.9388,-16.0002,-10.6371
-7.6428,-8.28604,-3.0101
-4.09984,-2.68961,0.898358
6.09194,8.16073,10.7982
6.84076,8.18811,10.982
4.96016,5.40691,8.58723
16.2031,15.7468,19.5205
16.0253,14.7919,19.7986
15.1077,14.396,19.7813
11.2331,11.6249,16.4974
11.2692,10.9563,16.3263
17.1019,14.4845,21.2626
9.70559,5.60909,14.0065
11.3594,7.00608,17.12
12.0168,7.15274,18.5601
14.9507,9.53715,20.84
23.9275,18.2618,28.3279
16.2556,9.51119,19.2421
13.2082,4.73932,15.0941
9.20083,-0.278543,10.3062
2.80759,-6.55364,4.00168
2.25917,-6.63655,4.59893
-5.87205,-14.7609,-2.05634
-0.46038,-9.25566,3.96399
2.37718,-5.17627,6.71671
-3.76695,-9.60951,0.277513
-2.05641,-6.91749,1.06042
-5.58754,-10.0727,-3.22246
-2.25306,-6.13353,-0.0269505
-5.0605,-7.77045,-2.59238
-2.5531,-4.82663,0.62747
7.97827,4.79662,10.5936
-0.846163,-5.21882,-0.101424
0.898363,-4.45679,0.313327
-2.00214,-7.52606,-3.56363
-9.50041,-13.3227,-11.5831
-1.78481,-2.99047,-3.13086
-5.6622,-5.50913,-5.57864
-4.13208,-3.89642,-3.56082
-5.11046,-5.06491,-5.45143
-13.904,-13.9808,-14.8808
-11.0395,-10.9599,-11.1972
-9.74538,-9.55522,-8.64464
1.57811,1.03904,2.81481
0.135157,-2.35911,0.0944676
-10.8761,-15.7663,-11.8997
-7.2818,-13.5687,-7.81628
-10.6919,-17.1211,-10.9242
-1.56248,-8.35794,-3.17893
-4.70224,-12.4705,-8.52764
-17.4335,-25.9238,-22.1989
-9.15819,-17.4801,-12.9149
-15.705,-22.2972,-18.0347
-18.5032,-23.2546,-20.3815
-18.6036,-23.122,-21.4974
-21.4382,-26.7026,-26.1927
-9.56192,-15.3514,-15.3474
-11.596,-16.8412,-17.2355
-15.7129,-19.8751,-21.0481
-22.1501,-26.7984,-27.4074
-32.2313,-38.8769,-37.328
-28.8478,-36.4816,-33.9106
-35.518,-43.1194,-41.8289
-30.981,-39.1119,-38.9739
-22.0296,-30.6361,-30.3693
-23.467,-32.125,-31.4306
-19.1053,-28.7875,-27.2916
-28.8972,-39.9501,-38.4435
-25.5808,-36.3631,-36.1404
-16.6039,-25.4872,-26.5514
-18.3745,-25.1788,-27.0424
-12.598,-18.5032,-19.9061
-16.7938,-22.9671,-22.8997
-10.2432,-16.246,-15.7091
-3.65934,-8.433,-8.52725
-12.1253,-16.5565,-16.9825
-9.50151,-15.6276,-15.2841
-9.8761,-17.6779,-15.7723
-4.97349,-12.8101,-10.3151
-5.44811,-13.1421,-11.181
-14.9187,-23.1517,-21.6653
-8.40805,-16.9684,-15.7924
-10.4584,-19.2245,-17.96
-7.42647,-16.8322,-14.021
-4.76594,-14.804,-9.14358
-9.30574,-19.737,-11.0271
-1.98707,-12.9481,-2.98601
-8.28158,-19.182,-11.5878
-9.59083,-19.8483,-14.8714
-7.38599,-17.4031,-12.2766
-8.77872,-18.7581,-13.2451
3.46081,-6.40358,-1.38119
4.36848,-5.60439,-0.691067
8.07873,-2.80035,1.73377
12.2143,0.196447,3.3943
8.49363,-3.59448,-1.02722
16.8132,5.3962,9.41476
16.6696,5.92473,11.3286
21.7407,10.924,15.5405
22.4651,10.6674,13.8315
10.3492,-1.44127,0.955049
14.3595,3.96222,5.2442
17.4513,8.09565,7.93269
29.02,19.7188,20.0344
35.1102,25.1968,27.0437
29.8066,19.3684,20.7071
36.6758,26.3286,26.2475
31.5101,21.4946,21.6509
28.5072,18.5776,20.4057
25.3572,14.603,18.0468
17.0441,5.61011,9.21529
26.1748,15.7419,18.2706
22.1474,13.1664,14.4419
16.626,8.15013,9.02286
19.1303,10.5147,12.4194
19.3929,10.5589,13.3967
27.2232,17.7866,21.1848
17.3121,6.50809,11.7899
12.5628,-0.535722,7.88889
16.7071,1.68145,11.9897
16.1441,1.28523,11.2666
22.7426,9.08542,18.4588
14.0439,0.882747,10.2967
10.1494,-2.84332,6.84132
9.58142,-2.36791,7.17527
4.23567,-6.76589,2.6624
10.8315,-0.997636,9.18477
5.07081,-7.76023,2.23057
2.59245,-8.99739,-1.1947
5.74035,-3.86005,2.05339
2.8733,-5.98268,-0.817832
7.99706,0.00821316,4.30371
-0.339416,-6.80436,-4.27758
-4.67082,-10.2384,-9.41059
-1.19691,-6.34866,-6.13507
1.76057,-3.46929,-2.84714
16.6883,9.95411,12.4596
14.1932,6.32628,10.0778
13.0638,6.34239,8.60619
16.7596,11.3028,11.9089
11.6822,5.53297,6.82668
12.6896,4.50872,8.02353
8.84119,-0.968674,4.3583
16.9618,6.94438,13.2725
20.2228,11.2456,18.0777
9.64685,2.26631,8.84259
19.784,12.9522,19.0867
27.6972,20.3777,25.4372
33.7436,26.498,29.4645
37.0678,30.3243,32.0355
27.273,21.0582,22.3022
27.7874,21.9297,22.5046
18.7885,13.4369,12.6563
12.6108,8.36002,6.60508
17.9889,14.022,13.6679
19.5068,15.037,16.4204
27.9364,23.646,25.3595
20.953,17.0108,18.994
12.4704,8.39539,10.9573
11.7076,8.26476,10.7747
7.89631,6.20923,7.5831
13.0543,12.5794,12.6782
10.5536,10.9831,9.73207
10.6656,13.2116,9.59078
15.3202,20.176,14.8762
6.91015,12.8035,7.62179
2.38579,8.27891,3.59484
-2.63107,2.7284,-1.58507
-4.73919,0.213658,-3.70494
-3.20579,1.80202,-1.69066
-5.7734,-0.291129,-4.26587
1.57222,6.84259,2.86173
1.7388,5.03207,3.26092
1.55097,3.14776,2.93162
5.41298,7.23337,6.45212
1.93254,5.55563,2.92887
2.50315,8.01894,3.59924
-2.34461,2.96414,-1.73659
-1.07828,2.40132,-2.23777
1.76525,3.10425,-1.38258
-4.46558,-5.16669,-8.68291
-5.68484,-7.30057,-9.85934
-15.6388,-16.9074,-19.3005
-22.5228,-23.2751,-26.3235
-15.3356,-16.6509,-19.5457
-6.42121,-8.94505,-11.0643
6.96779,4.21139,1.57555
9.51608,7.83425,3.93887
5.5161,5.52405,1.46721
-0.130501,0.192823,-2.27198
-7.9489,-8.76456,-10.2119
-1.51006,-2.31948,-4.06834
0.240223,0.249164,-1.09715
3.04754,2.33948,3.00673
7.88329,6.16169,8.90623
2.76593,2.16401,3.44821
2.46405,3.15237,0.931412
-1.28341,-1.58364,-5.03111
-0.468707,-2.10421,-5.84179
2.00587,0.659744,-4.0961
-3.67071,-4.52287,-9.72529
-2.58803,-4.09133,-7.83084
-4.07785,-6.93796,-8.10403
-4.70646,-8.5488,-8.41711
-5.88276,-10.0369,-8.82715
-14.3349,-18.5984,-15.8606
-13.5552,-17.5387,-15.072
-15.0105,-18.0883,-17.4194
-16.7755,-18.4003,-19.1184
-22.9792,-23.7153,-24.6146
-36.8333,-38.7305,-38.8755
-34.8991,-39.2494,-38.4388
-31.8929,-38.0233,-36.8691
-24.7696,-31.0665,-30.3619
-12.151,-17.3738,-17.1099
-3.09103,-6.54311,-6.602
10.2465,8.01421,8.0684
10.6051,8.35345,9.38103
6.16225,3.94868,5.79287
6.16888,3.68285,5.73487
1.39567,-1.45539,-0.453578
-1.78209,-3.40179,-3.63112
-11.5841,-11.8723,-11.5687
-15.623,-16.639,-15.3821
-10.9902,-14.6697,-13.0958
-11.9067,-18.1844,-16.4851
-9.06333,-15.9184,-13.9392
-12.3902,-18.4801,-16.0887
-12.3698,-17.7056,-15.1387
-11.8969,-16.9622,-14.6151
-22.948,-28.916,-26.9256
-26.1548,-33.9809,-32.1587
-30.7214,-39.6543,-38.1315
-34.2066,-42.6313,-41.2757
-32.5212,-39.9234,-37.6068
-30.859,-37.8689,-34.3539
-17.8187,-25.5269,-20.7138
-5.368,-14.8032,-8.00307
-5.48397,-16.1498,-9.04786
-12.9919,-24.158,-18.0775
-12.3576,-24.3765,-18.1682
-1.98503,-14.0462,-7.25006
-3.15852,-14.332,-6.90758
-5.15085,-16.8168,-7.26585
-5.03425,-18.2857,-5.88687
-7.86474,-21.6779,-8.43853
-8.54413,-22.4812,-9.58789
-17.3692,-32.1117,-18.6363
-18.225,-33.9027,-19.6766
-16.8091,-33.0542,-18.6395
-21.521,-37.5639,-22.771
-25.0087,-39.8859,-25.0391
-36.8099,-51.0133,-36.4478
-41.9896,-56.4656,-41.8737
-38.5473,-53.07,-38.8642
-31.2319,-45.8747,-32.7152
-32.53,-47.2678,-35.9878
-48.6659,-62.7485,-53.5085
-47.7565,-61.0464,-52.9309
-38.7128,-52.4234,-44.1834
-32.4327,-47.7874,-38.3858
-22.2528,-38.5602,-27.9631
-22.9113,-38.8081,-27.8116
-19.4062,-34.3655,-24.1827
-15.1845,-28.5298,-19.8718
-14.2875,-25.5069,-18.3315
-6.99645,-17.0125,-10.4626
-11.0043,-21.2142,-13.7533
-10.3299,-21.5912,-12.5211
-9.45938,-22.0559,-11.6225
-10.6493,-23.3607,-12.3213
-3.761,-14.8697,-4.33737
-4.34087,-14.3202,-4.51916
-0.608599,-10.9911,-2.29775
-12.9746,-23.8712,-16.8381
-29.107,-39.5701,-33.2547
-21.2588,-30.2891,-24.6961
-23.1684,-30.8457,-27.0343
-25.3363,-32.8015,-30.4378
-28.7419,-36.3939,-34.3055
-34.7537,-42.0234,-39.8181
-26.2142,-33.0399,-30.8702
-25.8404,-33.3997,-30.2142
-21.9902,-31.2873,-26.1547
-18.7745,-28.7063,-23.0986
-21.2436,-30.0242,-25.9034
-12.3585,-20.3785,-17.4019
-14.8856,-22.9207,-20.0751
-14.0473,-21.7014,-18.9866
-14.6113,-22.1238,-19.2204
-20.0976,-28.6255,-24.3306
-8.0113,-18.3906,-12.2626
-6.23974,-17.2198,-11.0365
-7.30641,-17.1108,-12.7621
-6.95655,-16.0299,-12.9477
-7.46749,-17.1701,-13.8373
-0.799414,-12.112,-8.02136
-7.05403,-20.4015,-15.4649
-5.72169,-20.2384,-14.9703
-0.477311,-14.8488,-10.3075
-3.90909,-17.9548,-14.1888
-0.882809,-14.7687,-10.97
-8.12013,-21.5367,-17.3242
-6.79325,-20.2683,-15.0408
-2.19521,-16.5074,-9.39808
-5.95194,-21.0343,-11.7813
0.784357,-15.0735,-4.23423
-0.558593,-16.3124,-5.60911
7.08621,-7.5203,1.74501
9.07673,-5.45969,2.69555
-0.0611653,-15.9587,-7.87881
10.0824,-6.81164,1.5899
5.94641,-10.6629,-1.94759
0.741536,-15.2596,-5.70505
2.94997,-12.5854,-2.67959
-0.370185,-15.4494,-6.18265
2.09532,-13.3809,-3.30049
-10.3504,-27.0915,-13.9828
-12.8344,-30.4525,-14.9678
1.92437,-15.4683,-0.021401
9.29227,-7.0602,6.99958
19.0093,3.77295,16.5324
14.2986,-0.3369,11.7677
12.2974,-2.35236,10.1351
13.7028,-0.816729,12.3788
3.20673,-10.1579,2.75416
7.4886,-4.59252,7.7958
10.9889,-0.416327,11.4649
18.4659,7.55488,18.4803
21.5675,10.3386,20.7303
8.34954,-4.24656,6.72709
9.73849,-4.16796,8.58741
12.1842,-1.80277,12.6279
16.6273,4.12174,18.1632
18.5518,7.86262,20.232
9.44273,-0.320427,10.6802
11.6653,0.989397,11.6877
9.59768,-4.06072,8.24933
11.7016,-5.14983,9.6992
14.9497,-3.67368,13.0013
5.28693,-13.0875,4.16743
6.97988,-9.79252,7.02756
4.19622,-11.4128,4.52749
5.45623,-10.2433,5.7287
8.01881,-8.56783,8.74943
1.1259,-15.8731,2.19958
7.40563,-9.21081,8.70116
8.74394,-8.13849,10.4089
9.81197,-8.62119,11.5591
4.53911,-14.6866,5.69556
-7.00658,-25.1132,-7.24167
-3.06388,-19.948,-4.67494
-10.2222,-26.8517,-11.9787
-12.4465,-29.6069,-13.8994
-4.41852,-22.2555,-6.14556
-4.9486,-22.0855,-7.06086
2.48677,-12.3336,0.395276
-0.592495,-13.0431,-2.7648
-3.09145,-14.2705,-5.39456
0.206224,-11.1903,-1.90182
0.120044,-12.4779,-2.12323
13.0487,-0.872486,10.6649
9.90229,-5.24186,7.65944
4.41613,-11.7203,1.99327
10.7122,-5.44786,8.43954
19.3831,4.4351,18.2539
36.3226,22.1847,35.572
31.9196,16.7506,29.8769
21.0735,4.45344,17.8228
14.6855,-1.21876,11.38
5.25957,-8.39876,2.42805
8.65169,-3.4103,6.0193
-2.77724,-13.3521,-5.05701
-21.0121,-30.0809,-22.5774
-33.2317,-42.6718,-34.7032
-45.1547,-56.8421,-47.2016
-39.7258,-54.0373,-43.1377
-43.6064,-59.3987,-49.1932
-50.2444,-65.9796,-57.2885
-54.1345,-70.4805,-61.6804
-67.9695,-86.6293,-75.6414
-74.9859,-96.0509,-82.9906
-85.3846,-106.962,-94.5089
-86.2143,-106.366,-96.2927
-81.7083,-101.275,-92.1688
-81.6956,-102.362,-91.718
-69.2263,-90.3872,-77.1126
-65.673,-85.817,-70.5771
-59.0205,-78.0645,-61.4223
-50.5873,-69.5589,-51.673
-57.5948,-76.7215,-58.5042
-52.8429,-71.372,-53.4818
-52.852,-69.6905,-52.6451
-50.6876,-65.4629,-49.2863
-38.9222,-52.9595,-36.8149
-32.812,-46.9912,-30.4429
-20.0095,-33.5234,-16.1535
-18.7174,-31.0843,-13.1963
-14.9891,-26.7071,-9.25983
-9.68602,-20.9491,-4.21365
-14.741,-25.1695,-9.42583
-6.80777,-15.7659,-2.11881
-1.28222,-8.80208,2.37174
9.03372,1.32377,11.7359
17.5566,8.49256,19.5365
9.11397,-0.471474,10.4931
9.45817,0.279824,10.3071
5.76692,-2.88425,5.6933
4.15469,-3.81627,3.51994
5.84849,-1.90503,6.89047
0.268805,-8.10351,3.80831
7.76358,-0.983884,11.8935
6.56866,-2.29715,9.69987
3.31454,-5.99315,5.81755
-0.844723,-10.1248,1.61791
-14.3135,-22.7638,-11.8437
-13.3618,-21.0902,-10.6178
-19.2778,-26.2149,-15.6363
-24.1584,-29.8902,-18.9266
-25.1786,-30.3455,-18.3582
-30.8145,-36.5219,-23.0686
-24.9707,-31.7942,-17.2866
-30.3236,-37.562,-23.1617
-32.9128,-39.117,-25.9318
-26.3996,-31.2554,-19.1992
-28.8103,-33.1185,-21.61
-24.8447,-29.6796,-18.1152
-30.7179,-36.0984,-24.7377
-32.9895,-37.5732,-27.6783
-27.2511,-30.3307,-22.1431
-29.9792,-31.9956,-24.9078
-22.2707,-24.1179,-16.7331
-28.4925,-30.445,-21.8874
-38.3941,-39.6867,-30.7013
-36.207,-36.5621,-27.7364
-32.597,-32.7122,-23.9381
-16.9282,-17.388,-8.20561
-14.0988,-14.4975,-4.82251
-16.6694,-15.9783,-6.66058
-16.151,-14.0572,-6.56553
-20.9381,-17.6799,-13.2007
-11.8154,-7.73435,-5.69272
-7.25245,-3.65837,-2.37869
-0.111272,1.87373,4.14004
11.8433,12.1678,16.7941
9.73359,8.41346,15.2551
15.3614,13.3163,21.12
15.8983,15.5655,22.3136
17.583,19.8429,24.8373
19.418,22.4696,26.9126
7.21333,9.59475,14.2126
6.45794,7.48371,13.0735
3.093,3.33831,9.91389
4.08058,5.74323,11.5541
10.5099,14.1107,18.5004
4.12163,8.4816,12.3223
2.26005,6.76761,11.1377
-5.5009,-1.43244,4.45917
-9.5123,-6.28065,0.437831
-4.56115,-1.34999,4.41359
-6.61043,-2.54332,1.96611
0.92038,5.15271,9.6954
1.47679,4.79392,10.0412
5.55727,7.92192,13.8097
17.3578,19.2091,25.459
5.05351,6.84444,11.9563
-2.72484,-1.16342,2.01168
-6.80765,-5.72162,-4.09451
-8.07683,-6.97986,-5.60155
-2.8621,-1.17538,2.09952
-9.4747,-6.65502,-1.76102
-8.86783,-5.38257,-0.165069
-8.99304,-5.99734,-0.781044
-4.30018,-1.6905,2.99072
8.60083,10.4029,15.6138
6.80988,6.51941,12.9523
6.56111,4.29463,10.8437
3.28711,-0.130115,6.40529
-4.53794,-7.83194,-1.75419
-8.65636,-10.7657,-5.76077
-20.2007,-22.1208,-17.2556
-23.0454,-26.1586,-19.124
-22.9105,-26.9018,-16.8732
-25.7393,-29.7893,-19.1848
-31.2413,-34.402,-25.6789
-48.9059,-50.5545,-44.3622
-58.5544,-59.8689,-54.9458
-72.9978,-74.7795,-69.9833
-90.218,-92.0517,-87.4725
-98.4368,-100.459,-95.3684
-110.206,-111.864,-105.903
-111.202,-111.362,-105.809
-112.57,-112.089,-107.146
-115.194,-115.896,-109.746
-109.602,-112.258,-103.636
-109.248,-113.357,-103.678
-104.489,-108.591,-99.6738
-101.189,-104.961,-96.539
-98.3841,-102.531,-94.2399
-90.8427,-95.4969,-86.8034
-92.1859,-97.3858,-87.2423
-86.3124,-92.1739,-80.0331
-80.3183,-86.7409,-73.1098
-73.6127,-80.2674,-66.9985
-62.4915,-69.2157,-56.7095
-65.7604,-71.6849,-59.0869
-63.9347,-68.5944,-55.4828
-58.8177,-64.6686,-50.3918
-51.9649,-60.8684,-46.2542
-42.4446,-52.8215,-39.5588
-42.6656,-52.0321,-40.2173
-34.3179,-41.4785,-30.1154
-25.2598,-31.1326,-19.5431
-18.398,-24.9859,-12.9967
-9.4405,-17.4175,-4.84439
-12.7776,-21.4496,-9.11758
-3.41079,-12.9537,-0.959528
12.7515,1.48171,14.4747
10.9075,-1.19528,12.5028
6.41458,-4.77483,8.8953
8.52007,-0.851751,11.8228
20.4315,12.9197,23.5144
25.8707,18.3203,27.8226
26.7416,17.3644,26.9909
31.1611,20.3729,31.3016
28.1809,16.6332,29.7401
29.8732,18.6015,32.4524
29.8659,21.0237,33.9267
28.0512,22.6192,34.1478
31.2761,27.826,38.4355
33.2317,30.3897,40.7184
38.7893,36.5308,46.6212
39.1074,37.0829,46.9025
38.5289,35.8076,45.5513
44.5979,40.0871,50.4634
42.3802,36.112,46.335
31.1672,25.1654,33.5756
20.8549,16.5394,23.9313
21.8675,19.2011,26.3978
27.4013,25.3082,32.6915
29.4463,26.2395,35.1586
36.3658,31.5627,42.444
35.67,29.4094,42.1585
30.5483,22.7047,37.4431
29.0928,19.4968,35.7012
30.8166,19.9844,36.2388
38.912,28.6106,43.7129
39.3449,29.9145,44.5034
38.1758,28.2355,42.9799
34.0579,23.7217,38.0393
28.7183,19.7046,32.7582
35.2982,28.1125,39.8451
42.1649,34.9721,47.0835
46.7464,38.5115,51.0125
41.6257,33.8151,44.3682
34.3503,27.8637,35.9976
39.6541,33.6086,41.2584
39.621,33.9166,42.3334
40.3576,35.9699,43.7351
44.1343,40.896,47.137
45.0134,41.2657,47.3028
51.6593,45.9554,52.7706
47.9327,40.5255,47.851
45.5216,37.6524,44.5478
48.4044,40.4805,46.8903
45.7665,37.7316,44.5476
45.245,37.326,44.3428
32.3755,23.7139,30.4575
22.3476,11.5118,19.3604
16.5653,4.19209,14.3784
10.75,-1.30233,10.2522
19.4419,8.49295,19.5863
21.951,11.5387,21.6869
24.9978,14.0159,24.2643
33.7691,21.8769,33.1514
42.6066,29.7177,41.8646
53.5438,39.9381,51.2093
47.5634,34.3052,43.0833
42.2901,29.9923,36.1411
44.2255,32.9038,37.4243
45.8532,34.4209,39.6787
60.1057,47.5099,54.8057
62.0616,49.7368,57.4461
57.1036,46.4815,53.1658
56.7968,46.0163,53.353
55.0694,41.6934,52.152
57.8944,42.6296,55.8468
47.0173,32.2524,46.3673
33.8038,20.8144,34.1832
24.0549,12.9429,23.6883
12.9181,3.03487,10.6287
9.45889,-0.0767227,5.76719
-0.0448275,-9.92399,-3.68138
-10.1971,-20.9677,-13.3269
-23.9423,-35.4873,-27.5702
-41.3234,-53.4073,-46.1947
-44.1986,-56.839,-50.2404
-51.9903,-65.0221,-59.0706
-60.9257,-73.8098,-68.5546
-68.53,-80.623,-75.2547
-86.1514,-97.3559,-90.703
-97.2917,-107.872,-99.8075
-109.134,-120.135,-110.833
-116.087,-128.388,-118.243
-121.222,-133.884,-124.627
-130.097,-142.271,-134.554
-128.057,-139.522,-132.93
-131.454,-142.479,-135.841
-134.228,-146.025,-137.006
-135.502,-148.098,-137.227
-142.168,-154.961,-143.768
-139.779,-152.576,-140.397
-140.311,-152.689,-139.466
-134.722,-147.373,-133.342
-122.722,-136.484,-121.896
-122.066,-135.278,-122.259
-120.536,-131.234,-121.061
-121.36,-130.223,-121.353
-112.76,-121.532,-112.4
-101.546,-110.757,-101.058
-96.9914,-106.008,-95.7136
-82.8077,-90.9953,-80.8957
-79.3946,-86.7866,-78.2402
-75.6926,-82.8054,-75.9585
-61.0632,-68.419,-62.0121
-43.5147,-52.7583,-44.9515
-20.6979,-33.4553,-23.9365
-14.1108,-29.416,-19.1114
-11.7787,-27.4796,-16.834
-1.1172,-15.4422,-5.35424
10.7897,-2.0965,7.40773
27.7211,14.773,25.3411
30.6856,17.0615,30.2203
32.2899,18.9198,34.4626
39.5141,27.191,43.0622
45.4128,33.0539,48.2677
61.2882,47.205,61.8249
65.8975,49.6878,64.0832
66.5256,49.183,64.3062
65.076,48.3332,63.2962
55.614,40.2677,53.0504
52.5873,38.1494,48.1117
41.0609,27.2796,35.8603
32.1053,18.73,27.8577
36.8322,22.2441,33.2285
38.9899,22.0456,36.0514
31.5871,13.8996,30.2073
10.3482,-5.77785,10.4591
-8.47609,-22.6268,-8.34436
-29.6906,-42.7101,-30.6237
-63.5104,-76.0902,-64.8721
-86.2082,-99.0787,-87.7668
-104.672,-118.662,-106.579
-122.288,-137.135,-123.758
-141.424,-155.56,-142.041
-159.543,-172.118,-159.517
-166.02,-177.17,-165.367
-184.407,-194.171,-182.449
-199.867,-208.913,-196.614
-205.33,-214.385,-201.802
-211.541,-220.647,-207.37
-206.744,-214.659,-201.104
-204.565,-209.821,-197.984
-198.804,-202.869,-192.575
-189.047,-194.129,-184.517
-187.172,-193.326,-185.443
-175.15,-181.905,-176.232
-163.457,-170.028,-165.23
-153.971,-159.054,-153.689
-144.54,-147.886,-141.455
-139.533,-142.713,-134.906
-122.837,-127.832,-118.06
-107.278,-114.349,-102.639
-95.2883,-103.865,-90.5432
-87.4576,-97.0273,-82.1962
-79.0534,-88.4264,-72.6719
-62.8629,-71.5098,-56.1478
-61.6828,-70.6313,-56.1713
-53.5467,-63.2194,-49.5909
-34.2429,-43.5718,-31.1123
-24.7404,-33.0995,-21.2986
-18.6251,-26.992,-15.1508
-27.5135,-36.9555,-24.9892
-26.1612,-36.3329,-23.8803
-7.73033,-18.7901,-4.78852
-1.53955,-14.4957,1.31783
6.39138,-7.86025,7.78328
8.5576,-5.78254,7.80034
9.79541,-5.51749,6.80698
13.2923,-4.18086,8.66398
3.67889,-15.1079,-1.12423
2.57487,-16.2461,-0.517064
-0.689894,-18.7609,-0.988358
-4.15914,-20.9972,-2.14357
-6.37083,-21.7126,-3.04296
-19.1174,-33.5954,-15.3275
-18.4401,-32.9717,-14.7517
-15.7696,-29.882,-12.5392
-16.5297,-29.8045,-14.0319
-23.2895,-35.6743,-21.505
-39.6876,-51.2504,-38.4874
-39.8244,-51.8594,-39.5445
-34.9275,-49.0334,-36.4299
-28.2778,-44.1275,-31.1283
-25.3809,-40.9894,-27.7108
-38.6611,-52.8083,-39.5745
-34.2482,-47.2117,-34.3926
-25.1379,-37.8672,-25.7769
-25.8549,-38.6762,-27.0108
-30.7625,-43.4543,-31.5647
-36.5887,-49.905,-37.1066
-15.9047,-30.5369,-16.0769
-0.814589,-15.5552,-0.10075
7.55148,-6.00596,9.5212
30.0798,17.9532,33.5002
45.4986,35.0681,50.3773
63.7388,54.733,70.1345
76.4267,68.2942,84.5477
92.2764,84.6212,101.827
122.874,114.602,132.322
144.663,135.097,152.416
169.233,158.847,175.333
187.566,177.549,193.278
199.196,190.627,205.426
215.803,208.449,222.593
215.312,208.523,222.471
210.224,203.525,217.841
184.205,177.705,191.969
137.915,132.259,145.343
109.651,103.84,116.701
83.3,76.249,90.0235
64.6042,56.9745,71.425
53.274,45.1514,59.8428
40.9834,32.1382,46.5811
28.9929,19.9531,34.5507
0.163751,-9.46168,6.47889
-27.0575,-37.7705,-20.5456
-49.0489,-59.5859,-43.4
-66.5374,-75.6713,-62.4647
-73.7486,-80.9942,-69.9618
-94.6997,-99.531,-90.5553
-117.227,-120.05,-113.918
-132.41,-134.326,-129.308
-141.131,-142.664,-137.098
-134.723,-136.211,-130.033
-141.125,-142.542,-136.269
-153.256,-153.825,-147.954
-150.54,-150.996,-144.79
-140.346,-142.221,-135.316
-126.374,-129.013,-122.298
-120.58,-122.265,-116.392
-110.834,-110.981,-105.979
-90.5432,-89.7819,-86.0978
-68.0805,-66.5974,-65.1446
-51.0351,-48.0579,-47.6941
-43.542,-39.2387,-37.9464
-22.1082,-16.8754,-15.6497
10.6034,17.2659,16.6269
42.5387,49.8463,47.5026
70.2951,76.8449,73.6313
82.2023,88.1048,84.2047
95.8265,101.754,97.2792
118.378,124.738,120.759
141.265,148.771,145.651
166.116,175.286,171.599
184.825,194.859,189.014
207.183,216.459,209.175
227.915,235.467,229.06
235.892,242.62,236.805
243.561,251.204,244.047
246.973,255.993,247.577
252.585,262.514,254.054
258.016,267.775,260.367
259.205,267.776,261.701
262.25,270.012,263.739
258.801,266.187,258.827
253.303,260.131,253.43
241.827,248.389,243.314
225.309,231.555,226.898
221.365,226.628,222.552
217.247,222.358,218.995
199.039,205.035,201.29
177.557,183.161,180.347
164.012,167.778,167.559
155.182,157.026,158.187
145.763,146.101,146.29
142.583,141.698,141.114
132.677,130.366,131.899
112.79,109.449,113.586
95.4654,91.9036,95.9744
81.3866,77.8724,80.6095
76.2525,73.8736,76.0922
68.0009,67.5414,70.1759
56.6508,56.146,60.125
47.9475,45.3762,50.7697
40.0131,35.8916,41.3037
39.1379,35.2432,38.4754
36.1274,33.68,33.864
28.7399,27.3999,26.0683
11.1028,9.68644,9.26316
-4.76234,-7.33212,-5.25076
0.947304,-2.59504,0.813114
-1.28258,-4.12333,-2.07286
-15.9483,-16.6332,-17.2544
-25.1211,-23.7901,-26.0461
-29.3896,-27.7648,-29.255
-21.5856,-21.6298,-20.4928
-17.7928,-20.7801,-16.383
-18.3533,-24.2575,-17.2533
-16.7171,-24.1141,-15.7357
-24.1908,-31.0351,-22.0762
-29.9162,-34.9852,-26.5215
-42.3895,-46.3771,-40.0653
-47.7261,-52.2432,-47.5438
-34.5965,-40.962,-35.1956
-16.5612,-24.9732,-16.3724
6.85628,-1.92155,9.02446
6.32062,-0.7443,10.0888
3.54621,-1.76663,7.3873
20.2629,15.3499,23.41
26.2131,21.0054,28.4366
27.7308,21.8701,28.6744
21.5615,14.6325,21.6452
18.6435,10.5008,18.8039
24.9079,15.6234,25.2933
16.7483,7.29491,17.0361
13.8549,4.86826,14.005
10.4138,0.87865,10.5797
0.00325069,-10.197,0.517933
-7.55876,-16.5755,-6.13364
-23.9309,-31.4333,-21.6705
-27.7728,-35.3553,-25.4007
-29.5989,-37.0191,-27.5364
-35.1924,-41.2787,-33.3057
-39.1322,-44.1708,-37.0723
-56.6609,-61.5158,-53.812
-62.2311,-66.835,-58.4198
-60.5517,-63.9006,-56.5786
-56.7599,-58.3437,-52.7601
-51.207,-51.0557,-46.7865
-60.8792,-59.3472,-56.2376
-61.9476,-59.7309,-56.8203
-59.4005,-57.148,-53.8646
-56.4029,-54.574,-51.5235
-44.1496,-43.1009,-39.597
-41.1496,-40.8037,-35.5793
-27.8646,-27.7723,-21.1816
-15.5139,-15.978,-8.78138
-15.2976,-17.4973,-8.93872
-11.1194,-15.269,-4.888
-13.2411,-17.8616,-7.73395
-3.79982,-7.20255,0.122309
4.98935,3.58516,7.55816
5.04903,4.90819,7.37248
8.53492,7.79495,11.421
7.0522,4.38059,10.1452
15.3584,11.0089,17.436
18.2327,13.4225,19.168
15.8046,11.9929,16.5445
22.8487,21.0987,23.4884
22.4536,22.7877,23.1547
30.8765,32.6625,32.5467
39.335,41.5979,41.7564
43.1467,45.3296,46.1342
53.4045,55.6731,57.8521
50.8337,52.7153,55.7112
56.3036,56.8174,59.5255
59.8412,59.6522,61.7306
54.8196,55.5877,56.9192
62.8863,65.185,65.2321
68.8046,71.8707,70.6487
79.4808,81.5325,81.0123
85.1867,85.6917,87.2015
86.7486,87.2047,90.2623
99.2489,101.084,105.532
99.7738,103.039,108.592
98.0274,101.459,107.158
95.2965,97.8721,102.919
89.34,91.454,95.7313
93.007,95.6003,99.4231
86.3654,89.6465,93.2985
83.3586,85.9666,91.2501
85.5603,86.0005,94.6794
88.2748,86.7733,98.0011
91.9639,89.5047,101.585
73.2758,70.6416,82.7337
63.6917,61.3756,73.8046
64.316,62.5335,75.7493
58.2654,56.5355,70.4877
54.7935,52.4932,66.7413
41.3376,38.9125,52.4622
29.8015,27.8678,40.5753
19.2403,17.8013,30.3139
12.6068,11.8386,23.124
18.2898,17.8358,26.6816
10.6021,9.87181,16.7779
6.1055,5.50821,11.301
3.70631,3.04877,8.47007
-6.32614,-7.74505,-2.08009
-8.27112,-10.3437,-4.42214
-17.6074,-20.1633,-14.179
-18.0338,-21.4694,-14.9059
-13.7768,-18.0397,-10.2527
-18.9345,-23.0863,-14.5444
-25.5584,-29.7891,-21.4739
-42.7705,-48.3202,-39.9898
-47.5146,-54.2545,-44.9267
-48.8547,-55.6601,-45.4855
-60.0638,-66.1256,-56.0023
-61.6865,-67.1012,-57.7138
-66.4402,-72.0634,-64.0464
-68.2417,-74.5331,-66.9538
-74.4588,-81.2575,-72.5582
-89.7204,-97.03,-87.3171
-90.7465,-99.2725,-88.1177
-98.1253,-107.657,-94.697
-100.791,-110.228,-96.7884
-99.2812,-108.318,-96.1956
-112.05,-120.251,-110.105
-110.489,-117.148,-107.517
-105.564,-110.537,-100.922
-99.6907,-103.222,-94.8109
-88.5738,-90.6713,-84.1333
-78.0846,-79.1106,-74.9072
-54.7622,-56.2011,-53.684
-33.7808,-36.3583,-34.0264
-16.2654,-19.1405,-16.0724
-2.73467,-5.17122,-0.814598
2.62012,0.31034,5.72547
9.58339,6.59404,12.4114
1.96461,-1.63173,3.52892
-8.05406,-11.4619,-7.67628
-6.02336,-9.20225,-5.2078
1.72725,-0.70148,4.30713
22.9536,22.524,26.7002
38.4318,39.805,41.6257
51.0753,52.6089,53.159
58.7309,58.5801,60.1867
47.1578,45.342,48.0775
41.8828,40.1841,42.7389
42.3618,41.945,43.8053
51.4589,52.5028,53.7734
62.2453,64.4838,65.0796
62.2674,65.3776,64.8615
66.5478,69.7425,68.9135
68.4709,70.9538,70.9575
75.1593,78.1299,77.424
87.5109,92.0223,89.2799
86.1454,91.0086,87.4972
76.9796,81.5888,77.9487
66.8348,72.2641,67.532
70.8251,77.9025,71.4393
81.8487,90.0937,82.8548
82.8868,90.7558,84.3493
85.6114,91.7061,87.8099
77.8576,82.9693,82.0239
69.5942,75.7506,75.6333
68.2949,76.0346,74.2294
61.5972,70.0548,65.8276
56.8705,64.77,59.2406
47.8004,54.6817,48.887
46.2467,53.2053,47.6041
51.434,59.0587,54.5717
54.5514,61.9921,58.3984
68.0956,74.3133,71.4927
73.1514,77.2822,76.4886
67.6195,69.9003,70.496
60.2597,62.0854,62.2434
51.7783,54.8865,53.5693
60.8032,65.8698,63.3514
70.3729,76.496,73.4641
73.8569,80.3897,76.5274
73.7155,79.9739,75.6452
66.2785,71.7554,68.1375
71.6881,77.212,74.7894
80.2803,86.708,84.2994
90.4844,97.5139,93.7207
102.578,108.89,104.638
106.041,110.307,107.361
112.302,114.054,112.832
118.379,117.728,118.394
126.052,123.084,126.615
136.537,130.956,137.198
144.308,137.051,143.494
157.898,150.856,156.593
165.022,158.356,165.351
171.481,164.539,173.614
183.351,176.014,186.053
189.764,182.68,192.712
204.273,198.388,208.635
215.261,210.014,220.822
223.623,217.201,228.848
232.602,224.263,236.929
232.854,223.653,236.355
238.606,229.82,241.575
239.762,231.699,242.1
231.722,224.495,233.266
217.891,211.164,219.402
196.554,189.157,197.621
179.201,171.058,178.44
160.173,152.314,157.859
144.295,136.736,142.066
132.908,124.158,131.937
114.311,103.741,113.641
93.1831,82.5418,92.2956
59.3388,49.9521,60.2575
27.9867,19.432,31.1837
6.99381,-0.735133,9.98605
-20.4373,-26.5047,-19.8904
-43.6041,-48.0612,-45.524
-68.6608,-72.7379,-71.3621
-92.7236,-96.6501,-94.398
-110.291,-113.893,-109.631
-126.471,-130.854,-123.996
-130.707,-136.49,-128.578
-129.88,-136.138,-128.76
-125.28,-130.37,-124.159
-119.489,-123.583,-118.486
-122.661,-127.972,-123.049
-122.812,-130.17,-124.124
-121.731,-130.147,-122.976
-117.642,-125.621,-118.986
-108.851,-115.293,-109.789
-98.5171,-103.841,-98.673
-76.0293,-82.1448,-76.2428
-55.526,-63.3023,-56.224
-35.4962,-43.7005,-36.256
-20.9437,-28.3924,-21.446
-23.8359,-30.1304,-23.6365
-19.2091,-25.227,-18.2712
-8.62591,-16.0933,-8.7321
1.33106,-8.32087,-0.925837
6.24369,-5.14684,3.52964
-2.12084,-13.4517,-3.7332
-7.83528,-17.6586,-7.91049
-11.0421,-20.1495,-9.8502
-14.6132,-23.5804,-13.2681
-21.8061,-30.1485,-20.3473
-32.3561,-39.8472,-29.9901
-31.0739,-38.0618,-27.771
-34.2432,-41.353,-30.3434
-34.2619,-42.0886,-30.3298
-27.95,-36.7501,-24.8633
-36.9619,-44.9744,-34.6529
-46.1481,-52.6172,-43.9709
-54.1564,-61.6211,-52.8189
-55.571,-64.1268,-55.947
-49.8645,-57.4099,-51.2241
-48.1718,-55.1789,-49.2951
-43.947,-51.849,-44.395
-47.4031,-56.2627,-48.0124
-54.8903,-64.0624,-56.7969
-56.8671,-66.8943,-59.559
-57.228,-69.4273,-59.3941
-50.9505,-65.0746,-52.2227
-50.5985,-64.9861,-51.7173
-52.4309,-65.7119,-53.6861
-49.2391,-61.9039,-50.393
-49.7789,-62.6645,-51.4711
-44.9358,-57.6525,-47.1981
-40.5617,-53.0451,-42.3616
-34.5023,-46.8885,-35.6654
-31.0113,-43.6726,-32.9183
-35.9212,-48.8372,-39.6476
-34.2069,-46.2616,-38.5828
-34.3075,-45.1804,-37.7764
-32.8316,-43.356,-36.0367
-26.4211,-37.6733,-30.474
-25.0025,-36.8669,-29.4906
-22.7714,-34.3428,-26.7969
-25.7102,-37.5091,-28.8626
-29.5543,-42.7323,-32.0245
-30.8371,-45.2204,-32.9206
-34.105,-48.1939,-36.328
-25.4915,-38.73,-28.2234
-20.7987,-34.5512,-24.0197
-19.8528,-35.5919,-24.1256
-14.4028,-31.7975,-19.7791
-16.6242,-33.6004,-22.04
-17.583,-33.3165,-22.6142
-22.9158,-38.7754,-28.7948
-23.8752,-41.4265,-31.5749
-16.6542,-36.8754,-25.2394
-15.7311,-38.6957,-24.5342
-14.1339,-38.8274,-23.5359
-16.4169,-41.9659,-25.7232
-16.5629,-41.9261,-24.0091
-13.8608,-37.7664,-19.451
-20.4124,-42.6869,-25.8806
-18.5278,-39.9023,-23.8677
-15.8162,-37.6268,-21.054
-26.3712,-48.6859,-32.3695
-38.3535,-60.0658,-43.6788
-49.2433,-69.8865,-52.5244
-60.418,-79.6691,-62.0459
-75.3297,-93.1988,-76.0467
-81.0081,-97.0607,-81.5031
-81.5795,-95.7596,-82.1758
-87.7661,-102.183,-89.1548
-89.6063,-105.054,-92.0597
-94.2242,-108.979,-96.5189
-95.7515,-108.847,-97.0688
-94.6193,-107.047,-95.2967
-97.4209,-110.705,-97.9911
-93.298,-107.066,-93.5599
-87.3334,-100.073,-86.747
-82.4915,-94.1236,-81.5087
-79.2084,-90.9225,-78.5505
-77.4678,-89.803,-77.393
-72.1368,-84.353,-72.3213
-73.689,-84.7806,-72.9127
-72.8879,-82.8284,-69.9565
-61.1951,-71.0369,-55.7726
-48.8664,-59.1613,-41.6895
-34.7734,-45.5074,-27.3049
-28.0379,-39.3751,-21.7265
-20.1357,-31.9496,-15.313
-7.97446,-20.1186,-2.71361
-0.87669,-13.6797,6.8019
6.68631,-6.26562,16.1582
10.9053,-1.0934,20.1254
15.1463,3.75481,22.6134
14.7586,3.26173,20.5849
11.1343,-0.130387,16.2322
15.3674,5.10268,20.45
16.359,7.2236,21.828
16.6845,8.64928,22.156
17.4627,10.3179,22.6131
11.3291,4.16386,15.9927
6.46222,-1.47407,9.9356
-0.96498,-10.6195,0.155832
-4.43284,-16.316,-5.77637
-3.80254,-17.2791,-5.97388
-4.44965,-18.4236,-6.52246
0.773513,-12.6671,-1.78808
0.788178,-12.3107,-2.90538
-0.86629,-14.2323,-5.39561
-4.57927,-17.843,-8.68023
-10.6513,-23.3488,-13.0555
-10.8498,-22.8226,-11.0485
-13.7114,-25.563,-11.8785
-17.9817,-30.1009,-15.1426
-22.4316,-34.49,-19.4865
-17.7698,-29.811,-14.3768
1.60764,-10.0403,5.53498
13.0006,2.49903,17.5427
14.8335,5.93145,20.8242
13.5654,5.84549,20.5968
9.27688,1.88156,16.0098
7.07779,-0.22998,13.1502
1.47187,-5.13885,7.64165
6.46203,1.51391,12.9173
18.7325,15.0483,24.6227
22.4874,18.3012,27.7703
20.0227,13.9747,24.9277
9.40677,1.58821,13.8477
6.53277,-1.29186,10.7512
7.48568,1.13733,11.588
3.75791,-1.35451,7.3313
4.65797,0.359465,7.29988
2.30485,-1.50223,4.23311
0.358479,-3.03831,2.40459
0.726811,-2.10582,3.58459
-1.78172,-4.8859,0.627722
-2.89618,-6.59092,-2.15816
-10.0613,-13.439,-9.63719
-13.206,-16.0717,-12.1692
-11.2461,-14.6487,-10.6714
-17.0299,-21.7942,-17.4843
-22.4043,-28.0484,-23.0689
-28.2982,-34.4847,-28.5935
-25.4976,-33.23,-25.8248
-19.6149,-28.9739,-20.3196
-23.0734,-31.9932,-23.5563
-25.863,-33.0306,-25.5235
-27.4797,-34.0244,-26.6324
-22.9793,-29.809,-22.6267
-17.3929,-24.2491,-18.3604
-17.2924,-25.0115,-20.361
-17.564,-26.983,-23.3015
-26.1094,-37.0186,-33.8238
-31.2568,-42.4704,-40.2621
-26.6815,-35.972,-36.1703
-28.4738,-35.2015,-37.1192
-34.032,-39.7857,-41.6812
-42.9455,-49.298,-50.6451
-42.6463,-49.4358,-51.396
-33.7521,-40.2923,-43.7171
-28.5457,-34.9696,-38.7457
-20.3506,-27.4781,-29.309
-13.128,-23.0121,-21.225
-3.57819,-16.9688,-12.6217
-0.870464,-16.0887,-10.9475
-7.67455,-22.9226,-17.8153
-9.0945,-23.1628,-18.9372
-9.90106,-23.0107,-19.2968
-13.5624,-26.5136,-22.6064
-24.1708,-37.1432,-32.6323
-32.5661,-45.5788,-40.0342
-30.5464,-43.5017,-37.2923
-33.4638,-46.1455,-39.1383
-32.4518,-43.8085,-36.6552
-29.0345,-38.1683,-32.6403
-31.1206,-39.0543,-34.3553
-27.0991,-35.387,-29.1751
-25.0121,-34.3818,-25.8065
-15.3957,-25.9193,-15.2216
-7.71708,-18.1874,-6.67382
-13.0853,-22.0298,-11.7532
-13.3596,-20.5458,-12.6137
-11.0187,-16.2317,-10.7409
4.82838,1.92366,5.7449
19.9605,18.3278,22.3091
24.266,22.0488,27.3542
30.8036,28.051,33.2452
28.7614,27.1681,30.9262
32.5818,32.6791,35.4568
41.2906,41.9491,43.8197
45.6248,45.6988,46.3139
52.9871,52.3316,52.2891
50.9716,49.6812,50.5206
53.4059,52.1755,53.8721
55.6741,55.7979,56.8037
47.5691,49.0611,49.1643
47.6136,49.7526,49.7467
43.7806,46.2991,46.6654
42.8577,45.0553,46.2532
41.4404,43.186,44.9925
36.5058,38.7935,40.2591
43.8134,47.1048,47.9344
45.8201,49.8487,50.0412
46.6885,51.2055,49.8327
45.6215,49.8393,47.1081
41.8043,44.2384,42.1645
46.5832,47.5184,45.8532
44.3613,45.4439,42.729
46.4971,47.1897,44.7752
52.3855,50.9293,50.9848
53.1937,50.2383,51.9122
59.9559,57.6584,58.2734
57.3066,55.6155,55.0376
56.1658,53.6408,53.7863
54.893,51.3305,53.0796
50.135,45.9233,48.853
55.7863,52.3042,53.9685
50.1069,49.0477,47.7934
44.0098,44.7217,42.4217
40.0742,40.478,39.1669
34.7766,33.56,34.3202
41.6105,39.0745,41.9279
43.9966,41.1394,44.652
48.1902,45.1244,48.7377
47.473,44.251,48.4473
34.7577,32.2868,36.266
33.8483,32.241,35.1881
32.5903,31.2594,33.4387
33.2853,32.2827,33.4193
33.6924,33.1419,32.9624
27.0028,27.3362,26.0863
31.0443,32.7548,30.4261
31.4889,34.2091,30.7044
31.9893,35.0271,30.8169
30.6405,33.622,29.2935
29.6235,32.6199,28.3467
36.7123,39.5294,35.4386
24.1184,25.7219,22.4235
18.6817,18.8293,16.1056
25.0347,25.3421,21.5418
22.6988,23.5268,19.1661
28.5549,28.3596,26.2865
27.0941,25.69,26.9025
25.3017,23.5746,26.0385
25.1217,23.5763,24.5501
16.6007,15.9977,14.8068
18.8901,19.9303,17.468
14.5064,16.9142,13.3654
11.7955,14.94,10.1824
14.0722,17.7769,12.0051
7.63834,11.7953,5.63564
10.792,14.4004,9.26598
6.27232,8.27906,4.80584
8.24771,8.20195,6.34759
12.0409,9.98504,9.16913
-1.49044,-4.03954,-5.13317
3.55843,1.97545,0.0950068
9.52594,8.50021,5.56315
11.3326,9.98764,6.45176
12.3388,10.67,8.10679
4.33716,2.97031,1.38836
9.82221,9.51858,7.17476
7.84465,8.50871,4.37054
2.40541,2.30347,-2.46529
5.02798,1.7551,-1.64086
-0.488162,-8.18642,-9.37691
5.85534,-5.28592,-4.00329
6.65943,-5.50232,-2.37991
-0.699435,-11.8935,-8.32118
-2.19986,-11.7781,-8.51925
-10.7549,-18.7081,-16.7673
-7.63013,-15.0609,-14.5977
-7.38476,-16.4376,-16.046
-6.09712,-17.2522,-15.8084
1.27448,-10.0897,-7.96102
-6.17882,-16.038,-14.7653
-4.90094,-14.0348,-14.5237
-6.03439,-16.3335,-17.9127
-8.4196,-20.2499,-20.7622
-2.58061,-15.4148,-13.4751
-3.68257,-17.6235,-14.4295
2.9805,-11.9435,-8.3809
0.92111,-14.2789,-9.75704
-6.17074,-20.9132,-15.8689
-3.65185,-17.5976,-12.4251
-9.87624,-23.8078,-17.8056
-7.33267,-21.8993,-14.9314
-7.50496,-21.4025,-13.9681
-9.61668,-22.1949,-14.352
-5.66371,-18.9604,-9.99885
-11.8756,-27.2518,-17.0284
-2.70522,-19.81,-8.79731
3.40811,-14.6887,-3.18483
0.20543,-18.1687,-6.09948
1.84757,-17.1112,-4.26158
-1.25314,-20.8939,-8.78083
2.86532,-16.1137,-6.1876
-3.90792,-21.7154,-13.2057
-9.64273,-27.0026,-19.2596
0.292839,-16.9561,-9.35241
0.140634,-16.9244,-8.74387
0.951196,-15.835,-7.69919
-4.44134,-20.8866,-13.9634
-7.6315,-23.1463,-17.9338
0.782236,-13.5605,-9.53891
-2.45762,-16.0948,-12.2694
0.33588,-12.54,-8.14302
-2.032,-14.0428,-9.42959
-6.63666,-17.8161,-14.1079
-1.4601,-12.0225,-9.70902
-2.13395,-12.3634,-10.8181
7.12986,-3.03427,-0.671183
3.60132,-6.96629,-3.60071
-11.0536,-22.6875,-19.4132
-12.7792,-26.4851,-22.5121
-14.2655,-29.9628,-24.363
-5.31147,-22.2491,-15.4196
1.62839,-16.1868,-8.51777
4.71041,-13.2952,-5.13974
8.9278,-8.6932,-0.27654
-0.149189,-16.853,-8.90892
-1.55542,-17.0392,-10.4038
-4.50036,-19.7386,-13.5817
-5.68406,-21.5515,-14.147
1.16992,-14.5798,-6.16231
-3.50294,-18.4174,-10.3121
2.23761,-12.4711,-3.65399
2.10816,-12.62,-2.81528
-3.32205,-16.6344,-8.76691
2.80398,-8.46799,-3.79894
1.42441,-9.77891,-6.15171
3.73456,-9.50583,-4.23965
-0.711108,-16.1345,-8.13543
-4.2282,-20.2551,-10.6927
6.21709,-9.5141,0.527933
6.57099,-10.0111,0.941986
4.94421,-12.9896,-0.576297
-8.03703,-26.0617,-12.5112
-18.8118,-35.7047,-23.0187
-12.3625,-27.8965,-17.8602
-14.9032,-29.5942,-21.8001
-12.1681,-26.7331,-19.5295
-13.7265,-27.8481,-20.7299
-14.3762,-26.5492,-20.5968
-7.88502,-17.8916,-13.4766
-17.4328,-26.4298,-23.4399
-20.6028,-29.2022,-27.3099
-22.8108,-32.2183,-30.3838
-20.5673,-32.3531,-29.8339
-8.60753,-22.2603,-18.6756
-8.9248,-22.7964,-18.7675
-3.82839,-17.2354,-13.5593
-2.49567,-15.5714,-11.902
0.70541,-12.2542,-7.49005
14.9248,1.84297,8.87537
10.092,-2.7688,5.23999
5.89717,-6.31487,0.734663
3.34167,-8.20208,-2.38389
6.37913,-4.63784,0.237896
15.0963,4.47499,9.02268
3.54313,-5.79558,-1.79257
-1.63367,-10.4224,-6.76296
-7.4206,-17.8174,-13.8829
-17.2956,-28.3518,-25.4384
-23.144,-32.2521,-31.9366
-31.2095,-37.3861,-39.8337
-20.2779,-23.9494,-28.7145
-13.8349,-16.4282,-21.8893
-16.8843,-20.353,-23.8438
-19.3058,-23.5866,-24.7929
-32.8026,-35.6881,-37.4466
-27.988,-28.8923,-32.5945
-17.6151,-17.8897,-21.9005
-9.24477,-9.3121,-12.3983
5.26399,5.99936,3.84447
-7.27043,-5.32724,-7.00673
-21.8181,-19.0725,-19.9186
-25.7657,-22.8887,-22.583
-24.2855,-21.3714,-20.9251
-13.2838,-11.2942,-10.4307
-11.8038,-12.3599,-9.85222
-7.76239,-10.425,-6.31204
-9.56736,-12.6424,-8.46618
-16.5826,-19.3332,-16.3222
-16.8546,-18.7879,-16.6664
-22.124,-22.8641,-21.6442
-14.341,-14.5634,-14.0981
-5.81997,-6.39934,-5.60091
-12.4587,-13.7681,-12.125
-18.4489,-20.8607,-18.2676
-25.693,-28.5945,-25.3532
-24.9688,-26.9349,-23.622
-22.3975,-23.2217,-20.2704
-19.5057,-19.2757,-18.1875
-14.2971,-12.2164,-14.1529
-21.3524,-17.523,-21.0679
-18.4046,-14.5615,-17.6997
-14.0839,-10.2749,-14.2524
-14.1247,-7.7664,-15.3814
-8.09153,1.66039,-8.74527
-11.1172,0.0476633,-10.8036
-7.78194,3.53253,-7.43278
-3.47003,8.3886,-2.73743
-2.67028,10.1474,-1.74949
1.49867,14.3619,2.03878
-6.45899,4.72522,-6.10202
-14.0161,-4.31607,-13.6514
-21.9179,-12.0388,-20.6229
-20.8465,-10.5383,-18.4514
2.36223,12.3042,4.67411
9.96619,20.4076,11.5668
3.38383,15.6506,4.54916
-5.06554,8.35442,-3.48466
-11.963,2.56228,-8.71136
-9.8905,5.78777,-4.48481
-10.9929,4.51993,-5.02737
-8.39414,7.77029,-3.50186
-11.8948,6.24468,-7.84931
-19.0091,-0.337865,-15.3855
-17.7356,0.195827,-14.4604
-17.8609,0.211453,-14.4428
-12.7557,6.52644,-8.46418
-12.892,6.97809,-7.62888
-19.9286,-1.25788,-14.8142
-24.0235,-7.48582,-19.1668
-25.2396,-10.2596,-19.566
-11.7316,2.55051,-5.61895
-1.30501,12.3033,4.50361
-7.65069,5.67888,-2.02531
-20.8015,-6.91527,-15.5952
-33.3109,-18.6787,-29.158
-25.3583,-9.86228,-21.3809
-13.7996,2.21674,-8.79257
-9.41345,6.53176,-4.18117
-4.38783,10.937,0.0144265
-7.42555,6.31145,-4.70927
-9.89072,1.99405,-9.7176
-16.2366,-5.11929,-18.0037
-16.2662,-4.97139,-19.3047
-6.73289,4.30372,-11.2258
-7.85768,1.99404,-13.2186
-8.53715,0.542576,-13.823
-12.0883,-2.25909,-17.3677
-18.2682,-7.42622,-23.6392
-17.9148,-6.86184,-22.0683
-21.2086,-10.3928,-24.1273
-17.3044,-7.32573,-20.4452
-13.1986,-4.52694,-16.3892
-11.9146,-4.40426,-14.5042
-7.93739,-1.16936,-9.7436
-14.6162,-7.8208,-15.7496
-13.5394,-6.36838,-14.4739
-9.21853,-1.61602,-10.0672
-5.53193,2.6153,-6.14882
-0.472955,7.74521,-0.415627
-10.8164,-2.41651,-9.37207
-16.6608,-7.46861,-13.6326
-16.0467,-6.76718,-11.738
-15.0945,-6.16357,-10.0696
-10.5194,-1.68971,-5.52077
-12.5967,-4.17828,-8.12244
-9.94916,-0.870867,-5.08357
-8.95234,1.70022,-2.95277
-15.9311,-4.20976,-9.91182
-17.4125,-4.85204,-11.926
-18.8545,-5.66701,-13.5074
-13.6638,0.406469,-8.00437
-13.9241,1.29998,-8.15112
-18.3517,-2.65177,-13.6429
-14.7555,0.390207,-11.476
-17.964,-3.5981,-15.5229
-15.8695,-2.24524,-13.9045
-14.7713,-2.45539,-13.5741
-13.6957,-1.70569,-13.4459
-5.25143,7.87277,-4.91056
-5.94073,7.53854,-4.96633
-4.74923,7.97337,-4.42761
-6.38271,6.07864,-7.54747
-9.42665,4.50909,-10.9016
-0.308666,15.1409,-0.339733
-0.482226,14.2279,0.425535
-4.91796,7.84289,-4.35103
-1.64208,9.96701,-0.498029
6.65911,18.9273,8.72427
13.0973,26.7301,14.5718
7.49767,22.0223,7.05481
6.21121,21.0315,3.45759
1.73032,15.7657,-3.055
-3.86837,9.25487,-10.2711
-0.27245,12.5015,-7.754
1.19655,13.7261,-6.31339
6.26793,19.3699,0.285805
1.71277,16.0906,-1.8315
-4.37145,10.8121,-6.60134
-2.92285,12.765,-5.18968
-6.1479,10.413,-7.43523
-2.42225,15.1161,-1.74529
0.989285,17.8643,2.65203
-1.66833,12.5845,-0.296888
-9.34674,2.8842,-8.47912
-15.1231,-2.90934,-14.0574
-7.70242,5.81619,-5.96945
-7.98255,6.79946,-5.78483
-8.433,6.42285,-6.17167
0.158589,14.3619,2.79175
5.61022,19.6963,8.20772
12.9806,28.2449,14.0824
6.40828,22.8805,6.76821
-1.19602,14.5077,0.912959
-0.689425,13.7223,3.78094
-5.14388,9.31524,-0.411027
-1.50287,13.7766,1.44006
-4.19647,11.7511,-2.74915
-5.53294,10.7869,-3.84286
-0.651969,16.1612,2.31525
2.18324,18.8353,5.35943
6.56683,21.8654,8.03701
-6.71151,7.18158,-6.85096
-10.0884,3.07771,-10.491
-5.80792,7.03898,-5.70372
-17.1476,-4.41105,-15.5012
-17.1081,-4.60475,-13.6912
-21.349,-9.07388,-17.8668
-23.0165,-10.6123,-21.0964
-12.3005,0.171899,-11.6745
-8.49776,4.17383,-8.07307
3.22087,16.3792,4.07089
0.0452587,13.2632,2.00153
-8.7296,3.99473,-5.69049
-4.93509,7.87284,-1.6585
-8.39368,5.86851,-5.34037
-3.69569,12.3233,-1.20497
-5.75406,10.7479,-4.01018
-1.15453,13.9261,-0.58921
8.9771,22.1377,7.646
-2.92053,10.232,-5.13886
-3.59954,10.943,-4.8058
-6.84413,8.5851,-6.30472
-12.8831,2.83641,-11.3729
-12.8061,3.0126,-11.7146
-19.2749,-3.08762,-18.9087
-7.47906,9.619,-8.09109
-3.62948,14.35,-5.84469
-12.1777,5.87668,-15.3578
-11.3369,5.85581,-14.574
-15.4173,0.740784,-18.7686
-12.0065,3.5868,-15.2463
-19.0182,-3.44623,-21.5935
-25.5562,-10.0868,-27.4476
-12.2057,1.72798,-14.0636
-6.81638,4.59822,-9.39774
7.08586,17.1078,3.74515
6.91545,17.7865,2.39221
-7.08862,6.30418,-12.5487
-4.47315,11.1079,-9.24557
-5.62364,10.7419,-9.25875
-0.599,15.0426,-3.54833
-0.143852,13.9474,-2.78546
-0.208254,13.9569,-3.13463
6.79314,22.9786,3.47748
-5.48411,11.3243,-8.78126
-10.2012,4.55159,-13.0117
-10.1375,2.84674,-11.4247
-14.6346,-1.93574,-13.911
-11.7857,0.141304,-10.435
-19.3369,-8.46642,-18.7771
-18.4099,-6.59203,-18.546
-15.8917,-1.4673,-15.9429
-18.6792,-2.86782,-17.8343
-10.6278,4.11418,-8.51209
-11.4685,1.94064,-8.39337
-9.08749,4.59968,-5.3388
-11.3748,3.33071,-7.42281
-15.7077,-0.187878,-12.5465
-6.84032,8.31901,-4.99584
-10.7334,2.32318,-9.75208
-12.6931,-1.96266,-12.2983
-14.059,-4.99646,-14.6286
-14.0013,-6.11862,-15.4233
-1.38808,5.99088,-3.30239
-2.01308,4.54068,-4.77748
-1.51863,3.16233,-4.76896
-0.607069,2.53879,-2.80941
-3.78049,-0.194545,-4.04729
0.613529,6.12006,2.33747
-6.52141,0.540944,-3.5707
-5.78945,1.57774,-2.91704
-2.82101,3.68388,-1.21808
-4.46545,1.25836,-4.35231
2.19764,7.65799,1.69923
-2.16093,2.48626,-2.66022
0.343552,3.87295,0.298485
2.8758,6.17401,3.02386
2.57335,6.84968,2.30395
9.37206,15.342,9.83651
2.70922,10.0776,4.75747
1.01973,7.73085,3.20484
-1.40489,3.04216,-0.502969
-9.05392,-5.23843,-9.49568
-8.12225,-1.96371,-8.89505
-19.6201,-10.2306,-20.1148
-24.5471,-14.2761,-24.8107
-14.8413,-6.34662,-15.0944
1.81761,8.84372,0.920387
21.6138,28.5688,20.4453
15.3284,22.5913,13.9969
7.33004,14.5974,5.63734
7.27698,14.0384,6.17066
6.709,12.9539,6.19456
8.14079,14.1012,7.12221
-3.61802,2.41123,-4.92567
-6.19324,-0.372594,-6.78453
-3.69338,1.00447,-4.30729
-5.34767,-1.76212,-7.23579
0.4487,2.98594,-3.05004
-3.44734,-1.94688,-8.0948
-5.30585,-4.42967,-9.7053
-1.73528,-1.22973,-5.64606
3.36785,4.72657,-0.962061
18.1477,21.31,13.5878
21.5268,25.384,17.2574
19.6704,22.2432,15.6556
9.44003,9.39416,5.73065
-2.01234,-3.71635,-5.09157
3.64422,2.78311,0.968964
1.37444,3.08303,-1.29241
1.46679,5.4273,-0.488734
1.61333,5.65691,0.473644
0.436796,2.83358,-1.03795
8.18895,8.96231,6.55752
5.89061,6.4301,4.8668
8.4157,10.722,7.95538
11.1308,15.668,10.7474
7.00328,11.8913,5.47748
8.49465,11.6347,5.56172
4.16353,5.18809,0.284459
13.2904,13.0487,9.00882
26.0639,25.4954,22.0838
18.9186,19.3469,14.4095
13.1427,14.9718,7.80255
8.64578,10.8548,3.5596
9.2281,11.2829,4.61274
6.26154,7.87403,1.96223
0.291907,1.12458,-3.41215
3.69869,3.94525,1.02946
0.142404,0.104758,-2.08813
0.286409,0.83907,-2.32076
-0.20431,2.02055,-1.8662
-1.36838,2.3893,-1.22867
4.69568,8.45352,5.27237
0.895943,3.05732,0.348635
-2.31147,-0.384243,-4.5009
-3.20634,1.40388,-5.55979
-3.12085,4.07912,-4.60298
1.43046,9.08408,-0.102822
-2.47442,3.37041,-4.90509
-10.0009,-7.08096,-13.2985
-10.4757,-9.0095,-13.5916
7.00974,8.73876,4.31622
24.0685,25.8336,20.5465
17.3149,19.2652,13.4687
13.5637,17.3648,12.1096
13.4793,18.52,15.1238
13.1087,16.6795,15.7404
15.1925,16.4738,17.8122
10.3119,10.4389,13.1433
11.8582,12.23,14.7823
5.53551,6.74298,9.35792
-3.92208,-2.34092,1.409
-4.52278,-2.7612,1.90274
-8.20949,-5.8631,-1.25904
-5.98702,-3.54599,-0.0284484
-5.8975,-4.64661,-1.38865
-5.27894,-4.99984,-0.173106
-5.28105,-4.5057,1.9975
-14.0688,-12.2672,-5.42836
-10.6524,-7.9026,-2.33464
-7.09325,-3.97137,-0.147565
-13.0848,-10.6521,-8.3322
-19.6965,-17.9089,-16.451
-22.6644,-20.3053,-19.3153
-5.44895,-1.87206,-1.73406
9.63422,13.7331,13.7253
14.3909,18.4811,19.1091
13.8985,19.0434,19.3154
3.60555,10.364,9.0927
5.98751,13.0614,10.1949
9.08389,15.0797,12.1033
9.34272,13.6328,11.8949
9.76776,13.165,11.5292
7.05531,11.274,8.4383
14.1258,20.645,16.3262
9.02192,18.3857,12.2819
-1.2243,8.98625,1.67512
1.00473,9.08867,2.38291
-0.132093,5.73873,0.403068
0.276614,5.78314,0.120947
-6.15565,-0.336047,-7.26107
-11.083,-5.24168,-12.156
-2.06152,3.57017,-2.41692
1.40237,6.60095,1.38509
3.45498,7.73876,2.98001
-2.61232,0.684506,-3.91899
-6.16375,-3.18396,-7.66687
0.918796,3.9791,-0.0884809
4.04812,7.01685,3.04534
12.4241,15.3908,10.5755
16.4095,19.1888,13.9392
21.4417,23.7778,18.7167
19.001,21.6628,15.644
4.50807,7.38023,0.486674
7.76972,10.2771,4.14428
6.08425,8.66399,4.29976
1.79476,3.96515,1.54155
5.86108,6.58553,5.57597
3.1198,2.54727,3.03406
9.62344,8.89138,11.128
5.57886,6.35538,9.02695
-4.71981,-0.88953,-0.708859
-3.9202,2.23971,-1.14981
-5.3228,0.146667,-3.75959
1.61996,4.68375,2.56001
-7.53365,-6.32779,-7.57268
-17.8973,-17.3752,-18.4432
-10.6806,-9.67582,-10.9138
-9.97461,-7.13042,-9.89501
-4.07128,2.09221,-3.56658
-7.15137,1.68147,-6.36461
-7.22811,1.01393,-7.25427
5.78752,11.6851,4.23361
5.79199,10.1669,3.50811
6.81237,10.743,4.61368
2.30086,6.62396,0.467075
-1.24098,3.7331,-1.94152
0.834595,5.59541,1.69416
-9.97794,-6.17208,-8.55377
-9.63565,-5.81557,-8.63747
-13.0216,-7.92158,-12.7864
-17.2224,-10.5317,-17.2751
-10.7784,-2.15801,-9.49317
-11.4155,-1.86042,-8.4903
2.29972,9.98113,5.27852
0.0384925,5.03909,2.19552
-13.8276,-9.55272,-11.49
-13.9077,-8.81573,-9.90232
-24.6227,-18.7562,-19.273
-22.8111,-17.0572,-17.8786
-17.6827,-12.4301,-13.6455
-16.324,-10.9161,-12.2484
-10.9834,-4.95321,-6.67926
-16.7684,-10.3508,-12.8337
-8.50103,-1.74813,-4.51898
-5.59233,1.24825,-1.36156
-15.0756,-8.37187,-11.1107
-12.5673,-4.63181,-7.742
-17.4711,-7.38085,-10.9015
-14.0009,-3.19793,-6.83072
-11.7834,-1.89101,-5.54365
-14.4895,-5.84263,-9.46925
-7.8505,-0.503233,-3.09378
-16.8142,-11.0612,-11.2992
-19.8321,-15.5329,-13.3289
-19.5188,-15.7385,-12.6885
-19.3181,-14.4576,-11.9709
-13.3545,-6.63514,-4.88887
-21.5957,-13.58,-11.9526
-17.1649,-8.19755,-5.81107
-11.3475,-2.00969,1.51982
-11.2779,-2.66691,2.05606
-2.74661,4.70403,10.465
-6.34953,0.076312,6.14218
-5.21631,0.625861,6.61366
-12.2409,-6.51792,0.0290641
-21.692,-16.7405,-9.32911
-8.95654,-5.88142,2.00187
-7.95539,-5.35126,2.0109
-3.46566,0.652932,6.75793
-0.567941,4.42048,10.0592
-5.51445,-0.868229,5.0637
-3.66919,0.483799,6.22934
-11.3112,-7.46036,-2.15325
-6.03061,-2.48128,2.48584
-6.0878,-3.0908,1.20235
-16.5932,-14.5786,-10.492
-14.5513,-13.1025,-8.23025
-17.1734,-15.2167,-9.27713
-7.64615,-4.95653,1.72238
-3.20687,-0.918591,6.3151
-9.82276,-9.238,-1.295
-3.48594,-4.18368,4.37423
-4.66157,-5.28493,3.09708
2.24212,2.26257,9.34619
5.70185,5.91532,11.9508
0.231765,0.264231,6.78073
7.07538,7.54399,14.6914
4.20828,5.57243,11.8687
5.78167,7.04565,12.9051
5.66567,5.64165,12.9324
5.8859,4.96897,13.4631
16.9583,16.1471,24.6952
9.91018,9.31031,17.8208
6.41589,5.12613,13.7991
4.45961,2.33625,10.7864
0.0887404,-2.07279,6.10846
6.46716,3.14186,12.5136
-2.28117,-8.45859,3.43777
-5.81117,-13.9638,-0.287957
-7.63068,-15.4896,-2.63697
-12.936,-19.5014,-8.77709
-1.2785,-7.02172,2.88871
-4.58681,-10.0127,-0.126244
-2.33687,-8.75292,2.18032
8.50859,-0.551741,12.9622
8.74262,-2.39571,12.9562
11.5914,0.531741,16.2421
0.697128,-8.63721,6.85788
-3.6604,-10.6418,4.5258
-0.804575,-5.50283,8.7524
0.189636,-2.73864,9.52669
8.07151,6.18672,16.7007
3.4463,0.912408,12.1843
4.71269,-0.645106,13.5419
7.97608,0.129345,16.0272
0.375612,-7.75003,7.63444
1.06335,-7.02146,8.30868
-5.13453,-14.265,2.22626
-4.90532,-15.0995,2.34259
4.55728,-6.05438,11.5953
1.45358,-8.54774,7.35798
0.846839,-7.27992,5.88701
-2.31702,-8.49131,3.32418
-4.29773,-9.47738,1.32982
-5.79338,-10.898,-1.30098
-6.10981,-11.8533,-2.61185
3.26752,-3.78853,5.48119
2.5588,-5.66336,3.02485
2.62831,-4.65833,2.66756
2.47459,-2.42798,3.90884
1.16974,-2.39874,3.93757
7.94577,4.67627,10.6899
8.83874,5.41109,10.1274
13.256,9.50791,13.3341
11.8275,8.27458,12.8709
1.46663,-1.57111,3.5844
4.62695,1.01258,6.22714
9.47216,3.2202,9.60869
3.45136,-4.86019,1.84934
-9.45657,-16.416,-11.4067
-10.7025,-14.9066,-12.209
-3.87623,-6.98494,-4.96089
-11.8911,-15.3478,-11.6869
-13.0578,-16.4032,-11.6903
-5.66479,-7.94821,-4.01825
-0.314576,-2.20791,1.3307
0.130367,-3.01871,1.51527
-12.7922,-17.051,-11.9525
-11.2238,-15.3586,-11.5165
1.81549,-2.44756,-0.233699
14.8179,10.1059,11.6863
25.2058,20.8537,22.3027
21.3086,17.4155,18.9655
18.8535,14.981,16.598
11.797,7.53911,10.2537
0.805876,-4.55501,0.282897
0.61549,-5.50047,-0.00486705
5.74718,0.279563,4.73811
11.6094,7.2696,11.0787
1.12612,-2.58768,2.4934
-10.4623,-13.518,-7.35268
-8.12759,-10.0497,-5.27733
-11.9542,-12.8973,-10.8156
-11.5398,-12.1769,-12.4545
-12.3064,-13.5554,-14.0823
-8.43655,-10.542,-9.02281
4.83884,2.81326,6.05062
4.09351,2.11485,6.02963
4.59627,1.875,6.30678
4.79291,1.57141,6.51827
6.04977,2.70055,8.29627
10.3511,7.2063,12.8378
5.31781,2.80965,7.00816
12.2531,10.0631,12.1658
25.5361,22.2891,24.0591
31.1984,26.2637,29.7389
31.2414,25.9827,30.914
25.0687,21.1129,25.4342
29.5653,26.901,29.3004
29.6507,26.1795,28.7321
20.3898,14.342,19.4154
16.1342,7.77955,14.6851
13.1242,3.59754,10.6179
19.6078,10.1542,16.4069
16.0743,7.56397,12.5389
8.0652,0.517632,3.95905
11.1967,3.47756,6.70899
15.1893,5.53971,11.7987
19.1867,7.85296,18.1874
6.3904,-4.86979,7.45569
0.0628335,-11.5999,1.74986
7.70448,-5.59146,8.33668
3.93152,-10.2624,2.98513
7.38036,-6.78072,5.69737
9.11115,-5.4003,7.56469
10.5313,-4.82034,9.06665
14.3388,-0.620964,12.5355
-4.31881,-17.4635,-6.9001
-15.7295,-27.8565,-19.5723
-16.6427,-28.9784,-21.6355
-11.282,-23.7565,-17.6845
-2.62084,-15.304,-11.1746
-13.8566,-27.5069,-24.1295
-19.2304,-33.8884,-30.5165
-26.2449,-41.1865,-38.696
-30.7714,-45.7617,-43.6696
-24.3093,-38.9386,-35.6433
-25.7691,-39.4722,-34.8971
-16.6993,-30.5476,-25.5984
-21.3687,-36.0445,-31.0823
-40.8782,-55.2137,-50.353
-52.2805,-66.1403,-61.4465
-65.5583,-79.6573,-74.6515
-60.7185,-74.5826,-69.3825
-53.5263,-67.0482,-62.3528
-50.6507,-64.3677,-60.731
-41.4652,-55.0103,-53.1199
-43.6835,-57.1551,-56.2851
-40.6698,-55.1856,-53.1052
-49.3266,-65.8123,-61.1937
-67.648,-86.38,-79.333
-75.7674,-95.9343,-87.7822
-85.4509,-105.516,-97.2038
-77.0049,-95.528,-86.9305
-69.0504,-85.5394,-77.7206
-63.7233,-79.2265,-73.5206
-50.7057,-66.4418,-61.9794
-49.4121,-65.4323,-60.1974
-41.2066,-57.053,-50.5173
-38.8122,-54.1151,-47.3861
-39.9733,-54.8455,-48.5688
-31.4132,-46.6943,-40.4597
-34.7967,-50.9537,-44.17
-27.7051,-44.1017,-36.5362
-23.5272,-38.6492,-31.3465
-25.7612,-38.9333,-32.5143
-18.0516,-31.0988,-23.7802
-20.1583,-35.7062,-25.8586
-12.2024,-30.9176,-18.713
-8.31199,-28.2909,-14.8315
-6.95685,-25.8753,-13.1382
2.81196,-14.1158,-4.1785
-6.70668,-22.1729,-15.1555
-12.0721,-26.9441,-21.6617
-15.4822,-30.2574,-25.491
-18.2228,-33.1694,-28.0648
-11.0168,-25.5497,-20.556
-15.539,-29.5934,-24.5303
-14.7427,-29.0277,-22.6774
-15.6859,-29.7959,-22.8285
-14.593,-27.8798,-21.7795
-1.6394,-14.4473,-8.85194
-7.80726,-20.545,-15.0116
-12.7954,-25.7618,-20.8848
-19.1899,-32.9582,-28.2886
-19.6481,-34.2438,-28.3939
-5.69724,-20.6469,-13.7619
-14.1378,-29.3713,-22.5032
-15.3548,-31.5088,-23.8599
-13.8905,-31.135,-21.4267
-17.517,-35.8396,-23.5232
-6.20955,-25.4973,-10.8914
-3.16734,-21.591,-7.05699
6.63295,-9.52351,2.84211
11.9411,-3.42317,7.44385
4.38513,-12.0434,-1.05228
7.05949,-10.9892,1.41926
3.08879,-16.4149,-1.97661
5.5526,-13.3755,0.893116
5.3379,-10.6884,-0.0215051
-0.153682,-13.6543,-7.16231
9.94448,-3.29825,1.7322
7.61736,-6.43265,-0.55244
12.5927,-2.01845,4.81356
15.4072,0.214099,7.12758
-0.31713,-15.3503,-9.61219
-0.228472,-14.5074,-10.1208
-0.623449,-14.6287,-10.3634
4.79052,-9.01024,-3.75794
13.2731,-0.222422,5.83414
12.5906,-0.330633,5.16039
16.3571,5.01145,9.31998
13.5966,3.84828,8.01283
18.0138,8.59561,13.5542
23.922,14.0569,19.9857
22.7839,12.0187,19.3581
32.9344,20.9384,30.2971
40.3239,27.5614,38.285
52.8631,39.9731,50.7437
58.943,46.592,57.0885
44.015,33.3354,43.1859
37.3182,27.5065,36.518
33.3836,22.2598,30.8133
38.1873,26.0931,34.6352
43.617,31.7595,41.2297
43.7227,31.7225,43.1296
55.1047,42.5666,56.3104
55.4018,43.3008,58.1312
56.8544,45.6464,59.9064
59.987,48.3458,62.7077
53.7091,41.0201,56.43
54.0045,41.2398,57.051
48.2834,36.273,51.8598
48.5205,36.4936,51.7883
51.5765,37.9629,53.5339
41.3121,26.3539,42.0841
37.3001,22.2023,37.3892
30.902,16.131,30.8473
29.0789,14.2361,29.7307
30.442,13.9539,31.9773
25.3324,6.49247,26.6609
25.2273,5.18707,26.361
13.7813,-5.89983,15.9665
6.54695,-11.9771,9.63014
7.07046,-11.2187,9.42606
7.52285,-12.286,8.20611
18.3512,-2.89933,18.0465
18.1764,-3.1372,17.8376
16.0677,-4.69256,16.6338
15.4595,-4.50658,17.3582
7.16431,-11.9078,8.94108
6.36848,-12.0432,6.98716
0.361073,-18.2201,-0.0356255
-4.78083,-24.0792,-5.62149
-8.63486,-28.6418,-8.71959
-17.6727,-37.2499,-16.4681
-16.5443,-33.5247,-14.636
-23.389,-38.8458,-22.4785
-29.3617,-46.7698,-30.5222
-36.7998,-56.2821,-39.4958
-52.8872,-71.5441,-55.8878
-51.293,-67.7652,-52.7704
-43.5049,-58.6443,-43.0471
-33.0916,-48.1607,-31.8593
-31.1815,-46.4172,-29.2456
-37.6718,-52.3447,-35.0864
-32.1471,-46.0954,-29.2669
-36.2415,-49.2243,-33.0627
-42.8763,-54.9002,-39.9016
-42.6561,-55.0272,-39.1831
-40.9324,-54.2999,-36.225
-26.7783,-40.4349,-21.5603
-20.8845,-34.368,-15.52
-21.3853,-34.1357,-15.7838
-24.0801,-35.3055,-18.1878
-29.1789,-39.1719,-22.9667
-24.0319,-34.0236,-17.1854
-28.7596,-39.7065,-21.165
-28.1438,-39.5994,-20.6887
-19.0108,-29.6617,-12.5681
-19.3658,-28.8957,-13.6562
-19.9229,-29.3983,-13.9365
-27.9176,-37.2692,-21.2197
-31.7422,-39.7221,-24.7054
-28.1483,-35.3629,-20.9408
-26.5833,-34.0912,-18.9508
-21.0041,-29.0157,-12.9145
-24.8924,-33.6662,-17.3722
-35.0943,-43.3123,-28.5243
-40.0114,-46.9253,-33.04
-34.2212,-41.2209,-27.004
-18.8956,-26.4635,-12.3512
-14.7882,-22.1697,-8.31468
-13.6193,-19.9241,-7.42668
-13.8106,-19.644,-8.94167
-12.9242,-19.3543,-9.40271
-3.36951,-9.56581,-0.225541
-0.422201,-6.12741,3.52368
6.89489,0.244311,11.5246
10.1605,1.88529,14.7504
5.89411,-2.56794,11.1465
5.04948,-1.39489,12.0615
-2.87804,-6.99374,5.48992
-6.62102,-9.68982,1.57949
-5.6556,-9.07863,1.8549
-4.45681,-8.86256,2.45618
-5.27961,-10.2779,0.430455
-17.136,-22.2493,-12.8043
-20.7625,-25.4731,-17.2185
-19.7941,-23.4154,-16.207
-24.6325,-26.9316,-21.1137
-26.6483,-28.9213,-23.8341
-33.3979,-37.2907,-30.8055
-35.078,-40.1171,-31.8785
-35.6918,-40.4375,-31.65
-34.6452,-38.7203,-30.5106
-29.0233,-33.2455,-25.8686
-35.8073,-41.2509,-33.3186
-39.1136,-45.511,-36.3759
-40.3322,-47.0548,-36.92
-40.6634,-47.6693,-36.8492
-35.1346,-41.6677,-31.5474
-37.3592,-42.982,-33.9996
-37.7649,-42.901,-35.511
-41.5172,-45.9101,-41.5716
-48.1112,-50.9083,-49.5179
-47.0152,-48.1562,-47.6962
-49.8047,-51.0445,-49.2796
-46.443,-49.8088,-46.3275
-45.9804,-50.8465,-46.7633
-52.4009,-56.4894,-52.68
-51.9644,-55.2546,-51.5206
-52.4725,-56.8884,-52.3408
-45.8539,-51.0009,-46.2923
-43.173,-46.5599,-43.6916
-48.1802,-48.3854,-48.4985
-49.3538,-47.1306,-49.3213
-44.8261,-43.1721,-45.3608
-32.4035,-33.3293,-35.202
-30.4048,-33.101,-34.314
-26.4168,-30.1674,-29.0526
-17.0454,-22.1048,-18.2455
-21.7276,-27.7935,-22.1003
-20.5131,-26.931,-20.9531
-22.9602,-30.3388,-24.2064
-27.71,-36.96,-29.5947
-21.0846,-31.2192,-23.0768
-25.5523,-34.9254,-26.3376
-26.7848,-35.681,-25.8021
-29.4489,-39.1858,-27.7741
-31.2219,-42.1635,-29.7358
-23.9119,-35.3836,-23.0339
-33.4411,-43.8476,-32.3079
-43.9764,-51.999,-41.111
-58.8952,-64.9457,-54.5346
-72.7021,-78.3724,-68.045
-74.1268,-80.9842,-69.8551
-80.4718,-89.2056,-76.7476
-78.3417,-87.2236,-74.8414
-78.5311,-85.4765,-74.8733
-80.2084,-86.0319,-76.7984
-72.657,-78.8957,-69.6894
-71.4154,-78.7375,-68.5237
-60.0336,-68.7074,-57.2107
-48.9933,-58.2417,-46.6482
-41.8854,-50.7546,-40.0945
-28.8896,-37.5296,-27.3013
-28.1324,-36.9477,-26.7438
-18.4154,-27.3141,-16.7155
-7.50406,-16.2888,-4.82513
-0.400002,-9.07654,3.03199
11.0617,1.98277,14.754
8.79013,-1.55972,12.1745
12.5427,0.995635,15.3346
15.9223,3.81297,18.5611
15.7033,3.42667,18.0077
16.2823,4.93521,17.2483
3.35529,-6.31408,3.22167
7.17462,-1.75016,7.03252
23.2351,13.4525,23.7296
34.7422,23.0504,35.5064
41.498,28.0717,41.2011
31.8261,17.9696,30.0737
32.2188,18.566,30.1773
32.5459,17.8414,31.0565
28.3553,11.302,27.2466
33.7352,14.2353,32.6017
30.4845,9.70639,28.9529
35.9739,16.1667,34.0008
39.5518,21.0477,37.1407
42.6753,23.3435,39.153
54.8705,34.3607,49.7209
49.3111,29.2208,43.3953
46.126,26.7535,40.4384
42.1616,23.395,37.1885
37.5048,19.936,33.0737
45.4002,28.8593,40.6223
43.7986,27.879,38.9739
47.4986,31.8246,43.2014
42.2729,26.1275,38.2374
23.9093,7.43089,19.687
21.1308,4.97634,16.0816
24.4839,8.77111,19.2864
39.8995,24.3144,36.0944
42.2989,26.6342,39.6044
33.5001,18.3607,30.5971
36.9426,23.425,32.9864
32.1785,19.9066,27.0143
34.0423,20.9922,28.427
36.3279,21.186,31.1962
35.121,18.2284,30.8917
38.6401,20.7126,35.4551
33.236,15.2529,31.131
40.7783,24.0199,38.8341
45.9374,29.8743,43.0832
40.2188,23.8187,37.5757
42.3314,26.2071,41.1907
34.6251,19.3571,33.4929
35.1284,20.5213,31.903
35.2418,20.7991,29.1963
34.8113,19.8441,26.8125
45.5836,29.8625,37.5961
36.5399,20.4701,29.8285
33.0547,17.5484,27.4874
32.0124,18.2277,27.2342
21.948,8.95545,18.2903
20.7498,6.7336,18.3773
15.6456,1.46297,14.0925
19.8675,6.67768,18.2948
22.3459,9.43254,20.037
16.8444,3.18143,13.582
20.3693,5.60952,16.7351
16.336,1.06761,12.6816
16.9152,2.07086,12.8243
12.7815,-0.284678,9.1987
3.84118,-5.56182,2.04128
9.5645,3.05627,8.57614
10.6902,3.40774,9.3391
18.9353,9.52351,17.5275
16.6964,6.85937,15.4728
5.8818,-3.64526,5.14028
11.3142,2.08602,12.0577
7.65664,-0.303507,10.1164
5.82448,-0.707933,8.70104
1.44886,-4.98497,3.64186
-5.80033,-13.624,-4.35255
-1.82196,-11.3993,-0.785477
-6.95402,-17.0926,-6.11523
-5.16491,-14.9837,-5.08276
-2.75711,-12.4557,-4.45388
-2.48952,-11.7968,-6.00535
7.16913,-1.69452,2.80036
1.53732,-8.14722,-3.24735
1.29029,-9.75192,-4.16206
-0.351681,-11.0094,-6.29967
-6.55369,-15.005,-11.6953
0.566527,-6.04401,-3.13305
-2.94678,-8.86052,-6.68646
-1.85974,-6.54798,-6.84815
3.60801,1.21164,-1.56575
13.6765,12.0671,9.30249
30.845,27.8081,25.8931
26.5314,22.1531,20.2077
23.3535,18.1774,17.3768
21.21,14.5815,16.4682
19.4718,10.944,14.7594
30.9652,22.052,25.5981
24.3655,17.119,18.5569
22.1193,16.4645,16.3188
23.3293,17.7883,17.8694
18.1276,11.5393,12.7918
26.4318,18.2827,20.994
25.088,15.4914,19.5007
28.0926,17.3588,22.8184
31.3544,19.9058,27.3848
31.2108,18.8739,28.6572
44.968,30.9404,42.6974
47.8621,32.8671,45.622
48.8387,35.2321,47.3347
45.906,34.0619,44.6327
38.2688,25.6922,35.6289
41.5711,27.8006,37.54
37.1925,24.4673,33.2385
41.7948,30.8662,38.5545
44.8994,34.6222,42.0869
38.6407,28.2249,35.8152
46.0655,35.9952,42.6546
43.3422,33.6968,38.9217
46.7774,36.0396,42.3068
56.7618,44.4565,52.6733
68.0509,55.7539,63.1834
91.146,80.1096,85.3522
98.8404,88.4628,92.8944
106.111,94.0698,99.9019
107.347,92.6206,100.238
98.6495,82.7992,90.9952
97.8877,82.2504,90.3502
88.6838,73.5748,81.4504
83.7961,69.4464,77.8151
73.0728,59.8154,69.3599
55.334,43.0388,53.182
53.6119,40.6348,50.8583
46.3879,30.9723,41.0945
45.9339,27.7963,37.931
45.7744,25.7048,36.4699
38.892,18.7267,29.4872
40.8958,21.9666,31.6398
31.5927,13.1605,23.3268
27.3158,8.4664,20.2927
17.214,-1.82191,9.99553
2.20828,-17.0516,-6.05088
13.2715,-6.79084,4.27273
24.7144,3.45482,15.5093
35.5463,12.9945,25.9883
36.4481,13.4037,26.3761
27.3909,5.60471,16.9805
32.007,12.6471,21.3109
31.561,14.1653,20.946
38.29,21.4797,28.1188
42.3008,24.4971,33.0572
33.2723,14.0511,26.0845
33.6658,14.5152,29.023
25.865,7.60141,22.4329
24.4478,6.08314,21.1051
22.2698,3.86615,19.1658
15.6609,-1.75022,12.7429
19.2455,2.09606,15.9212
5.77794,-12.702,1.02912
-3.21929,-23.7816,-10.2125
-7.38689,-29.2212,-16.1905
-12.5936,-33.7967,-21.9211
-10.1202,-30.0131,-19.0422
-24.7915,-43.877,-32.786
-33.0672,-51.3473,-39.9157
-32.8006,-50.1283,-39.3297
-37.1694,-53.9126,-44.1983
-38.6082,-55.3222,-45.1461
-52.2632,-69.368,-56.9507
-54.9481,-73.1818,-58.4035
-57.7088,-78.1392,-62.1018
-71.9066,-94.6976,-78.3593
-73.3597,-97.5297,-80.7769
-80.3366,-104.183,-86.8156
-77.8061,-100.312,-82.9207
-73.6818,-95.4565,-78.8492
-75.504,-97.1113,-81.3689
-65.2293,-87.398,-71.7404
-65.6953,-89.2651,-73.4524
-65.0647,-89.1366,-73.8617
-67.0986,-90.4528,-76.0355
-73.5153,-96.635,-82.4943
-70.8752,-94.5798,-80.1733
-82.3243,-105.961,-92.3634
-84.0836,-107.259,-94.928
-76.1766,-99.6178,-86.798
-75.0233,-98.4153,-84.6667
-68.152,-90.3609,-77.3708
-72.0664,-92.8009,-81.7523
-69.3716,-89.4758,-79.8157
-72.1522,-92.1934,-83.2043
-84.4,-104.024,-94.7256
-80.5543,-99.8428,-89.1777
-93.27,-112.397,-101.156
-100.997,-119.25,-108.075
-99.6678,-116.769,-105.441
-110.659,-127.336,-116.747
-113.862,-130.672,-121.94
-120.575,-138.111,-130.281
-119.038,-137.954,-128.788
-114.814,-134.96,-123.435
-118.88,-140.281,-126.369
-112.598,-136.198,-119.739
-117.661,-143.122,-124.701
-123.828,-148.837,-130.672
-129.081,-152.085,-137.066
-141.972,-163.053,-151.772
-141.804,-161.445,-151.271
-152.86,-172.152,-161.183
-161.534,-182.185,-169.937
-162.219,-184.832,-170.277
-168.217,-191.961,-174.772
-161.831,-185.807,-167.273
-165.604,-187.88,-170.286
-168.742,-187.789,-171.81
-168.855,-186.53,-170.208
-173.614,-191.345,-173.963
-164.175,-181.635,-164.403
-155.017,-172.729,-155.837
-134.747,-152.887,-136.113
-114.947,-133.811,-117.548
-108.028,-128.332,-112.7
-89.0353,-109.611,-94.6723
-80.7352,-99.3958,-86.1586
-74.3629,-90.7373,-79.0574
-62.7731,-78.818,-66.6311
-49.7396,-67.0423,-52.7312
-17.0709,-35.0753,-18.3952
-5.2182,-23.2043,-6.29737
0.487231,-18.701,-2.84463
19.2668,-2.01621,13.8132
26.8819,5.6077,20.528
36.2353,17.2111,29.7184
35.0473,17.8457,28.8414
37.008,20.2138,31.3597
46.2534,29.6513,41.2781
45.1351,29.1727,40.5716
48.8877,33.4251,44.5197
45.6689,30.3746,41.6803
43.9694,28.806,39.6354
45.2741,30.1383,39.4922
36.3067,21.6592,29.5058
38.1699,24.648,31.8394
38.835,26.0499,32.6081
48.1779,36.3443,41.5326
68.0736,57.9516,62.4276
61.5263,52.8696,56.6096
51.2779,43.1857,46.4384
50.0746,41.8368,46.1189
55.7291,46.8466,53.0759
64.1391,54.0549,62.8278
67.4111,56.7685,67.3699
76.3701,66.0752,77.862
75.4965,65.1565,78.0382
72.701,62.1047,74.2719
73.2711,63.9515,73.527
64.1212,57.6369,64.5455
57.135,52.1266,57.7812
54.8326,49.4785,54.9184
61.3074,55.9198,60.7053
65.8666,60.822,65.4747
65.4849,60.6223,65.7766
83.1197,78.1041,83.8352
99.8935,93.8504,101.594
97.7673,90.6048,100.47
85.9661,78.1678,88.4794
75.787,66.9478,76.9656
76.974,67.2346,77.8615
77.913,68.1927,79.8673
82.4781,73.6364,84.3869
87.9051,80.1824,89.4208
83.8777,75.7796,85.804
74.0748,64.7709,76.4172
56.911,47.5674,59.1639
51.5341,42.6808,52.6602
51.3608,42.5836,51.6574
50.2969,42.0014,51.1814
56.897,50.0829,58.0861
51.4228,46.2171,52.9571
38.4575,33.7507,41.7073
26.0805,20.2757,30.7458
20.1568,12.7551,24.2819
24.9928,17.1822,28.0654
20.4466,13.3589,23.8653
11.264,4.8071,15.9343
5.312,-1.35289,10.5933
10.0978,2.76221,14.0348
28.8466,20.7928,30.2961
35.5617,26.4972,35.6077
39.5677,29.4915,39.2082
44.472,33.6007,43.98
43.2996,31.9435,42.7994
41.4528,29.7105,40.7248
33.8043,21.9571,33.5812
35.2459,24.8381,36.3765
36.3166,27.5641,38.9041
31.5124,23.2588,35.6644
35.1897,27.3426,40.4097
40.7062,32.0593,46.2417
48.42,37.759,54.2211
46.8736,35.1389,53.0584
39.6851,27.3505,45.4658
40.9598,27.3599,45.1939
35.8056,21.0093,38.1711
31.7614,17.2183,32.9548
27.5308,14.234,28.5954
23.749,11.3469,25.0436
30.3924,17.9674,31.5368
30.1446,17.5442,30.9571
34.6111,23.1594,35.2353
39.9073,30.444,40.7324
40.7392,32.1607,42.015
45.9977,36.4291,47.0165
47.6998,36.2199,48.3408
53.0743,40.3561,53.518
44.3139,32.1765,43.6386
31.4909,20.4325,28.6199
34.1496,22.9245,29.1102
32.6885,20.8619,27.0996
40.5412,28.161,35.1948
46.1542,33.1171,40.8843
37.064,24.2046,32.2482
31.5887,20.4896,27.5373
24.846,16.0434,22.062
30.6444,23.0481,29.1092
36.7649,29.9839,36.0829
32.5528,26.9976,32.5947
31.5016,26.1096,31.8609
22.8822,15.4018,23.2166
23.4588,13.3045,23.1226
24.4764,14.0484,23.1563
21.8526,12.7851,20.6913
26.6584,17.919,26.5822
20.6052,11.3377,21.2765
18.5012,9.20959,19.3821
16.7523,7.69733,17.7376
14.9598,5.58239,15.7797
22.3597,12.8781,22.435
16.6287,7.34643,15.2966
13.844,4.05725,10.0964
14.6228,4.31707,8.47156
11.5707,2.02071,5.07721
15.8614,8.03554,11.0367
12.4163,5.33413,8.44597
13.8358,6.19308,9.56217
11.7937,3.78613,8.17104
6.05258,-2.01503,3.24606
13.1554,5.23022,10.1003
11.7438,3.8822,8.65539
16.8473,8.31253,15.2223
17.2755,7.74657,17.7046
9.68078,-0.520596,11.434
13.5241,3.23697,14.9946
7.69002,-2.13079,7.82985
11.6633,2.42206,11.4718
21.3759,12.1218,22.0268
20.8807,10.8502,22.1681
25.6102,14.5024,26.4586
22.3109,11.1561,22.4863
26.795,17.291,27.774
32.464,24.2112,34.3885
24.0233,15.2494,25.0425
25.7093,16.0394,24.9224
23.7536,14.8242,21.6696
24.6391,18.3239,22.7008
20.8451,17.0307,20.1929
8.69788,6.47451,9.65463
13.8452,13.1748,16.3797
10.9804,11.5405,14.0452
8.29072,9.17641,9.96294
9.64059,10.3685,8.71307
10.7005,11.0454,8.87274
19.543,19.5183,19.7439
11.2494,11.0149,13.8708
10.2008,9.76827,13.6091
18.1461,18.6842,21.371
15.0631,18.2482,18.6546
16.1062,21.3126,20.6115
5.99887,11.4984,10.425
2.63542,7.9441,5.87897
8.99992,13.732,11.1588
8.11853,12.295,9.48367
9.9305,14.0205,10.6348
-1.77614,1.49699,-1.45872
-6.90091,-4.43206,-5.67406
-5.37581,-2.27253,-2.27017
-7.00209,-2.77494,-3.04911
2.39303,7.80079,6.10237
0.896471,8.3712,4.49427
1.20599,10.265,5.3495
1.35794,9.50562,5.70669
-5.65556,-0.304185,-3.03909
2.07679,4.22141,1.8642
5.08412,4.78044,3.69908
10.0154,8.72885,9.74379
13.3287,12.3112,14.64
6.25488,6.32258,8.37883
10.3654,11.6338,13.0128
4.48699,6.4486,8.58587
-1.99036,-0.193042,3.66996
-4.48426,-3.4315,0.350351
-3.50488,-2.60902,-0.638425
11.5876,12.8903,13.3979
9.44968,10.5588,9.81519
6.38654,7.13065,4.92739
9.05261,10.4367,7.42734
9.00853,11.3494,8.96737
14.5986,16.8881,15.3927
7.38817,8.32073,6.99078
7.84585,7.05002,5.51678
15.6493,13.5561,11.6653
14.5579,10.9751,9.25522
18.4163,12.8324,12.6209
12.9781,6.2735,7.95503
18.9577,12.1229,15.6374
29.8516,22.5089,28.2143
23.6866,15.9727,23.3226
23.9071,16.3746,24.1681
19.8912,12.8768,19.7027
23.3462,17.7746,22.4318
25.4211,21.804,24.1636
14.9822,12.0899,14.3714
13.7451,10.2246,14.4819
5.75122,2.0226,7.42164
2.83967,-0.380322,4.59174
4.99713,1.86454,5.53675
3.32074,-1.08003,2.10918
9.23846,3.07555,6.8808
3.29476,-2.79388,0.482967
2.89588,-1.9934,0.442058
6.51639,1.5426,4.19731
-3.45336,-8.983,-7.3907
-7.71989,-12.4934,-13.3415
-15.0433,-18.5613,-20.5391
-7.27422,-10.7788,-12.239
0.980593,-3.17611,-4.92044
-9.30842,-13.9506,-16.884
-6.40628,-11.4271,-14.0282
-10.1425,-14.3768,-16.2281
-9.62327,-12.5839,-14.4978
3.76789,0.740155,-0.988311
7.18126,2.99658,1.7674
7.90722,2.83485,1.77775
-1.99381,-7.26749,-8.4906
-4.35549,-9.50811,-11.1097
0.878165,-3.39882,-6.07008
-5.83904,-8.91259,-12.2041
-3.66035,-6.55169,-8.38434
-4.39091,-8.10902,-7.57672
-1.85699,-6.84592,-4.07183
4.89823,-1.09669,3.66867
-4.13061,-10.0305,-4.76312
0.380084,-5.12209,-0.233801
6.23483,0.706798,4.96638
8.15496,2.09076,5.36796
11.9813,4.05685,8.05367
9.87164,-0.359399,6.04192
18.4358,7.00725,14.7012
16.8796,4.88845,12.6214
11.6232,-1.07375,7.57114
10.9041,-2.26223,8.83672
3.78477,-8.44385,4.88746
7.86091,-2.10438,11.274
6.92088,-0.86805,10.8517
4.175,-2.46936,7.72304
0.947373,-6.74644,3.30296
-18.2226,-28.3503,-17.4038
-23.5153,-34.9595,-22.9452
-20.5205,-31.86,-19.447
-11.7183,-23.3847,-10.9253
-0.343442,-13.7998,-0.517908
0.855046,-13.5964,-0.472127
11.8515,-1.52563,8.91889
9.189,-2.65997,4.32042
-1.09218,-11.6698,-6.51581
-4.60961,-14.4347,-8.88212
-8.56406,-18.3866,-11.7051
0.648497,-9.32744,-1.64885
-1.38585,-11.3539,-2.71628
-6.20102,-15.9709,-6.99395
-1.09296,-10.4321,-1.78054
-1.18702,-9.78392,-1.89982
9.8857,1.57172,8.94998
14.8939,5.5463,12.4662
11.7432,1.34438,5.93017
11.1401,1.25215,3.07895
4.28262,-3.11736,-2.63438
9.11634,5.20833,5.24523
12.344,9.95221,10.3155
19.769,15.283,16.569
35.2103,27.92,29.8047
35.6832,27.3971,29.3834
34.1263,25.889,28.7642
26.981,19.4104,23.2883
26.1122,19.273,23.2724
32.0196,25.0923,29.3436
29.8081,22.6289,26.8274
32.8629,26.1103,29.1939
23.5192,17.3516,19.3715
15.4773,9.3775,11.5126
19.5608,13.6091,17.0567
13.3358,8.28894,13.0421
16.2923,12.1775,18.2419
19.891,15.6127,23.2799
24.4101,18.9824,27.1005
32.0569,25.7033,33.309
21.8314,15.7807,22.7081
12.829,7.49175,13.1586
6.73896,1.47934,5.51735
10.5856,6.15203,8.83412
17.9102,15.36,16.8351
14.3283,12.4532,13.12
19.9087,16.6199,17.8418
15.5711,10.7014,12.6996
2.67643,-1.43771,-0.289229
-5.49719,-7.89176,-8.13976
-17.5468,-20.4827,-21.0259
-17.6345,-23.1457,-22.0798
-24.2923,-32.4623,-28.2386
-35.1401,-44.4985,-37.8246
-37.9988,-45.9051,-39.5607
-58.5238,-62.6407,-59.8693
-73.6711,-74.8336,-75.2161
-79.3707,-80.9338,-79.9678
-86.3038,-89.9995,-84.3314
-92.4926,-98.8053,-88.8064
-99.1589,-108.464,-96.6905
-90.9387,-101.836,-89.5322
-94.0516,-104.439,-91.9537
-110.492,-119.468,-108.6
-120.198,-127.87,-119.7
-124.188,-131.389,-124.986
-110.594,-118.753,-112.54
-100.405,-110.132,-103.152
-104.031,-114.175,-106.655
-111.983,-121.911,-113.781
-127.999,-138.46,-129.674
-138.726,-150.274,-140.73
-152.538,-165.307,-154.745
-164.271,-177.822,-167.017
-161.286,-175.005,-163.87
-156.574,-169.732,-157.231
-139.041,-151.12,-136.925
-117.539,-129.503,-114.589
-96.6768,-109.461,-94.5115
-78.3504,-91.1483,-75.4698
-70.8365,-82.4999,-66.8099
-55.8788,-66.94,-52.5011
-45.7919,-56.8923,-44.0345
-43.4485,-53.1554,-43.0417
-40.2373,-47.6643,-40.3164
-44.6339,-51.1694,-45.2336
-45.7377,-52.6408,-47.3825
-47.6422,-55.3434,-49.978
-45.8486,-54.8685,-48.1093
-38.0744,-48.11,-39.3003
-42.5764,-52.8874,-43.0893
-40.6495,-51.573,-40.7954
-36.1529,-48.0749,-35.7482
-33.9144,-46.7125,-34.4131
-25.2467,-38.7107,-27.6787
-21.3485,-34.7665,-24.6721
-16.7542,-29.5524,-19.5754
-17.4494,-29.1254,-19.7291
-15.9048,-25.8313,-18.5757
-10.3979,-19.8284,-13.4689
-15.3102,-25.656,-18.2714
-13.6864,-23.7058,-16.704
-8.31463,-17.2207,-11.0875
-3.93512,-13.6893,-5.61115
1.7563,-10.249,1.85182
-0.75953,-12.6738,1.11453
5.25127,-4.47741,7.93007
15.3443,6.67284,18.0937
19.9453,12.1115,22.8163
21.3247,13.8789,24.0817
17.0409,8.15219,18.705
23.4757,13.6054,23.9639
25.8731,16.2524,26.6496
22.1188,12.9473,25.0236
22.2287,13.4692,27.6316
17.6272,9.18194,23.1598
20.145,12.695,24.0048
20.6615,15.4091,24.1504
17.3017,13.6859,21.4821
18.9337,14.6029,22.8625
20.8743,14.5318,23.5433
29.3573,21.9207,31.4528
30.444,23.283,33.461
27.9863,21.6704,32.2912
34.2715,29.8524,40.2655
36.9197,34.9132,44.4512
45.6998,44.3987,52.69
49.7117,47.4381,54.3085
47.4634,43.9086,50.66
52.0394,46.8193,56.7383
56.8536,49.8825,64.1259
71.5446,64.0873,80.5638
77.9623,70.8349,86.904
74.9987,68.6,81.922
83.1212,77.9666,87.8376
95.3955,91.2652,98.8879
116.333,113.057,120.218
142.606,140.01,147.853
177.354,175.156,183.137
218.629,216.095,224.372
239.268,235.339,244.302
242.475,237.535,245.645
235.391,230.056,237.081
231.491,225.645,232.97
232.759,226.257,234.443
217.134,209.829,217.94
201.721,194.787,201.109
188.28,183.22,186.8
171.247,167.931,169.243
151.644,149.109,149.987
125.049,121.429,123.916
108.326,101.934,107.307
95.2006,86.5342,94.5292
83.2201,73.4117,82.5807
76.3856,65.9079,75.6027
65.8085,55.8233,65.7083
61.2646,52.5998,61.9922
58.2549,49.9696,58.7553
56.671,49.1286,57.36
60.5648,54.6015,62.6941
56.6649,49.2087,58.6652
56.2708,42.5263,56.6227
53.7727,32.0611,53.0044
45.7249,18.4621,43.1498
38.8279,9.88464,34.2934
28.1909,-0.0594183,23.8416
28.3483,0.458057,25.3654
32.4103,3.27391,29.5978
32.9314,2.39756,28.7626
27.8743,-3.32116,22.7092
18.1574,-12.8195,12.7725
20.1252,-9.54132,14.2385
21.5392,-6.65576,15.1711
20.7123,-6.23872,14.2526
22.1908,-3.45127,16.3065
11.7147,-12.1517,7.02421
2.36567,-20.1902,-0.920961
-7.76752,-30.8447,-9.69555
-22.6769,-46.5369,-23.6065
-32.5348,-56.3185,-32.9832
-34.831,-58.348,-35.0163
-16.3856,-39.1156,-15.3446
-3.46517,-24.9189,-1.322
-11.0505,-32.0545,-10.1134
-23.0811,-45.5829,-24.5908
-29.4923,-54.3233,-32.2934
-20.1943,-45.5912,-21.6111
-18.2674,-41.7836,-16.5248
-25.4396,-46.2145,-21.7955
-20.1511,-39.9249,-16.0896
-5.90048,-27.2571,-1.56607
8.74295,-14.8461,12.876
4.46361,-20.3859,8.15482
-9.69411,-34.0243,-6.26932
-11.905,-34.6497,-8.34985
-13.6187,-35.6435,-9.90046
-13.8148,-36.6183,-10.6348
-18.4898,-42.8488,-16.0999
-23.4424,-48.4088,-20.9491
-22.3991,-46.8451,-18.9469
-31.3698,-55.3287,-28.0779
-40.0411,-63.1474,-38.0519
-47.8473,-69.8859,-46.7002
-57.2598,-79.0412,-57.2361
-71.4537,-94.2219,-73.4182
-98.5494,-122.861,-102.562
-125.422,-149.84,-130.743
-149.571,-172.66,-154.599
-160.589,-183.115,-164.268
-153.939,-177.192,-156.529
-157.452,-180.584,-159.789
-172.02,-193.301,-174.332
-179.932,-200.028,-181.735
-175.963,-196.274,-177.528
-168.563,-189.487,-170.135
-164.608,-186.008,-165.245
-157.77,-178.358,-156.955
-159.74,-178.444,-158.507
-165.494,-182.728,-165.295
-168.288,-184.598,-168.798
-172.953,-188.084,-172.332
-170.873,-185.436,-169.175
-173.815,-188.82,-171.85
-180.342,-195.694,-177.337
-186.286,-201.603,-181.872
-189.742,-204.953,-185.059
-179.315,-194.946,-175.24
-161.673,-177.967,-157.995
-141.951,-158.593,-139.255
-132.709,-149.666,-131.38
-124.179,-141.825,-123.556
-104.354,-122.683,-104.26
-94.2517,-112.554,-94.5406
-79.3912,-96.8476,-80.2773
-57.249,-73.1751,-59.2232
-45.0546,-59.4531,-48.195
-33.4858,-46.8547,-37.7967
-26.2554,-38.8393,-31.2392
-13.185,-25.1748,-18.1754
-2.79468,-14.1157,-6.72208
-3.99423,-14.7995,-5.8945
3.11609,-7.30843,2.64093
3.86786,-5.66889,3.37845
7.51253,-1.32022,6.30866
14.5689,6.03992,13.1616
17.1907,8.34306,15.3711
29.3699,19.4494,26.4965
36.341,26.1284,33.7938
45.044,35.773,43.8343
50.9398,42.0213,49.4693
43.33,32.8351,40.3897
40.2738,28.3075,37.0112
36.8034,25.0547,35.0304
39.8131,27.7032,39.6148
49.1356,35.7929,49.5965
54.4427,41.4844,55.4452
63.3013,51.6324,64.8342
64.6568,53.9416,66.9117
72.7393,63.015,75.7477
86.1842,76.6514,88.4861
92.3555,82.5264,93.2298
98.3828,89.1348,99.5673
92.0972,83.4512,95.3232
90.5425,81.5994,95.6399
84.8583,76.3263,90.9021
71.9295,65.0227,78.0978
73.8228,68.3285,79.2781
65.7968,60.9307,70.4572
59.5652,54.7415,63.3901
63.2964,58.8936,65.8021
61.1102,57.861,62.7464
63.1352,60.9677,64.7781
57.9057,56.2829,59.687
55.0422,53.7702,57.1258
55.8859,55.5195,58.9727
48.6802,49.0965,53.2233
53.3975,52.9316,59.162
54.0877,51.5469,60.5789
54.8342,50.8612,62.1093
56.5713,53.179,64.1593
53.0976,51.8021,59.8864
67.6228,67.218,73.0437
67.2056,66.2293,71.3455
62.6593,61.7199,66.7433
74.2407,73.5785,78.9747
78.5968,77.8731,83.703
88.317,87.1428,93.8965
91.219,88.3085,96.9763
93.6266,88.5219,98.5575
105.326,99.291,108.943
109.114,102.988,111.891
119.382,112.837,122.074
132.054,124.927,135.411
155.245,147.724,159.762
179.884,171.355,185.646
164.066,154.137,171.027
133.241,122.768,140.966
106.21,96.2792,113.9
98.3182,89.5031,106.291
117.185,108.982,126.186
129.697,122.445,138.701
137.03,132.177,144.716
128.431,125.297,134.943
108.613,105.113,114.247
90.4045,85.3768,94.5429
69.7038,62.9022,71.9074
69.4748,61.096,70.743
73.9426,63.9492,75.2606
75.1672,64.0302,77.0871
74.594,63.8703,77.307
58.7141,49.3297,60.8675
56.865,48.0086,58.2927
60.7203,51.0414,62.5006
56.3412,46.5659,58.9671
44.5677,36.1447,47.856
20.2927,13.0382,22.8626
20.2265,13.8357,21.7306
30.9802,25.3649,32.2337
37.6615,32.1849,38.6505
44.2512,37.7089,44.3883
37.732,29.3043,36.6814
38.9875,29.234,36.5577
38.2235,27.8809,34.1652
32.8614,21.9717,27.7212
32.0123,20.4724,27.5853
28.2923,16.7064,26.0778
34.4404,24.2316,33.8143
31.4354,23.2705,30.3209
23.7524,17.4246,21.5893
28.8317,23.7676,26.9252
28.831,23.9881,27.5916
36.4321,30.9582,35.0752
39.0652,33.1622,36.263
32.9564,27.548,27.7508
31.1487,25.8259,24.1851
24.534,18.6163,17.1495
29.6462,24.8297,23.2119
27.3132,25.4051,22.2411
16.1751,16.2826,11.4451
13.7203,13.839,8.8083
8.70472,7.88432,3.50223
13.4888,11.7979,7.59256
13.8191,11.6619,7.26515
8.89916,6.99449,2.35903
9.65037,8.69905,4.79978
2.88184,3.00248,0.660387
7.0658,7.48073,6.22639
8.82515,8.71191,7.53102
1.05625,0.790901,-1.46425
-1.93655,-2.19184,-5.19288
-11.1292,-11.5807,-14.5883
-9.25131,-9.90578,-12.7488
-9.18465,-10.9607,-13.0742
-13.601,-17.8981,-18.3831
-12.2635,-19.5029,-18.1488
-20.1567,-29.0583,-26.6097
-20.6644,-29.5778,-25.7362
-23.5139,-31.522,-26.8142
-29.7959,-36.387,-33.4373
-34.2658,-39.4722,-38.9177
-47.7177,-52.3112,-52.2282
-50.6423,-55.4584,-54.0341
-56.5949,-61.8879,-58.9366
-65.9979,-70.6574,-67.6681
-67.4282,-70.0279,-68.1903
-79.2584,-80.4969,-79.8425
-82.5478,-84.3888,-83.9286
-86.2829,-89.7743,-88.5233
-92.9988,-97.7714,-95.8299
-87.1214,-92.2365,-90.3638
-85.0883,-88.6378,-88.9138
-76.1107,-76.4979,-79.8692
-72.8037,-71.4017,-75.9735
-73.9991,-72.5768,-77.1661
-68.824,-67.1443,-72.4153
-72.0728,-69.499,-75.9854
-69.6648,-66.7297,-73.4457
-71.133,-69.8607,-75.211
-71.4594,-73.0576,-76.2931
-61.8157,-64.7016,-66.1297
-63.501,-65.5998,-66.4782
-59.5927,-61.2743,-62.1958
-56.9826,-59.8083,-60.5242
-58.471,-62.6401,-63.5046
-51.5692,-56.95,-58.062
-50.5697,-57.2303,-58.3487
-42.044,-49.5999,-50.9192
-41.0895,-49.2556,-51.1774
-49.7868,-57.738,-59.9706
-52.7014,-59.8634,-61.2514
-57.6894,-65.7625,-65.4172
-47.4982,-57.9352,-55.4852
-40.3,-51.0861,-47.1964
-45.3939,-54.1305,-49.5988
-49.4228,-56.3358,-51.1417
-55.9356,-62.2393,-56.6681
-49.5236,-56.7744,-50.1714
-45.316,-54.446,-45.8584
-46.2341,-56.1117,-46.7979
-40.4093,-49.8483,-41.5291
-45.9997,-55.0873,-48.2218
-46.1035,-54.8019,-49.2041
-45.4151,-52.6411,-48.3954
-47.0847,-51.8649,-48.6266
-41.0173,-44.258,-40.8984
-42.7609,-45.3591,-42.0937
-37.2328,-38.3319,-36.5088
-36.2401,-35.9862,-35.9401
-40.3386,-40.9969,-41.6635
-36.1016,-38.9953,-39.3719
-39.6179,-43.7026,-43.8366
-38.6312,-42.1117,-42.1223
-39.0684,-41.8787,-41.7514
-36.9804,-41.1281,-41.0685
-22.3893,-29.0852,-28.3645
-20.305,-29.1751,-26.6392
-18.3255,-28.5281,-24.1948
-16.4555,-27.0503,-22.1252
-14.7732,-25.1371,-20.1564
-4.67329,-14.5777,-8.50482
-5.8043,-15.2019,-8.87144
-2.48801,-12.0493,-7.1338
-1.63609,-11.694,-7.16521
-4.86965,-14.2839,-9.26561
-0.728588,-8.10089,-3.3217
-7.00086,-12.3968,-7.56504
-13.2152,-17.7236,-12.3192
-22.7519,-26.4379,-21.4241
-22.4152,-25.4835,-20.9161
-4.30263,-7.89878,-3.2886
-5.04,-8.94822,-5.73845
-12.4839,-15.0115,-13.9947
-18.4701,-19.5595,-19.4294
-24.5693,-25.7105,-25.9615
-23.9323,-25.6751,-26.3712
-29.1372,-31.8724,-31.7725
-19.5477,-24.0191,-21.6263
-12.6229,-18.1238,-14.1748
-24.3268,-29.8375,-26.3134
-27.0864,-33.6588,-30.3837
-29.8241,-37.671,-34.3859
-26.5535,-33.9718,-31.1352
-20.9577,-27.3863,-24.2327
-16.5948,-22.4346,-19.3635
-7.96136,-13.8179,-12.0919
-10.8297,-17.2237,-16.6937
-12.1115,-18.8187,-18.9656
-12.5345,-19.3182,-20.1819
-12.6498,-19.348,-21.3337
-4.60762,-11.0545,-13.7356
-6.05174,-12.3043,-14.6934
-9.3715,-15.6094,-16.5251
-6.83237,-13.9425,-11.9377
0.106714,-8.64537,-4.46471
11.0403,1.00135,5.87355
5.19198,-4.58553,0.148048
-8.25191,-15.7074,-12.5568
-12.8323,-17.9404,-16.8166
-10.3867,-15.1553,-15.3764
-2.7166,-8.82398,-9.06402
-0.569367,-8.57311,-7.02398
0.349304,-8.76754,-5.12457
-2.62408,-11.1329,-6.71589
-5.31054,-11.9926,-8.20918
-2.63503,-7.93518,-5.40507
-5.61019,-11.3741,-9.3847
-7.30847,-14.772,-12.261
-11.4656,-20.032,-16.8226
-15.1855,-23.0505,-20.6003
-12.4159,-18.2917,-17.9732
-10.6131,-15.7582,-16.3066
-5.52729,-12.5954,-11.7067
-2.58207,-12.3892,-9.19436
-4.52826,-15.3089,-10.9668
-7.80116,-17.9785,-13.1367
-14.3884,-23.0795,-17.7337
-12.4052,-18.5684,-13.6061
-8.17834,-12.8276,-7.63325
-4.26152,-9.33171,-2.32938
1.53143,-4.37348,3.76459
-3.48135,-9.64219,-3.13425
-4.87135,-11.2173,-7.67251
-2.92053,-9.79301,-7.45851
-3.71648,-10.1209,-7.50849
-5.09795,-11.2812,-7.45365
-10.1287,-18.1959,-11.5939
-11.7627,-20.8585,-13.0575
-14.8805,-22.2832,-16.3318
-16.7315,-22.0847,-18.069
-9.19753,-13.7939,-9.64321
-1.7033,-6.15887,-0.991583
2.23696,-2.43782,2.63758
-1.02958,-6.4101,-1.85327
-7.22497,-12.6034,-8.84816
-9.36152,-14.3852,-11.0892
-8.1857,-13.5597,-9.86655
2.06948,-3.33197,-0.567118
4.2515,-0.469881,0.226507
-2.7832,-6.46836,-6.5316
-9.31385,-11.4068,-11.2108
-15.9293,-16.0824,-16.8325
-10.5081,-9.33492,-11.5674
-3.11355,-2.72509,-4.33782
-0.0987923,-2.10469,-2.35699
-1.63754,-5.33705,-6.1685
-9.14657,-13.6003,-15.3964
-7.68235,-13.4645,-14.1864
-0.778941,-9.04933,-6.97865
0.654168,-9.2235,-5.00495
-5.39551,-14.4901,-9.61416
-13.6192,-21.4948,-16.3124
-8.37779,-16.2625,-10.1858
-2.76953,-11.3392,-3.81537
-4.19769,-13.1653,-4.68039
-2.67126,-12.0579,-2.73352
-2.26607,-12.2586,-2.22202
-0.418101,-10.4754,-0.768135
-3.65032,-13.8199,-4.27434
-5.34113,-16.4102,-5.89493
3.75097,-8.96849,3.81836
9.58752,-4.85843,10.334
6.59946,-7.78766,6.97488
-2.10213,-13.9763,-2.69511
-4.61038,-13.5907,-6.23996
0.624387,-7.72007,-2.33872
1.05557,-8.34591,-3.10061
-0.0445808,-9.58615,-3.88469
-4.26095,-13.58,-6.49727
-10.7128,-20.7083,-11.9452
-14.8215,-25.4165,-16.0827
-20.1282,-30.5029,-22.068
-16.0912,-25.1329,-18.6364
-12.7533,-19.6653,-15.057
-16.8648,-22.6411,-18.8201
-20.5445,-27.4841,-22.2509
-20.8358,-29.7236,-21.77
-10.7918,-20.5824,-10.7513
-6.22884,-16.1865,-4.95142
-8.88725,-18.6239,-6.46319
-12.7867,-21.2243,-9.46534
-26.3546,-32.9098,-22.5934
-36.3746,-41.9256,-34.5505
-35.4535,-40.883,-36.4734
-24.8221,-30.2212,-26.1674
-8.14052,-13.1646,-8.04105
-0.151153,-3.92956,0.986492
2.21354,-0.0182024,3.27088
-1.98238,-4.23585,-2.21188
-7.44312,-10.9813,-9.39996
-6.38004,-11.2857,-9.43449
-5.76162,-11.721,-8.93778
-1.65729,-7.4441,-4.11607
-3.58793,-8.60751,-5.47406
-8.53807,-13.2293,-10.4273
-8.296,-13.0939,-9.65035
-7.71177,-13.4639,-7.95699
-1.46373,-8.85279,-0.769029
2.9748,-5.74516,4.57506
2.43842,-6.77197,3.70835
-2.04111,-10.6818,-2.24029
-11.8361,-18.9136,-12.3062
-11.7654,-17.9687,-12.0751
-6.20069,-13.6099,-7.57008
-4.25241,-13.3583,-7.54432
-4.69598,-14.7818,-9.85656
-10.5004,-21.9074,-16.6087
-12.6314,-25.4725,-18.1442
-17.4765,-30.4224,-21.2305
-24.9307,-36.2241,-26.5672
-26.2625,-35.1249,-25.8949
-16.9371,-24.4868,-15.9045
2.493,-5.35206,3.0845
5.3894,-3.45945,5.75751
-3.43275,-13.057,-2.92202
-6.88614,-17.0407,-5.27514
-8.82771,-19.7893,-5.98294
-7.60884,-18.6073,-4.49365
-8.39178,-18.4253,-4.74728
-7.53446,-16.4903,-3.02414
-2.23435,-10.5738,2.54995
-3.32323,-12.4497,0.914325
-5.8162,-16.2895,-2.29063
-6.83449,-17.5738,-3.61294
-1.97083,-11.9537,0.544588
3.28913,-5.73565,4.93151
-2.01193,-9.80224,-0.298043
-4.57483,-10.8449,-2.38681
-2.32659,-8.68889,0.330041
4.79336,-3.52733,7.6169
3.16523,-6.54979,5.53769
-12.3684,-22.2754,-9.46301
-19.4821,-28.8668,-15.2193
-20.3557,-28.9569,-16.4003
-16.9924,-26.0124,-15.1566
-11.7035,-22.415,-11.2552
-10.3745,-21.9173,-9.4868
-6.78727,-17.8309,-5.18619
-8.60863,-20.0182,-7.19781
-9.70317,-22.412,-8.97545
-5.52887,-18.6093,-5.54397
-5.7501,-17.9627,-5.96077
-2.65308,-13.1414,-1.04186
-4.3553,-13.4103,0.304171
-8.0342,-17.0477,-1.73647
-7.49981,-17.1668,-1.55559
-7.03905,-16.3675,-1.40157
-3.53687,-11.6565,2.49915
-2.64445,-11.203,3.68136
4.17156,-5.94751,11.1499
2.12347,-7.9997,9.44411
-11.2654,-20.573,-5.07535
-8.05409,-16.7,-3.95948
-6.79232,-14.7473,-4.52809
-13.018,-20.452,-11.3642
-17.2375,-23.6139,-14.9078
-20.0184,-25.658,-17.3833
-10.494,-17.2417,-9.21064
-5.56185,-13.6583,-5.87408
-1.63542,-10.0104,-2.60948
3.93468,-3.41415,3.17681
-3.31205,-8.36785,-3.16716
-1.53182,-5.53465,-0.764465
-0.929785,-5.17071,0.15204
-0.184727,-3.54468,1.74765
4.16975,1.44994,6.53152
-1.66557,-5.60662,0.147948
0.644084,-4.61816,1.66328
0.0691751,-5.10054,0.673775
2.93248,-1.02305,4.32184
10.6755,9.00205,13.8533
3.47871,4.1824,8.12246
-0.276444,1.0286,4.76635
-4.9683,-5.11728,-0.281967
-7.62746,-9.898,-3.64302
-4.37308,-7.603,-0.613833
-8.02106,-11.9646,-4.80125
-4.54525,-10.3775,-3.59298
-7.88738,-15.101,-9.19957
-14.446,-20.946,-16.411
-14.5105,-18.4453,-15.7413
-16.8914,-18.5798,-16.6789
-6.92727,-8.77174,-5.85565
-2.89884,-6.22612,-2.63512
0.69286,-3.63424,-0.470443
2.86884,-2.14831,1.06678
-9.69679,-15.3597,-11.5951
-5.98187,-11.4711,-7.4317
-0.294365,-4.55115,0.336407
3.75477,-0.247879,7.10895
9.70129,3.51226,12.8348
1.96049,-6.73154,2.18061
-1.04223,-10.3721,-2.81278
-8.74571,-16.2026,-11.0205
-16.2437,-20.7485,-19.7064
-11.5391,-14.3283,-16.7522
-13.6752,-15.3505,-18.3555
-6.40674,-7.98678,-8.8585
-4.12766,-7.92058,-6.0974
-13.0673,-18.8925,-15.6187
-11.5185,-18.1977,-13.3473
-13.4655,-21.9954,-14.5968
-9.77003,-20.7611,-11.6798
-10.8609,-22.5067,-13.7166
-14.0296,-24.573,-17.1054
-7.85277,-16.5437,-11.42
-8.54952,-15.0862,-13.6577
-2.26364,-7.05416,-9.17563
-1.59237,-4.79574,-9.00794
-5.09929,-7.05281,-11.6255
-1.88456,-4.00491,-7.58897
-6.42741,-9.56143,-12.2503
-3.28006,-6.38862,-10.0274
1.43763,-0.536236,-6.48037
5.29389,4.15234,-3.81306
10.0896,8.82858,-0.44558
-0.388759,-2.82439,-12.5305
-3.06954,-6.67823,-15.6038
-7.71301,-10.8639,-18.3404
-13.6335,-15.3406,-21.1634
-5.90563,-7.26192,-11.1239
-9.03856,-11.1817,-13.4981
-8.58945,-11.2515,-12.9924
-11.7017,-13.6035,-16.4848
-19.2631,-19.5072,-24.8999
-18.6785,-18.5169,-24.6513
-21.4006,-22.2435,-26.7194
-12.07,-13.1219,-16.7464
-4.94219,-5.38856,-9.42225
-3.61114,-4.43862,-7.70597
1.99297,0.379632,-1.06877
-1.99604,-3.2327,-3.77671
0.10209,-0.368613,-0.907541
-1.98143,-2.04081,-2.46005
-5.4496,-5.94077,-5.72984
4.39387,3.08356,3.68833
7.64284,7.65769,6.90677
17.9975,20.427,17.9889
18.7289,21.196,19.0033
8.35146,9.20827,8.2848
7.87832,8.15705,7.47542
-0.653864,-0.214246,-1.16386
-1.96027,-1.88555,-1.76508
-0.674416,-0.773058,0.263648
-2.21229,-1.99884,-1.51563
2.12461,1.92336,2.48849
-4.10645,-4.97243,-3.63081
-7.77562,-8.32078,-6.84896
-10.6103,-10.9601,-9.49284
-14.4327,-14.7934,-13.9041
-5.93689,-5.33418,-6.14128
-4.37617,-2.50346,-5.55346
-2.52739,0.239762,-4.57561
-2.56044,1.42006,-4.66883
-4.73603,0.683463,-6.43953
8.2576,13.8791,6.96957
3.96334,8.87612,2.2577
-3.97078,-0.136924,-5.97639
-1.48133,0.39436,-3.31442
-7.3157,-7.36541,-9.80675
-8.10432,-9.44752,-11.3761
-7.4126,-8.85765,-10.9929
-0.449257,-0.37127,-3.78715
4.69677,6.49862,2.04824
0.536846,3.25202,-1.4591
-0.0543476,2.06482,-2.30587
-3.55856,-3.42017,-6.72404
-2.92521,-4.30769,-5.20778
-5.16493,-7.14366,-5.35971
-13.083,-14.9411,-12.7248
-9.83098,-10.8258,-9.7188
-7.65902,-7.75512,-7.37982
-6.15303,-5.70603,-6.0055
-7.48389,-6.97705,-8.02268
-13.2866,-13.3322,-14.9688
-6.89032,-7.51748,-9.44059
-2.90759,-2.8323,-5.20328
1.59171,3.42767,0.310912
3.66688,6.30843,2.77094
-1.38235,0.227445,-2.61025
2.39996,2.29181,1.19987
0.199946,-0.535335,-1.09716
-0.411203,-0.483535,-1.69069
1.86515,2.55893,1.17352
1.39833,2.52607,0.794736
6.99455,8.03249,5.63086
5.30238,5.41551,3.12097
4.87248,3.72186,2.71076
3.72872,0.911302,1.84382
-5.65043,-10.6913,-8.19068
-9.69185,-16.3316,-12.7959
-19.4087,-26.054,-22.6953
-21.6394,-26.9343,-25.4377
-13.667,-17.2884,-17.4945
-12.8809,-15.1851,-16.4315
-14.7669,-16.8048,-18.4836
-23.4232,-26.4642,-27.7224
-18.7616,-22.6569,-23.0298
-8.01963,-11.3214,-10.8547
-7.77452,-9.13964,-8.83157
-5.52085,-5.12414,-5.28518
-9.93898,-8.58906,-8.85981
-15.5879,-12.833,-13.9447
-23.025,-18.4583,-20.7764
-26.7877,-21.3798,-24.0361
-10.459,-5.28199,-7.55476
-1.18496,3.77636,1.59208
-4.68047,0.410549,-2.11518
-9.14172,-3.90271,-6.51886
-9.42777,-3.28653,-5.63297
-0.0455068,7.92794,6.44939
-2.9915,5.98011,4.90034
-8.70855,-0.946784,-2.07055
-11.0882,-5.18215,-5.93366
-13.7413,-8.61764,-9.54426
-5.93199,-1.04644,-1.56768
-4.20339,1.17164,1.43322
-2.36245,4.18981,3.68983
-3.18252,3.90345,2.29432
-11.8955,-4.71952,-6.74332
-9.17141,-2.24778,-4.08054
-6.22728,-0.696633,-1.56841
-5.00538,-0.952505,-0.348305
-5.17387,-0.782643,0.885786
-11.0376,-4.09464,-3.62014
-12.5954,-2.94777,-4.46972
-18.4921,-7.49718,-9.30657
-17.197,-6.0428,-7.12633
-8.2834,0.627118,1.37999
-5.07035,-0.44206,3.01161
-2.76542,-1.02692,4.25224
-11.1499,-9.54183,-4.40386
-12.9477,-10.0067,-6.60558
-11.2771,-6.70022,-4.80558
-21.7765,-16.4964,-14.3305
-24.8925,-20.5148,-16.4829
-20.0308,-16.7404,-11.2621
-9.00353,-5.80984,-0.50697
0.877045,4.00857,8.67165
2.50728,5.08571,9.19713
1.13803,3.32249,6.5952
-9.00584,-7.26344,-5.23726
-11.1927,-9.91904,-8.70014
3.45898,4.25953,6.55447
10.2606,11.3375,13.5959
3.74681,7.77708,6.41738
-7.83009,-0.206199,-5.19846
-9.31893,-1.12469,-7.08485
-5.54814,1.11941,-4.32254
-7.46109,-2.23199,-6.85278
-7.32004,-3.77168,-6.90393
-11.0161,-9.43254,-11.6873
-13.3483,-13.0757,-15.7739
-15.5121,-15.844,-18.2622
-17.2967,-17.5815,-19.0995
-13.2176,-12.3024,-13.8246
-13.9642,-11.6694,-13.4717
-19.1138,-15.8696,-18.1573
-25.4793,-21.2382,-24.3018
-18.4831,-13.8836,-17.6429
1.95474,6.40378,1.97752
10.5084,14.4196,10.3869
8.04795,11.3204,8.21608
4.38437,8.26722,5.09302
4.26641,9.23911,5.69931
7.85178,12.7072,10.1801
7.40141,11.2446,9.87706
10.854,13.3777,11.6003
11.3856,12.5219,10.6689
6.67928,7.51537,6.05353
4.16049,5.88256,3.76304
-0.942409,1.17783,-1.20729
1.46558,2.83021,0.79538
4.52573,4.2495,2.56867
3.40571,0.823738,0.402957
1.93371,-1.89953,-0.952877
-2.89884,-6.59151,-5.04489
-0.079075,-4.07147,-2.12428
3.97583,-0.536097,1.55419
2.18081,-1.63409,-0.901946
2.91935,0.471954,-0.654565
1.89446,-0.28057,-1.73415
2.64956,-0.179741,-1.31279
1.29874,-2.48614,-3.21979
-1.92795,-6.46482,-7.79748
1.86702,-1.97339,-5.69606
-0.393625,-2.21251,-8.20072
-2.98931,-2.55945,-10.5383
-1.24141,0.10492,-9.67017
3.22102,3.97478,-6.03163
8.8711,9.82524,0.949241
3.98985,6.24361,-1.41647
-3.42236,-0.614821,-7.95485
-6.09071,-3.71158,-11.0937
-4.05037,-1.7737,-9.31203
1.06533,3.84492,-3.63822
4.09835,6.71845,0.473151
-0.0886772,2.69838,-3.28556
-13.5372,-9.28465,-16.6544
-19.4986,-14.7275,-22.9588
-14.1062,-10.2657,-18.8103
-9.05363,-6.08723,-15.0052
-0.623488,2.34746,-6.60259
1.04791,4.33326,-3.35253
-0.958732,2.3427,-3.82391
4.77738,7.77678,1.25978
8.96217,10.4377,2.52167
16.1714,16.0128,7.26182
16.8102,16.888,7.82804
12.4772,13.897,4.89924
8.85162,12.327,3.20817
4.13689,9.88449,0.278412
12.0422,18.0495,8.80276
16.0347,20.7476,12.4703
16.679,20.8347,13.164
22.5411,27.2948,19.8554
22.9196,29.1496,21.079
25.4586,33.8379,23.4952
25.8333,36.0815,23.443
26.1462,37.078,24.4782
29.2628,39.7083,29.0825
24.2951,33.4566,25.1206
23.7552,31.7388,25.2504
24.9975,32.8167,27.4679
27.0199,34.7814,29.5276
33.2557,39.4581,33.971
37.1598,41.0166,35.2824
45.815,48.1449,42.0589
46.9993,48.5992,43.6449
46.1773,48.2484,44.9605
48.174,52.291,48.4904
49.5948,55.2965,50.6639
55.2729,61.1083,56.6115
42.7004,48.5676,43.4438
30.8652,37.1196,31.2474
34.0934,40.7055,34.8306
32,38.8508,33.7324
36.383,43.3571,39.5255
40.7047,47.1707,44.2977
42.12,47.2228,44.5645
42.6137,46.2684,43.4912
33.5898,36.5209,34.6393
36.5458,40.0159,39.4847
40.9016,45.9669,44.9787
41.3364,47.7596,44.7829
44.3222,50.8033,46.0825
36.7548,42.4039,37.0632
37.6093,42.7265,37.9241
38.5374,43.7585,39.5729
41.135,46.8193,42.7167
45.1187,51.2043,46.7678
30.9578,36.0154,31.7078
31.6863,34.1188,31.5248
38.2706,38.249,37.5332
38.5414,37.2828,37.2737
43.7918,42.5253,42.8902
39.1857,38.7066,39.556
37.7875,38.2901,38.9651
34.5921,35.7138,35.3267
29.7701,30.9649,29.9197
35.6004,37.1329,36.0565
33.148,35.555,33.9958
36.491,39.344,37.4505
39.8383,42.1383,40.815
37.3109,38.4028,38.4446
41.9589,41.4526,43.7091
35.0303,32.7839,36.9688
35.4836,32.1353,37.312
39.8934,36.3515,41.8638
37.7641,34.5816,39.4886
37.2966,34.338,39.0022
23.1401,19.899,25.8861
19.5735,16.2224,23.1158
26.1567,23.2511,29.3382
29.6124,26.5758,32.1734
36.2982,31.7571,38.5107
32.7537,26.4096,35.0654
34.1581,26.6365,37.1122
35.7506,27.3769,39.1566
32.4022,23.3158,35.597
35.1223,25.6358,37.9391
24.2107,14.4375,27.0716
18.8441,9.05786,22.0736
16.4427,8.04139,19.0895
9.67726,3.71231,10.5436
15.633,11.585,15.2996
16.0985,13.5553,15.624
23.0059,21.7047,22.6484
24.4858,23.2261,24.3117
11.9785,9.60323,11.9878
9.27758,6.28397,9.50257
6.11887,4.21167,7.11518
11.0489,10.6842,13.1192
14.8679,14.8592,17.0625
12.6098,11.9118,13.9052
20.1751,18.5496,20.138
19.4037,17.8335,17.8229
19.6318,19.9313,17.1879
14.0387,16.7866,11.8738
-0.725847,3.33231,-1.87048
-1.58269,2.6107,-1.83242
-3.79206,0.266757,-4.02006
1.03383,4.62182,0.773768
2.52452,4.89668,2.13074
-3.5239,-2.77437,-5.16525
-0.957583,-1.336,-3.67726
-3.14964,-2.63551,-5.22852
4.69101,7.76872,4.21191
6.30866,11.1375,7.17533
-4.5686,0.361963,-3.53149
-5.12095,-0.778582,-5.03574
-11.0909,-7.8387,-11.7984
-10.7468,-9.08743,-11.154
-7.03202,-6.10346,-5.73698
-8.72035,-7.3488,-5.57624
-2.3066,-1.43472,0.977215
-7.62632,-8.448,-5.66416
-10.2755,-11.7154,-8.86584
-10.2949,-11.0195,-8.27921
-20.931,-21.0126,-18.5484
-30.2093,-30.0145,-27.537
-54.5816,-54.4941,-51.6554
-76.653,-77.8456,-74.4725
-92.7697,-95.8751,-92.4395
-108.03,-111.985,-109.054
-106.794,-110.465,-108.032
-102.47,-105.652,-104.042
-91.5909,-94.4254,-93.7266
-86.6557,-89.482,-89.3681
-86.3535,-89.1869,-89.6585
-69.7638,-71.8686,-73.6926
-57.9559,-58.6685,-63.0095
-41.549,-42.1223,-47.4524
-26.7544,-29.6288,-32.0193
-20.8331,-26.0549,-24.1921
-8.4136,-14.304,-10.6797
-19.563,-25.1114,-22.8103
-31.443,-36.7541,-35.7527
-26.2666,-31.893,-30.4207
-21.0135,-26.5744,-23.5746
-16.6339,-22.0021,-16.4415
-30.5723,-36.9938,-28.7834
-30.9163,-39.6596,-29.3007
-11.2102,-22.5749,-10.2716
-1.28041,-14.6237,-0.556701
3.09651,-11.3876,4.42549
-1.72564,-16.8888,0.0728122
-3.71048,-18.8992,-1.67671
-10.2065,-24.1992,-7.90793
-27.0171,-38.9843,-25.3032
-22.929,-33.8435,-22.1094
-13.7132,-25.1277,-13.0274
-10.7448,-22.3499,-9.24134
-12.6616,-23.622,-10.0496
-18.7798,-28.8589,-15.8197
-12.0204,-21.1582,-9.19624
-11.1003,-19.7707,-8.50312
-11.0114,-19.2633,-8.62843
-5.30202,-12.5838,-3.30137
2.23887,-4.03263,3.23399
20.6988,14.7649,21.2231
28.5874,22.7969,30.3478
33.6244,28.4469,36.9328
41.3652,36.4959,45.3096
47.0201,42.0184,51.4317
63.0378,58.2083,67.68
67.335,62.6631,71.2222
65.016,59.7785,67.688
65.852,59.5418,67.6832
61.8846,54.54,63.6702
64.3543,55.9553,66.6835
62.2131,53.7119,65.1353
66.981,60.1676,70.3079
74.1255,68.9351,76.651
70.1572,64.9538,70.6111
73.9407,67.3206,72.8819
76.8401,68.4023,75.6511
84.5201,75.694,83.7302
89.656,81.8027,89.0649
87.1867,79.2869,87.1382
99.3832,90.3094,100.537
111.137,101.596,112.395
120.887,112.02,120.485
120.977,113.046,118.815
105.555,98.7066,102.088
107.189,101.231,103.183
112.982,106.823,108.979
119.623,112.247,115.23
126.76,117.057,121.508
118.417,106.744,111.963
106.514,94.9786,99.5652
86.0377,75.7958,79.2251
72.1073,63.2186,64.8138
63.258,55.7096,55.1682
49.2014,43.0205,40.5974
45.577,40.6741,36.8663
38.4474,33.6266,29.4381
33.406,27.0288,24.0528
31.8331,24.4198,23.3725
24.9815,18.6351,18.091
25.0104,20.2291,19.2544
16.1405,11.3732,10.8915
8.23902,2.67509,3.00224
9.57356,3.56253,4.70083
8.41039,2.24222,4.54693
9.0841,3.46695,6.45402
-9.58095,-13.7645,-10.8247
-28.4401,-31.3499,-28.32
-33.3888,-35.1235,-32.6079
-38.1321,-38.3577,-37.2552
-38.5735,-38.4703,-37.8128
-48.109,-49.1798,-48.4884
-47.0452,-49.4168,-48.5635
-40.2731,-43.1852,-41.3527
-52.6341,-54.7079,-53.5503
-69.0508,-69.2396,-70.8581
-92.2995,-91.0697,-94.3221
-108.372,-106.581,-109.639
-128.182,-125.859,-127.965
-179.409,-176.423,-177.219
-236.297,-233.263,-232.59
-294.265,-291.641,-290.555
-343.255,-340.335,-340.837
-382.752,-378.509,-381.952
-418.579,-412.034,-419.039
-429.591,-420.781,-430.366
-435.9,-426.365,-436.626
-436.931,-428.401,-437.867
-431.321,-424.646,-432.197
-423.071,-417.31,-423.182
-395.525,-389.045,-394.225
-369.254,-361.448,-366.267
-347.417,-338.175,-343.209
-337.911,-327.713,-334.056
-343.839,-334.101,-342.038
-335.171,-327.141,-334.869
-324.96,-318.09,-324.779
-313.306,-305.782,-312.488
-296.547,-288.764,-293.975
-281.619,-275.465,-277.395
-247.128,-243.212,-243.166
-216.886,-214.603,-215.05
-198.838,-197.326,-198.229
-176.615,-176.083,-175.278
-154.703,-155.417,-153.264
-131.139,-132.31,-130.733
-120.102,-121.214,-120.404
-108.975,-110.499,-109.477
-91.4533,-94.1846,-92.7396
-79.9985,-83.4471,-81.9085
-70.1471,-72.5161,-70.7072
-73.4477,-74.0568,-72.9447
-75.098,-74.1183,-76.3177
-69.9243,-67.7975,-73.7855
-71.0018,-69.4426,-75.797
-61.1387,-61.9119,-64.8015
-56.7201,-59.3219,-59.5852
-60.015,-61.9397,-63.8549
-53.3434,-53.8757,-59.2335
-43.6536,-44.1169,-52.5545
-30.3679,-31.4382,-41.5556
-23.8339,-25.2116,-35.1332
-17.5357,-17.8048,-27.5836
-8.10616,-6.37662,-15.8643
-3.94054,-0.603176,-9.56218
0.829706,5.32093,-4.3585
2.54393,6.40003,-3.71559
7.54597,9.43286,0.128804
14.6232,15.7842,7.4543
17.5563,18.7624,11.4469
19.2176,20.394,14.0663
16.8109,18.2366,12.0332
19.2917,20.9209,14.1628
23.1952,24.2777,17.9293
21.4145,21.2915,15.4526
26.6448,25.8397,19.2251
33.0809,31.5832,25.0187
39.0199,36.0192,31.3194
41.0851,36.5066,33.9002
33.7502,27.5864,25.9656
30.8662,23.698,21.3958
29.677,22.7883,19.357
30.0153,24.1738,20.6286
28.44,23.9428,20.8346
26.6339,22.539,19.8739
31.9742,26.4547,24.7293
31.3822,24.6925,24.3617
31.1264,25.7695,25.7031
34.8073,30.8635,30.0224
32.2342,27.3982,26.0126
28.1269,22.6467,20.804
22.9278,18.353,16.397
24.3484,20.1016,19.3387
32.136,26.6467,28.3798
36.9305,30.9638,33.5367
42.3818,38.2069,38.4634
40.6923,38.217,35.6557
42.975,40.3378,36.7792
52.4923,48.2113,45.4984
58.7088,52.6564,51.1473
65.966,59.0218,59.2753
67.6299,60.162,62.7614
67.9177,60.3204,63.3133
64.8812,57.812,59.4503
58.7649,52.7641,52.3282
62.8926,58.2148,55.2442
66.533,61.795,58.6148
64.5879,57.8897,57.1977
61.7768,53.3032,54.1864
62.5249,54.1979,54.5268
70.6683,63.0664,64.0779
70.8322,62.3234,66.1466
67.7036,58.0891,63.337
67.3973,58.037,63.418
66.6402,57.2359,64.3148
69.0244,58.9342,68.7268
66.9384,56.9479,67.4236
70.4725,61.4425,70.2812
75.9676,67.7006,75.871
76.7357,68.4213,77.1565
83.9653,75.025,84.0308
90.925,81.5174,90.7485
100.452,91.1425,100.419
113.897,104.62,114.893
116.047,106.949,119.027
104.216,95.993,108.691
96.3875,88.9393,101.29
105.378,98.4317,109.838
110.833,104.255,115.059
107.803,100.829,111.873
108.039,99.986,110.703
104.877,95.325,105.897
107.308,96.0973,107.64
111.314,98.1941,110.848
112.731,97.3008,110.664
121.061,103.7,117.505
124.233,105.958,119.802
121.929,103.721,117.296
112.902,94.6784,108.632
104.185,86.2767,100.209
103.87,88.168,100.144
108.774,95.2988,105.517
127.347,113.959,124.18
141.469,126.909,138.066
141.345,125.276,137.605
135.812,118.748,131.737
123.104,106.412,119.199
119.166,104.206,115.212
120.784,107.795,116.078
119.602,106.968,114.574
120.293,106.062,116.389
119.865,103.428,117.422
133.031,115.756,130.662
145.155,129.272,142.697
144.916,131.104,143.421
142.635,130.328,141.962
133.963,122.387,133.275
125.38,113.789,123.972
109.67,97.7709,107.162
95.7626,82.7831,91.5999
98.4698,83.4294,91.6107
102.157,85.2212,93.6186
102.201,84.975,94.9205
90.928,74.4011,85.8074
66.6748,50.1296,62.3431
39.1548,22.3046,34.7122
5.79355,-11.2831,1.31887
-23.2671,-40.8757,-27.2213
-55.6066,-73.5754,-58.0789
-96.2702,-113.794,-97.2359
-133.429,-149.516,-134.581
-166.59,-181.297,-169.456
-183.745,-198.304,-188.087
-198.597,-213.729,-203.498
-216.017,-231.363,-220.404
-224.741,-239.354,-227.127
-230.237,-243.251,-229.814
-228.736,-239.705,-226.246
-231.621,-241.464,-228.232
-235.58,-246.019,-232.343
-231.699,-242.429,-229.353
-233.777,-244.098,-232.419
-236.26,-247.397,-236.84
-243.044,-255.573,-246.343
-254.684,-267.753,-258.99
-263.087,-276.779,-266.613
-273.074,-288.47,-276.434
-272.279,-289.463,-276.095
-282.78,-301.162,-286.515
-318.15,-337.496,-321.465
-353.978,-373.571,-356.988
-378.064,-397.612,-381.311
-368.92,-388.995,-373.046
-341.786,-361.856,-346.431
-319.228,-338.77,-323.822
-297.665,-317.329,-302.413
-277.064,-297.167,-282.23
-244.107,-264.709,-250.158
-206.075,-227.32,-212.685
-169.95,-191.373,-176.289
-133.164,-154.278,-139.913
-110.075,-131.621,-118.236
-83.5743,-105.914,-92.5114
-49.4428,-71.5262,-57.9053
-18.5003,-40.0214,-26.54
11.0151,-10.7399,3.25815
26.1938,3.67527,19.4783
36.4345,14.0939,30.2113
41.6796,21.0537,34.7652
47.802,28.5902,40.835
61.7433,42.7187,55.875
67.0527,47.6726,62.1696
70.6235,51.0832,65.6436
67.0286,47.9469,61.3605
64.4515,45.8738,58.1588
74.3917,55.6698,66.9544
72.4256,53.1588,63.8431
56.9871,37.5099,49.3755
30.9035,11.7167,25.8318
1.74211,-16.7747,-2.24104
-23.5442,-41.2131,-28.4539
-60.9104,-78.1461,-66.3805
-99.6529,-116.714,-103.755
-145.553,-162.291,-147.659
-192.299,-208.957,-193.464
-222.026,-238.711,-222.72
-254.278,-271.302,-253.619
-287.365,-305.806,-285.23
-334.364,-354.416,-331.88
-373.156,-393.254,-371.106
-375.022,-393.591,-373.423
-382.329,-399.108,-380.158
-404.41,-419.956,-400.557
-434.056,-449.29,-429.424
-445.059,-460.509,-441.929
-396.214,-411.571,-395.33
-303.812,-319.113,-303.167
-228.458,-245.334,-226.704
-232.387,-251.956,-230.807
-263.579,-283.841,-262.757
-237.354,-256.009,-237.132
-162.359,-179.295,-163.442
-40.4102,-56.2281,-42.5352
102.314,87.1352,99.9883
224.959,210.251,222.627
300.747,286.642,299.123
302.243,288.273,301.995
276.008,261.09,276.16
254.642,238.295,253.988
241.169,223.613,240.049
231.839,214.183,231.314
201.904,185.626,202.648
177.635,162.912,179.28
173.67,159.782,174.89
187.103,173.821,187.297
209.902,197.797,209.545
207.465,196.384,206.839
208.676,197.57,208.157
234.523,222.835,234.382
268.084,255.28,267.599
293.348,278.822,291.843
285.52,269.757,283.542
279.467,263.88,277.569
289.826,275.537,287.394
302.055,288.657,299.059
310.404,296.692,307.833
304.062,290.12,302.538
315.081,301.726,314.511
343.852,331.044,344.419
374.383,361.64,377.027
401.866,388.96,405.866
406.149,393.321,409.242
411.369,399.005,412.566
419.467,407.149,419.636
412.129,399.414,413.223
396.933,384.385,400.371
371.31,359.031,376.774
361.496,347.87,367.409
359.543,344.474,364.995
348.859,335.194,355.478
341.269,330.086,350.707
323.377,313.463,334.61
317.593,308.44,329.067
309.622,301.767,321.022
284.813,278.809,296.356
270.3,265.337,281.285
249.18,244.109,258.677
235.249,229.722,243.597
231.543,224.875,238.949
225.19,217.162,232.038
222.926,215.106,230.649
202.685,196.318,211.024
183.172,177.92,191.138
175.826,171.186,184.027
167.214,163.763,176.35
166.76,165.11,177.067
154.685,153.719,164.902
146.656,144.316,155.082
152.336,148.107,159.436
151.769,146.989,158.614
147.098,141.871,153.34
118.085,112.056,122.866
90.6274,84.7993,94.847
80.9022,75.4818,85.9874
75.414,69.0898,80.8746
80.8011,72.2508,85.4543
75.8339,66.0596,79.484
71.3029,62.9843,74.818
68.5478,61.9485,72.6653
59.2849,52.5345,63.7381
60.0188,52.4641,64.3488
50.747,41.9571,53.8663
42.4838,32.3263,44.228
40.5667,30.4733,42.9899
34.7068,25.57,39.0162
43.7393,35.183,49.8107
37.4358,28.7115,43.5754
19.92,10.7453,24.4411
13.1967,4.28557,17.0907
7.59576,-0.114642,11.5069
13.0463,6.11863,15.8333
12.7203,5.47807,14.1196
10.9172,3.74531,12.7835
15.41,9.35276,19.1755
15.7583,10.1605,20.5356
22.0142,14.9293,26.6602
23.3922,14.1987,27.3553
22.5379,12.4794,25.6568
23.4631,13.7994,25.8614
15.1801,6.41667,16.2816
6.97183,-0.926775,7.55103
-10.0607,-16.8937,-7.73327
-30.9904,-36.0825,-26.2837
-48.547,-53.1102,-42.9963
-76.0277,-82.0151,-71.6713
-102.249,-109.864,-99.9414
-132.887,-142.525,-132.443
-162.005,-174.151,-162.417
-183.341,-196.614,-183.662
-206.54,-218.882,-207.028
-223.078,-233.918,-223.834
-246.093,-256.091,-246.522
-268.32,-278.415,-268.509
-281.108,-292.225,-281.768
-292.418,-304.462,-293.35
-293.63,-306.004,-293.135
-299.611,-312.535,-297.254
-310.735,-323.895,-308.047
-320.194,-332.447,-317.682
-329.109,-340.043,-326.602
-325.208,-334.816,-322.379
-330.894,-339.041,-327.721
-346.384,-353.072,-343.656
-361.623,-366.96,-359.576
-382.797,-387.698,-381.701
-391.776,-397.426,-391.861
-398.01,-403.853,-399.488
-396.886,-402.16,-399.414
-387.776,-392.737,-389.818
-388.568,-393.329,-390.196
-381.72,-386.172,-383.593
-370.684,-374.119,-371.871
-360.182,-362.601,-360.119
-349.477,-352.607,-349.099
-347.136,-352.011,-347.857
-339.227,-344.71,-340.781
-326.063,-330.387,-327.4
-308.244,-311.165,-309.752
-291.807,-294.661,-293.838
-286.191,-290.4,-288.705
-276.505,-282.391,-279.447
-273.514,-280.108,-277.002
-267.51,-273.084,-272.147
-252.564,-256.04,-258.107
-249.097,-251.143,-254.292
-246.13,-247.616,-249.995
-245.376,-246.717,-248.281
-246.258,-247.929,-248.958
-247.481,-249.332,-250.112
-249.885,-251.075,-252.775
-238.635,-238.872,-241.895
-227.443,-227.433,-230.872
-221.411,-221.687,-224.953
-208.649,-209.652,-211.69
-202.105,-203.997,-204.934
-206.462,-209.045,-209.656
-210.47,-213.778,-212.89
-208.926,-211.723,-210.036
-217.648,-218.452,-218.149
-239.952,-239.683,-240.601
-260.392,-259.988,-261.216
-288.491,-287.365,-289.21
-322.943,-321.164,-324.193
-365.171,-363.953,-367.139
-420.368,-420.917,-423.023
-491.151,-493.103,-494.903
-595.502,-597.225,-599.762
-716.183,-716.457,-720.071
-829.329,-828.392,-832.788
-921.078,-919.706,-924.11
-984.891,-982.714,-987.418
-1034.22,-1031.27,-1036.95
-1074.75,-1071.37,-1077.85
-1110.63,-1106.36,-1112.78
-1132.49,-1127.48,-1133.52
-1135.03,-1130.23,-1136.12
-1134.96,-1130.42,-1136.49
-1125.87,-1119.85,-1127.97
-1108.24,-1099.8,-1111.57
-1085.59,-1076.42,-1090.72
-1052.84,-1044.31,-1059.19
-1019.25,-1011.01,-1025.29
-976.846,-968.584,-981.486
-944.267,-936.409,-947.648
-930.295,-923.306,-933.624
-911.722,-906.314,-915.475
-891.405,-888.343,-895.092
-862.35,-860.777,-865.816
-826.247,-824.269,-829.613
-778.425,-775.46,-782.111
-726.32,-722.594,-730.691
-692.557,-687.799,-697.389
-656.52,-650.668,-660.858
-626.662,-620.989,-628.789
-605.388,-601.279,-604.893
-574.348,-571.45,-573.375
-547.258,-545.659,-548.01
-512.787,-513.603,-515.272
-478,-480.572,-481.075
-448.708,-450.552,-451.319
-404.345,-404.17,-405.543
-362.111,-360.932,-361.937
-316.987,-316.391,-316.167
-276.864,-277.496,-275.794
-247.033,-247.919,-245.368
-207.102,-207.2,-204.696
-174.699,-174.33,-172.246
-138.514,-138.542,-136.405
-101.17,-102.13,-99.9043
-68.0773,-69.6645,-67.0874
-27.4533,-29.6745,-24.8918
0.796251,-2.7813,4.44301
39.6593,34.5853,42.138
91.755,84.8873,92.7071
133.806,125.58,134.667
172.378,164.739,174.195
196.748,190.028,199.125
224.287,217.65,226.462
253.859,248.214,255.558
276.806,272.792,277.486
310.307,306.533,309.637
333.467,328.409,331.755
357.289,350.755,355.421
377.398,370.088,376.322
382.395,375.45,382.991
392.845,387.975,395.647
399.668,396.9,403.749
414.983,412.487,418.666
429.486,426.14,431.133
437.06,432.583,436.384
453.743,449.189,453.274
452.736,449.636,455.321
442.875,440.736,448.163
436.302,433.76,442.131
439.184,435.793,444.554
463.925,459.416,468.477
472.661,466.698,476.162
476.839,469.853,480.428
490.355,482.887,494.915
502.108,494.112,506.362
522.358,514.144,525.364
531.442,523.887,534.3
537.633,532.062,541.819
539.53,536.31,545.046
532.174,529.21,537.621
531.695,527.49,536.35
527.438,521.953,532.156
531.97,524.926,536.84
533.461,525.978,536.982
520.524,513.369,521.721
518.843,509.967,518.255
516.653,504.881,515.435
519.101,506.15,517.856
517.292,505.2,516.096
503.958,493.545,503.12
512.334,503.766,512.048
524.853,517.326,524.372
536.059,527.104,534.843
534.821,522.914,533.125
513.959,500.614,512.365
498.092,485.211,496.989
475.675,463.645,474.514
460.181,448.701,458.889
447.084,435.104,446.521
425.455,411.72,425.255
414.955,400.043,413.861
399.796,385.866,398.031
387.846,376.342,386.497
378.052,369.061,377.724
361.782,354.811,362.803
358.461,352.196,360.046
356.664,349.178,357.154
374.827,365.753,373.911
408.648,399.583,407.251
434.309,425.901,433.472
453.767,444.549,454.049
439.002,428.12,439.943
423.821,411.796,424.232
422.981,410.433,421.746
404.723,392.504,402.489
387.639,376.478,385.94
372.599,362.734,371.429
368.168,359.719,367.19
363.533,355.978,362.91
337.415,329.15,336.751
316.398,306.152,315.192
291.855,280.149,289.973
266.233,255.023,263.586
248.624,239.666,245.164
230.673,223.873,226.8
229.286,223.265,225.951
219.813,213.547,217.625
198.771,191.939,198.214
177.988,170.472,178.614
155.873,147.837,156.091
151.163,143.616,151.217
142.034,135.321,142.458
133.028,126.042,133.045
128.083,120.411,127.794
118.514,110.886,118.722
122.664,115.985,123.773
121.502,116.927,123.4
119.616,116.911,121.895
118.885,115.918,120.926
110.202,105.447,111.3
109.473,102.655,109.3
95.2733,87.7569,94.2914
85.0444,78.367,84.7668
91.0162,84.1856,91.9154
87.5902,79.1055,88.3133
87.7924,77.5618,87.6778
81.3111,70.0009,80.4461
79.2308,67.9229,78.3236
82.5383,71.9512,82.7995
75.7325,65.7179,77.5625
81.9616,72.395,84.836
83.7313,74.9677,86.6951
82.1172,74.1443,84.6857
84.8989,76.5945,86.6212
84.5405,74.7807,84.6113
98.2733,87.4288,97.1552
108.794,98.0037,107.819
117.17,106.82,116.988
124.744,114.478,125.222
118.466,108.65,119.166
123.155,114.635,124.733
127.922,120.65,130.934
135.68,129.024,139.532
142.601,135.804,146.708
129.334,121.998,132.926
123.223,116.363,125.963
116.527,110.935,118.309
114.683,109.103,115.926
118.583,112.384,120.415
114.801,108.552,117.624
121.292,114.843,124.681
125.953,118.699,128.419
137.255,128.242,138.385
153.508,142.283,155
154.274,142.019,156.678
158.288,146.095,160.653
156.898,144.188,158.764
159.799,146.156,161.705
171.86,157.798,174.701
172.5,157.606,176.93
177.458,160.821,183.312
176.805,159.133,182.917
180.674,163.443,186.356
191.494,174.632,197.606
194.379,176.413,202.111
208.71,188.99,217.272
217.237,196.879,224.393
218.797,198.658,224.439
214.712,194.3,220.88
199.041,179.085,206.232
195.49,177.977,202.881
192.651,176.851,199.684
193.453,176.954,200.503
197.401,179.993,205.286
187.515,170.405,194.985
182.021,165.229,188.181
169.148,151.983,175.655
160.728,143.28,169.336
165.044,147.356,175.454
161.54,143.822,171.64
162.751,146.04,171.131
152.372,136.503,159.531
141.128,124.48,148.416
140.717,123.52,148.875
134.136,118.173,143.562
132.649,118.122,143.994
128.461,114.729,140.9
131.654,118.532,143.611
138.544,125.047,149.326
128.935,113.838,138.124
126.023,109.723,134.362
119.514,102.777,127.296
119.637,102.466,126.175
134.945,117.07,139.808
130.194,111.562,132.556
124.083,105.131,125.04
119.112,100.231,120.626
111.272,93.2457,113.427
106.812,91.251,109.442
96.2802,83.6046,99.3121
90.9507,78.6177,94.0249
80.5055,65.3484,82.6833
71.3107,52.9966,71.8811
72.2597,52.3359,73.0357
70.8432,50.8721,74.1503
73.2645,54.5101,78.5715
66.119,48.3874,70.8467
53.3304,35.9851,55.9317
53.0729,36.3041,54.029
61.1088,44.2316,61.0977
81.6155,62.9229,81.786
93.156,72.2371,94.5171
82.0876,60.7682,83.7424
67.3383,47.201,68.5857
58.3946,39.1942,59.1049
62.08,43.1499,61.5095
66.081,46.7402,63.9382
68.6752,48.113,65.6558
70.5419,49.093,67.1433
66.5963,46.0314,62.844
67.0222,48.6111,63.6799
63.886,47.2753,61.7223
63.238,47.0347,61.2659
66.3578,49.0698,62.8436
64.5243,45.107,59.4301
64.9457,43.7385,60.24
62.5811,41.1274,59.8881
58.8151,38.2606,57.5977
52.6259,33.4181,51.4506
43.5125,25.1159,41.1273
44.213,25.1197,40.6202
46.0985,25.352,42.5454
49.3991,28.2582,45.8162
54.3469,34.4765,49.6085
50.5529,31.7494,44.6468
46.2916,28.726,40.383
38.7164,22.9128,32.641
36.0688,20.6908,28.6712
36.6977,20.5175,28.8678
34.0366,17.9306,27.8439
35.0038,20.3327,30.8035
26.1216,12.9222,22.5544
17.2851,5.22283,13.5757
13.314,2.05119,9.74991
5.77075,-5.27548,2.67683
3.23134,-7.21862,1.47288
-0.235538,-9.77836,0.0884184
-2.87034,-11.364,-1.97425
2.54558,-4.54893,2.16154
9.94995,2.91758,8.14426
13.8512,4.74195,11.2428
6.66086,-4.51464,3.99698
5.65722,-5.47293,2.97143
14.1928,4.02675,10.9797
16.318,7.00774,12.7368
19.7907,11.8601,16.4962
21.0881,13.7591,18.4807
24.8089,16.8534,22.1912
31.0189,22.5535,27.6525
36.5445,27.0384,33.3466
44.5276,33.114,42.1697
42.0752,30.1169,39.9607
40.5066,29.9151,38.2445
43.6979,33.8176,41.1578
43.1891,33.0221,40.4644
51.4182,41.3798,49.1567
57.1955,46.7707,55.7583
52.574,40.8821,51.9547
44.9869,32.0236,44.6225
37.4921,23.3311,36.0263
39.6513,25.0929,37.3768
41.0359,27.7759,39.7345
41.3703,30.3975,40.498
40.2779,31.2091,38.1918
32.549,25.0165,30.2313
22.2828,15.9976,21.0551
6.96625,0.37322,6.4086
8.92212,0.968552,8.27401
24.5585,16.1554,23.677
28.7663,21.4791,27.8344
30.1086,24.4358,28.8172
33.0609,28.1866,31.3578
41.603,37.1741,40.2495
48.3817,44.2509,48.2723
40.7681,35.9016,41.351
36.5722,30.2592,36.9872
38.3846,31.137,39.3412
44.529,37.7645,46.7414
46.7627,40.9851,49.7826
35.191,29.2173,37.8075
28.1875,21.4419,30.0887
31.2633,24.0232,32.6202
43.2869,35.6687,43.4554
49.0546,41.6504,48.3408
43.5399,36.7742,42.4858
44.05,37.4355,42.1841
48.3188,41.4784,45.799
49.87,42.9668,47.1383
38.8273,32.1651,36.2435
28.2458,21.3989,25.8601
31.1235,23.2441,28.4785
26.2851,17.983,23.8975
22.8762,15.7668,21.7971
27.5339,22.7003,28.4465
34.1104,32.0074,36.6766
42.6653,42.6323,44.9929
35.6816,35.7811,36.3246
29.7555,29.1364,29.6142
29.8231,28.8054,30.4553
29.1998,27.8077,30.6449
34.7173,34.4073,36.4044
31.4603,33.7256,33.4758
30.5446,33.9939,32.7727
31.0809,33.8586,33.1069
33.1985,35.4892,35.3208
35.7774,39.1477,37.5754
15.7576,21.4016,16.6269
1.48974,9.05585,2.16861
-0.158569,8.37999,0.543709
2.73013,12.1319,2.8982
17.8241,28.4209,17.6447
21.9976,32.4607,22.4013
23.8962,31.8926,25.1106
25.5561,31.4413,26.9384
20.3842,26.5131,21.7359
23.979,30.8218,25.2815
21.7528,28.7478,22.5031
25.9411,33.4399,25.843
33.6632,42.3635,33.0603
32.044,42.6704,31.4856
37.4193,50.706,37.3367
35.8542,52.1162,36.6934
41.438,58.8395,43.3091
42.3365,58.6499,44.3945
29.7002,45.0706,31.1509
34.8194,49.9419,35.3158
33.061,48.6913,33.3248
29.2762,45.9677,30.9169
27.6136,43.9957,29.8541
16.52,31.281,17.3423
14.4267,28.249,13.9238
6.02582,19.9121,4.78907
4.76727,18.8269,3.28568
16.041,29.84,15.671
21.4465,34.7096,22.6539
35.966,48.5588,38.0654
38.0862,49.8768,40.0187
34.3499,45.4628,35.3145
35.1244,45.7739,34.8871
29.6806,40.4543,28.6282
39.439,50.482,38.1301
44.0219,55.1896,41.9276
45.3499,57.5412,42.9497
46.9158,60.0518,45.1213
37.093,50.0782,35.1876
37.3565,50.1112,35.3372
33.9245,46.5433,32.4557
32.7936,45.2077,32.6918
36.5321,48.3199,38.4732
32.8907,43.4076,35.3387
39.1791,49.7701,40.5079
34.1874,46.9493,34.6582
23.8536,37.941,24.4297
19.7384,33.7734,21.2957
9.79536,24.144,11.8235
14.2655,27.2171,14.8108
14.6812,24.4815,12.6384
14.9683,23.7981,11.5081
20.0032,30.5341,16.8434
15.741,28.1615,14.3772
23.1644,35.5104,23.693
25.3052,36.125,25.7176
27.3793,37.101,27.1113
29.9677,39.6721,30.1941
20.1998,30.8333,21.6692
22.7363,33.6978,25.4507
23.3632,33.6354,26.2288
23.5666,33.968,25.433
23.499,34.6875,24.2817
11.9367,23.211,12.0018
16.1978,27.0118,16.2307
22.0503,32.3802,22.4923
26.0993,36.3864,26.6538
24.4654,35.3307,24.5098
7.59087,18.9369,7.38057
4.82699,16.482,6.30781
0.46048,12.4398,4.50528
0.941787,12.098,5.94787
7.86057,17.914,12.6515
3.93711,14.2899,8.9752
10.8938,21.6388,16.3118
11.6097,21.9722,16.3125
8.68395,18.5346,12.279
9.51267,18.8553,12.5282
3.24684,12.7726,6.02582
8.21956,18.5718,11.2914
6.90037,17.8898,10.856
4.5462,15.8846,9.74096
12.1017,22.5505,17.6006
8.71939,18.2263,12.8031
6.49372,17.067,9.09374
-2.29157,9.79975,-0.218344
-4.42451,8.27106,-2.9524
4.49314,17.4108,4.50663
5.03884,17.4377,3.93117
12.7787,23.8228,11.9223
10.1776,20.9015,10.0261
7.24812,18.8089,7.38917
12.1236,23.6527,11.8029
6.22537,16.9205,4.98427
4.84832,15.0955,3.23528
-0.137635,10.0506,-1.67471
0.58047,11.0244,-0.951927
7.34564,18.3755,5.69798
4.27746,15.7882,2.02062
11.1895,22.2677,7.92555
9.50188,18.7328,4.90661
2.76883,9.97939,-2.77218
-1.35988,5.48487,-6.29047
-14.5808,-6.54063,-18.3533
-13.0734,-4.48647,-16.1966
-19.108,-11.5093,-21.957
-29.1407,-22.075,-32.1648
-30.6548,-22.3981,-34.1788
-37.7696,-27.4696,-40.9241
-35.442,-23.5421,-37.2768
-38.2411,-25.0798,-39.512
-36.5742,-22.5611,-37.4724
-26.7878,-13.3125,-26.3866
-29.3341,-16.7391,-28.3339
-29.2658,-16.936,-29.1652
-33.3002,-21.4254,-34.0411
-31.4195,-20.5327,-32.1298
-22.8796,-13.1142,-23.9518
-22.753,-13.8632,-25.405
-14.0842,-6.71275,-18.4439
-19.8602,-14.7586,-24.8413
-26.0594,-22.3118,-29.9916
-19.6256,-16.444,-22.1477
-24.3072,-21.7157,-26.6337
-23.0779,-20.1728,-26.3133
-29.005,-25.3484,-34.0069
-32.5869,-29.5192,-38.9709
-26.805,-24.4561,-32.8049
-32.7364,-29.7726,-37.2126
-34.7668,-30.613,-37.6953
-38.5862,-33.4807,-41.2201
-36.2359,-30.7494,-40.2661
-29.6013,-23.993,-34.8418
-35.8621,-30.0771,-41.5574
-31.8093,-26.0655,-37.6471
-33.106,-27.5059,-38.6667
-36.6052,-30.7239,-41.9236
-33.2082,-26.8808,-38.5826
-37.6813,-31.2148,-42.8789
-29.2754,-22.7366,-33.5405
-28.1552,-21.6708,-31.4046
-28.7178,-23.0279,-31.2936
-18.0821,-13.8812,-20.5357
-18.0784,-15.1581,-20.6553
-14.8498,-11.9563,-16.7647
-16.1036,-12.3002,-17.8927
-16.7134,-12.1773,-19.9496
-15.1001,-10.7796,-20.0441
-24.2966,-21.0428,-30.4431
-20.908,-18.6204,-27.5734
-20.3235,-18.9187,-27.1147
-24.8302,-24.052,-31.0802
-23.3148,-22.8331,-27.8441
-28.4988,-28.5181,-31.5127
-23.9026,-23.8964,-26.4435
-23.9564,-22.8552,-26.2695
-26.6246,-24.329,-28.3263
-25.3133,-22.0201,-26.1408
-31.4649,-26.448,-31.8451
-23.4669,-16.7402,-23.9917
-18.0514,-11.0955,-19.3467
-15.3653,-9.43776,-17.5709
-11.3035,-7.01651,-13.825
-14.8473,-12.0818,-18.2579
-5.04449,-2.44536,-9.8744
-0.696486,3.48241,-5.84149
0.446716,7.13217,-4.30687
4.15671,12.9607,-0.717184
-7.53348,1.85032,-12.8791
-8.72635,-0.606986,-14.3088
-7.89407,-1.86078,-14.2186
-8.18871,-3.09646,-15.2323
-3.69173,1.99878,-9.95692
-10.398,-4.21125,-15.212
-9.66551,-3.21318,-13.1624
-10.2236,-2.725,-12.7663
-3.67993,4.40647,-6.28377
11.5209,18.6651,7.85951
13.2133,19.2401,8.83428
19.4887,25.4759,16.0469
18.3637,25.3406,16.4118
17.2914,25.5361,16.0592
24.3222,32.8465,23.451
24.8219,32.1674,23.9664
34.0682,39.5211,32.2946
34.4551,37.583,30.7551
33.1464,33.6224,27.812
38.5771,36.8922,32.5955
30.7791,28.0324,24.3924
32.4388,29.1856,26.1568
33.3011,30.0255,27.3134
33.4646,30.6142,27.299
35.9737,32.9008,29.388
27.2146,24.0467,20.2239
30.4197,29.0085,23.8142
30.0441,31.3669,24.7601
26.8524,29.7085,22.783
26.4095,29.6337,21.9297
18.7009,22.8922,11.51
26.0449,31.5959,15.955
31.4691,37.7599,20.9854
35.7318,43.1815,27.1058
47.3171,55.8969,40.2256
48.8228,56.3777,41.3859
61.6997,67.3245,53.1195
72.7342,78.5805,63.2432
80.85,88.3366,71.1843
96.8587,104.722,88.0902
92.1168,99.8225,84.5441
88.6167,96.6181,82.1128
89.144,97.135,83.4081
91.7081,99.4007,86.6041
106.629,114.014,102.386
113.86,120.975,110.101
120.627,127.073,116.379
120.068,125.576,114.384
113.591,119.37,106.768
110.301,117.796,103.599
103.652,112.44,97.3861
105.226,113.376,99.262
101.548,107.274,95.612
91.7764,95.487,84.5752
86.2544,90.7274,77.3286
73.5653,81.0111,64.5911
68.8762,78.6542,61.5371
70.0005,80.1584,64.1994
75.9428,86.1262,70.7195
88.795,99.098,83.3228
90.3291,99.9599,83.7515
95.4622,104.373,87.7368
95.7574,104.356,87.1927
87.2183,95.8146,78.561
82.7229,91.9333,75.7144
77.6947,87.7219,73.2812
78.7793,89.1463,76.9727
73.7632,83.1843,72.8017
68.7254,76.5347,65.4061
72.177,79.2075,66.3624
67.7975,74.1554,61.4907
65.4259,70.4921,59.398
69.1749,72.932,63.3453
136.078,138.923,129.781
330.635,332.943,323.61
578.849,581.413,571.971
785.586,789.096,779.868
910.024,913.624,905.001
958.74,961.421,954.347
952.383,954.719,951.118
909.79,912.36,912.322
873.016,874.855,876.778
833.806,834.188,836.865
784.306,783.702,785.861
735.897,734.891,735.715
679.137,678.567,678.002
623.981,624.693,623.543
567.28,569.633,568.834
507.278,511.332,509.955
448.704,453.174,450.046
391.619,394.343,390.365
362.009,362.317,359.39
348.36,347.3,345.718
333.283,332.552,330.891
311.532,312.311,309.988
272.375,274.225,271.752
245.511,246.724,245.233
229.347,229.359,229.569
216.805,216.313,217.357
212.493,210.77,213.123
197.298,193.877,198.654
180.987,177.396,182.774
173.542,171.392,174.812
172.484,172.43,173.699
168.74,169.901,170.725
156.403,157.077,157.789
158.362,157.713,158.053
170.913,168.641,170.094
185.073,180.594,184.553
203.829,197.065,203.922
219.968,211.991,220.415
245.011,237.231,245.211
264.012,257.546,264.353
264.722,259.927,265.438
246.313,241.918,246.854
203.734,197.694,203.133
163.415,155.26,161.102
130.433,121.446,127.441
108.219,99.8297,105.516
96.507,88.7866,93.3166
75.7657,67.9762,71.633
54.4529,47.0208,50.706
33.0516,26.8613,30.7683
12.8045,7.98478,11.7949
-2.96568,-7.43644,-3.74502
-25.145,-30.3738,-27.5281
-39.5896,-44.8465,-43.5708
-52.7746,-56.6566,-56.234
-70.2428,-73.1266,-72.4744
-87.2373,-90.4634,-89.3625
-111.611,-114.539,-114.694
-125.321,-126.317,-129.301
-134.405,-133.905,-138.705
-144.71,-144.552,-149.281
-156.998,-158.129,-161.08
-175.359,-177.266,-177.353
-176.467,-177.815,-176.432
-165.14,-165.949,-164.263
-150.701,-152.512,-149.42
-138.751,-141.537,-137.327
-131.503,-133.762,-130.841
-100.753,-102.089,-101.057
-63.2784,-63.9903,-63.7226
-49.1613,-48.1458,-49.6143
-55.9269,-52.6924,-56.5789
-77.1572,-73.8388,-77.9046
-89.2776,-88.0593,-89.905
-95.2432,-96.4342,-95.8166
-97.3766,-99.6353,-97.9942
-97.0687,-98.5305,-96.9148
-111.085,-111.614,-109.811
-129.446,-130.559,-127.824
-152.396,-154.682,-151.547
-172.893,-175.787,-173.915
-186.048,-188.498,-188.308
-198.4,-199.488,-200.56
-200.469,-200.835,-202.413
-204.555,-205.133,-205.738
-214.265,-214.41,-213.566
-217.071,-216.391,-214.744
-215.46,-214.8,-213.156
-208.956,-208.739,-207.313
-209.782,-210.427,-208.813
-210.371,-212.043,-210.804
-203.109,-204.178,-204.42
-202.38,-201.296,-202.822
-199.801,-197.417,-198.398
-201.32,-199.745,-199.168
-202.357,-202.237,-200.955
-196.39,-197.427,-195.594
-191.82,-193.984,-191.133
-182.043,-184.104,-181.217
-179.551,-180.352,-178.442
-184.05,-184.045,-182.855
-185.389,-185.267,-184.243
-188.76,-188.59,-188.343
-187.44,-186.89,-188.412
-188.768,-187.346,-190.299
-190.418,-188.311,-191.563
-182.867,-181.434,-182.56
-179.74,-178.867,-177.203
-179.956,-177.722,-176.165
-183.04,-179.276,-179.835
-181.663,-177.621,-180.546
-176.612,-173.26,-177.336
-174.816,-172.762,-176.316
-165.298,-164.67,-167.193
-161.909,-163.014,-163.844
-164.239,-166.767,-165.554
-150.981,-153.697,-151.804
-85.9973,-87.2501,-88.0277
42.128,44.0077,38.986
149.21,153.933,147.342
178.184,183.8,177.145
154.476,159.814,152.383
111.939,117.416,109.206
70.5172,76.0816,68.0402
35.6113,39.4232,33.2525
27.9673,29.0492,25.6135
34.6003,33.5465,32.3194
18.7738,17.1102,16.3215
-10.0791,-10.5,-12.5743
-40.012,-39.7435,-42.0178
-49.2702,-49.4592,-50.1324
-42.7472,-42.5304,-41.7617
-46.9432,-45.9857,-44.9881
-59.4568,-57.968,-58.5719
-75.8122,-73.7816,-76.199
-76.8531,-75.7828,-78.2016
-70.2498,-71.9029,-72.6163
-69.9306,-74.538,-73.0515
-79.7412,-86.4325,-84.1014
-105.983,-113.584,-110.721
-117.565,-124.636,-120.939
-122.054,-127.291,-124.439
-135.403,-138.613,-138.058
-137.896,-139.865,-140.806
-146.65,-148.543,-148.89
-154.818,-157.491,-156.46
-146.843,-151.043,-148.646
-136.25,-142.815,-138.191
-132.69,-141.345,-134.323
-146.871,-156.421,-147.865
-149.974,-160.138,-150.632
-143.406,-154.639,-144.391
-146.582,-158.787,-147.874
-141.738,-153.724,-142.908
-128.528,-138.281,-128.663
-94.37,-101.321,-93.4264
-55.1845,-61.3319,-54.5728
-34.4663,-41.1968,-34.035
-25.3153,-31.8447,-24.1199
-33.1396,-40.1059,-32.3244
-38.1753,-47.5286,-39.7653
-41.8055,-51.8511,-44.9834
-54.7145,-61.7312,-56.6154
-60.6014,-64.7423,-61.5361
-71.7839,-76.2109,-74.5051
-78.5065,-84.8884,-84.0758
-81.4189,-89.2691,-88.687
-88.4118,-97.6483,-95.2378
-83.4161,-94.569,-88.7343
-87.4742,-99.5625,-92.1912
-93.9841,-105.315,-99.3596
-102.137,-111.999,-108.134
-111.73,-121.123,-117.336
-109.787,-120.253,-115.029
-125.547,-136.049,-130.185
-136.559,-145.158,-139.608
-135.017,-142.877,-138.091
-139.666,-149.736,-144.947
-131.459,-144.474,-138.715
-125.158,-138.833,-133.342
-121.181,-133.324,-129.663
-122.111,-132.903,-130.592
-131.528,-142.286,-139.528
-122.382,-133.777,-129.024
-118.36,-130.609,-123.798
-119.076,-133.16,-124.188
-118.889,-135.388,-123.887
-124.617,-142.335,-130.003
-113.368,-131.334,-120.175
-112.387,-129.897,-120.448
-113.836,-129.788,-120.901
-111.301,-125.427,-115.197
-121.107,-133.391,-121.586
-121.371,-132.136,-120.261
-126.868,-137.44,-126.154
-124.22,-135.551,-124.723
-110.175,-121.717,-112.543
-109.663,-120.628,-113.562
-107.606,-118.384,-111.816
-113.299,-123.79,-116.548
-112.879,-122.111,-114.798
-103.401,-111.971,-105.186
-104.113,-113.71,-106.813
-93.806,-104.98,-97.7621
-89.8636,-102.49,-95.1407
-81.7227,-95.7428,-87.5243
-71.1891,-85.7854,-76.3949
-86.1465,-100.386,-90.5907
-91.1895,-105.058,-95.3011
-97.3519,-110.866,-101.135
-103.933,-116.419,-106.561
-102.368,-113.133,-103.433
-113.048,-121.834,-113.245
-114.544,-122.162,-114.071
-115.871,-124.07,-115.328
-115.175,-124.855,-115.597
-105.577,-116.392,-106.072
-102.056,-113.178,-101.806
-91.5946,-102.271,-90.8317
-94.4619,-104.528,-93.1541
-101.663,-111.871,-100.152
-95.2813,-106.644,-93.5656
-92.7952,-104.565,-89.956
-70.4097,-81.8025,-66.1744
-53.5892,-65.4429,-49.3652
-63.6457,-75.4165,-60.6083
-75.2199,-85.7378,-73.1299
-85.872,-95.3279,-84.9429
-80.6832,-89.5088,-80.7259
-76.7603,-84.8783,-76.2988
-79.4779,-86.5687,-78.4851
-80.3333,-86.5865,-79.9792
-88.6963,-94.8842,-89.6561
-86.3617,-92.8156,-88.696
-85.8794,-91.8496,-88.7044
-89.0208,-94.0874,-91.7625
-83.1215,-88.2158,-85.5295
-82.6345,-89.2803,-84.9313
-78.8445,-87.272,-81.2799
-81.6955,-89.7244,-82.8313
-89.305,-94.8529,-88.4075
-83.1134,-87.019,-81.0066
-79.7297,-84.3207,-77.8467
-77.3802,-83.7642,-77.1489
-81.7198,-89.7764,-82.8453
-82.8209,-91.7974,-83.7722
-69.733,-79.2435,-69.7811
-64.8668,-75.5011,-64.6327
-60.0993,-72.0272,-60.1863
-59.7645,-71.5897,-59.9486
-60.9822,-70.1689,-60.7325
-59.0213,-64.9567,-58.1669
-66.3458,-71.3132,-65.2867
-64.6691,-70.5263,-63.5714
-60.1113,-67.4485,-59.1125
-58.7093,-66.9991,-58.2391
-51.456,-58.8619,-50.7175
-53.2371,-58.4898,-51.196
-60.2814,-64.3735,-57.7673
-73.4741,-79.1697,-72.168
-81.0192,-89.4637,-81.0985
-71.1693,-80.7063,-71.391
-66.3447,-74.7807,-66.1756
-61.0908,-67.1339,-60.1421
-60.9923,-65.3004,-59.3082
-62.5213,-67.4796,-61.5077
-57.5872,-64.4027,-58.1094
-61.2587,-68.76,-63.1897
-60.7395,-67.5591,-62.9736
-60.6534,-66.6743,-61.7475
-59.4526,-65.0096,-58.9071
-49.9083,-55.2542,-47.3182
-49.0059,-54.3209,-44.9451
-47.5234,-52.6425,-43.4036
-44.7017,-49.7353,-40.3728
-46.9284,-52.1487,-42.4026
-48.1214,-53.7748,-44.7968
-51.0836,-56.1743,-49.3576
-52.3201,-54.3158,-50.6778
-55.8709,-55.027,-53.4774
-53.4808,-53.3881,-51.4918
-46.0058,-49.0283,-45.1633
-45.5459,-50.726,-45.4118
-45.1203,-49.8862,-44.9967
-56.5657,-59.5834,-55.7265
-66.1938,-67.7524,-64.9116
-67.3485,-68.358,-66.4766
-68.8207,-70.2122,-68.298
-53.7078,-55.2133,-52.5838
-37.2207,-37.891,-33.9931
-30.8146,-30.3832,-24.788
-28.3344,-26.752,-20.2764
-26.3499,-23.706,-18.1683
-25.5168,-22.2443,-19.3053
-31.7145,-27.9878,-27.3561
-28.3016,-23.4361,-24.6152
-22.732,-15.7856,-19.3633
-24.8092,-16.314,-21.035
-20.7924,-12.1651,-16.4576
-23.1274,-14.7779,-19.3528
-21.2299,-12.7781,-18.0438
-14.1067,-5.29412,-10.3761
-17.5945,-8.39696,-13.6579
-18.5411,-8.97015,-15.2903
-24.174,-14.1599,-21.2584
-24.6355,-14.1356,-22.3516
-22.0332,-10.9535,-20.8694
-26.4512,-14.4255,-25.1245
-25.7012,-12.8396,-23.2746
-29.2811,-16.6227,-25.841
-20.2247,-8.31435,-16.1047
-6.80965,5.24537,-3.42755
-8.18214,4.73188,-6.16953
-8.82762,4.18186,-7.74624
-16.3735,-4.19693,-15.9398
-19.4961,-7.79769,-18.7537
-16.5507,-4.97169,-14.9404
-17.5196,-6.79844,-16.1787
-8.21256,1.84695,-8.18681
-4.7217,5.70149,-5.74832
-3.96658,6.35347,-6.11861
-4.12763,5.0866,-7.46019
-8.89862,-1.27568,-12.5884
-4.62955,1.42308,-8.26729
-14.8209,-9.15015,-18.1288
-21.1301,-14.8391,-23.7144
-16.6975,-10.1572,-18.4722
-19.3232,-13.4814,-20.425
-17.0482,-12.768,-18.5171
-22.8848,-20.5648,-25.2945
-21.8738,-21.3491,-24.3871
-16.4601,-17.3974,-18.6973
-22.6663,-24.679,-24.7792
-20.6505,-23.3073,-23.0091
-18.5227,-22.0271,-21.6934
-6.40414,-11.8398,-10.501
6.70178,-1.1753,1.67891
-0.149213,-10.2346,-6.10096
-1.88957,-15.0824,-7.95394
-6.86679,-24.0038,-11.71
-5.06288,-24.9222,-8.647
3.27609,-17.4118,0.0982841
5.07952,-15.9948,2.50789
16.1445,-5.70492,14.284
11.7164,-10.2486,10.0318
6.77956,-14.2729,5.9504
5.36391,-14.6603,6.09317
-7.37226,-26.9766,-6.40721
-5.46024,-25.6312,-6.42519
-6.66614,-27.9346,-9.69556
-3.25744,-24.8907,-6.21333
4.16005,-16.3625,2.35334
-9.44621,-27.5507,-10.0513
-15.1015,-31.0647,-13.9819
-19.5266,-35.1365,-17.75
-18.7357,-34.7637,-17.9735
-9.23359,-25.451,-9.40012
-13.4304,-30.6566,-13.062
-8.32672,-27.1224,-6.46915
-6.38963,-25.1365,-4.30024
-6.81041,-24.2367,-5.84951
-6.07234,-22.5796,-5.78403
-16.5543,-32.0695,-15.4369
-12.1615,-26.3587,-9.40253
-11.9885,-25.4361,-8.20083
-15.0817,-29.3424,-11.5575
-14.7465,-31.0569,-12.4971
-24.0589,-41.8831,-23.0118
-19.1266,-38.1537,-18.8433
-18.5557,-38.8833,-18.7388
-22.1294,-42.6608,-22.5109
-17.5585,-37.6714,-18.407
-18.7694,-38.4751,-20.422
-11.0295,-29.8065,-13.266
-13.9299,-31.0778,-16.8108
-14.0113,-29.6339,-17.3971
-3.20405,-18.244,-6.491
-15.7663,-29.6704,-18.551
-20.2864,-31.8638,-21.9798
-19.4105,-29.4177,-20.1343
-20.4227,-30.3329,-20.7897
-16.8198,-27.7442,-16.8889
-21.5512,-33.6191,-21.4296
-13.9712,-26.3784,-13.4996
-9.07653,-21.7109,-8.09762
-9.53613,-22.2873,-8.39651
-4.34932,-16.6543,-3.00487
-8.8349,-20.5528,-7.58617
-8.2457,-18.9991,-7.34641
-10.6973,-19.9083,-9.98189
-16.8544,-24.477,-16.9377
-16.2203,-22.8255,-17.1565
-22.7249,-29.004,-23.8873
-19.7135,-26.2676,-20.7221
-18.0254,-25.3722,-19.4693
-21.7877,-29.5688,-24.4318
-20.6511,-27.8404,-23.1429
-20.8934,-27.3134,-21.8155
-4.95833,-11.4685,-4.70433
0.812898,-5.11911,1.80971
-4.097,-7.66574,-2.18045
-1.55062,-3.87839,0.983692
-6.07187,-9.54864,-3.28419
-0.424525,-5.89816,2.81823
2.8736,-4.82497,5.9723
-1.14239,-9.64654,1.26413
-2.62107,-10.5173,-0.602727
-11.6737,-19.7135,-10.449
-4.70933,-13.3227,-4.3753
0.811355,-8.37079,0.395733
-5.18742,-15.052,-6.73951
-3.13952,-12.7363,-5.13698
-12.8215,-21.189,-15.1501
-15.6377,-22.4922,-19.199
-11.5947,-16.2697,-15.5253
-12.3832,-14.7752,-15.4258
-11.6133,-12.5037,-13.3711
-18.6781,-19.6446,-18.8771
-13.8754,-16.9329,-12.878
-9.99644,-14.7526,-8.34622
-15.1738,-21.1038,-14.0481
-13.5183,-22.3746,-14.6545
-12.1567,-23.3532,-15.2292
-4.33961,-15.9766,-8.1054
-1.12613,-14.8013,-6.2734
-4.29522,-20.661,-10.9063
-3.56104,-19.4073,-9.66404
-8.51185,-21.4112,-13.4139
-10.1304,-20.2066,-14.4845
-17.5998,-26.5662,-21.7947
-30.2108,-39.2142,-34.6331
-30.3572,-39.1404,-35.424
-27.961,-36.1488,-34.2018
-19.438,-27.0765,-26.7511
-18.6247,-26.8002,-26.117
-23.5927,-33.3056,-30.9592
-22.864,-34.2739,-30.4655
-28.9592,-41.4364,-36.6757
-28.1747,-40.2259,-35.3894
-26.2019,-37.174,-32.5039
-24.1318,-34.5647,-29.8854
-17.6211,-28.5274,-23.6546
-19.3205,-31.5132,-26.207
-16.2948,-29.0412,-23.841
-16.6022,-28.466,-23.763
-23.2608,-33.2551,-29.3032
-22.3751,-30.3311,-27.156
-22.0843,-28.3077,-26.3313
-15.928,-21.5829,-20.5894
-16.099,-23.5333,-21.13
-20.367,-29.1529,-24.6487
-18.0627,-25.7453,-20.6844
-26.0883,-32.0574,-28.3538
-30.1765,-34.0409,-33.2716
-34.69,-36.0626,-38.2135
-36.6962,-37.0114,-40.7565
-31.2656,-32.3216,-35.9592
-41.9846,-44.0379,-46.2582
-52.6593,-56.1622,-55.4999
-55.5216,-61.3704,-57.6562
-53.1094,-60.8636,-56.2994
-46.1742,-55.6859,-50.053
-47.3746,-58.2934,-50.2493
-43.3894,-54.7124,-45.2461
-38.5631,-50.3685,-40.1716
-38.4981,-50.0657,-39.515
-38.118,-48.2873,-37.2072
-43.0232,-52.1532,-39.6485
-41.3544,-50.2368,-36.2501
-44.1819,-53.5413,-38.7992
-43.0951,-53.2173,-38.8221
-29.7797,-40.5174,-26.8871
-26.783,-37.7414,-24.3308
-24.5576,-34.3957,-20.6657
-31.2368,-39.0802,-25.7866
-43.3609,-50.1969,-39.3183
-46.3566,-53.9728,-44.9061
-50.5129,-59.604,-50.039
-46.113,-56.3783,-46.1475
-44.35,-55.3191,-44.8159
-48.6724,-58.7255,-48.2558
-44.5313,-52.5295,-42.8322
-46.6741,-54.0634,-45.6445
-47.7029,-57.0859,-48.9098
-45.7157,-59.0915,-48.8051
-39.6902,-56.5034,-42.7803
-27.6127,-45.3222,-28.6864
-27.3481,-44.2983,-26.8266
-27.4215,-43.2531,-26.5479
-31.7421,-46.7303,-30.8416
-37.1919,-51.161,-35.5802
-33.7337,-46.6782,-30.5362
-30.5896,-43.2835,-26.6295
-20.7756,-33.2052,-16.6497
-19.2375,-31.5401,-14.3417
-25.2256,-37.9588,-20.0456
-23.7105,-37.0742,-18.7803
-26.0427,-40.0942,-21.2092
-28.1827,-42.0273,-23.2838
-34.4562,-47.4493,-29.3408
-37.4195,-49.8776,-32.528
-29.7167,-41.6881,-25.3746
-28.5988,-40.972,-25.5991
-23.4059,-36.5787,-22.3653
-25.7504,-37.669,-26.1544
-32.0804,-41.8026,-33.6741
-24.7086,-33.8669,-26.7833
-20.6172,-30.6932,-22.5253
-16.3967,-27.2129,-18.1181
-17.4396,-28.2391,-18.7062
-20.4361,-30.4909,-21.5677
-22.7504,-31.6284,-23.991
-34.4952,-42.6827,-35.2332
-31.8178,-39.7015,-31.8664
-18.1929,-26.5905,-18.5152
-6.83582,-16.2351,-7.52152
1.01812,-8.17779,1.99775
-4.5123,-12.1514,-1.19267
-6.51451,-11.486,-1.86325
-10.2535,-12.8054,-4.77231
-16.5092,-19.7031,-10.7803
-15.9659,-22.9969,-10.8721
-21.1714,-31.8818,-17.641
-18.3037,-30.7338,-16.812
-15.7353,-28.0758,-15.7902
-17.5546,-26.8393,-17.9709
-11.8491,-17.6222,-11.8839
-8.12743,-15.0026,-8.2522
-5.24272,-16.2398,-6.04598
-11.1593,-24.6183,-12.455
-17.9006,-32.042,-19.967
-14.4651,-29.5886,-17.6251
-12.6972,-28.908,-16.6856
-5.35073,-21.6845,-9.04948
-5.9331,-22.4025,-7.45441
-15.1538,-32.8579,-15.0669
-16.7531,-34.8108,-17.7106
-18.6784,-34.4559,-21.4539
-8.18833,-21.2168,-10.758
0.176667,-13.0441,-0.785029
1.32995,-15.0803,0.760984
4.81514,-14.2295,3.39561
-2.55363,-22.1294,-4.96795
-6.67996,-25.033,-10.1065
-10.1788,-25.9529,-14.6297
-13.7056,-27.3207,-17.9875
-12.2407,-25.0123,-14.8096
-16.5839,-28.6692,-18.4987
-14.9574,-25.0857,-16.707
-7.86327,-16.8996,-7.94814
-4.31961,-15.2381,-3.5364
-4.67077,-17.9507,-3.72094
-10.5804,-24.3764,-9.13679
-14.9547,-26.9314,-13.468
-20.9636,-30.3368,-19.0524
-20.135,-28.5156,-17.8954
-13.0799,-22.0754,-11.3367
-13.8849,-23.5898,-12.8665
-14.0855,-23.698,-13.9708
-20.9343,-30.805,-21.4089
-24.607,-35.2459,-24.5437
-20.4398,-31.4126,-19.8957
-17.9858,-29.4514,-18.2622
-10.451,-22.7347,-11.4883
-11.6833,-24.8702,-12.8833
-13.5674,-27.1352,-15.8777
-8.48518,-21.5777,-12.547
-5.42823,-17.5765,-10.2653
-8.8546,-19.7738,-13.6376
-21.5043,-30.9914,-25.5159
-19.4897,-27.9283,-22.5545
-11.9337,-21.4714,-15.1294
-10.7847,-23.4868,-14.1925
-0.141088,-15.2078,-2.955
0.951637,-13.5098,-1.43338
-1.36836,-11.6629,-3.21004
-1.77882,-5.81291,-1.73612
-8.5292,-9.35584,-6.26841
-3.50237,-7.19728,-0.873174
-2.07787,-10.3067,-1.03799
-1.244,-11.3066,-1.67899
-1.74505,-11.2099,-2.21962
-10.6778,-18.0634,-10.0343
-10.7609,-15.9338,-9.03919
-20.2407,-25.0211,-18.2522
-25.7468,-32.2877,-24.0678
-18.9877,-28.349,-18.189
-17.6551,-28.1551,-18.0492
-16.0147,-24.9791,-17.5665
-21.5429,-29.2586,-23.6708
-22.1803,-29.6349,-24.2897
-17.2071,-25.029,-19.8788
-16.2574,-25.6108,-19.9071
-8.61234,-19.0956,-12.0308
-11.2898,-22.5138,-13.4016
-12.5192,-25.0365,-14.5059
-8.40204,-20.7433,-10.9543
-11.0339,-21.7051,-12.5207
-2.71664,-13.4566,-3.19022
-0.837279,-13.7246,-2.00526
-0.518518,-15.0323,-2.6951
1.75025,-12.0896,-0.793655
-2.82766,-14.1638,-5.14136
0.196003,-9.08091,-1.79367
-1.25867,-9.77797,-2.74522
-0.379414,-8.64091,-1.23688
-0.440347,-8.558,-0.167619
-10.5955,-18.0219,-8.1726
-16.3631,-23.3908,-12.6501
-25.1432,-33.2126,-21.7275
-20.9571,-29.3592,-17.9516
-8.48678,-15.8545,-5.85628
-5.09251,-11.9867,-3.14232
2.49452,-4.32108,3.94343
-4.18993,-10.1985,-2.68016
-11.0857,-15.9249,-8.59934
-10.9305,-15.7323,-6.98859
-15.9956,-22.2163,-11.0512
-10.5271,-18.0471,-5.38416
-9.1346,-17.2493,-4.28725
-6.41307,-14.7739,-1.63427
-3.6772,-11.5698,1.43265
-9.42505,-16.9647,-4.1918
-9.31274,-17.2607,-4.88769
-15.0753,-23.7152,-11.844
-16.2162,-26.1438,-13.5802
-12.2262,-23.8939,-10.2328
-16.5767,-28.8288,-16.0172
-15.0414,-25.4593,-15.3086
-18.0742,-26.5512,-17.4487
-18.5598,-28.1654,-16.7663
-19.0622,-31.7303,-17.1734
-26.3128,-40.7039,-24.325
-19.7399,-32.4749,-16.8811
-18.6349,-27.4313,-15.0226
-15.7355,-21.9191,-11.7652
-11.8162,-18.3126,-8.17994
-13.4206,-22.1173,-10.9406
-6.63299,-17.7669,-4.80658
-16.4947,-29.2797,-14.0532
-20.9122,-34.4353,-17.4603
-13.9103,-27.2542,-10.1715
-17.8408,-30.5584,-14.3062
-13.2624,-25.9691,-9.56838
-11.965,-25.4651,-7.46762
-10.1447,-24.4716,-4.51453
-8.47748,-23.6071,-1.87434
-15.4623,-31.8736,-7.51686
-5.8706,-24.0222,3.37428
-2.39543,-21.0396,6.64889
-2.88291,-20.0877,5.43523
-0.422437,-16.5767,7.8837
-11.7208,-28.4301,-4.24703
-11.3397,-29.8354,-6.39473
-10.7376,-31.4893,-7.29198
-8.76796,-31.0091,-4.42237
-5.01262,-27.467,0.144938
-10.9063,-32.8094,-5.48962
-3.43935,-25.1648,2.25984
-5.13957,-27.2611,0.342166
-12.9417,-34.9229,-6.69342
-11.938,-33.3783,-4.09656
-13.5285,-35.433,-5.74506
-6.23071,-29.2124,0.336295
-8.1096,-30.7875,-2.4306
-11.5182,-33.1741,-6.74011
-10.1988,-32.0355,-6.27652
-19.6754,-42.1103,-16.1599
-17.5074,-40.6187,-14.4175
-18.9866,-43.48,-17.0737
-16.8975,-42.6049,-16.9438
-6.89981,-32.8114,-8.9634
-9.56415,-35.4453,-12.942
-1.66427,-28.5517,-5.74395
1.54375,-26.5887,-2.83421
1.7818,-26.7432,-2.46427
3.09551,-25.6751,-1.72564
-7.48788,-37.0294,-14.1213
-7.80066,-38.4288,-16.1445
-7.67813,-38.3572,-16.2224
-1.91593,-30.3241,-8.89494
3.53873,-21.5088,-0.900924
-7.71027,-30.7914,-9.94329
-5.46364,-28.3586,-6.85353
-5.64745,-28.6173,-7.96092
-6.83274,-29.5456,-11.0006
-3.13872,-25.9586,-8.20601
-12.1517,-34.8399,-16.7585
-10.9301,-32.516,-15.1419
-13.3286,-33.5428,-17.8052
-11.6693,-31.1048,-16.9898
-4.18705,-23.5495,-11.1359
-10.8687,-29.3173,-18.3396
-8.21565,-24.8752,-13.8563
-10.4856,-26.23,-14.3
-13.2797,-29.0482,-17.2262
-9.39506,-25.6712,-14.7579
-11.1988,-28.4453,-17.7962
-3.41462,-21.5428,-10.532
-5.65951,-23.0529,-12.5565
-8.74369,-23.4745,-14.767
0.658037,-12.6266,-4.55844
2.23726,-12.0351,-2.56775
6.04499,-8.30408,1.49303
-0.0168364,-12.4507,-4.892
-3.58227,-14.7664,-9.26839
0.952431,-10.8569,-5.88431
1.96006,-10.7573,-5.76226
14.9295,2.50746,7.82081
3.40144,-7.18582,-1.95863
-11.9279,-20.8257,-15.5244
-6.09396,-14.958,-9.19569
-11.323,-20.0678,-14.9166
-10.3439,-18.3311,-13.8246
-12.4345,-20.7071,-15.2583
-15.9911,-25.7895,-18.5289
-13.3578,-24.9578,-16.2219
-19.8986,-32.2179,-22.8365
-11.9693,-24.0372,-13.9373
-8.88053,-21.7546,-9.95258
-18.4311,-32.543,-19.9778
-20.3475,-33.8754,-22.8158
-22.1928,-33.4353,-24.4438
-7.75605,-18.2084,-9.38784
1.45009,-10.7079,-0.573203
1.87925,-11.151,0.291719
5.62578,-6.47069,6.23276
-3.64339,-14.6605,-1.79586
-1.9984,-13.088,-0.792004
-0.420931,-12.1166,-0.0974774
-0.0357283,-10.8962,0.227671
3.25105,-5.57611,4.44344
-9.6219,-17.3083,-7.01779
-10.6667,-18.128,-7.44215
-6.34465,-13.1373,-3.59736
-1.7311,-7.55726,0.525481
6.36507,1.57718,8.67536
-2.3128,-5.13799,0.668781
-4.10253,-4.91657,-0.790067
-6.77992,-7.96167,-4.85772
-7.79968,-11.1683,-7.51618
5.73774,0.754349,4.98851
-2.27473,-6.7861,-4.31847
-10.5759,-12.6219,-12.8352
-11.3691,-10.7704,-12.8705
-10.4844,-8.5037,-11.8953
-0.9373,0.910035,-2.46243
-1.83065,0.218723,-2.19204
2.53193,6.701,5.00293
3.82578,9.57593,8.28484
-1.28291,3.78848,2.73402
-0.854029,3.30232,2.78697
-7.43342,-3.26972,-2.86817
-5.40055,-1.13909,-0.555204
-2.44651,1.21309,1.86938
-5.08,-1.71808,-0.184083
-7.17453,-3.05872,-0.872766
-18.0976,-13.8363,-11.2928
-13.0196,-9.99417,-6.35907
-4.91693,-3.27008,1.0468
-20.2038,-18.5401,-15.0959
-34.7224,-32.741,-29.2695
-36.4821,-36.242,-31.0163
-23.307,-25.3395,-18.6997
-13.4824,-15.5262,-8.62276
-9.74094,-10.0983,-4.11744
-0.776391,-0.516989,4.12488
-3.3741,-3.32233,-0.782968
-10.5952,-9.24241,-9.56767
-18.4727,-15.8991,-16.6557
-18.4983,-16.9884,-15.3279
-8.06197,-9.27887,-4.62974
-5.24939,-9.16312,-2.04752
-0.232893,-5.35088,3.09815
4.53349,-0.0458782,8.19867
6.48951,3.78446,10.3129
6.55207,5.98895,10.8057
-2.66532,-2.32581,1.88056
-4.99244,-5.87973,-1.47339
-5.25836,-8.78589,-3.98874
-7.44242,-13.1407,-8.62774
-2.63881,-9.49212,-4.61803
-3.22503,-10.5805,-4.14725
-7.70389,-15.5261,-8.1984
-20.4734,-28.9702,-21.8314
-27.2234,-35.6601,-29.5285
-14.6239,-23.0098,-17.7615
-3.69061,-12.4786,-7.9538
4.08189,-4.93842,-1.72597
2.47722,-7.47146,-5.00083
-1.36349,-12.5287,-10.1871
-0.052653,-12.3766,-9.34953
-4.91923,-19.1586,-14.0267
-4.81309,-20.7554,-13.7607
-0.0792358,-15.9621,-8.0466
6.66955,-7.16801,1.13214
12.1926,0.0799124,9.13788
5.87022,-6.68169,3.27476
3.07975,-10.4859,-1.02659
-0.433912,-14.5661,-6.16871
-5.48412,-20.0064,-12.3873
-4.25847,-19.0298,-11.8775
-7.70925,-22.6628,-15.3441
-7.46632,-22.3668,-14.1428
-9.29855,-23.7322,-14.6095
-9.26239,-23.161,-13.9354
-2.65567,-16.6137,-7.06003
-3.63664,-17.6269,-7.78536
-4.13625,-17.3217,-8.57899
-5.31897,-17.4241,-9.68065
-3.5331,-13.9023,-6.87223
5.58847,-2.15687,3.17975
9.2244,2.28651,7.43059
1.66781,-7.20077,0.961806
-11.3693,-22.4788,-10.7773
-8.14352,-20.5319,-7.74306
1.69204,-10.5221,1.42186
-0.0884824,-10.8791,-0.0910291
1.23575,-8.72349,0.967537
0.731585,-9.47523,-0.139148
5.28872,-5.17209,4.43692
11.693,0.311314,11.2729
5.50919,-7.64846,5.73596
4.59248,-8.63526,4.94936
1.06526,-10.0817,1.19771
0.158883,-9.67234,0.31119
2.00785,-7.70464,1.79498
0.418055,-8.67551,-0.224745
9.41881,0.418474,9.36792
11.0888,1.2235,11.4438
10.999,1.60931,10.4408
14.7216,7.37109,13.907
14.1376,8.22379,14.626
18.986,12.5958,21.0789
20.1473,11.8193,24.32
21.4928,11.8868,27.5829
23.8672,15.1994,30.3886
23.0785,16.6522,29.4006
31.0458,26.6599,38.1249
30.6557,27.9218,39.8567
22.7103,21.1827,33.2749
15.3556,13.6667,25.3219
8.71772,6.18079,17.3217
11.7417,10.0039,18.8632
5.86631,6.24472,12.1126
1.29798,2.44952,6.62231
2.90478,2.52783,5.65638
0.209711,-2.0392,-0.0382797
5.86832,3.85343,4.31992
6.93112,5.70367,6.05831
5.06709,2.8886,5.7226
3.47441,0.237384,5.56885
-4.02447,-6.18491,-1.26552
-1.65059,-1.6139,0.0542105
-0.405045,-0.0403702,-0.459932
-0.521592,-1.72537,-1.19497
2.72264,-0.14228,1.8553
0.619586,-3.71553,-0.945189
7.25551,1.07224,4.90343
13.0159,4.43059,9.7638
15.1614,4.68834,11.2904
13.5824,2.55974,10.3572
7.20184,-3.04615,5.2901
10.7278,3.48958,9.66685
14.691,11.5346,14.6027
19.6762,18.4761,21.3882
10.9144,9.44621,14.4495
-5.13851,-7.90234,-1.15201
-1.55709,-5.74462,1.2631
0.123174,-5.01891,1.6378
2.83534,-2.5089,4.29449
2.8713,-0.718411,5.06226
-4.92607,-5.63124,-1.67954
-1.58846,-0.574538,3.35959
-8.35128,-6.63434,-2.42297
-13.6547,-11.8683,-9.32821
-6.45474,-5.66434,-5.00662
-2.98812,-2.92639,-2.54333
4.45625,5.49567,5.71329
-3.0348,0.330926,-0.592419
-8.74811,-3.22258,-4.75252
-2.36031,2.97036,2.32252
4.31011,6.3624,8.44746
18.5865,16.6124,21.8892
6.82094,2.52288,9.07167
-5.39187,-9.88491,-3.68557
0.525918,-2.55749,2.12257
-0.937552,-2.39038,0.482537
3.60481,2.56316,5.44376
-3.7536,-5.05343,-0.917314
-10.1395,-11.5766,-6.25992
-4.33128,-7.07277,0.304832
-8.89885,-13.4112,-4.10601
-7.57456,-12.5534,-3.22447
-12.3434,-18.0464,-8.13586
-16.1277,-23.2644,-11.2955
-11.4452,-18.9821,-6.79631
-18.0504,-24.8341,-14.8244
-16.5185,-22.0699,-14.441
-24.4105,-28.4601,-23.4994
-25.9689,-28.4955,-26.7932
-4.57138,-5.90068,-7.01405
-1.82526,-3.05031,-5.17247
-2.0747,-4.34047,-4.97118
-0.991827,-4.2652,-2.94376
0.420199,-3.19466,-1.85672
-1.06133,-4.33674,-4.14017
-13.7158,-16.7795,-16.2606
-8.27728,-12.3981,-9.86174
-5.13836,-10.7795,-6.51412
-8.03268,-14.0384,-9.46715
-3.89042,-8.91299,-4.97675
-6.26248,-9.35762,-6.19355
0.751952,-0.713615,1.87231
-4.774,-6.7365,-4.42241
-15.2185,-19.2819,-16.9202
-10.7884,-16.0549,-13.4322
-15.1507,-20.1792,-17.5088
-13.3132,-18.3088,-15.6901
-17.2482,-22.2318,-20.3239
-19.9875,-23.8774,-23.3238
-12.0255,-14.3529,-13.6998
-17.4231,-18.9727,-16.3264
-19.7661,-21.6884,-17.5779
-25.1628,-28.0262,-24.2805
-22.51,-26.9935,-23.5633
-10.5728,-16.4141,-13.1863
-17.4993,-22.3327,-21.5988
-16.3175,-18.5516,-21.5387
-16.3074,-17.3069,-21.8346
-22.1307,-24.9375,-27.2371
-19.19,-25.7674,-23.2371
-20.5234,-29.6328,-23.5918
-6.78817,-15.8974,-9.20485
-4.4402,-12.8838,-6.65428
-17.5384,-26.1633,-20.5574
-17.8927,-27.0858,-22.1876
-22.9908,-31.9016,-28.413
-19.3408,-27.988,-25.4945
-18.1312,-27.766,-24.243
-20.4988,-31.0815,-25.5785
-14.5466,-25.0854,-18.5927
-20.7866,-30.5928,-25.2767
-21.0995,-30.5583,-26.5534
-17.2241,-27.4997,-23.2025
-14.2854,-24.8785,-21.4107
-8.676,-18.3663,-17.0409
-13.9343,-22.8938,-22.0244
-11.3511,-20.3914,-18.0424
-10.2557,-20.2107,-16.4741
-11.4723,-22.4156,-18.2652
-2.95125,-13.6788,-8.72778
-6.94401,-16.1661,-10.1533
-7.10611,-15.8817,-9.45318
-8.0308,-18.4395,-11.6795
-11.1815,-23.0856,-15.896
-5.88578,-18.9923,-11.4219
-9.21061,-23.9738,-16.5162
-7.40178,-23.072,-16.0545
-7.83218,-23.4806,-15.8027
-3.6042,-20.2596,-10.268
5.04768,-14.3853,-2.82407
-6.58755,-28.5488,-17.9562
-10.3291,-33.2019,-23.6025
-11.497,-33.5901,-23.5133
-17.5196,-37.077,-26.5005
-16.3986,-33.4137,-23.2424
-20.45,-36.4299,-28.1985
-13.1165,-29.1679,-23.0293
-10.9407,-27.6222,-22.1142
-16.5056,-32.5532,-27.5484
-9.63964,-23.4578,-19.2262
-8.11708,-20.2919,-16.2848
1.4582,-10.6949,-6.45489
5.70603,-6.68673,-2.91115
2.78842,-8.5467,-6.07985
3.57322,-6.54885,-4.68848
-7.23378,-16.8344,-14.8765
-6.99324,-15.9446,-13.9038
-5.22222,-12.3335,-11.1848
-4.93116,-9.55948,-10.1775
0.0277878,-4.52143,-5.0632
-10.7048,-17.803,-16.7044
-11.111,-20.1788,-18.1668
-5.68419,-14.9614,-12.5604
-2.80568,-11.6707,-8.37558
8.22815,-0.507038,4.174
4.51467,-4.42995,0.896143
1.80641,-7.03244,-2.07177
-3.4179,-11.5009,-7.68621
-14.5213,-22.3635,-19.1985
-12.512,-21.1016,-16.8946
-10.5052,-18.5688,-13.9814
0.143446,-6.26839,-1.96058
6.49088,-0.351349,5.03488
2.59735,-5.88297,0.0338661
2.75523,-6.29079,-0.733185
-1.86518,-11.0954,-4.94332
1.64815,-7.79265,-1.186
4.79879,-4.4654,0.833613
-2.39549,-10.3297,-7.98893
-8.69739,-14.6586,-15.2164
-17.3574,-22.5405,-24.8218
-13.906,-18.9021,-21.4008
-5.41251,-9.72146,-10.7923
-10.9829,-14.8673,-15.1715
-18.4174,-23.5349,-24.0184
-16.2059,-23.9309,-24.2307
-5.4025,-15.2793,-14.9214
-12.1847,-23.8082,-21.3787
-28.0634,-40.8484,-36.2821
-29.3394,-42.1417,-36.5178
-24.3513,-38.006,-30.6334
-10.7414,-26.279,-16.7342
-2.33392,-18.0803,-8.12463
4.25641,-9.89839,-1.27544
12.3876,-1.02323,6.66292
6.1817,-7.50194,0.239652
-0.652378,-14.0079,-5.79544
-4.97062,-18.5801,-8.77549
-2.95494,-17.8512,-6.60879
7.11349,-7.99424,2.71099
11.7441,-3.00184,6.53938
6.38505,-9.36404,0.0461112
-6.07138,-22.9422,-13.4845
-6.96757,-23.6079,-15.1369
-4.90138,-21.4532,-12.7262
-13.2957,-30.5048,-20.0291
-13.95,-31.6631,-20.6291
-12.7907,-31.3373,-19.864
-7.59688,-27.4818,-14.8649
-2.3114,-22.8416,-9.72859
-5.1448,-25.525,-12.3275
-1.87343,-21.8032,-8.11773
-6.91009,-26.1786,-12.115
-9.5302,-28.6864,-15.835
-9.83274,-29.4534,-18.6766
-18.6559,-38.1507,-28.3865
-17.881,-36.1287,-26.6732
-13.9866,-30.4271,-20.8805
0.757596,-14.1413,-4.44182
15.5553,1.38112,10.3734
13.9444,-0.159251,8.02469
10.1595,-3.89389,3.68506
1.09889,-13.0845,-6.48202
1.45592,-13.5661,-7.34605
9.4075,-7.05133,0.57113
7.92643,-9.67313,-0.138449
10.2528,-7.76661,2.15858
3.31389,-14.3898,-5.63054
-7.38098,-23.7225,-16.3613
-9.51149,-23.9855,-17.4154
-7.52125,-20.7351,-14.4854
2.49109,-11.0072,-4.75357
1.59832,-12.9493,-6.66487
0.172451,-13.7103,-7.66988
4.81041,-6.12629,-0.392961
7.05398,-1.18046,4.32641
8.66908,1.37005,5.70855
-0.85203,-8.57239,-5.6899
-4.07053,-13.3988,-10.2379
-7.05955,-17.9852,-13.7042
-17.9187,-29.3979,-24.7057
-13.671,-24.6835,-20.3267
-10.3476,-20.7391,-16.0987
-0.369895,-11.6971,-5.09311
11.9186,-0.386128,7.4389
3.9391,-6.85822,-0.575086
2.22075,-6.52186,-2.27223
1.4927,-7.04003,-3.26794
3.74165,-5.50847,-0.711546
1.97525,-7.69692,-0.84336
-11.9577,-22.2067,-12.8081
-9.02332,-20.5707,-8.89647
-8.4378,-21.3233,-8.51441
-5.87328,-18.8963,-6.40641
-2.01627,-13.1667,-2.0565
-8.76826,-16.6307,-6.61287
-1.32779,-5.61262,3.57273
1.284,-0.0816638,7.37314
-1.26154,-2.61377,3.89818
-5.21188,-9.52187,-2.15183
-16.4758,-22.4816,-15.2159
-13.2854,-17.4382,-12.0705
-14.1923,-15.7916,-11.6975
-11.6257,-11.9207,-8.22263
-1.55735,-0.470149,1.67933
-1.45763,0.548808,0.594922
5.05798,5.74764,5.28753
-0.498618,-1.73725,-2.11547
-3.08803,-4.97395,-5.78571
-2.2343,-4.52372,-5.35906
-15.3879,-18.1837,-18.0556
-9.68979,-12.9045,-11.3458
-9.55797,-12.5761,-11.4739
-13.0723,-15.2896,-16.4622
-7.14177,-10.1619,-12.4643
-10.8861,-15.2782,-17.3582
-7.48953,-11.1137,-12.5586
-13.5329,-15.2396,-15.9584
-22.1965,-22.583,-22.9084
-17.6637,-17.3815,-17.4388
-17.0784,-16.2819,-16.1929
-9.37158,-8.95462,-8.24119
-14.037,-15.1552,-12.9359
-21.6579,-23.6244,-19.9247
-14.5031,-15.8072,-11.5372
-15.0137,-14.7147,-11.4369
-10.1722,-8.81893,-7.59047
-14.9993,-13.6949,-14.7441
-20.9773,-19.9094,-22.3254
-16.047,-15.239,-17.4286
-17.9788,-16.7637,-18.6343
-10.798,-8.10691,-10.8079
-16.9458,-13.0158,-16.7106
-26.389,-22.5951,-25.9764
-19.7684,-16.4682,-18.8047
-18.726,-15.3549,-16.2079
-15.817,-11.7382,-10.689
-23.4414,-18.0405,-16.1467
-27.6317,-22.5368,-20.5361
-19.8656,-17.7979,-15.1545
-22.236,-23.5098,-19.4472
-15.0391,-18.5363,-12.457
-15.4459,-19.3824,-12.4625
-15.9866,-17.7667,-12.1712
-6.42286,-5.45236,-1.97695
-11.7692,-9.84688,-8.04877
-8.1265,-6.91501,-5.27592
-9.48887,-8.88287,-6.87396
-11.6753,-10.9198,-9.3088
-5.52768,-3.98897,-3.47233
-9.46504,-6.09567,-7.77128
-0.468937,3.71562,0.564728
4.57801,7.35719,5.14876
1.33627,2.50765,2.5345
-1.57999,-2.1061,-0.293025
-11.597,-14.6282,-11.7753
-6.35512,-10.7763,-6.56921
-8.05903,-11.5736,-6.18742
-14.5859,-16.1257,-10.8502
-12.133,-11.4902,-7.16061
-18.6729,-16.372,-12.3317
-8.26885,-7.37564,-1.16476
-4.73823,-7.66324,1.01435
-13.3812,-17.4824,-8.78288
-11.8666,-14.0845,-5.96469
-20.4512,-20.8271,-14.001
-22.1904,-21.3179,-16.8865
-23.0817,-21.5892,-18.3476
-16.5067,-15.268,-11.7323
4.61518,5.65526,9.34609
8.67729,9.816,12.1724
8.91289,9.86114,10.3137
5.17907,5.94954,5.90926
1.92545,3.00684,3.20653
5.74722,8.31016,7.44829
-3.99311,0.714314,-1.85431
-6.35883,-1.11303,-3.24191
-6.64737,-2.61066,-1.93802
-10.7042,-7.3127,-4.08709
-5.39651,-1.31419,2.57826
-6.20335,-1.56741,1.76589
1.02025,4.92376,8.23239
3.8178,6.48755,9.699
-0.264507,2.17855,4.06972
1.65997,3.83855,5.41191
-6.03819,-5.3495,-2.19257
-2.62189,-3.33308,1.53327
-0.75891,-2.44459,3.5299
-6.84945,-9.44431,-2.85569
-5.0424,-7.74091,-0.652841
-7.16861,-8.8787,-1.95031
-1.55543,-2.4495,3.4876
0.933322,-0.358247,5.41312
-0.164893,-2.51851,4.13916
6.25766,2.15452,10.6032
4.0362,-1.7373,8.68948
10.0153,4.57767,15.7216
11.5038,7.92204,18.4001
-4.28445,-6.4166,2.53276
-12.1616,-14.796,-6.66876
-16.9299,-20.8298,-13.6811
-16.1888,-19.4523,-14.7253
-16.1262,-17.3124,-14.4843
-12.4912,-12.6856,-10.2341
1.0956,-0.621267,2.7457
0.114089,-3.72345,0.984962
-7.23681,-11.6395,-6.32235
-12.923,-17.4497,-11.9641
-12.1316,-16.8664,-10.9204
-6.99296,-11.0269,-4.64023
-8.89077,-11.5131,-6.24654
-5.39814,-6.99963,-3.77097
-2.52075,-4.37894,-1.03274
0.616125,-3.0617,2.53958
7.21768,0.568989,9.13104
3.93713,-5.31581,6.07064
5.47309,-5.13151,8.04645
6.89614,-4.21535,9.3022
3.81132,-6.65644,5.41558
5.70316,-3.68056,7.33262
1.38644,-7.73697,3.90428
1.60742,-7.61429,4.13595
2.58205,-7.36387,3.68147
3.06604,-8.30229,2.07439
5.60912,-6.90604,3.09138
-0.666381,-13.9349,-3.37203
-1.74977,-14.9972,-4.19713
-3.89664,-15.6189,-5.90707
-8.3441,-17.4713,-9.21402
-9.20682,-17.203,-8.85776
-12.3414,-22.7415,-11.7364
-5.15443,-19.2434,-4.69447
3.7996,-11.6908,4.98806
1.12817,-13.2587,2.44778
-8.17201,-21.0517,-6.78878
-15.0536,-26.8608,-11.7668
-12.0227,-22.198,-7.0645
-13.362,-21.9171,-8.83521
-8.62064,-16.1427,-6.17638
4.34823,-2.65172,4.47386
3.8357,-4.62131,2.52398
3.96637,-6.4596,2.73846
1.85585,-8.83918,1.97681
0.569916,-10.1175,1.20198
1.76276,-8.50316,2.05067
-5.86887,-13.8662,-5.30274
-7.17026,-12.7159,-5.91419
-9.29089,-14.5515,-6.93089
-12.2805,-19.0854,-9.89365
-12.803,-21.2327,-11.7831
-17.8462,-27.1471,-17.6219
-21.4529,-30.0843,-22.2892
-24.4264,-31.6454,-26.9853
-14.638,-21.3287,-18.3148
-1.70885,-8.13632,-5.12527
-1.70647,-8.35373,-3.87578
3.42007,-4.26134,2.7823
4.10125,-3.6133,5.59345
-1.44932,-7.8183,1.58043
-4.20397,-9.72598,-1.73978
-5.77064,-11.2607,-5.34221
0.882393,-5.34415,-1.15763
0.419947,-7.5443,-2.94945
-1.14424,-9.80563,-3.62966
-1.23717,-8.72282,-1.65227
-5.45208,-11.3286,-3.88601
-2.57124,-7.76918,-0.520723
-5.43392,-11.172,-4.61073
-8.04341,-13.9999,-8.2549
-9.59762,-14.3785,-9.028
-17.7917,-20.1968,-15.4998
-19.7534,-19.5311,-17.441
-25.5789,-24.1597,-24.6412
-26.9106,-25.752,-26.2026
-16.9589,-16.3054,-15.6065
-10.8294,-10.5947,-9.57957
-5.03529,-5.13119,-4.07261
-12.2941,-13.1264,-10.6479
-23.9756,-26.2014,-21.3481
-29.237,-32.0205,-26.1864
-32.5839,-34.7877,-29.6671
-26.8952,-29.4527,-24.6748
-24.0992,-28.5467,-23.2704
-16.494,-21.9578,-17.1518
-6.43825,-10.77,-7.17239
-6.37618,-9.48184,-6.30536
-4.18668,-7.24373,-3.97676
-1.83221,-5.28664,-1.58973
5.48338,1.76401,5.68619
11.8533,7.34135,11.2472
8.28094,1.90387,6.22114
9.97511,2.91636,6.45309
8.25218,3.41469,4.41325
6.24573,3.55146,2.95292
7.76424,4.91602,4.08732
3.88638,0.507286,-1.71519
3.73065,0.23768,-3.89154
-0.46449,-5.24359,-8.63726
1.31803,-6.06589,-6.96585
8.4168,-1.08738,-0.640776
6.75541,-2.98108,-2.34897
4.01025,-3.78336,-4.18075
-3.49142,-9.00734,-10.7066
-5.21505,-9.88637,-12.1478
-4.67121,-8.92011,-11.7797
-4.1912,-8.455,-10.4329
6.91005,1.25041,2.07364
8.84046,0.74219,4.2666
9.49437,-1.18961,3.81165
10.4132,-1.22289,3.46995
0.289576,-9.76592,-7.09996
-2.76654,-10.137,-9.50051
-7.18647,-12.8365,-12.4709
-6.91204,-12.9915,-11.6147
-3.08181,-11.1132,-7.94815
-6.23807,-15.7611,-10.3416
-2.44081,-11.5341,-5.83306
-6.22859,-13.6689,-10.1088
-5.91812,-12.8493,-10.9547
-2.36605,-10.1526,-8.77058
-6.54633,-14.5917,-13.736
-2.17312,-9.49498,-8.88715
-1.75444,-9.02949,-7.71517
1.20883,-7.21684,-5.36657
4.70076,-5.04698,-3.42319
2.97664,-8.00851,-6.40268
13.5877,2.25599,3.4344
19.456,9.66369,9.47291
20.6266,13.9445,12.1842
15.952,12.7286,8.91934
-1.00154,-2.10537,-8.773
-4.33474,-5.52944,-14.0484
-5.25078,-7.77232,-16.0171
-4.0354,-6.99567,-14.3851
-1.17423,-3.87673,-10.139
-2.63412,-6.67155,-10.9845
5.27996,-1.44995,-4.41443
3.43677,-4.93092,-7.48791
1.11105,-6.30339,-9.73655
-5.57646,-10.8514,-16.7882
-19.2443,-23.7442,-31.2229
-15.3631,-19.8728,-27.9584
-17.0044,-21.7211,-30.0754
-15.4581,-21.5745,-28.7095
-6.93556,-14.8636,-20.6989
-4.37408,-13.1559,-17.7592
4.60264,-4.34513,-6.68901
-1.16108,-10.7464,-11.1845
-3.18787,-13.4458,-13.7104
8.4565,-1.7774,-2.63174
10.8506,0.151838,-0.313185
17.9961,6.3449,7.04448
11.1191,-0.106849,1.18653
6.54795,-3.21834,-1.92781
15.9285,6.47896,7.87399
7.96327,-1.66184,-0.113428
-2.38104,-10.8263,-9.19452
-13.595,-20.9301,-18.5912
-12.827,-19.9455,-17.0739
-6.47544,-12.4267,-10.4567
-12.5401,-17.5959,-15.3976
-8.17625,-14.3378,-9.45126
-9.49412,-16.0691,-9.79235
-11.5718,-16.9429,-11.4829
-5.86306,-11.0646,-5.50962
-5.08889,-11.6668,-4.92737
3.29162,-4.35892,2.70532
-1.55496,-9.13745,-2.76009
-5.73922,-13.4825,-7.18408
7.40468,-1.23546,6.23417
16.8741,7.93858,15.9539
23.9081,15.3009,21.8781
12.9215,5.36101,8.969
3.84027,-1.46207,-0.839959
4.08827,1.14096,0.343973
-0.413383,-1.38633,-2.77037
0.639289,1.37754,-1.05926
-6.10825,-5.56955,-8.17563
-3.67269,-5.01838,-6.93687
3.13782,0.90718,-1.02834
-1.97869,-4.23046,-5.89809
1.69824,-1.29018,-2.00374
-1.66473,-5.80486,-5.54411
-5.05495,-9.91739,-8.80972
-4.43449,-9.78896,-8.35966
-11.3622,-16.3273,-15.4405
-8.57188,-10.904,-11.6163
-12.9353,-12.3206,-14.146
-12.0664,-10.8011,-11.3921
-4.60485,-3.39222,-2.46886
-6.54152,-5.74684,-4.09497
3.39839,1.14063,4.68154
5.6051,0.145577,6.03179
4.11362,-1.11236,5.62711
4.47964,1.55967,7.55627
0.208575,-0.676052,3.68796
9.51628,10.5268,12.215
9.23002,11.479,11.1765
1.97954,3.02526,3.82
-2.25558,-3.5724,-0.598129
-8.1398,-10.3597,-6.94637
0.175779,-1.80639,0.425984
-0.952196,-2.8724,-2.13793
-2.61766,-4.41483,-4.95847
1.81322,0.621636,-1.1114
-0.923155,-2.27433,-3.99881
4.28207,1.21076,1.50948
-3.29895,-7.66603,-5.65324
-5.36233,-8.96106,-8.21839
2.20507,0.234765,-1.96271
-2.98951,-4.38759,-7.53376
-1.11053,-2.84118,-5.12824
-1.85316,-3.44921,-5.14363
2.80939,1.07488,0.49918
6.94704,3.52673,4.73672
-8.80582,-13.8149,-12.0572
-14.8745,-19.809,-18.5254
-11.8267,-16.7891,-14.7438
2.74354,-4.25365,0.0841712
14.4417,5.42066,11.063
3.65458,-4.36162,-0.087831
-1.20368,-6.02642,-4.34927
-8.04229,-10.3425,-10.2936
-9.73375,-11.0216,-11.5456
-11.0472,-12.2974,-13.3192
-22.3565,-23.8453,-25.0535
-16.6175,-17.2513,-19.4447
-13.9337,-12.955,-17.318
-12.1318,-10.7595,-16.0049
-7.3937,-7.54513,-11.7442
-8.82697,-11.2114,-13.3099
0.616786,-2.85814,-2.58079
1.3333,-2.19605,-0.868979
2.56942,-0.96248,-0.827809
8.48014,5.24288,3.07179
3.13127,0.160238,-3.6254
9.16437,5.53215,1.82119
7.54253,3.38071,0.533971
1.94393,-0.734683,-3.60609
2.67839,2.16096,-1.25071
2.54113,1.95308,-0.436706
12.581,10.9319,9.36811
-2.42282,-3.13245,-7.02378
-18.9655,-17.9108,-23.8008
-14.2184,-12.5172,-18.3447
-16.0246,-13.8592,-20.8082
-11.4742,-8.04327,-16.8094
-15.7584,-10.7068,-19.9892
-20.3096,-14.3626,-23.0199
-15.4883,-9.96137,-17.0996
-15.6347,-11.1825,-16.8288
-5.20771,-1.28368,-6.94577
-7.80588,-3.1273,-10.6075
-14.2616,-8.36265,-18.3906
-9.3429,-3.03774,-14.7764
-11.6113,-5.69387,-17.5167
-0.227312,4.69742,-6.15036
2.09519,6.52978,-3.47812
-6.64757,-1.55417,-10.8466
-9.49903,-4.29129,-12.674
-15.6806,-11.6631,-18.7343
-4.10091,-1.76864,-6.60054
-0.794871,0.241383,-3.16746
-5.29299,-4.52941,-8.90429
-4.25955,-2.73945,-9.08883
-12.6998,-10.0641,-17.835
-11.5594,-8.8954,-17.3627
-15.4649,-14.6352,-22.8174
-17.9653,-19.0392,-25.2885
-9.69657,-11.0131,-14.7962
-9.99273,-10.3757,-13.583
-6.4507,-5.72296,-10.6053
-15.3777,-13.7279,-20.7879
-25.5828,-23.2117,-31.5128
-21.9256,-19.3303,-27.7522
-21.8937,-19.349,-27.7477
-9.48582,-7.2206,-15.3902
-6.0989,-6.31378,-11.9736
-5.31961,-9.87351,-11.4593
3.53304,-2.71802,-3.09655
-1.75706,-6.30039,-8.19861
-0.0753158,-2.46076,-5.6306
-2.40824,-2.61134,-7.52161
-4.09764,-2.00084,-8.8576
-2.52566,0.442588,-7.15335
-13.889,-12.2218,-19.723
-11.7778,-12.4675,-19.2114
-15.7782,-18.5978,-24.2324
-20.2079,-24.442,-28.7139
-6.11721,-10.5676,-13.0333
-5.24828,-8.92198,-9.80804
-5.00261,-8.59492,-7.98551
-9.97506,-13.9055,-12.7322
-17.5088,-20.2896,-20.9097
-19.4263,-20.4978,-23.7835
-27.2515,-28.7752,-32.9511
-17.324,-21.554,-24.209
-9.15989,-14.9472,-16.0803
-4.55609,-9.58397,-9.86142
0.131527,-4.21425,-3.07833
-7.58788,-12.2487,-10.2846
-1.79629,-7.32069,-5.66502
1.45932,-5.16423,-3.75269
4.37114,-2.87303,-1.20863
12.0465,4.36428,7.00341
5.57535,-2.45063,1.34146
8.17362,0.431742,4.13275
6.4528,-1.11699,1.35459
-1.58958,-8.55016,-7.84161
-5.65812,-10.9662,-11.5822
-17.7913,-21.5477,-21.684
-15.5011,-17.9539,-16.3231
-14.5612,-16.611,-13.5503
-11.949,-15.3886,-11.8407
-2.29182,-6.61742,-4.45023
-6.59603,-9.38409,-10.3992
-2.03685,-3.7739,-6.54067
-0.570869,-5.00541,-6.44394
0.525354,-8.65373,-7.36261
3.70128,-9.29542,-5.47167
-5.55425,-20.9973,-15.3643
-1.04578,-17.129,-10.5763
3.97302,-10.5337,-4.22404
10.7988,-1.63771,3.96735
19.5883,8.4061,14.6056
9.51561,-1.42031,6.69998
8.46728,-2.52005,6.46933
-0.19219,-10.3836,-2.55432
-17.067,-27.3275,-19.1991
-22.7587,-34.5261,-23.859
-26.4369,-38.8652,-27.628
-11.2637,-23.6189,-13.3544
-0.997772,-13.1166,-2.60244
2.6835,-7.73125,2.59442
4.74791,-2.55221,5.51453
-7.96711,-12.97,-7.08363
-11.0778,-16.2064,-10.4074
-16.2345,-22.2434,-16.3088
-15.6487,-21.244,-16.9907
-5.33906,-10.392,-7.93872
-8.03205,-13.4391,-10.9389
-3.69661,-9.70771,-6.21881
-3.95598,-10.5927,-6.92336
-2.55994,-9.6548,-6.5323
7.22582,-0.322876,2.47979
1.13715,-7.13129,-4.51491
2.83774,-5.29647,-3.37735
0.138673,-6.69526,-5.7065
-4.60649,-11.6384,-9.99056
2.68597,-6.51287,-3.48868
0.824243,-9.28306,-7.00784
-4.33334,-14.1851,-12.8032
-22.0931,-32.3877,-29.9017
-27.3753,-37.8057,-34.6935
-13.2108,-22.6499,-20.8694
-11.0276,-19.8334,-19.1604
-3.29522,-13.4022,-11.7555
1.55523,-10.8799,-7.94997
6.29874,-7.40948,-4.81201
10.1368,-3.59351,-1.35067
-5.55404,-18.7747,-15.8689
-6.01843,-17.7426,-15.0861
-0.817885,-10.358,-9.22254
4.48436,-5.04998,-3.30592
11.3542,-0.892063,4.35255
2.5788,-10.9716,-4.06802
7.56814,-3.83437,0.566662
11.0559,2.03817,3.35189
9.69309,1.11508,1.6408
11.4316,3.00385,3.41343
5.56778,-3.04873,-2.75553
10.2023,-0.629197,1.15279
6.08693,-6.75335,-3.36795
0.451803,-10.6675,-8.59971
3.02734,-4.91337,-5.99128
-3.36585,-11.044,-13.3293
-0.201872,-9.65339,-10.8378
-4.56581,-14.6389,-15.463
-10.9836,-20.548,-21.9382
-7.31996,-16.9187,-17.5785
-13.9564,-23.3217,-22.7658
-10.6833,-18.3932,-17.7818
-8.44493,-15.8252,-14.9537
-3.43852,-13.8834,-10.6693
5.69593,-7.9522,-2.51468
1.41671,-12.3638,-7.58238
6.87183,-4.41091,-1.59058
2.54787,-5.74682,-4.19266
-3.68872,-10.3364,-9.63491
0.728349,-5.42293,-5.36199
-4.62845,-10.8316,-10.0835
-0.93615,-8.15826,-5.45163
-0.530976,-8.73055,-5.16017
-1.70458,-9.79777,-7.04078
3.42591,-4.81986,-2.43357
-3.00937,-11.7138,-9.41937
1.67615,-6.37928,-5.00209
4.92913,-2.01305,-1.54112
7.39045,1.15635,1.67243
14.8596,9.60862,10.4913
0.355669,-3.17293,-3.80557
-2.96137,-4.90231,-8.0648
2.55474,1.97124,-2.46739
5.22989,5.62929,0.801232
9.36566,9.03595,4.13054
1.17273,-0.347973,-4.99067
4.31831,2.59059,-0.598621
12.88,11.1276,9.88638
18.1758,16.7018,15.8073
16.6325,15.9358,14.2764
3.13783,2.39477,0.819221
4.7115,2.50207,2.50162
3.60229,-0.391456,0.973808
-3.47869,-8.25549,-7.04544
-0.609933,-5.14952,-4.00196
-6.3174,-10.0978,-8.51483
-8.35227,-11.1169,-9.55385
-15.5902,-17.7603,-15.8108
-21.3793,-23.2434,-20.6695
-14.2273,-16.0934,-13.4717
-20.4436,-23.5013,-20.3763
-21.4468,-25.6474,-20.8281
-25.032,-28.3899,-22.3154
-29.0308,-31.1562,-25.6149
-23.4384,-26.2619,-22.1805
-24.8329,-28.8967,-26.4797
-16.6248,-19.8884,-18.749
-15.116,-16.329,-15.6847
-20.8308,-20.6578,-20.9125
-17.4739,-16.5102,-18.527
-16.5402,-14.8223,-18.7253
-8.38223,-6.04824,-11.5344
-9.77299,-8.33854,-14.3434
-16.1852,-16.5716,-22.1607
-7.44098,-7.61594,-12.9661
-0.979648,1.10078,-5.23497
7.17065,11.3177,2.46207
-1.56254,3.00876,-8.11055
-12.9101,-9.61286,-20.5497
-3.65308,-2.20347,-10.5498
0.528239,0.683067,-5.49056
5.97783,6.29256,-0.542654
2.77991,3.71938,-4.15663
2.39121,2.44178,-3.36918
15.7479,13.7894,11.9884
15.3885,11.7594,12.9381
13.2681,9.58542,11.6597
5.45567,2.99507,5.191
-5.85704,-8.17547,-4.67775
-7.815,-11.0145,-5.79662
-11.097,-13.8698,-8.88815
-2.81722,-3.82216,-0.516753
0.651445,1.02744,3.00949
-2.97249,-1.70364,-0.672472
0.059104,2.20234,2.05267
-4.90556,-2.79653,-3.88572
-0.636154,-0.156479,-0.603907
0.959161,-0.874195,0.439056
-1.44343,-4.32592,-1.22248
2.07313,0.0486786,4.89867
-4.49364,-5.51465,0.911189
-3.03055,-4.54016,3.24266
-2.65692,-5.29144,2.7155
-4.70042,-7.45221,-1.06533
-3.24916,-5.31234,-0.526592
-11.7599,-13.5985,-8.46499
-10.3317,-12.3842,-5.75942
-13.6416,-15.7342,-8.22027
-25.7878,-27.4485,-20.2351
-29.4455,-29.6719,-24.099
-34.4683,-32.9482,-29.2183
-23.4634,-21.6289,-17.1651
-11.7258,-10.1172,-3.43958
-6.22436,-3.33962,4.0967
-1.34371,2.89305,9.73845
-13.0411,-9.07614,-3.37853
-14.0291,-11.1237,-6.26016
-13.5318,-11.2519,-7.00847
-16.0141,-13.1834,-10.1176
-12.4822,-8.11621,-6.85139
-19.3995,-14.268,-14.3587
-17.3039,-13.0746,-12.8427
-16.3544,-13.2833,-12.5978
-19.2556,-17.0514,-17.2888
-13.5058,-11.9718,-13.5352
-17.0638,-14.4963,-17.4593
-16.0607,-11.5723,-14.7895
-18.5155,-13.6469,-14.6525
-20.4959,-15.8755,-14.3977
-9.5691,-4.702,-1.93526
-9.3227,-3.73281,-0.566437
-8.70592,-2.48175,0.196666
-15.566,-10.31,-8.5065
-17.5439,-14.327,-12.8067
-4.31674,-2.42828,0.0946359
-1.56503,-0.618755,3.62938
3.80393,3.6535,8.93607
2.13426,1.9187,6.72853
-1.18983,-0.233843,3.55784
3.69582,6.15611,9.55841
-1.27543,2.27007,5.6944
4.33488,6.23019,10.6282
13.6763,10.7793,17.1622
18.0003,11.8588,19.6119
22.6175,16.9959,25.4929
16.4107,12.1937,21.0818
21.2586,17.7993,26.2178
19.1946,17.2153,23.947
5.33979,5.41666,10.364
0.948732,-0.0541676,6.09888
-8.79558,-14.1914,-5.23837
-12.324,-21.3573,-11.586
-19.1527,-29.337,-20.3588
-24.2543,-33.1909,-25.8982
-16.1378,-22.8524,-17.2572
-16.624,-21.799,-16.8278
-20.3335,-24.5599,-19.3825
-34.7269,-38.068,-32.463
-43.8245,-46.8272,-41.1826
-33.6106,-37.1681,-31.5796
-31.2895,-35.4037,-29.7036
-27.4594,-31.7987,-25.5476
-36.123,-40.4272,-33.7461
-52.2815,-57.0782,-49.1211
-47.152,-54.245,-42.2907
-36.7145,-45.9117,-31.4294
-21.7204,-30.8588,-17.3735
-20.5515,-29.7227,-16.5203
-20.272,-31.2691,-16.2026
-3.59048,-17.0084,0.0705992
-0.00402876,-15.0752,3.21927
-0.539405,-15.7643,3.11259
-2.17514,-16.0672,2.47476
-0.45055,-13.1795,5.15657
5.17805,-8.71661,11.0564
0.0807926,-15.9257,5.24908
2.03552,-14.4983,7.15895
-1.28916,-17.7208,5.09611
-4.73143,-20.6644,2.91561
7.34501,-7.37651,15.4783
9.38661,-5.17005,17.3153
14.1823,-1.74781,22.1747
14.9427,-2.4076,22.752
11.4447,-5.84596,17.4129
13.8942,-1.96213,17.3768
4.17497,-10.0837,6.32026
3.98192,-9.61289,5.80036
9.00559,-5.16841,10.5424
13.8889,-1.27622,14.9052
18.9845,2.76099,18.7233
9.50974,-6.89965,7.58239
11.5481,-4.05882,9.07553
19.5631,3.95685,17.2003
23.7228,8.32438,20.3076
24.6205,10.7831,19.2055
8.89646,-3.31321,2.30843
4.62843,-6.50397,-1.17347
4.17954,-6.57236,0.00574707
-1.50339,-12.1444,-5.18349
-1.53259,-11.9882,-6.15598
-9.53615,-19.8812,-15.5123
-6.68996,-16.8406,-13.3395
-4.56671,-15.0144,-11.7194
-11.4247,-22.3753,-18.7444
-17.9739,-28.6657,-23.9244
-30.4736,-40.8511,-34.7896
-29.1123,-40.281,-32.7547
-29.0117,-41.4612,-32.9196
-33.7505,-46.2618,-38.9028
-31.2184,-43.2597,-37.5335
-31.9129,-44.4469,-38.4071
-24.1293,-37.3726,-30.5907
-24.2841,-37.9727,-31.3548
-28.1068,-42.1642,-35.1358
-21.8603,-35.8162,-27.4831
-25.2058,-38.2804,-30.2141
-20.7545,-31.9933,-26.337
-18.7676,-27.8646,-25.0659
-23.4758,-31.7646,-31.463
-22.3375,-31.9985,-32.7711
-24.3822,-35.747,-36.0588
-12.0148,-24.2765,-23.4324
0.615315,-13.162,-10.8656
7.8099,-7.30787,-4.15936
12.9061,-1.34429,1.69744
3.77865,-7.51017,-6.34262
5.64368,-2.14529,-4.38188
9.90046,4.69196,-0.109982
10.7549,6.85013,0.80364
16.3399,13.3899,5.58092
7.42574,5.64594,-4.46114
5.54271,3.54818,-6.32372
8.82322,4.29977,-2.76026
4.83083,-2.29109,-7.32003
7.63011,-0.705361,-4.83032
5.88675,-3.19974,-6.84665
4.81032,-4.72401,-8.36703
0.455935,-8.4221,-11.9261
-5.33149,-12.5669,-15.3552
-2.88964,-9.92461,-10.9475
-1.05722,-10.7232,-9.66577
5.72486,-6.45128,-4.57251
1.43338,-10.9734,-9.77735
-1.10501,-12.5574,-12.2834
28.3943,17.7759,18.3599
78.972,68.5537,69.746
139.194,128.356,129.558
188.252,176.81,178.412
220.731,209.797,210.755
238.523,228.441,228.166
231.626,221.13,221.892
215.111,203.926,206.386
193.071,181.209,183.717
172.729,160.1,161.823
158.964,146.134,147.877
138.667,126.01,128.518
118.882,106.391,109.981
92.3925,79.8984,84.7006
72.7726,59.349,64.8898
69.8718,54.4695,59.8468
61.2027,44.464,48.5133
52.3456,36.4281,39.163
44.2436,30.9289,33.2428
43.5816,32.7916,35.1001
46.3631,36.1782,39.0987
32.2586,20.6319,23.9748
22.1406,8.38797,11.7392
20.064,4.92606,8.71465
17.3543,2.21388,5.40941
14.4994,-0.411696,2.02562
5.33304,-9.31961,-6.49846
4.77093,-8.43547,-5.62138
5.83431,-6.29247,-3.59287
4.16969,-8.55985,-5.52931
3.05989,-11.1115,-6.78036
-3.98373,-19.6577,-12.9764
-5.39974,-20.954,-13.9098
-9.82062,-24.4232,-19.2639
-14.6487,-29.7542,-25.3001
-11.4403,-26.8945,-21.2543
-6.47395,-21.1979,-14.4577
3.79891,-10.8349,-4.22722
3.52953,-11.9051,-5.60208
-4.87684,-20.425,-14.3152
-5.87983,-20.0086,-14.5496
-7.34812,-19.3017,-14.7258
-6.28248,-16.5411,-12.157
-13.5745,-23.7393,-18.8372
-27.3689,-39.4292,-34.0813
-35.5985,-49.8973,-43.6832
-40.6901,-55.1334,-49.046
-33.5227,-46.0488,-42.1708
-32.1777,-43.4341,-41.4645
-36.9857,-49.1303,-47.0672
-37.0596,-50.8848,-47.5073
-37.8268,-53.1144,-48.6757
-27.9279,-44.5773,-39.7775
-25.3467,-42.8647,-38.0708
-37.5917,-54.1861,-50.0266
-41.3173,-55.7933,-52.9145
-34.2494,-48.1947,-46.2013
-25.6318,-40.364,-37.6806
-33.2782,-48.045,-43.4583
-43.9949,-57.7261,-52.1627
-41.0694,-53.6836,-48.1823
-39.1842,-51.5555,-46.6139
-34.5476,-46.8223,-42.9537
-37.8131,-49.5774,-45.8025
-46.3332,-58.0869,-53.3117
-45.6826,-58.0696,-52.0231
-40.3433,-52.9562,-45.6287
-27.3738,-39.0962,-31.2865
-24.3765,-35.1636,-27.5939
-27.6292,-37.9357,-31.38
-23.0089,-32.3501,-27.5136
-17.365,-25.7199,-21.4156
-10.1966,-17.378,-12.7757
-11.1746,-16.6642,-12.2651
-11.0953,-15.3689,-11.5837
1.02476,-2.1094,0.452
7.51851,6.24246,7.14763
7.76313,8.01707,8.42588
-0.11122,0.468574,2.48477
-8.6499,-8.44805,-4.85591
-9.56594,-10.5664,-5.74782
-7.54499,-9.51042,-3.96423
8.69673,7.65466,10.8183
23.0974,23.3235,23.2196
30.6891,31.2332,30.3298
35.9966,37.2206,36.3097
32.6454,35.8739,34.3192
33.5609,39.3674,36.5026
30.2977,38.0897,32.9715
24.2719,32.9285,26.3743
30.3723,39.1716,32.8447
42.092,51.2261,43.9791
47.0657,56.6234,46.5535
38.8074,48.8527,36.5101
31.8514,43.549,29.748
24.9896,38.5255,24.9353
14.0984,28.0896,16.5051
14.6805,28.6308,17.2978
12.6089,25.9859,13.7701
7.3408,19.7954,7.53754
4.2397,16.651,3.64312
0.345878,12.2015,-1.87488
7.86801,18.208,4.76686
12.6663,23.2541,11.311
12.3505,25.9865,12.9299
5.78374,22.7887,5.39754
-3.10677,14.6725,-6.01167
-1.20961,14.9569,-4.97313
-2.43673,11.7426,-5.46646
-2.2728,10.8685,-6.07598
-9.54815,3.93648,-15.2136
-19.8275,-5.86447,-26.0833
-17.3491,-4.14816,-23.9594
-21.2026,-9.13989,-28.5433
-15.5901,-3.85668,-23.0275
-5.8565,5.56132,-12.966
-9.61283,1.08863,-16.3458
-8.52496,1.7121,-14.1627
-11.1016,-0.739562,-14.9165
-7.77733,3.4374,-9.81481
-3.19076,8.33414,-3.92217
-9.4423,1.26383,-9.24102
-2.90545,7.95089,-2.5458
5.47268,18.0533,4.48031
20.6298,34.7056,18.1962
30.0605,45.0523,27.857
19.6833,35.8695,18.9545
19.4403,36.1387,19.7532
22.7243,38.0636,23.6598
33.6953,47.4887,35.183
44.267,58.3265,44.499
41.1059,57.1335,39.1341
39.5199,57.4228,37.4349
31.0013,48.4628,30.6452
30.0165,45.8071,30.5274
32.4894,48.0865,32.2975
25.0069,41.5449,23.5546
26.586,43.4043,23.7154
24.2334,40.666,20.6978
32.9746,49.0329,29.7889
50.7867,66.2889,48.1246
54.8531,70.3021,53.1533
61.631,77.7594,61.2771
71.5577,87.843,72.5477
101.456,117.903,103.396
136.851,154.005,137.754
159.541,176.82,158.12
185.676,202.73,184.054
205.377,221.96,205.751
237.567,253.151,239.379
273.902,288.309,275.882
290.516,302.773,291.816
314.347,323.76,314.73
347.3,354.919,347.743
393.669,400.454,395.61
435.621,441.635,439.202
453.596,458.83,457.378
470.324,474.897,472.703
474.462,479.522,474.389
477.929,485.047,476.373
479.256,487.689,478.87
467.704,475.293,469.452
464.947,472.262,467.542
454.842,464.163,457.039
445.698,456.501,447.191
436.217,446.127,437.142
413.452,421.086,414.082
394.75,400.34,394.804
369.814,374.843,369.196
353.682,358.507,353.721
346.452,350.657,348.025
329.616,334.17,331.632
319.314,324.909,321.101
301.738,307.679,304.063
288.854,293.832,290.658
281.96,285.536,280.866
264.948,268.57,261.6
251.262,256.352,248.159
228.399,234.375,226.993
217.134,222.668,217.98
214.026,219.34,216.17
197.197,202.587,198.362
184.102,188.966,182.994
165.359,169.105,162.746
155.13,157.702,152.951
152.864,155.507,152.03
139.678,143.294,139.661
129.922,134.641,130.759
111.163,116.888,113.514
94.4474,100.08,98.314
80.5684,85.2737,85.0195
60.5068,64.3853,64.6882
55.409,58.4838,59.2763
46.2266,48.5672,49.5856
44.028,45.5659,46.8865
39.1063,39.3412,42.7803
15.4044,14.0165,21.3915
6.95423,4.21265,14.995
-1.46077,-4.2146,6.60491
-5.01063,-6.24711,2.10374
-8.62468,-8.41047,-1.05277
-28.259,-27.3109,-18.5018
-35.2497,-33.7454,-23.901
-46.4515,-44.3775,-36.3632
-60.9449,-58.6914,-53.246
-71.0887,-70.233,-63.972
-89.3726,-90.4697,-81.7424
-92.8676,-94.6902,-85.3081
-96.3269,-98.2567,-89.1221
-95.5053,-97.0489,-88.856
-86.2329,-86.1258,-81.0958
-91.5085,-89.297,-88.1507
-92.8663,-90.6551,-89.8878
-100.965,-101.165,-97.1697
-104.297,-106.362,-99.6466
-98.6419,-100.328,-93.0322
-105.785,-105.92,-99.4091
-106.029,-105.242,-100.543
-110.259,-109.575,-106.959
-114.3,-114.055,-112.082
-113.684,-113.846,-110.835
-118.352,-119.24,-114.187
-107.303,-109.444,-101.426
-100.653,-104.11,-94.6857
-99.0966,-103.416,-96.7161
-98.7412,-102.808,-100.641
-110.635,-114.335,-113.903
-98.0317,-103.159,-100.373
-83.1594,-90.1071,-84.6315
-82.93,-89.5076,-83.8257
-84.2874,-88.7005,-85.3311
-96.308,-98.1106,-99.4033
-93.8041,-93.5176,-98.5988
-86.867,-86.1984,-91.0887
-83.328,-83.9667,-85.8788
-78.6703,-81.3779,-79.3819
-84.7101,-89.3694,-83.7349
-83.1003,-88.9438,-81.4653
-82.6261,-88.4877,-81.7219
-84.9946,-90.0408,-85.2141
-81.8168,-87.2026,-82.1149
-90.1835,-98.0082,-89.6054
-99.0387,-109.253,-98.1069
-105.282,-116.278,-105.669
-102.862,-113.687,-105.4
-90.6984,-101.144,-93.4883
-100.335,-109.217,-101.025
-120.358,-126.537,-118.713
-138.242,-143.443,-136.765
-153.994,-160.034,-155.235
-160.819,-167.929,-163.966
-158.509,-167.618,-162.786
-143.482,-154.719,-149.615
-135.641,-147.041,-143.291
-136.403,-146.053,-144.455
-138.54,-145.954,-145.29
-142.579,-148.277,-147.654
-142.197,-146.643,-147.942
-145.953,-149.387,-153.62
-143.751,-146.361,-151.808
-131.876,-133.861,-138.074
-124.971,-125.957,-128.565
-120.272,-119.462,-122.109
-121.687,-119.871,-122.538
-123.22,-121.716,-123.587
-117.986,-117.642,-118.692
-113.915,-115.348,-115.699
-105.3,-107.36,-107.458
-102.529,-103.849,-104.607
-105.154,-105.501,-108.118
-105.119,-104.616,-109.305
-104.849,-103.777,-110.17
-97.5397,-95.582,-104.029
-96.8072,-93.4594,-102.917
-98.9153,-94.4904,-102.793
-93.1094,-89.1301,-95.757
-80.2018,-77.853,-83.0819
-58.9102,-56.762,-61.8114
-51.6402,-47.8484,-54.7894
-56.8706,-51.3021,-61.0338
-55.7939,-49.8628,-60.8
-50.5962,-45.6512,-55.7893
-41.7644,-37.3453,-46.4788
-37.8133,-33.9099,-42.277
-32.2892,-29.0361,-37.1183
-23.9797,-19.9111,-27.932
-24.5814,-18.8942,-26.5503
-24.2253,-17.5352,-25.1316
-26.7557,-19.3519,-27.4413
-27.9395,-19.7929,-28.7808
-27.9811,-19.2348,-29.265
-33.3558,-23.4621,-34.5576
-32.9124,-20.7132,-33.8058
-29.7369,-15.1622,-30.3523
-24.569,-9.26712,-24.9882
-22.9129,-8.05903,-23.7858
-23.8001,-8.40933,-25.9076
-14.845,2.95549,-18.3277
-12.1074,8.22625,-16.0679
-14.4126,6.5719,-18.0355
-12.7922,7.26672,-16.0686
-15.3103,3.7234,-19.0885
-16.3567,2.3077,-20.9268
-21.6484,-3.10189,-26.0688
-24.2771,-5.18804,-28.0372
-24.0159,-3.61191,-27.5126
-31.361,-10.7592,-35.8612
-33.8188,-14.1934,-40.2739
-33.6977,-14.2166,-40.8594
-29.3119,-8.41879,-35.3826
-27.5465,-4.6348,-32.1981
-35.9343,-11.9114,-39.7807
-39.4097,-15.2796,-42.442
-35.4548,-11.5284,-36.7099
-34.5727,-10.6733,-34.7388
-56.0454,-30.8862,-56.9163
-92.6872,-65.3612,-94.7324
-127.759,-99.343,-130.473
-169.113,-141.105,-171.006
-205.831,-178.078,-206.05
-241.759,-212.726,-241.293
-289.725,-257.653,-289.445
-338.023,-302.631,-338.795
-385.317,-348.479,-388.307
-412.16,-375.044,-417.395
-420.871,-383.101,-428.105
-431.909,-393.281,-440.873
-444.448,-405.392,-454.115
-463.024,-424.269,-472.889
-469.218,-430.658,-479.42
-470.073,-430.465,-479.767
-471.482,-430.367,-479.972
-456.71,-415.361,-465.275
-440.943,-400.38,-450.531
-424.028,-384.323,-434.108
-410.678,-372.227,-421.037
-399.166,-361.419,-409.683
-373.706,-335.17,-383.833
-350.925,-311.584,-360.479
-325.061,-285.15,-333.834
-296.439,-255.101,-304.27
-273.328,-230.131,-280.976
-248.328,-204.224,-256.386
-230.484,-186.739,-238.182
-201.214,-158.525,-208.46
-165.572,-124.195,-174.252
-138.063,-97.5779,-148.701
-111.84,-70.9528,-122.28
-97.7419,-55.2263,-105.676
-82.4555,-38.4338,-87.1976
-68.8718,-24.1528,-71.2745
-61.3657,-16.8176,-63.5727
-50.4627,-6.63493,-55.1852
-51.1958,-8.12564,-59.5052
-46.2281,-3.08049,-56.7802
-35.5528,9.09486,-45.9358
-35.7517,10.51,-44.7975
-36.1066,11.6274,-43.9794
-45.1109,5.50054,-51.6413
-41.3032,13.3123,-46.4757
-23.0006,34.5644,-27.4913
-11.105,47.427,-15.6208
-0.647775,57.4033,-5.35761
4.54099,61.1858,-0.0661567
12.6101,68.1941,7.88709
-3.86987,52.6039,-8.89455
-34.8827,23.5745,-39.0036
-38.5921,21.1463,-40.785
-43.005,17.7493,-43.8606
-58.0486,3.89404,-58.9588
-96.7975,-35.2237,-98.3936
-157.21,-97.8401,-158.505
-206.054,-148.086,-206.273
-262.754,-204.499,-262.537
-319.534,-260.678,-319.569
-364.729,-305.092,-365.238
-401.65,-340.96,-402.88
-415.409,-354.024,-417.456
-430.859,-368.913,-433.842
-433.734,-370.99,-437.709
-412.794,-349.236,-417.587
-379.49,-315.599,-384.618
-329.128,-264.723,-333.476
-302.291,-236.769,-306.246
-280.763,-215.318,-286.629
-240.513,-175.822,-249.272
-197.546,-131.862,-207.538
-146.077,-77.8061,-154.768
-109.631,-38.4159,-116.318
-67.5058,5.4932,-73.1373
1.61734,74.4159,-3.84377
77.6421,149.878,72.5232
154.677,227.354,151.549
185.021,258.626,184.014
161.806,235.47,160.428
121.202,193.688,118.107
80.0875,151.833,76.5045
59.8673,132.227,57.2927
35.4135,109.157,33.4031
12.3185,87.549,9.73633
2.20339,79.0257,-1.0476
-14.0023,65.6655,-17.4246
-19.2943,63.4659,-22.0236
-26.8982,56.202,-28.8636
-36.7888,43.6913,-38.4013
-45.503,31.1877,-47.2512
-59.5021,13.9594,-62.728
-60.2068,12.4825,-64.8761
-65.1591,9.06893,-69.6975
-67.5527,8.34111,-70.6623
-61.0424,16.0797,-62.6191
-66.0478,12.0713,-67.763
-67.0103,10.6314,-69.4818
-72.5238,3.34858,-74.8985
-75.318,-0.485667,-77.6749
-68.6755,6.68133,-70.6695
-69.7458,7.44663,-69.9316
-62.7916,16.0078,-61.1045
-58.6417,19.9772,-57.222
-49.6362,28.337,-49.4408
-38.509,39.7744,-38.7153
-39.2774,39.6144,-40.3166
-26.8794,51.8661,-30.2349
-20.5818,57.448,-26.4783
-19.075,59.7273,-25.1412
-15.1754,66.5705,-18.7006
-24.9059,59.9382,-25.3115
-30.4276,55.7029,-28.4355
-36.3919,49.0023,-33.1788
-35.5753,48.9375,-31.458
-28.2928,56.1232,-23.4591
-37.4685,46.6877,-34.0678
-43.449,40.8262,-41.9368
-46.8274,39.0062,-45.0428
-31.6627,56.8878,-29.4512
4.24969,95.9463,5.45108
30.7566,125.206,31.2545
59.8407,155.972,61.0986
79.0028,175.76,81.3946
92.8708,190.644,96.3581
106.172,206.064,110.416
107.944,208.559,112.617
115.905,215.205,121.619
114.745,213.534,121.015
112.032,210.789,118.473
117.989,214.382,125.393
111.382,203.74,119.339
105.944,194.453,112.972
97.7124,181.441,101.94
96.0264,173.964,97.9643
107.431,181.219,109.65
95.311,168.251,98.2309
81.0218,154.907,84.2892
85.8332,160.225,89.3741
104.053,177.472,107.146
116.397,186.696,118.565
83.6999,151,85.0778
-6.03156,61.1239,-4.78362
-200.691,-131.865,-198.585
-508.075,-438.601,-504.417
-792.67,-724.729,-787.597
-907.945,-841.446,-902.38
-850.959,-784.869,-846
-727.707,-662.851,-724.377
-590.059,-526.579,-588.071
-459.354,-396.207,-456.828
-372.069,-308.902,-369.155
-307.432,-244.458,-305.612
-241.148,-178.82,-239.613
-176.739,-115.05,-174.5
-117.163,-56.188,-113.929
-74.4627,-14.2979,-69.6324
-46.3055,13.5023,-40.3321
-17.3456,42.4861,-11.5768
25.8297,86.4683,30.6921
65.0461,126.449,68.9712
83.4758,144.107,85.9156
104.214,162.967,103.881
137.285,194.449,134.141
182.087,239.276,177.573
212.865,271.241,208.61
210.572,269.639,207.807
198.404,257.513,196.631
196.027,255.405,194.163
212.736,272.798,210.644
223.341,283.445,221.131
199.35,257.798,196.138
161.973,218.821,157.127
149.374,206.43,144.326
177.775,235.524,173.475
216.704,274.138,212.512
231.813,287.986,227.399
227.678,283.226,224.093
215.539,272.033,213.5
215.607,273.98,213.192
221.47,281.065,216.777
221.327,280.361,215.452
227.84,285.965,222.42
232.745,290.365,227.672
248.585,304.951,243.241
287.283,341.876,281.791
332.537,386.354,327.437
359.777,413.728,355.673
353.053,406.704,350.798
334.744,388.455,334.45
313.988,369.485,314.292
282.843,340.154,281.906
250.004,307.139,248.102
222.476,278.272,221.381
215.107,269.894,215.222
213.059,267.636,214.031
193.88,248.567,194.692
169.388,224.267,168.58
148.314,203.496,146.133
147.07,202.668,145.007
151.434,208.286,149.939
139.198,196.676,137.257
116.709,172.82,113.626
91.3223,146.245,88.0365
77.0094,130.896,73.7616
60.898,112.57,56.7332
35.3436,85.9866,30.1339
14.2159,65.9003,8.38671
-6.78686,45.7144,-12.9436
-24.848,28.0175,-31.0461
-43.2016,9.76002,-48.4275
-59.2353,-6.34166,-62.2105
-64.1974,-11.1736,-65.2204
-73.0938,-20.415,-74.0365
-76.2095,-23.2969,-78.2944
-74.7049,-20.9932,-77.6686
-74.1109,-20.8213,-77.1223
-61.2473,-9.63443,-64.3805
-38.5572,10.7345,-42.5568
-1.64201,45.7223,-5.9897
28.7191,75.295,25.4417
43.0891,89.2982,40.8865
63.4647,109.703,61.0185
89.4329,136.465,86.7849
116.88,164.645,115.283
125.461,173.543,125.236
106.248,154.837,105.938
81.7487,130.734,79.8643
57.481,106.02,54.6146
42.5023,90.3295,39.9235
31.6564,78.6564,30.0797
11.0629,56.7835,10.7275
-13.8539,30.9709,-13.209
-37.4758,7.73785,-36.0953
-44.3154,2.32774,-42.8269
-46.2855,0.867139,-45.4336
-52.7144,-6.34876,-51.8498
-51.1249,-5.24162,-49.2697
-44.6751,1.0289,-42.1439
-43.1112,2.60438,-40.6389
-68.5553,-22.0891,-65.9273
-99.0333,-50.7834,-96.2099
-104.217,-53.916,-102.262
-99.3862,-48.3991,-98.5094
-79.3323,-28.8414,-78.6669
-55.0667,-3.70115,-53.3387
-36.1434,18.4902,-32.843
-11.9258,45.9496,-7.75706
3.33318,62.7295,8.06051
23.9628,83.7932,29.0925
46.7185,106.569,51.8181
63.3426,121.897,68.1475
87.9374,143.908,92.6122
101.638,156.188,107.183
110.772,164.291,117.84
113.38,163.884,120.718
115.619,162.282,122.122
129.197,172.689,135.816
123.835,164.936,132.232
119.875,158.207,130.407
117.338,150.646,128.491
106.581,133.545,117.363
115.369,136.941,126.765
123.165,139.606,135.359
124.119,135.635,136.073
113.394,122.433,124.927
86.5741,95.5455,98.5342
72.656,81.6431,86.1158
64.1026,71.2785,77.7824
64.8505,69.4022,76.6379
64.3674,67.4397,75.0753
51.8999,54.3625,63.0707
51.2434,52.9963,62.5563
40.0701,40.8874,50.9448
26.8665,27.9248,38.3337
22.2941,25.0594,35.1117
18.9836,23.2445,32.731
19.9933,24.7942,34.0626
2.74241,7.2762,15.7875
-9.80179,-5.91992,1.34712
-14.6331,-11.1596,-4.3891
-25.2065,-21.2359,-13.8732
-23.9115,-18.4111,-10.2867
-33.7912,-26.6263,-18.8917
-48.9635,-41.4996,-34.99
-61.3118,-55.2968,-49.9952
-80.2532,-75.5238,-71.6405
-88.5959,-83.7627,-81.3744
-101.657,-96.2911,-95.3048
-109.356,-104.612,-104
-113.877,-110.799,-109.626
-132.252,-130.425,-128.955
-146.542,-145.122,-143.944
-167.044,-165.224,-165.622
-176.112,-173.308,-176.231
-177.071,-173.222,-178.698
-192.01,-187.674,-195.123
-201.67,-197.056,-205.542
-204.198,-199.164,-207.444
-194.113,-188.845,-196.151
-190.671,-185.592,-192.8
-201.663,-196.67,-204.983
-201.599,-195.064,-204.087
-208.787,-199.439,-208.182
-217.816,-205.733,-214.725
-227.236,-213.74,-223.738
-242.653,-230.103,-240.484
-247.4,-236.581,-246.652
-268.617,-257.912,-268.291
-296.719,-284.875,-296.284
-321.924,-308.885,-321.846
-347.483,-333.8,-347.551
-360.992,-348.357,-360.594
-397.111,-386.249,-396.481
-449.772,-439.319,-448.343
-493.381,-482.033,-490.588
-512.429,-499.914,-509.152
-492.298,-478.715,-489.595
-462.436,-447.829,-460.449
-425.714,-409.939,-423.855
-393.009,-376.558,-390.79
-381.576,-366.434,-378.623
-374.776,-361.966,-370.916
-379.664,-367.78,-375.805
-371.658,-358.625,-368.031
-349.329,-334.18,-344.48
-331.358,-315.302,-324.522
-301.803,-286.56,-293.658
-275.803,-261.794,-267.457
-241.539,-228.51,-233.387
-212.66,-199.704,-204.989
-205.898,-191.882,-199.703
-188.656,-173.457,-183.68
-174.477,-159.343,-169.891
-160.741,-147.332,-156.691
-146.661,-134.599,-142.502
-140.321,-126.921,-135.067
-121.409,-105.744,-115.269
-108.583,-93.0335,-102.98
-100.677,-87.0165,-96.6609
-95.3841,-82.5637,-92.5162
-90.9347,-77.2188,-88.6283
-65.6522,-50.8014,-64.1894
-60.6121,-45.0205,-60.561
-70.3536,-53.9857,-69.6529
-70.7427,-53.7045,-67.0849
-71.6529,-55.0691,-66.4149
-61.067,-46.461,-54.786
-63.1062,-49.1526,-53.8985
-69.0787,-51.6453,-59.1906
-56.0436,-33.2719,-51.1755
-30.4814,-3.8752,-31.3147
2.56023,32.0629,0.661239
10.4086,43.5325,10.6696
2.68093,40.1853,5.05824
0.178833,41.5656,3.60237
-6.32989,37.2729,-3.64171
-7.47648,37.8464,-5.95431
-16.8154,31.395,-15.9257
-27.5024,22.8337,-27.5979
-27.4917,22.6254,-28.12
-29.2629,20.9024,-30.0325
-26.5838,24.6049,-27.8675
-36.7562,13.9653,-39.174
-46.3209,1.86105,-49.8522
-42.0903,2.65752,-45.9837
-37.6524,4.58838,-42.2877
-28.3727,13.1482,-34.5267
-35.206,5.82439,-42.8047
-42.8548,-3.31058,-50.5891
-33.5797,4.34771,-39.8436
-25.2266,11.8169,-30.3283
-14.7961,21.4969,-19.7595
-15.6566,20.3144,-20.2659
-20.5545,15.5049,-23.9232
-21.2067,13.8113,-23.3662
-30.916,2.28731,-33.3118
-35.4623,-2.81315,-38.8566
-46.7524,-12.7645,-50.6268
-55.3539,-19.9802,-59.0843
-51.096,-15.2722,-54.0467
-49.819,-13.5891,-51.8041
-41.2609,-4.81746,-42.9181
-40.952,-5.21223,-43.6584
-40.8408,-6.50189,-44.7189
-32.0975,0.70706,-35.5576
-27.6451,3.65085,-30.5098
-18.321,11.8048,-20.8278
-17.8962,11.6298,-19.427
-20.1449,8.67343,-21.0215
-17.4573,10.0215,-18.1771
-21.5451,4.88838,-22.4247
-21.8799,3.7932,-23.8489
-36.3598,-12.7257,-40.9151
-61.7128,-40.7623,-69.2312
-81.9105,-62.5219,-90.5748
-101.452,-82.7232,-109.676
-110.576,-92.2262,-118.206
-131.191,-112.398,-138.426
-157.466,-138.299,-163.963
-176.153,-158.774,-182.093
-197.193,-182.275,-203.08
-213.43,-198.6,-218.089
-240.371,-224.236,-243.142
-268.481,-252.309,-270.605
-286.201,-270.931,-288.246
-298.319,-283.005,-300.075
-290.533,-274.306,-292.187
-281.461,-264.355,-283.236
-272.785,-254.703,-274.162
-250.721,-232.505,-251.391
-215.354,-198.299,-216.644
-154.833,-139.488,-157.454
-98.1774,-85.1574,-101.287
-57.4096,-45.4719,-60.1433
-25.3779,-11.8441,-27.4715
-5.62024,9.79979,-7.31991
16.1216,31.3401,14.6448
24.8233,37.8933,22.6019
23.6805,34.3616,19.0683
18.1412,27.9758,11.4527
-0.460864,9.9708,-6.97756
-16.8767,-6.63712,-22.2558
-37.4128,-29.1753,-42.7333
-55.5788,-49.3746,-61.0822
-69.8504,-64.4742,-74.3986
-98.481,-93.3213,-101.455
-130.867,-126.516,-132.224
-167.332,-164.639,-167.892
-188.436,-186.432,-189.158
-183.597,-180.392,-184.678
-177.114,-172.42,-178.521
-169.518,-165.604,-170.387
-176.248,-174.83,-175.975
-179.352,-178.957,-178.902
-155.552,-155.475,-156.364
-124.747,-126.603,-126.916
-92.7465,-96.9244,-94.8366
-72.3726,-77.4039,-73.9382
-56.9256,-60.9947,-58.1097
-42.2338,-44.3259,-42.3706
-40.5571,-41.185,-39.8857
-37.6441,-38.2262,-36.8648
-37.8193,-38.8761,-37.1427
-37.3932,-38.1127,-37.1527
-28.7169,-28.5363,-29.0535
-22.3387,-21.0924,-23.1871
-13.6306,-11.5932,-14.632
-16.5906,-14.5007,-18.1085
-21.6966,-20.1113,-24.6483
-19.411,-18.7539,-23.0013
-22.3036,-22.9664,-25.4372
-20.5407,-22.6073,-23.7349
-24.3435,-26.8438,-28.5511
-26.7108,-28.3312,-31.6536
-22.6001,-23.9726,-27.6584
-25.9646,-29.1945,-32.065
-30.4335,-36.0273,-38.7533
-43.6047,-50.2181,-53.6134
-57.1957,-63.1232,-67.3102
-68.3766,-72.7,-77.912
-88.3057,-91.5524,-97.4405
-96.82,-99.7115,-104.397
-100.81,-103.802,-106.609
-106.866,-111.045,-112.995
-107.202,-113.507,-114.336
-105.657,-113.69,-113.572
-95.3557,-104.229,-104.195
-87.4373,-96.4163,-97.1288
-78.2914,-86.6734,-88.3119
-61.9747,-70.1069,-71.1297
-44.3198,-52.3079,-52.3845
-25.8962,-32.3652,-34.2497
-20.8569,-25.8582,-29.8322
-18.8848,-24.3959,-26.7639
-19.0611,-26.2474,-25.477
-27.5535,-36.0086,-33.8138
-33.1684,-41.3139,-39.7255
-44.227,-50.7777,-51.2135
-62.7493,-68.4294,-70.3208
-85.7923,-91.7614,-93.3201
-108.914,-114.729,-115.573
-121.528,-127.063,-127.005
-132.375,-138.929,-136.984
-143.078,-150.879,-147.403
-156.493,-164.389,-160.987
-173.96,-180.617,-178.781
-184.183,-188.95,-188.838
-197.781,-201.754,-201.619
-211.119,-216.097,-213.677
-223.783,-230.212,-226.332
-242.161,-248.518,-247.357
-256.197,-261.072,-262.592
-263.165,-267.486,-266.519
-259.389,-265.556,-259.916
-255.255,-265.74,-255.964
-253.79,-270.174,-255.27
-249.166,-271.184,-250.875
-256.531,-283.038,-258.756
-271.394,-301.934,-273.708
-279.682,-314.041,-280.369
-275.988,-313.564,-274.374
-254.937,-296.204,-252.529
-229.332,-275.542,-227.638
-198.177,-249.01,-196.548
-162.424,-216.166,-159.426
-126.34,-181.668,-122.339
-88.5721,-144.403,-84.2225
-57.7847,-113.182,-53.1168
-26.682,-80.9041,-23.0012
-2.2724,-53.7958,0.566614
14.1152,-34.3134,18.1605
31.6699,-14.4861,36.9796
47.0519,2.41887,51.8646
62.302,18.2718,65.5278
66.6079,23.3579,70.1295
61.9164,19.7614,67.6554
60.2496,18.239,66.5373
60.486,18.2262,65.4748
71.1293,29.9074,75.3322
82.8524,43.1251,86.9969
91.4456,51.5581,95.0798
104.589,63.8962,107.551
113.058,72.8096,115.888
123.869,84.4735,126.481
126.892,87.584,129.22
123.495,83.5516,126.305
122.241,81.3229,125.933
113.246,71.8941,117.678
116.707,76.081,121.832
121.54,82.4594,127.113
117.649,79.7603,122.542
113.113,75.1756,116.029
103.839,65.3391,105.098
107.81,68.9431,108.417
115.617,76.0561,116.692
117.243,76.5635,119.448
118.45,76.9967,120.488
110.64,69.5782,111.919
108.379,68.5539,109.738
109.557,70.33,110.599
108.975,69.7236,109.089
111.007,72.1533,110.448
103.868,65.677,102.48
107.024,68.8556,104.499
119.338,79.742,115.385
129.084,88.189,123.755
133.809,94.1086,128.849
128.312,90.533,125.358
128.836,90.9684,126.946
117.846,79.1103,115.686
105.567,67.1428,103.528
109.072,71.5843,107.409
104.199,66.9761,102.545
103.47,65.3097,101.705
102.437,63.3968,100.331
100.431,61.3276,97.7015
108.951,68.9472,105.221
107.136,65.6044,101.897
106.31,64.5076,99.5013
103.041,62.126,95.2047
95.7313,56.3995,87.5995
100.11,63.0088,91.9935
97.7684,63.2939,90.3646
102.608,70.6599,97.0093
108.564,77.6338,103.386
113.981,82.0501,107.157
131.646,99.1095,122.812
134.088,103.464,123.546
143.11,115.261,132.944
156.964,130.903,148.881
161.684,135.893,154.502
174.477,146.578,166.753
182.852,151.928,174.584
201.113,168.821,192.519
222.76,190.642,213.646
232.822,201.876,223
248.412,218.941,238.226
256.488,227.268,247.014
267.732,238.212,259.956
283.97,255.064,277.906
293.584,266.342,288.611
308.807,283.117,303.892
310.557,285.027,303.599
315.657,289.088,305.797
328.308,300.551,317.609
333.387,306.093,324.73
348.084,322.973,342.426
356.384,332.93,352.164
364.861,341.891,360.884
371.058,347.369,366.872
367.361,341.503,362.265
369.792,342.253,363.735
362.506,334.992,355.475
356.255,329.23,348.145
350.002,323.457,340.97
329.347,303.168,319.728
315.037,287.913,305.747
303.238,273.798,294.369
301.268,269.783,292.486
301.923,269.308,293.844
296.318,263.283,289.292
303.078,269.701,296.482
299.964,265.028,292.286
302.578,265.74,292.515
314.674,277.923,302.819
308.627,274.23,297.273
293.057,261.208,283.495
266.211,235.011,257.915
248.064,216.411,240.285
235.827,204.887,228.116
217.152,187.994,209.22
209.235,181.14,200.761
197.749,169.148,189.041
187.826,157.775,179.893
180.737,149.821,173.352
171.425,140.836,163.572
168.235,137.593,161.333
144.755,113.598,141.377
122.509,94.0111,120.654
121.341,98.3873,115.217
131.305,111.675,120.217
150.772,132.403,139.427
148.035,132.932,138.664
136.035,126.611,128.304
123.636,120.022,117.218
109.236,110.289,102.54
111.65,117.134,102.89
109.815,119.787,98.8319
104.918,118.18,92.1481
96.2463,111.582,81.6687
80.9313,98.4146,64.3972
78.9758,99.6961,61.6037
72.3103,96.2403,55.3917
67.5664,92.4288,50.7841
65.0658,89.1824,47.8349
50.1841,74.2182,32.8994
48.7186,72.7594,32.3179
53.3021,76.2399,37.5508
63.3783,84.6397,47.7463
75.6204,95.3661,61.0393
82.6475,102.635,70.2562
107.541,129.735,97.1856
145.96,169.855,136.1
208.127,231.723,198.314
284.807,306.227,275.211
345.55,364.647,335.082
387.858,408.201,377.042
402.866,427.966,393.198
411.368,439.187,402.427
410.75,437.305,401.692
389.35,413.977,379.416
380.04,404.013,367.858
367.978,392.759,352.696
351.824,378.236,334.59
342.262,369.626,325.876
325.864,352.786,312.121
314.25,341.343,301.119
302.238,332.075,286.696
290.708,323.179,274.387
270.35,302.248,256.773
240.551,270.314,230.3
228.918,257.981,220.385
223.663,253.243,215.362
217.634,247.43,209.358
205.781,235.403,197.336
186.606,215.517,177.436
178.352,205.774,169.407
173.089,198.885,166.085
176.405,201.402,171.476
188.062,212.863,183.168
179.595,203.432,172.315
162.341,183.967,153.637
152.239,171.273,143.995
145.675,163.026,137.022
134.321,150.428,124.564
115.833,130.583,105.748
98.8408,112.663,89.0164
78.9087,91.9672,69.3673
62.2862,74.4075,53.2756
45.2572,56.4676,37.0024
24.2385,34.5837,16.2969
9.12033,17.8247,1.00517
-8.29313,-1.96235,-16.5819
-28.7935,-23.6266,-36.4789
-48.5741,-42.8826,-54.627
-60.7597,-54.7403,-65.8166
-63.1149,-57.7941,-68.204
-59.2427,-55.172,-63.7252
-53.5673,-50.5561,-57.03
-64.9756,-61.8603,-67.5277
-84.3258,-80.4873,-85.9678
-92.7827,-89.7421,-94.1572
-93.2338,-92.5252,-94.9723
-82.7608,-84.1134,-85.0053
-78.4766,-81.1876,-81.3734
-85.6485,-89.5863,-89.7119
-89.7245,-95.7434,-95.2215
-90.0064,-98.0434,-96.083
-80.3636,-88.4915,-85.8075
-80.3525,-87.4415,-84.5341
-88.8812,-95.0971,-92.0151
-91.5829,-97.0934,-94.6552
-93.7388,-97.8305,-96.8747
-85.6145,-87.001,-87.6363
-85.4233,-84.0792,-85.6603
-93.8212,-91.0497,-92.8816
-99.1903,-96.6755,-99.0435
-105.953,-105.916,-108.733
-101.821,-105.057,-107.328
-102.83,-107.846,-109.309
-114.344,-120.473,-121.089
-123.939,-131.942,-130.818
-134.898,-144.926,-141.691
-134.733,-146.201,-142.38
-135.433,-147.559,-144.258
-143.72,-155.606,-151.849
-155.3,-166.988,-161.901
-172.703,-185.479,-179.079
-174.638,-189.324,-182.327
-174.523,-191.215,-184.242
-172.122,-191.23,-183.09
-172.547,-192.856,-183.562
-194.921,-213.392,-205.429
-200.826,-216.21,-210.21
-195.22,-208.519,-203.072
-193.763,-206.364,-201.448
-190.839,-203.496,-200.904
-204.222,-216.328,-216.487
-216.372,-228.088,-227.214
-209.976,-224.25,-218.118
-184.518,-203.229,-192.688
-154.334,-176.538,-163.721
-140.972,-167.392,-150.385
-123.113,-156.086,-131.667
-111.902,-150.52,-119.325
-113.425,-155.196,-120.163
-109.652,-154.593,-116.772
-109.259,-158.646,-117.565
-97.0212,-151.516,-107.066
-90.5805,-149.833,-102.076
-93.3074,-156.611,-103.484
-87.1256,-154.095,-93.7184
-94.6697,-164.537,-99.0839
-106.449,-177.748,-111.661
-119.645,-190.442,-126.623
-133.159,-201.779,-140.254
-139.042,-205.206,-144.728
-149.365,-213.951,-153.439
-150.282,-214.477,-153.54
-153.25,-218.023,-157.234
-160.395,-225.284,-165.265
-154.077,-218.099,-159.008
-148.24,-211.658,-153.531
-132.942,-195.806,-138.269
-126.16,-187.803,-131.092
-130.288,-191.51,-135.819
-120.68,-182.99,-127.395
-111.678,-174.463,-118.861
-97.6186,-159.011,-104.184
-96.4912,-155.813,-102.105
-108.774,-167.458,-113.668
-105.351,-165.189,-109.755
-94.8974,-155.45,-99.0746
-79.9209,-140.14,-84.0005
-75.8889,-136.615,-80.8794
-77.8093,-139.805,-84.5791
-70.2015,-131.826,-76.7217
-68.8225,-128.162,-73.352
-57.767,-114.927,-61.6437
-49.9825,-106.108,-55.3835
-54.875,-110.911,-62.414
-54.2483,-110.625,-62.8215
-62.6392,-119.672,-72.3629
-69.2589,-126.964,-81.06
-87.4043,-144.777,-99.7254
-125.579,-181.723,-135.376
-167.325,-222.32,-173.589
-208.958,-263.735,-213.126
-221.349,-277.525,-225.006
-217.934,-276.092,-221.412
-211.688,-270.296,-214.765
-190.956,-248.097,-193.615
-170.263,-224.96,-171.846
-146.637,-199.603,-147.217
-139.081,-192.089,-140.388
-145.521,-198.348,-148.425
-138.034,-188.5,-141.589
-128.969,-176.125,-131.469
-108.822,-154.035,-109.438
-96.1596,-140.881,-95.9156
-98.6468,-142.169,-98.2117
-93.8666,-134.667,-92.3418
-92.3402,-130.6,-88.9833
-81.2323,-118.118,-76.5331
-75.0621,-110.608,-71.0645
-77.8387,-111.332,-76.007
-71.7907,-103.495,-71.2347
-66.2737,-97.5007,-66.1081
-45.9096,-77.6189,-46.8295
-28.3045,-60.441,-30.9426
-22.5006,-55.0052,-26.1359
-7.18702,-39.8093,-10.8765
1.86352,-29.9494,-1.78118
13.733,-16.7826,10.383
23.38,-5.48297,20.7156
28.6077,1.73953,26.6437
42.6752,16.7702,41.4444
50.0437,24.0325,49.5073
61.9396,37.2042,62.2921
64.4277,43.0762,65.5245
62.8976,44.611,64.3083
77.6442,60.0835,78.7019
87.4105,68.3067,86.5288
98.2405,77.149,95.1135
101.317,79.1285,97.4974
101.534,78.868,98.1486
112.769,90.5223,109.875
112.897,91.5552,109.927
119.58,98.6016,115.753
129.068,108.591,123.722
128.185,108.812,122.16
130.269,111.501,124.97
124.896,106.052,120.565
130.682,111.429,127.385
143.407,122.961,140.403
157.719,135.958,154.584
179.834,157.659,177.035
185.683,163.303,182.414
189.442,167.062,185.735
191.062,169.849,188.786
192.845,172.901,192.156
202.557,182.836,201.722
199.151,179.36,197.283
198.528,179.024,195.945
201.211,181.774,198.599
197.519,176.581,197.165
187.842,165.63,190.962
165.297,146.779,166.976
161.881,150.128,158.263
173.526,165.752,166.488
186.845,181.943,178.629
203.95,204.257,195.875
202.787,208.575,195.45
207.094,217.437,200.537
216.636,231.316,210.108
223.155,241.388,215.49
235.747,255.859,226.82
236.734,258.075,227.566
238.757,262.96,231.137
236.821,264.764,232.126
228.982,259.804,226.702
228.346,261.183,226.265
217.053,251.481,213.245
205.118,240.735,199.706
190.862,226.609,184.28
177.147,212.004,168.556
174.435,207.584,164.529
154.655,186.427,146.113
134.387,166.316,128.616
120.122,152.081,116.339
110.609,141.002,107.533
111.158,139.729,107.605
93.6332,120.813,88.5078
72.4158,97.8346,65.1648
54.7398,79.1989,45.7844
46.0633,70.4649,36.4271
48.781,72.2481,38.8226
36.4356,58.5926,27.1548
31.8978,53.9698,25.225
38.3457,61.7066,33.6836
42.1121,66.7717,37.0994
47.9363,72.232,42.1636
41.4866,63.1534,36.4118
38.5764,56.6941,35.1265
38.3712,54.2272,35.74
41.3976,57.0769,39.0535
53.5195,69.7137,51.6325
40.0639,55.8339,37.5939
27.0289,41.3694,24.0452
28.3955,41.8139,26.9292
30.8262,44.1354,30.7819
42.777,54.3301,42.1788
45.7614,53.7972,43.7319
48.0658,54.1583,45.468
49.1526,55.8635,46.9062
47.3184,55.3816,44.7408
57.1801,65.7311,53.5472
59.925,67.6801,55.2806
61.04,67.7344,55.9402
64.9821,71.0128,59.9589
68.0732,73.8577,62.9519
82.3587,88.395,76.8288
89.963,96.3488,84.2454
98.7263,105.476,94.5607
107.2,114.585,105.872
91.184,98.9293,91.0107
75.0069,82.0593,74.2771
63.8824,69.8229,62.4937
54.255,58.88,52.2517
44.2525,47.0397,41.9442
30.9798,32.2128,28.2978
23.2825,23.9001,19.7413
13.9035,15.0193,9.86295
7.77676,9.82633,4.35846
0.727201,2.85586,-1.28357
-8.36797,-6.81286,-9.65739
-9.48603,-7.77067,-10.6505
-11.8481,-9.70518,-12.0052
-12.1085,-10.2867,-10.3232
-17.0951,-16.5006,-14.6088
-33.6297,-34.6112,-33.0004
-41.713,-43.1696,-42.2066
-42.7059,-43.3508,-41.9228
-41.0144,-39.9977,-38.6081
-45.8715,-43.3327,-42.4761
-59.5135,-57.2638,-56.0737
-64.661,-63.7302,-60.9302
-72.6259,-71.4757,-67.2732
-86.5943,-83.6037,-80.4632
-105.033,-99.9765,-100.055
-120.19,-112.775,-115.613
-120.842,-111.396,-115.307
-121.761,-112.183,-116.354
-124.565,-116.09,-119.986
-132.36,-124.556,-128.014
-140.518,-132.904,-136.656
-135.476,-128.453,-131.638
-131.359,-125.263,-126.445
-129.383,-123.862,-123.596
-124.649,-120.441,-119.001
-115.077,-113.274,-110.112
-101.932,-101.225,-96.2145
-104.185,-102.386,-96.764
-101.701,-99.1194,-93.9589
-80.309,-79.1362,-72.9938
-55.533,-56.0114,-48.1394
-35.6536,-36.1201,-27.9311
-34.0174,-34.1844,-26.5381
-39.2965,-40.2102,-32.6366
-40.0142,-42.4725,-34.011
-37.5558,-41.8695,-32.195
-29.9284,-35.6246,-24.4708
-21.7827,-27.8792,-14.9884
-10.2129,-15.7236,-1.93171
3.46655,-1.38408,12.7335
7.98481,3.203,16.8875
1.90497,-1.98874,9.61522
-2.23227,-4.29211,4.41534
3.59185,3.02997,8.88881
9.54321,10.2047,13.5887
19.9884,22.0371,23.7682
37.1152,40.3206,41.2804
53.5922,56.7172,57.2464
73.015,74.8134,75.1234
81.6757,81.959,82.8672
86.3211,85.3571,87.5973
91.9644,89.6885,92.5136
89.0934,85.4385,87.9759
87.6741,83.3636,85.9525
81.6973,77.1853,79.913
74.4078,69.277,71.7692
63.2512,57.1815,60.4866
47.1971,40.0622,45.5038
37.7079,30.2524,36.3361
25.2211,17.8376,23.498
18.7611,10.0963,16.3297
14.7374,4.5332,11.18
5.1584,-5.065,1.94313
3.95445,-5.78147,2.73321
-0.785874,-10.9571,0.282324
-3.63268,-14.9193,-0.680495
-1.98591,-13.6099,1.45299
-7.78085,-18.4249,-5.33778
-8.51935,-18.8753,-7.82194
-17.4502,-28.8753,-18.4351
-27.2957,-38.4969,-28.9123
-30.8924,-39.8903,-31.7462
-41.6564,-49.1081,-40.8768
-43.1976,-51.0645,-41.3259
-44.6324,-53.4192,-42.4067
-44.0355,-53.2801,-40.946
-51.9949,-61.9019,-48.1046
-78.1204,-89.9454,-75.1067
-85.2633,-99.935,-84.8906
-86.0622,-102.008,-88.609
-86.3366,-101.359,-90.6441
-83.9697,-98.7706,-88.4833
-93.383,-109.699,-97.4806
-94.1843,-111.906,-98.4706
-94.2233,-112.338,-99.1241
-93.8367,-111.823,-99.5609
-85.4897,-104.326,-92.8257
-85.8494,-106.949,-95.6998
-84.2512,-106.916,-96.988
-93.2117,-115.264,-107.006
-103.625,-124.35,-113.998
-94.9024,-116.019,-100.445
-82.1749,-106.477,-86.5975
-57.2431,-86.3851,-63.0106
-47.42,-81.0071,-54.2323
-43.7168,-81.2888,-50.7189
-22.0349,-63.9105,-29.0962
-14.2485,-60.6652,-22.3802
-7.3079,-58.0897,-15.786
-3.10542,-57.3915,-9.75474
-0.996285,-57.3063,-5.06227
10.4216,-47.5676,8.22787
14.3021,-47.0294,12.5227
24.2912,-41.2381,22.1925
31.1042,-36.107,29.4423
28.9611,-35.5423,27.9992
29.6625,-29.9195,29.1576
22.3146,-33.2312,22.9622
26.8332,-26.2067,28.6784
36.2456,-15.0478,37.9155
43.0154,-6.96608,44.0097
55.2997,5.72103,55.8308
43.6769,-5.56499,43.518
33.5365,-14.3287,33.014
39.6152,-7.02493,38.3745
39.9087,-6.91213,36.7838
33.3691,-14.4806,28.4116
18.2323,-29.4352,12.2646
16.5372,-28.7781,10.1576
21.6429,-21.3178,14.8592
18.9781,-23.4471,11.3484
15.6854,-27.4027,7.14447
7.87931,-35.3991,-0.466377
7.1946,-34.8745,0.588358
2.73226,-37.5838,-2.69267
-10.1796,-49.114,-16.1612
-13.2863,-51.5892,-20.2668
-18.4615,-56.6216,-26.4424
-16.7843,-54.6704,-24.4954
-7.99867,-46.3021,-13.9073
-10.933,-50.4831,-16.196
-14.0275,-53.8156,-19.1171
-14.9681,-53.7188,-18.5523
-10.5442,-48.7874,-12.7985
-5.87567,-45.0569,-8.40636
-7.86347,-48.0448,-12.3115
-11.388,-51.5463,-17.7355
-17.3231,-57.6492,-24.1433
-15.1443,-55.94,-21.3298
-12.2619,-52.6943,-17.2278
-13.7548,-53.0816,-17.8213
-16.7981,-54.0607,-19.9711
-24.9632,-59.5557,-26.8875
-25.7465,-59.2037,-26.8416
-20.0457,-54.6374,-20.2414
-15.791,-51.9873,-15.1478
-11.6619,-48.0863,-10.4314
-8.47053,-43.5991,-6.57442
-5.98939,-39.6633,-4.29026
-14.979,-47.9913,-14.0941
-29.0474,-61.1652,-27.7385
-32.274,-62.7156,-29.4251
-35.9946,-65.0167,-33.4232
-36.478,-64.2244,-36.1794
-34.0197,-59.9613,-34.5762
-30.875,-55.1617,-30.5266
-26.9221,-50.7783,-26.2057
-33.9578,-58.1198,-34.1135
-39.4412,-63.2081,-40.434
-38.6322,-62.0515,-39.4146
-36.7954,-61.2979,-38.0267
-37.045,-62.6864,-39.5764
-42.544,-67.7261,-45.567
-43.46,-68.0114,-46.7083
-42.6258,-68.2833,-45.6505
-40.9571,-68.2977,-43.0343
-34.8037,-63.541,-36.6838
-30.6637,-60.9777,-33.4066
-23.4883,-54.7768,-26.5377
-23.9846,-55.4792,-26.4232
-32.3731,-63.4952,-34.2247
-34.5492,-65.0277,-35.9525
-35.0602,-64.8505,-36.1093
-32.2635,-61.1605,-32.335
-33.8605,-63.2179,-32.2907
-36.9472,-67.8027,-34.5999
-37.1084,-68.1608,-34.5808
-39.9061,-69.9998,-37.2817
-38.1808,-67.2282,-36.5805
-36.5598,-64.3633,-36.3765
-34.3085,-59.6756,-34.4418
-29.138,-51.5121,-27.8085
-28.6062,-49.667,-24.8498
-24.8646,-46.3377,-19.806
-22.1394,-44.5164,-17.0205
-22.0323,-45.6411,-17.2637
-19.3026,-44.362,-15.1263
-20.946,-46.126,-17.254
-17.7423,-40.1285,-13.9172
-16.192,-34.6441,-12.3015
-18.3259,-34.3575,-15.6049
-17.5818,-32.8442,-16.4211
-18.9155,-34.8864,-18.633
-16.4314,-33.9174,-16.4402
-16.9189,-35.2474,-16.4425
-16.2723,-34.7652,-15.0222
-10.7353,-29.798,-9.67876
-13.5028,-33.1129,-13.3007
-19.4684,-37.9612,-19.6356
-25.7159,-42.4298,-25.1922
-29.2537,-46.5958,-26.9225
-27.7732,-46.736,-23.8332
-25.3589,-42.403,-23.7153
-10.6148,-24.4836,-15.1148
6.07354,-8.46086,-2.15329
13.6008,-3.32469,5.65174
16.988,0.656905,10.1563
15.6888,2.03062,9.45418
16.7406,4.06965,10.7621
14.4042,1.04172,7.96904
14.827,1.44711,6.0322
18.8008,6.80564,8.07616
13.5562,2.41997,3.67297
11.4369,-0.569184,3.49321
14.3275,1.40103,7.73311
18.871,6.23688,12.3459
25.3755,13.1477,18.6729
25.7448,12.7894,19.3291
22.1098,8.45049,15.406
15.2106,1.62776,7.35518
12.3853,-0.854272,2.71419
16.809,3.7966,5.9542
16.7362,3.04019,6.19399
18.2373,3.75243,8.66011
17.0544,2.40362,8.0725
13.8747,-0.116255,4.47839
14.7795,2.93238,5.2365
16.0557,5.98611,7.62109
22.0321,12.5574,14.6568
21.6826,12.7635,14.444
18.5881,9.49651,10.3951
21.3652,10.8499,12.1848
21.2697,8.99697,12.034
23.8209,11.0385,14.7862
27.7002,15.7603,18.6505
28.5811,17.2583,18.9621
27.9615,16.3597,17.9928
24.5316,11.8816,14.7139
29.0213,15.4093,19.4437
31.9476,17.7207,22.8199
28.9554,13.9619,19.8028
26.4969,10.9753,18.0072
21.4742,5.75267,15.1253
19.5227,4.43945,14.9688
8.2224,-4.80262,4.71059
-3.93453,-14.8387,-7.17196
-3.48935,-13.7689,-6.95362
-2.5975,-13.8577,-5.88657
-3.05305,-15.5674,-6.66296
-7.23616,-20.1497,-11.9409
-7.83013,-20.7175,-13.2316
-2.23017,-15.7461,-7.12591
-6.01359,-21.031,-9.87084
-11.7132,-27.7326,-14.9952
-12.1603,-27.6662,-15.3021
-4.34601,-18.2781,-7.71058
9.49215,-2.65787,5.98566
9.76125,-1.38478,6.40451
6.69832,-5.43152,5.29128
5.44009,-8.36154,7.75393
3.87755,-7.5352,5.88259
8.14631,3.0023,4.78359
20.4821,20.5647,13.327
44.6042,49.0491,37.5752
63.7948,73.5109,58.0884
75.4395,90.8877,70.5494
89.1353,110.439,84.2147
100.54,127.277,94.3398
111.605,142.647,103.568
116.619,149.612,107.271
116.588,150.358,106.091
119.036,154.302,107.232
116.437,153.354,102.797
115.562,154.758,99.5186
112.974,155.104,94.7686
108.121,151.763,88.9851
102.945,145.528,84.7038
89.3836,130.029,72.7665
81.2956,120.644,66.0022
71.9176,109.343,57.3266
59.1973,93.7627,44.4946
52.0272,83.9232,37.434
42.7576,72.9786,28.2623
32.4732,62.8306,17.7587
19.9765,51.0424,6.02285
16.1099,46.2127,2.94256
25.5844,52.4907,12.2679
28.9472,52.8085,15.0097
27.99,51.6416,13.9344
23.7131,48.5832,10.7515
19.0082,44.0387,7.21255
17.2827,40.318,6.65642
7.86113,27.9834,-1.18819
2.81989,21.4374,-5.49817
-2.12811,16.2844,-10.2837
-10.0317,8.3904,-17.1649
-9.27185,8.36677,-15.5846
-6.24657,9.18996,-13.6601
-3.65963,9.16848,-13.4148
-6.10931,5.00735,-17.483
-11.2999,-0.401594,-22.7125
-16.0939,-5.05012,-26.162
-23.3859,-13.3214,-32.1016
-24.9905,-16.2517,-33.0885
-25.8606,-18.6001,-33.0531
-28.3474,-22.156,-33.7192
-28.7556,-22.1471,-31.9455
-33.5695,-26.712,-36.3136
-31.6781,-26.6254,-36.3054
-27.7813,-25.6448,-34.0972
-30.7184,-30.9216,-36.9787
-36.3005,-38.547,-41.4816
-40.518,-44.4397,-44.1831
-35.5336,-40.0684,-38.6503
-33.7337,-38.0432,-38.969
-34.1881,-37.7538,-42.452
-34.7192,-37.3502,-44.0593
-41.1231,-42.6955,-49.3364
-41.8694,-42.4432,-48.4603
-38.7361,-39.7979,-44.8133
-33.9211,-36.6995,-39.8571
-28.0284,-31.7421,-33.377
-26.182,-29.7568,-31.9302
-20.2074,-23.1127,-26.9439
-20.4745,-23.1199,-27.6775
-29.8041,-32.8565,-38.3424
-35.2187,-38.4659,-45.4589
-39.2981,-41.9824,-49.2789
-37.3841,-38.593,-45.1169
-35.5381,-35.7313,-41.3986
-32.2726,-32.4073,-38.0106
-30.6896,-29.5368,-36.5426
-39.4846,-35.6032,-45.4538
-42.8394,-36.7538,-49.7489
-39.5863,-32.8118,-47.3721
-32.3674,-26.5247,-40.3711
-29.1633,-24.9544,-36.4721
-31.6138,-28.9022,-38.0196
-25.9694,-25.0172,-32.2377
-22.5775,-23.3362,-28.7429
-24.5393,-25.7912,-30.0253
-23.5999,-24.4152,-28.1584
-21.5367,-22.1634,-26.1348
-17.0968,-17.1713,-22.2125
-20.8782,-19.218,-24.8511
-25.6165,-22.5876,-27.3833
-21.8359,-19.0297,-22.0041
-17.507,-15.3522,-17.0495
-11.8066,-9.67955,-11.7121
-14.233,-12.2375,-14.7218
-17.0106,-15.7728,-17.3755
-11.5293,-10.9202,-11.2142
-7.87886,-7.57898,-7.44521
-5.69833,-6.3052,-5.50342
-5.97441,-8.18713,-5.05713
-12.8534,-16.2141,-12.0853
-27.4654,-31.0677,-28.2657
-35.2789,-38.4614,-36.6165
-28.0516,-30.7705,-29.1047
-21.1802,-24.1998,-22.0956
-13.6032,-17.031,-14.3332
-12.4123,-15.3504,-12.8653
-18.7553,-20.8698,-19.2622
-13.0726,-15.0542,-13.7963
-9.91928,-12.0082,-10.8523
-10.7133,-12.1186,-12.382
-11.8718,-12.8218,-14.4856
-15.8007,-18.2881,-19.5208
-17.8395,-22.4861,-22.2253
-28.6563,-33.8438,-31.9791
-30.856,-35.8982,-33.077
-24.4386,-30.4536,-27.0198
-18.2858,-26.7519,-21.1767
-9.41802,-20.5193,-12.082
-14.9736,-26.9195,-17.5316
-21.19,-32.2242,-23.9724
-21.9887,-31.8056,-24.8988
-19.3622,-28.2294,-22.1947
-8.29451,-16.6128,-11.5989
-9.3195,-18.4121,-13.6554
-13.6563,-25.1761,-19.3498
-17.4463,-30.9563,-23.6189
-22.6825,-36.2758,-27.7571
-15.5403,-27.9792,-19.8422
-15.9485,-26.446,-19.9962
-22.3644,-31.0194,-24.3546
-27.1272,-36.232,-26.1453
-23.5695,-36.1746,-22.6353
-6.06363,-23.0692,-7.96743
3.5744,-17.64,-0.748076
11.6835,-13.9965,5.83997
13.6834,-15.9416,7.59162
7.90776,-24.4626,3.81545
18.6347,-15.8631,17.7052
34.6882,-3.02318,35.7531
42.8624,0.523945,43.8216
40.2699,-6.4769,40.6816
34.2233,-16.2606,34.5766
35.7703,-18.4033,36.4269
30.7376,-27.0552,32.318
30.3488,-29.8049,32.8269
34.1048,-26.3473,36.9669
30.4903,-28.4232,33.4712
29.2434,-26.5649,31.8507
22.9244,-29.2949,25.1109
23.522,-26.1348,26.0064
27.8538,-20.5221,30.9984
24.8077,-22.5532,28.7872
21.7793,-24.445,26.1203
14.0273,-32.3069,17.4059
13.7985,-33.9719,15.4044
16.1468,-32.2587,16.2154
11.1083,-36.2079,10.945
8.99618,-36.434,9.99383
1.58094,-42.4313,4.17106
-2.75201,-45.8628,1.35563
-6.18115,-48.036,-0.845123
-11.9797,-52.2452,-5.8339
-5.59456,-44.366,1.02887
-3.11977,-40.3838,3.9921
-0.769885,-36.2245,6.97786
-2.96347,-36.5398,4.33864
-12.8756,-45.8467,-7.53564
-14.984,-49.0714,-10.6694
-19.3743,-55.0643,-13.8641
-15.718,-53.0566,-9.46112
-7.83689,-46.4358,-3.05236
-10.8829,-48.4868,-8.18112
-16.1817,-50.398,-14.3011
-23.6628,-54.9332,-21.5733
-20.8938,-50.6693,-18.8749
-13.5947,-41.7592,-11.5031
-13.6617,-40.7915,-11.3877
-10.4486,-38.2365,-8.8083
-11.9238,-40.0112,-10.8129
-8.92112,-35.8771,-8.03028
-7.14894,-32.8945,-6.95674
-7.25799,-32.7337,-7.38241
2.28712,-23.4169,2.84183
-3.41716,-28.4434,-1.83476
-9.1425,-32.7694,-6.59951
-6.46442,-29.7275,-3.61907
-5.15911,-30.0195,-3.06491
-2.98154,-29.6213,-1.59623
-10.8188,-37.6858,-9.04964
-9.55806,-35.8707,-7.43379
-2.06532,-27.1961,-0.304371
-4.68128,-28.0105,-3.20397
-6.48578,-28.881,-5.16466
-16.1879,-38.6787,-14.6633
-20.0568,-41.7878,-17.4054
-18.689,-38.7721,-14.6677
-22.3841,-42.2447,-17.6015
-19.7814,-40.9083,-15.2115
-25.2282,-47.112,-22.0154
-25.5099,-47.2318,-23.6051
-22.7276,-43.8354,-21.1048
-25.341,-46.2793,-23.6064
-21.3554,-43.3207,-19.66
-22.9958,-46.0826,-21.3168
-16.1928,-39.9723,-14.4112
-10.1593,-35.0379,-8.23207
-22.8579,-48.1126,-20.059
-32.5938,-56.1685,-28.4523
-38.5402,-60.481,-34.4372
-31.684,-53.3942,-28.9144
-17.4515,-39.3958,-15.707
-10.4739,-32.8644,-9.10183
-3.62843,-26.3609,-2.67571
-9.68118,-32.0544,-9.33121
-13.7588,-35.1412,-13.5543
-12.6886,-32.9128,-12.2176
-16.6401,-35.6138,-16.2979
-18.0591,-36.6901,-19.029
-25.0585,-44.9938,-27.0721
-23.8844,-44.5005,-24.776
-22.9395,-41.9614,-22.2962
-30.1716,-46.8043,-29.1877
-30.3503,-45.0814,-29.9518
-30.9544,-44.4357,-31.9471
-20.7095,-33.9094,-22.7936
-9.35475,-23.4424,-11.8002
-7.1324,-21.2555,-9.37514
6.19592,-4.99265,5.50606
17.054,9.17655,17.982
26.8081,20.4895,28.0575
33.7988,28.5361,35.0213
42.8805,39.1928,44.2208
73.4512,71.6921,75.3511
94.9073,94.3477,97.759
109.128,108.898,112.257
121.196,120.421,123.809
130.575,127.953,133.437
149.954,145.28,154.713
155.498,148.911,163.014
152.065,141.687,162.158
142.932,126.36,154.842
128.562,105.417,141.855
119.808,91.8789,134.637
94.8976,64.7826,111.833
67.6955,36.7056,87.3174
41.1503,9.21134,62.2359
1.53026,-31.4501,21.4248
-38.4957,-72.6832,-20.7973
-101.077,-136.368,-84.8599
-177.401,-212.798,-162.361
-249.026,-283.949,-235.746
-297.202,-332.604,-286.272
-301.074,-337.663,-292.376
-299.449,-336.212,-292.178
-286.328,-322.002,-279.537
-262.525,-296.882,-255.915
-250.084,-283.795,-243.941
-236.926,-270.871,-232.124
-237.754,-272.489,-235.26
-236.188,-271.188,-235.093
-226.616,-260.589,-224.751
-218.47,-251.42,-215.192
-193.01,-226.414,-189.766
-176.687,-211.155,-175.249
-166.504,-201.557,-167.181
-150.431,-186.697,-152.148
-140.398,-179.425,-141.761
-119.927,-162.459,-120.597
-107.217,-152.547,-108.557
-99.8108,-146.472,-102.497
-102.223,-148.577,-105.606
-130.829,-175.235,-133.945
-146.767,-189.182,-148.059
-157.026,-198.518,-156.323
-163.614,-204.345,-162.129
-157.499,-198.275,-155.477
-149.871,-191.99,-147.65
-134.044,-176.734,-133.081
-133.813,-175.673,-135.37
-139.618,-180.715,-143.794
-133.389,-174.871,-139.36
-127.637,-169.637,-134.367
-109.874,-151.707,-116.734
-91.4382,-133.381,-98.7455
-73.7056,-114.902,-81.0843
-59.2366,-97.7769,-65.1264
-62.1599,-98.1401,-66.7963
-54.5769,-90.1337,-58.9371
-47.3373,-83.8784,-50.706
-43.9286,-80.9929,-45.9977
-36.8608,-72.6691,-38.7484
-38.5921,-70.9987,-41.4381
-34.0824,-63.6698,-38.2981
-40.3265,-69.2423,-44.857
-49.6918,-78.6395,-53.11
-45.9181,-75.0089,-48.7236
-43.8623,-73.5641,-47.6653
-38.7678,-69.6643,-43.4305
-43.5838,-74.8025,-47.6415
-46.1876,-76.7146,-49.8672
-36.8364,-67.4218,-41.1598
-33.2445,-64.0584,-37.7918
-20.1005,-50.1902,-23.3111
-11.0245,-40.1525,-12.5337
-6.29908,-34.811,-7.22929
5.71668,-22.3869,5.49423
2.03292,-25.9521,2.65383
2.61904,-25.8845,3.70532
10.2185,-19.2434,11.6333
17.2319,-12.7461,18.2143
25.427,-4.57426,25.7447
26.0707,-3.70325,26.1637
32.4927,4.07086,33.3896
30.7784,4.36759,33.081
22.329,-3.48489,24.8033
15.4271,-10.7739,16.7891
1.04872,-24.8105,1.4125
-6.91145,-32.7337,-6.90098
-14.329,-41.5648,-14.9232
-20.5189,-48.8371,-22.2121
-25.9366,-53.9147,-28.1205
-43.9683,-70.4482,-45.1834
-51.0352,-75.4432,-49.1322
-40.4227,-63.751,-36.3926
-23.5192,-46.4628,-22.7547
-5.03166,-28.0268,-8.94612
7.87562,-16.6392,3.14311
24.63,-2.6114,21.3786
43.2039,12.9515,40.4048
61.631,29.3534,58.0437
75.5927,43.0314,72.4301
86.1702,54.8459,84.2705
101.469,72.3587,99.5071
102.912,75.409,100.289
100.91,73.5634,98.4426
103.718,75.9505,102.098
103.235,75.2068,102.161
101.783,74.7868,100.867
91.9037,66.7802,91.6251
85.1776,60.8023,85.999
86.6841,61.5862,88.2532
90.4445,63.8209,91.4886
95.5369,67.9593,95.0191
92.3907,65.2389,90.5159
92.221,65.9159,89.7061
95.9812,69.9549,93.7239
94.6723,68.5695,92.695
99.2857,73.0538,96.8148
103.752,77.534,101.035
114.271,88.9171,111.728
129.967,105.689,127.196
143.055,119.123,140.166
160.773,137.448,158.569
171.932,149.412,170.755
181.879,159.371,181.485
191.669,168.803,191.354
196.019,173.03,194.613
200.358,178.043,198.089
200.322,179.056,199.012
194.846,173.459,194.432
178.335,155.466,178.083
163.905,139.935,164.273
162.925,139.231,163.762
154.273,131.146,155.088
144.745,122.151,145.699
139.142,117.473,140.63
132.494,111.65,133.787
132.029,111.343,132.016
129.764,108.44,128.833
136.003,114.504,135.704
143.01,123.139,144.709
142.091,124.359,145.557
140.251,123.326,143.784
128.527,111.512,131.233
121.75,104.95,123.935
110.778,94.5754,113.075
92.3352,76.9832,95.2201
82.1883,68.1105,85.3349
68.1097,55.002,70.8539
59.5915,46.3153,61.7612
51.5994,37.7667,54.003
37.6567,23.8042,40.3635
32.5796,18.3888,34.4756
25.0928,9.67969,25.9279
21.6814,5.40879,21.4885
27.6641,10.2959,26.6404
40.9641,21.154,41.0558
58.429,37.4378,60.6294
62.8269,44.6159,64.0022
69.2623,56.3156,67.6095
71.9565,62.8682,70.7601
69.3363,61.4723,69.9142
72.9228,65.9514,72.2048
68.2103,62.7366,64.8242
69.3969,65.0359,64.5057
70.998,67.5279,65.8391
64.6251,62.5551,59.4555
60.4412,59.8597,54.6187
51.8988,51.958,46.4484
51.5511,52.6703,47.9508
47.7394,51.0826,44.7753
36.2624,40.9242,32.1968
37.2582,41.7172,32.6248
34.2379,37.4149,30.2245
31.2802,32.0236,27.7974
26.9669,24.9489,23.4396
26.508,22.9641,22.7144
40.583,37.6101,36.7711
43.4255,41.76,40.3846
40.5843,39.4855,38.5635
27.6351,26.9983,25.5215
9.44304,9.88263,6.24861
2.46145,4.99433,-0.524235
-6.29416,-1.60302,-7.17005
-9.66923,-4.92318,-9.52289
-18.6004,-15.5881,-19.5964
-33.5896,-32.0357,-36.1643
-38.159,-36.5994,-41.4297
-42.058,-39.8823,-44.6977
-32.4947,-30.2449,-34.046
-24.3631,-21.8454,-25.4772
-31.4472,-28.501,-32.6786
-34.3113,-32.6208,-35.7302
-40.2572,-40.9779,-41.2777
-37.5633,-39.4619,-37.7116
-36.4188,-38.1531,-36.9174
-40.7902,-41.8233,-42.4108
-38.0121,-38.3449,-39.7988
-48.8592,-49.5061,-49.8863
-59.4731,-61.3011,-59.242
-68.0139,-70.942,-66.4574
-76.7165,-80.2144,-74.4177
-81.6022,-85.0353,-79.2436
-98.5916,-102.084,-96.186
-105.194,-109.027,-102.513
-101.67,-105.498,-99.2786
-100.061,-103.716,-99.3412
-95.1617,-99.0067,-96.59
-101.881,-106.131,-104.387
-100.661,-105.153,-103.464
-92.6499,-97.931,-95.9209
-85.206,-92.3634,-89.0001
-72.1055,-80.7486,-75.8352
-74.3993,-83.2558,-77.2505
-72.2748,-81.0265,-74.0927
-68.3867,-76.4785,-69.5129
-69.7472,-75.9037,-70.185
-63.6617,-67.0301,-63.4203
-66.4499,-67.5884,-65.4702
-65.2716,-66.0777,-62.8161
-64.0023,-65.9821,-60.0142
-68.5161,-71.4322,-64.325
-68.3914,-71.5173,-65.4625
-76.5012,-79.2986,-75.4244
-74.0495,-75.1548,-73.7701
-70.0573,-69.7825,-69.1785
-77.922,-78.7636,-76.2532
-73.6205,-76.5038,-71.8159
-66.0302,-69.6758,-63.9949
-54.3075,-56.9374,-50.3577
-47.7146,-47.5768,-40.9051
-42.4719,-39.7205,-33.9215
-33.1957,-31.3525,-24.9172
-41.1633,-42.9036,-34.7026
-31.5618,-36.6117,-27.0125
-12.0646,-18.7317,-8.33695
-5.19013,-10.7466,-1.2381
6.9887,3.80695,11.0492
9.23847,6.57001,13.0816
9.59144,6.31394,14.6063
4.80814,4.56011,11.0703
-5.31186,0.097886,-0.307568
-1.78671,6.43933,1.94983
-3.73984,5.00681,0.154617
3.72336,13.6565,7.36934
16.6182,28.9136,19.343
22.5887,38.3777,24.7354
40.4426,59.927,42.7146
50.5675,72.9748,51.9584
66.331,91.3649,64.2556
78.9285,105.329,73.1793
71.6138,97.5082,65.9018
76.3965,102.328,73.1953
80.4969,107.849,78.7092
86.2432,113.943,84.6989
85.8604,112.201,84.1572
69.6845,95.3138,67.7012
63.1807,88.8025,60.6482
51.6401,76.7791,47.0943
38.8753,62.9866,31.5916
20.8217,42.7517,11.9406
-8.27676,10.8863,-18.0496
-22.5141,-5.80106,-33.1393
-39.9013,-25.6221,-50.9861
-53.5094,-41.7872,-64.2405
-59.8071,-50.0861,-69.1309
-72.1598,-63.1303,-79.8119
-74.8218,-66.0383,-82.2819
-91.2738,-83.2035,-100.107
-108.91,-102.273,-118.567
-111.915,-108.039,-121.874
-108.031,-107.201,-118.333
-90.6063,-90.8158,-100.375
-85.7341,-85.0244,-94.732
-78.6287,-77.7534,-87.6888
-67.1645,-68.4326,-77.6315
-66.2899,-70.0389,-78.148
-56.7844,-61.2458,-67.6797
-52.7366,-55.9522,-61.0027
-43.0646,-44.3041,-49.2335
-27.1245,-27.8417,-32.4266
-21.9966,-23.4789,-27.4352
-14.8258,-16.8427,-21.0966
-21.7382,-23.4323,-29.2051
-18.8181,-19.7911,-27.8738
-4.61357,-5.88687,-15.9913
-12.9914,-14.7135,-27.2099
-14.1455,-15.5717,-30.1966
-6.58788,-8.63436,-23.2986
10.3068,7.10246,-6.42775
30.3526,27.3786,14.6349
37.2914,34.9109,22.2906
47.9444,44.3142,32.7054
51.472,45.0134,36.422
57.5218,49.3035,44.0086
64.5771,56.621,53.4688
56.2093,48.2659,46.664
47.653,37.9849,38.2111
32.2451,20.5372,21.2511
21.6957,9.49664,8.12496
16.6712,4.28032,1.50194
3.36783,-11.0861,-12.4413
2.75282,-14.7894,-13.0173
1.47289,-18.174,-14.3432
-2.52537,-22.7619,-19.4214
-7.19969,-26.8316,-24.7053
-21.3473,-39.8765,-38.1354
-25.7295,-43.7799,-41.4986
-32.9077,-50.7707,-48.2584
-34.8518,-51.6022,-49.4917
-29.2009,-45.0752,-43.1272
-31.7045,-47.8371,-46.2451
-28.9567,-44.4998,-44.0536
-33.2766,-46.1013,-48.2412
-40.3137,-49.6567,-55.5924
-46.5275,-53.7652,-62.823
-59.5257,-66.1361,-76.913
-61.5166,-67.5988,-78.7051
-65.0252,-69.2609,-81.2084
-67.4232,-69.3447,-83.9606
-66.2034,-67.6772,-83.9807
-72.7872,-74.3261,-91.2393
-65.1876,-65.8268,-83.3007
-54.6147,-53.79,-72.0067
-40.6247,-36.8081,-58.3626
-21.8102,-13.1164,-40.036
-7.26484,6.80794,-24.5997
18.496,36.3641,2.65038
36.711,55.3279,22.1768
46.4612,63.6257,33.1036
52.6458,68.2928,39.8347
55.2586,70.9185,42.5541
69.9024,86.3637,58.4168
80.5916,97.3533,71.2041
93.257,111.044,85.0631
108.099,126.845,100.189
105.902,123.995,98.0619
111.438,128.415,103.95
121.24,136.467,114.419
123.27,136.404,116.242
126.611,137.884,118.792
130.991,139.165,123.266
139.332,144.593,132.527
139.334,144.279,133.129
139.353,143.601,132.621
140.81,141.274,132.714
137.913,135.131,128.469
144.502,141.176,134.41
146.669,142.356,136.335
144.114,137.211,133.155
139.231,130.409,128.572
131.839,122.554,123.015
129.108,118.41,122.114
118.961,104.443,113.632
102.365,84.185,97.6828
77.0578,56.7536,71.3779
51.1485,28.4413,44.091
40.6349,15.1481,33.3065
27.5481,0.815816,21.0165
14.1912,-11.7579,7.77922
4.05877,-21.9332,-2.94596
-5.54558,-33.9725,-14.0517
-8.74825,-39.328,-19.8447
-26.2132,-57.7918,-38.9348
-48.0518,-81.005,-60.1455
-63.6614,-97.9364,-72.9062
-75.4632,-109.961,-82.1517
-78.2994,-113.144,-85.4693
-85.3081,-121.54,-94.2912
-93.8568,-130.345,-103.789
-107.81,-142.781,-117.489
-124.522,-158.554,-134.022
-133.748,-168.621,-144.62
-146.526,-182.757,-158.834
-153.453,-189.92,-165.254
-155.168,-191.586,-164.984
-161.333,-197.817,-170
-164.799,-200.004,-173.864
-171.045,-203.398,-180.883
-171.21,-200.536,-181.551
-167.949,-196.577,-178.306
-163.918,-194.125,-174.682
-152.439,-182.913,-163.886
-151.989,-181.356,-162.622
-157.062,-185.75,-165.935
-162.693,-189.481,-169.864
-160.376,-185.161,-166.171
-144.274,-168.068,-150.065
-132.407,-154.88,-139.933
-115.985,-137.504,-125.843
-99.5439,-118.231,-110.122
-91.4568,-106.396,-101.182
-78.4872,-93.509,-87.9251
-65.6884,-82.1364,-75.8247
-44.9897,-60.2479,-55.1925
-14.6613,-27.4906,-24.3754
17.418,6.28843,6.51865
50.1055,41.2805,37.1471
68.4535,62.8599,54.8275
86.1536,82.2825,73.0997
104.119,100.066,92.7234
116.307,112.311,106.795
125.113,122.807,116.573
117.942,117.246,109.42
116.279,115.031,106.064
125.62,122.951,114.083
136.477,132.938,125.527
148.903,143.921,138.707
144.977,137.073,135.884
133.497,122.695,126.006
128.232,115.709,122.122
129.04,115.538,123.777
130.021,116.155,126.08
115.041,100.237,113.065
101.955,84.036,100.306
91.0123,69.2684,88.349
75.6732,52.3214,72.5064
69.6159,46.7445,66.6791
58.5229,35.5378,56.3319
45.2438,20.7493,44.2174
33.2529,6.77373,33.6783
27.9877,-0.777837,29.6248
28.5334,-2.55522,30.5737
11.7147,-20.6343,12.8471
-5.64964,-37.1404,-6.6605
-14.048,-43.3479,-16.5089
-17.3416,-44.5786,-19.2405
-13.0028,-39.1188,-12.8234
-18.1537,-44.2613,-15.3147
-26.8606,-52.9273,-22.4146
-36.0641,-61.5365,-31.7265
-44.5499,-68.8338,-40.6405
-43.7696,-66.357,-39.502
-49.8181,-71.1783,-45.4913
-57.4095,-77.8563,-54.3582
-67.4539,-86.1708,-65.7042
-78.4115,-95.3259,-77.3183
-82.933,-99.8122,-82.2622
-92.8958,-111.043,-92.1899
-99.3152,-118.17,-98.6945
-105.763,-125.049,-105.39
-109.683,-129.944,-109.926
-104.138,-125.038,-106.264
-102.561,-122.96,-106.278
-102.364,-120.458,-106.331
-108.547,-123.916,-112.907
-112.612,-127.055,-117.801
-106.215,-120.049,-111.464
-107.312,-120.05,-111.882
-100.396,-113.41,-104.545
-86.8195,-100.647,-90.9498
-78.2841,-91.0035,-82.8409
-68.8813,-78.8588,-74.3243
-66.9806,-73.9836,-72.7487
-59.0283,-64.5897,-64.5685
-48.9721,-56.5893,-54.928
-38.6708,-49.8639,-46.1456
-19.9061,-32.9976,-28.8292
-6.44169,-20.6205,-15.1571
6.65748,-8.00942,0.016521
13.3496,0.760292,9.70559
15.1475,5.81779,13.3141
21.3942,14.4897,19.5138
23.784,19.5276,20.9139
37.4915,35.8893,33.5706
58.3345,57.4106,54.1992
75.1535,74.183,71.7635
90.1315,90.4938,89.3212
92.8203,95.7498,94.2621
104.419,111.202,104.19
126.362,136.482,123.695
144.568,155.612,140.86
157.968,169.681,152.786
153.337,167.154,147.162
139.78,156.604,133.618
119.013,140.06,112.663
101.339,127.866,93.6417
99.4764,131.074,89.2951
98.7994,133.449,85.7644
99.3621,135.135,84.0176
89.2186,125.489,73.4411
73.8153,110.753,58.9455
76.4345,114.174,62.3766
78.087,115.918,64.0845
69.1581,106.023,54.605
48.9462,85.1345,34.2081
32.9493,69.0175,18.307
32.5275,68.3456,17.9221
22.8126,58.2065,8.36397
11.5204,46.1711,-2.95133
1.04967,34.737,-13.2796
-8.74955,24.1857,-22.1366
-13.4653,18.9608,-25.8468
-26.5902,4.06435,-38.9306
-37.9029,-10.6005,-51.0084
-49.3919,-24.7112,-62.8319
-61.9484,-38.0797,-75.4078
-71.1063,-47.1932,-84.3766
-90.5946,-67.0586,-103.338
-105.952,-82.9601,-118.524
-111.632,-88.8024,-123.879
-107.95,-86.1978,-120.744
-94.2014,-74.9428,-108.67
-92.3272,-74.8778,-106.821
-94.9338,-76.7111,-107.236
-105.268,-85.3048,-115.555
-116.121,-96.2061,-126.277
-115.48,-97.183,-126.303
-119.856,-103.519,-130.602
-115.244,-101.02,-125.119
-104.477,-92.3243,-112.966
-90.569,-80.1772,-98.19
-74.7214,-65.3546,-81.8708
-76.3091,-67.2251,-82.4273
-77.5465,-68.4443,-83.3105
-69.2184,-60.1248,-75.0512
-55.3861,-46.4185,-60.5473
-45.9336,-36.7206,-50.3065
-52.4822,-42.3551,-55.8589
-45.4258,-33.9642,-47.1667
-28.3826,-15.7697,-28.9438
-17.6012,-4.21634,-19.244
-13.2102,0.435552,-17.6197
-21.3284,-8.75486,-27.7058
-21.0994,-10.5452,-28.022
-20.9177,-12.2911,-27.8911
-21.4722,-14.9195,-28.871
-11.9607,-7.21151,-19.9973
-4.58044,-0.438942,-12.0981
3.26591,7.24099,-3.50949
-1.80544,1.58798,-8.86712
-4.49243,-1.13877,-11.5156
1.85178,5.95432,-5.03682
-7.33799,-4.354,-15.2164
-10.6245,-10.8562,-20.0597
-16.2576,-18.056,-26.9175
-28.949,-29.9025,-40.2512
-33.6785,-33.7092,-44.331
-43.0464,-42.4136,-51.6592
-37.0845,-35.255,-44.2204
-28.1889,-25.3461,-35.8051
-31.9956,-28.8267,-40.584
-37.4123,-34.3215,-45.5919
-48.4412,-45.5011,-55.602
-43.9452,-41.0165,-50.8912
-39.5253,-36.9905,-46.4276
-40.3363,-38.2097,-46.808
-36.6563,-34.4171,-43.6519
-41.8664,-40.1791,-48.6408
-35.4139,-36.1099,-38.6968
-29.1504,-33.1681,-29.4229
-25.1964,-32.3555,-26.1969
-12.3841,-23.373,-15.4034
-7.76552,-24.5353,-11.9746
5.31761,-18.8298,0.644201
11.7632,-19.0979,7.79971
6.92208,-28.6547,4.97769
11.8498,-27.531,12.003
13.401,-29.7483,14.4056
21.0719,-25.3968,21.527
17.333,-31.4512,17.0279
5.26118,-44.8258,5.08936
1.64586,-49.3023,2.70781
-11.5913,-63.1462,-9.30417
-14.3761,-65.4623,-12.6708
-13.5516,-63.495,-13.4296
-10.8702,-60.8426,-11.3176
-1.95437,-52.0399,-1.6004
-6.12083,-54.1299,-4.16435
-1.86426,-47.1472,0.783027
1.57314,-42.3737,3.54328
-0.341052,-43.3983,1.85663
6.52532,-34.7478,10.3204
8.35315,-31.2376,12.7263
22.204,-17.6341,25.4612
29.3371,-11.909,31.3328
21.373,-19.769,23.6714
19.8398,-19.2639,23.979
15.6947,-21.8269,21.3173
23.7657,-13.4547,29.2979
24.492,-12.3964,29.5034
17.6509,-18.2405,23.8548
24.2675,-9.6525,32.0958
27.2192,-4.50688,34.3565
36.2959,5.90251,41.542
37.584,8.50469,42.2356
31.2823,4.1614,36.5043
33.3898,8.45531,39.1858
29.4352,6.11347,35.7433
36.1391,13.7392,43.3464
38.664,17.0757,47.2505
30.996,9.452,40.7827
31.3768,9.32926,41.5233
24.4297,2.85185,34.3748
25.2566,5.34406,34.5418
20.0007,2.02847,28.1191
11.1224,-6.53663,18.4102
16.3903,-3.73362,23.2138
11.5476,-11.6339,17.9038
10.1602,-14.0746,16.2617
2.91207,-20.677,9.1155
-5.60791,-27.9533,1.072
-0.0165162,-21.7568,6.50827
-5.04776,-27.5349,0.0429064
-7.74687,-30.775,-3.76431
-12.9518,-35.8412,-8.60385
-17.9124,-41.1569,-13.3343
-9.73081,-34.2432,-5.78121
-13.3869,-39.3298,-9.44046
-12.5138,-38.4824,-7.30013
-9.40093,-34.3537,-2.1837
-6.92795,-31.7001,2.05351
-1.11097,-26.1764,8.02882
-11.2404,-35.435,-3.63479
-8.09712,-30.804,-1.79344
-5.14684,-27.4361,1.96472
-14.0913,-36.1169,-4.57229
-14.9287,-33.6525,-5.99047
-12.8736,-25.7689,-8.75137
3.54535,-5.27175,4.83014
10.796,3.21944,14.3373
9.92081,2.49285,16.5526
20.7135,13.3941,27.2291
27.7249,21.0851,32.2349
41.3334,36.1004,43.8401
42.0793,38.4316,42.0869
32.4811,29.5411,30.3382
32.1955,28.7519,29.6605
22.4068,18.2437,20.8922
20.6798,16.5749,20.4548
12.6293,9.87095,12.9244
2.40834,0.941615,2.75524
9.04812,6.96004,9.39178
5.99313,2.29045,6.15302
11.3134,6.64783,11.0318
14.8441,10.4673,13.4854
13.1259,9.90573,9.59431
17.7159,15.4914,12.1524
9.36605,8.33802,5.28364
10.9477,11.6233,10.5336
15.7744,16.8879,17.0704
14.8039,14.2921,15.5055
13.7331,10.7674,12.9619
-0.0384989,-5.02058,-1.95377
1.32663,-4.30318,-1.7445
5.74959,0.478876,1.05215
7.25453,2.4228,2.26311
15.6714,11.3823,11.9437
2.42344,-1.8621,-1.22726
-5.3585,-10.6973,-10.2009
-8.12105,-14.4682,-13.8597
-8.1493,-14.9956,-14.5773
4.80216,-2.65775,-1.52327
3.45019,-4.61566,-1.21512
1.5964,-6.04816,-1.33497
-7.20682,-13.3467,-9.92667
-10.0826,-15.4705,-13.7313
13.1518,6.65924,8.40859
27.5072,19.086,22.8105
33.1432,22.8366,28.7548
25.8933,13.8462,19.5309
18.667,5.65048,9.90514
25.3218,12.4835,16.6656
17.5098,5.33114,9.30642
17.8334,5.76593,7.32368
23.4202,10.6705,9.39188
29.8982,16.4364,15.4856
38.2851,24.7685,26.709
16.4918,4.21967,6.86549
7.02919,-2.70843,-1.57926
11.7758,4.50349,4.7291
9.25473,3.62407,2.24638
13.9002,9.23507,5.6085
8.00542,3.49044,-0.184524
10.6949,5.29683,4.10936
16.308,9.54526,10.7457
14.1015,7.01382,8.12381
17.8548,11.623,10.9608
6.27958,1.36825,-1.23713
-1.34643,-5.05516,-7.94665
-3.65345,-7.7211,-7.40669
-2.32747,-7.79419,-3.76433
22.1002,15.4821,20.439
39.2235,30.8941,35.5714
60.4993,49.3925,55.2464
78.4496,63.8887,71.7376
73.788,55.9972,63.8015
79.8621,59.5835,66.8038
89.9925,67.7268,76.5998
104.885,81.7402,92.2754
114.912,92.3758,102.391
115.088,93.7117,103.476
121.212,100.543,112.907
114.058,93.8072,109.297
111.317,91.3941,107.529
112.173,91.888,106.709
102.467,81.9136,94.7991
99.1306,79.1715,90.5758
91.5276,72.1584,82.9402
89.488,71.2907,80.9569
89.465,72.9708,80.833
76.2971,60.3046,66.5071
68.6237,52.1947,57.5544
63.3392,46.5139,51.9606
67.7669,50.4919,55.9601
71.7735,53.749,58.8379
66.0663,48.0311,52.4413
66.5981,50.2952,54.439
56.7577,43.1377,47.7567
52.5039,41.137,45.8438
56.2787,45.913,49.7434
53.6359,43.682,46.3031
53.5236,44.4266,46.5787
44.3026,36.1156,38.8191
39.3321,30.7455,35.3374
37.9867,27.914,35.3518
32.0171,21.7264,30.3013
35.8082,26.4036,34.4637
32.0618,22.3564,29.7514
28.4729,17.8209,24.4323
26.4641,16.4241,22.1531
17.4507,9.51873,13.5387
18.9714,11.7583,14.8543
16.9716,8.41035,12.8255
17.3976,8.41627,14.5478
15.1691,7.00264,14.5221
2.37188,-5.34712,3.22229
2.43647,-5.09831,3.75178
6.50014,-0.548293,8.04292
15.756,9.92149,17.6834
22.7124,18.1519,24.549
17.5792,14.3561,19.2935
12.568,11.2349,15.2904
2.58437,2.43975,5.76844
4.69269,4.71534,7.08539
18.2088,18.6008,21.0546
16.3828,18.3484,20.5627
7.15922,11.7662,12.035
-2.36208,5.17604,3.37807
-4.95944,5.162,1.92729
-5.13282,6.11558,2.21124
-3.36567,7.58226,3.25516
4.82248,15.373,10.7198
-0.313396,10.5021,6.10256
-6.35447,6.06573,1.45486
-8.92756,6.00448,0.568055
-10.9191,5.11435,-0.621637
-14.6356,0.230336,-4.12268
-31.5612,-16.5695,-20.2975
-37.9548,-17.0817,-28.2744
-34.1933,-4.15014,-28.1038
-26.0318,11.0024,-20.51
-11.2288,30.3136,-3.66942
-3.95397,40.9357,4.80016
-7.18896,40.3862,1.97684
-42.7286,7.51706,-33.6632
-108.12,-55.1654,-100.434
-181.428,-126.01,-174.723
-266.474,-208.672,-259.426
-343.568,-284.166,-335.626
-413.272,-353.931,-405.262
-490.037,-430.191,-483.936
-583.046,-521.204,-578.726
-711.868,-649.257,-708.222
-865.545,-803.415,-862.578
-1049.99,-987.875,-1047.04
-1271.86,-1209.12,-1267.78
-1522.79,-1458.87,-1517.45
-1793.68,-1729.13,-1788.02
-2078.4,-2014.43,-2073.73
-2425.35,-2362.53,-2422.12
-2845.3,-2783.3,-2843.66
-3264.1,-3202.9,-3264.86
-3595.42,-3536.36,-3598.44
-3774.3,-3718.61,-3778.45
-3806.84,-3754.5,-3811.56
-3723.34,-3672.95,-3728.48
-3550.59,-3499.71,-3555.26
-3341.86,-3289.17,-3345.73
-3129.53,-3076.55,-3133.15
-2940.71,-2890.75,-2944
-2769,-2724.51,-2772.12
-2587.39,-2548.13,-2590.93
-2398.54,-2362.11,-2402.29
-2199.45,-2163.75,-2202.51
-1999.8,-1964.54,-2000.84
-1785.83,-1751.15,-1784.89
-1529.15,-1494.43,-1528.29
-1241.39,-1207.33,-1242.37
-956.62,-925.224,-959.903
-697.973,-670.509,-701.849
-433.513,-410.145,-435.895
-138.241,-117.775,-139.372
177.278,196.704,176.448
516.15,535.62,515.457
870.787,890.374,870.534
1264.72,1284.11,1264.94
1729.66,1748.25,1729.7
2238.25,2254.88,2237.99
2563.16,2577.12,2564.17
2241.93,2253.03,2246.1
1152.31,1160.19,1158.87
-304.059,-298.454,-297.776
-1671.21,-1665.86,-1665.9
-2679.97,-2674.17,-2675.35
-3263.6,-3257.92,-3261.16
-3445.12,-3440.05,-3445.31
-3344.68,-3339.87,-3346.25
-3137.4,-3132.1,-3139.86
-2875.1,-2868.54,-2878.02
-2532.24,-2523.47,-2534.47
-2083.37,-2072.78,-2084.86
-1592.12,-1580.73,-1593.61
-1165.85,-1153.82,-1167.15
-780.915,-768.469,-781.91
-369.44,-357.473,-370.473
78.8176,88.9378,78.0993
464.294,471.259,464.151
669.904,673.649,669.739
756.302,758.428,755.484
847.959,850.759,846.506
1000.45,1005.48,999.255
1154.4,1161,1153.72
1220.89,1227.07,1220.38
1221.04,1226.84,1221.69
1210.48,1217.3,1213.27
1226.4,1233.98,1230.53
1226.11,1233.54,1230.49
1136.88,1144.15,1141.62
999.766,1007.99,1004.91
883.348,894.058,888.429
822.843,837.299,828.739
782.983,800.829,790.751
697.767,716.21,705.474
595.057,612.257,600.156
513.87,530.786,516.526
475.286,493.8,476.359
445.714,466.529,444.312
368.249,390.47,363.505
278.268,301.217,271.393
214.285,238.004,206.58
201.57,226.268,193.073
213.642,238.689,205.624
197.754,220.248,192.192
178.285,196.233,174.511
176.011,190.254,172.496
207.241,218.361,204.51
251.57,258.815,251.174
258.038,260.614,260.634
250.359,247.455,254.869
250.411,240.683,255.312
274.162,257.217,279.824
305.935,283.042,313.704
296.384,270.193,306.405
264.207,237.566,276.053
226.752,200.011,240.16
206.957,178.703,220.469
194.56,164.369,206.264
146.006,114.132,155.62
85.3104,51.8341,93.6612
27.6166,-7.21124,36.1131
-10.5463,-45.6161,-1.07331
-29.0894,-63.0945,-19.2635
-62.6017,-96.1058,-53.428
-105.414,-139.587,-96.8733
-154.038,-188.897,-144.853
-192.74,-227.511,-182.569
-227.259,-261.247,-217.453
-290.688,-324.721,-282.044
-364.202,-399.349,-356.098
-457.595,-493.674,-449.279
-579.393,-615.618,-570.398
-743.641,-778.52,-733.908
-961.761,-994.585,-951.838
-1166.34,-1198.38,-1156.83
-1326.08,-1358.14,-1317.59
-1423.93,-1456.38,-1417.56
-1475.16,-1508.77,-1471.34
-1553.01,-1587.23,-1550.54
-1694.69,-1728.61,-1691.93
-1939.16,-1973.44,-1935.23
-2294.8,-2330.48,-2290.47
-2750.13,-2786.3,-2746.48
-3288.12,-3323.05,-3285.42
-3842.12,-3875.82,-3840.59
-4402.7,-4436.72,-4402.28
-4965.96,-5000.85,-4966.52
-5512.18,-5546.55,-5514.32
-6036.78,-6069.62,-6041.12
-6491.99,-6523.33,-6497.86
-6878.73,-6908.37,-6884.07
-7181.7,-7210.21,-7185.49
-7393.03,-7421.88,-7397.27
-7561.18,-7590.6,-7567.93
-7678.87,-7707.44,-7687.82
-7767.91,-7793.66,-7778
-7826.11,-7848.46,-7836.22
-7825.64,-7846.61,-7835.45
-7785.24,-7806.71,-7795.59
-7709.86,-7731.08,-7720.77
-7661.9,-7681.67,-7672.17
-7668.97,-7687.27,-7678.19
-7690.25,-7707.18,-7699.21
-7719.98,-7735.86,-7729.49
-7738.34,-7753.86,-7747.92
-7764.05,-7780.13,-7771.72
-7795.76,-7812.33,-7799.46
-7776.58,-7790.39,-7778.78
-7683.15,-7691.33,-7689.89
-7502.1,-7505.7,-7513.39
-7285.82,-7286.34,-7297.56
-7062.02,-7059.74,-7073.4
-6809.37,-6804.17,-6821.34
-6544.79,-6535.89,-6557.7
-6268.06,-6255.31,-6281.6
-6007.02,-5991.67,-6021.22
-5750.59,-5734.2,-5766.34
-5466.44,-5449.68,-5482.84
-5187.93,-5170.36,-5201.97
-4913.48,-4895.17,-4924.68
-4656.59,-4639.02,-4667.88
-4421.64,-4405.97,-4434.28
-4183.44,-4169.86,-4195.84
-3943.77,-3932.24,-3955.22
-3664.21,-3654.38,-3674.92
-3360.48,-3351.28,-3371.33
-3067.98,-3057.8,-3080.28
-2789.81,-2778.01,-2802.31
-2542.53,-2530.55,-2553.43
-2289.31,-2279.21,-2299.58
-2020.71,-2013.27,-2032.49
-1720.25,-1714.87,-1733.93
-1352.94,-1348.78,-1366.3
-933.037,-929.123,-944.172
-458.189,-452.25,-467.28
46.3085,55.5387,37.9368
571.295,581.891,562.882
1129.57,1139.7,1122.31
1698.47,1708.37,1692.72
2291.03,2301.61,2285.24
2901.58,2913.72,2895.21
3548.57,3562.21,3542.33
4284.75,4298.52,4279.75
5132.11,5144.85,5129.47
6131,6142.46,6131.16
7256.75,7267.52,7258.16
8471.85,8482.84,8472.3
9733.9,9745.4,9733.4
10827,10838.8,10827.3
11419.6,11431.5,11422.4
11379.6,11391.5,11385.9
10964.7,10976.2,10973.7
10455.5,10466,10465.8
9931.85,9941.25,9942.28
9464.01,9472.82,9473.97
9060.14,9069.17,9069.4
8668.85,8677.87,8677.08
8238.05,8246,8245.4
7742.44,7748.84,7749.57
7269.49,7274.3,7276.09
6854.72,6858.55,6859.46
6469.89,6474.21,6473.04
6080.87,6086.97,6083.93
5667.62,5675.53,5670.66
5303.55,5312.03,5305.81
5003.43,5011.59,5004.76
4726.85,4734.49,4728.35
4445,4451.96,4448.22
4152.2,4159.1,4157.4
3919.61,3926.91,3925.25
3750.05,3757.45,3753.62
3597.77,3605.6,3598.59
3437.56,3445.4,3437.19
3258.6,3265.43,3258.12
3122.27,3128.44,3122
3024.21,3030.73,3024
2930.36,2937.66,2930.06
2832.31,2839.8,2831.66
2711.48,2718.66,2709.02
2622.95,2629.25,2618.6
2563.63,2568.8,2558.9
2499.03,2503.93,2494.37
2429.76,2434.6,2425.34
2341.88,2346.45,2338.08
2276.43,2280.42,2273.13
2235.13,2237.99,2232.53
2191.01,2193.27,2189.71
2133.71,2135.88,2134.07
2050.6,2052.41,2052.37
1985.7,1986.62,1987.61
1939.01,1938.13,1939.74
1890.61,1887.23,1889.85
1843.56,1837.44,1842.17
1780.32,1772.19,1779.17
1738.5,1730.35,1738.51
1715.15,1707.53,1716.5
1672.97,1664.68,1673.73
1623.89,1614.75,1623.21
1566.55,1557.86,1566.07
1519.45,1511.4,1520.9
1477.54,1468.49,1480.66
1430.9,1420.52,1433.01
1387.61,1377.46,1386.71
1332.72,1324,1329.84
1288.19,1280.72,1285.16
1253.26,1246.45,1250.76
1212.6,1205.81,1210.52
1161.17,1152.97,1159.68
1075.47,1064.86,1074.73
959.24,947.204,958.839
787.366,775.332,786.988
525.012,513.044,524.716
164.891,152.043,164.786
-311.19,-324.985,-311.746
-881.016,-894.23,-882.776
-1508.13,-1520.18,-1510.92
-2161.84,-2173.88,-2165.68
-2813.01,-2825.84,-2816.92
-3431.17,-3444.5,-3433.52
-3945.32,-3958,-3946.6
-4340.13,-4351,-4341.28
-4699.68,-4708.64,-4700.81
-5170.98,-5178.42,-5172.22
-5821.96,-5828.62,-5823.23
-6548.52,-6555.83,-6549.77
-7225.37,-7233.75,-7226.76
-7744.97,-7753.12,-7747.01
-8109.24,-8116.08,-8112.4
-8498.64,-8504.74,-8502.41
-9095.9,-9102.95,-9100.07
-9942.94,-9952.48,-9947.13
-10945,-10956.8,-10948.2
-12066.8,-12079.1,-12069.4
-13358.6,-13370.5,-13361.7
-14792.1,-14804.5,-14796
-16271.6,-16286,-16276.4
-17685.4,-17701.7,-17692.3
-18980.3,-18997.4,-18989.9
-20184.8,-20202,-20196.2
-21327.9,-21344.2,-21340.5
-22396.6,-22411.7,-22410.3
-23303.6,-23318.2,-23317.9
-24050.5,-24065.3,-24066.2
-24718.5,-24733.1,-24735.7
-25296.3,-25310.1,-25313.3
-25819.5,-25832.4,-25835.4
-26215,-26226.8,-26230.9
-26243.1,-26253.5,-26260.6
-25828.8,-25837.4,-25847.8
-25129.7,-25136.7,-25149.2
-24335.5,-24342.3,-24355.1
-23417.6,-23424.8,-23436.4
-22198.8,-22205.5,-22216.7
-20494.8,-20499.1,-20512.8
-18285.3,-18286,-18303.4
-15851,-15848.5,-15867.9
-13631,-13626.6,-13644.8
-12355.5,-12352.2,-12364.6
-13232.5,-13234.4,-13235
-16860.8,-16871.6,-16857.9
-22013,-22032.4,-22010.9
-26820.4,-26845,-26824.8
-30435.6,-30462.5,-30446.8
-32797.1,-32824.2,-32813.9
-34116.4,-34141.4,-34137.7
-34957.4,-34979.3,-34981.9
-35758.4,-35777.9,-35784.9
-36481.4,-36499.3,-36509.4
-36972.9,-36988.3,-37002.9
-37184.4,-37198.1,-37216.9
-37171.6,-37186.2,-37206.1
-36945,-36960.9,-36980.6
-36523.1,-36538.8,-36559
-35945.3,-35959.7,-35981
-35176.7,-35189.8,-35212.6
-34313.3,-34325.8,-34349.9
-33522,-33534.2,-33558.5
-32836.1,-32847.5,-32872
-32063.9,-32074.1,-32100.8
-30944.9,-30954.4,-30983.2
-29578.9,-29587.3,-29617
-28247.3,-28254.4,-28284.2
-27042.1,-27049.2,-27078.3
-25826.2,-25834.4,-25862.7
-24351.6,-24360.3,-24388.6
-22586.7,-22594.9,-22623.6
-20666.1,-20673.5,-20702
-18693,-18699.3,-18726.7
-16693.1,-16698.1,-16723.9
-14616.9,-14621.2,-14645.1
-12533.9,-12538.4,-12559.7
-10550.4,-10554.6,-10574
-8684.6,-8689.03,-8706.26
-6877.5,-6883.46,-6897.49
-5052.11,-5059.18,-5070.14
-3346.48,-3353.06,-3361.99
-1940.66,-1945.4,-1952.87
-808.967,-812.319,-818.143
267.252,263.758,259.166
1541.24,1537.99,1533.75
2929.93,2928.37,2924
4160.85,4160.8,4157.02
5112.47,5112.47,5111.55
5867.06,5865.95,5868.56
6627.65,6625.06,6629.76
7411.59,7408.3,7414.01
8117.01,8114.73,8120.28
8745.86,8744.87,8749.51
9408.52,9407.73,9411.91
10233.8,10233.5,10237.7
11133,11134.2,11138.1
11917.7,11920.6,11923.7
12549.4,12552.4,12555.9
13156.6,13157.6,13163.1
13908,13907.7,13915.7
14748.7,14749.3,14758.9
15518.4,15520.3,15530.8
16149.1,16151.9,16163.3
16657.2,16661.1,16671.6
17150.9,17156,17163.8
17647.4,17653.5,17659.5
18101.3,18108.2,18113.5
18498.8,18506.1,18509.9
18840.4,18848.3,18849.4
19173.7,19183.5,19182.6
19450.9,19462.9,19461.8
19595.5,19609,19608.4
19603.7,19617.9,19617.9
19509,19523.1,19523.2
19386.4,19401.5,19400.2
19215.9,19233.1,19229.6
18927.9,18945.9,18941.5
18507.5,18523.6,18521.6
17979.5,17993.3,17994.8
17422.2,17436.1,17439.6
16826.4,16841.4,16845.7
16140.7,16157,16160.9
15406,15425.3,15427.2
14697.1,14719.6,14718
14092,14115.5,14110.6
13542.4,13563.4,13559.7
12920.4,12938.7,12938
12215.5,12233.9,12233.2
11555.5,11574.5,11572.3
11106.3,11123.2,11120.9
10900.3,10914.2,10912.4
10892.3,10904.3,10902.2
11018.8,11031.3,11027.8
11201.4,11215.2,11210.4
11408.4,11422.4,11417.6
11602.8,11615.6,11611.9
11785.5,11796.3,11794.3
11978,11986.1,11985.6
12134.7,12142.1,12141.6
12196.8,12206.2,12205
12094.7,12104.7,12105.3
11813.7,11820.7,11824.4
11372.9,11375.4,11381.8
10742.7,10741.9,10751.2
9930.47,9928.04,9939.37
8966.41,8963.34,8975.65
7912.7,7909.84,7922.38
6844.36,6842.41,6854.27
5805.62,5802.55,5814.44
4826.98,4820.06,4832.21
3878.34,3868.04,3879.73
2955.9,2944.57,2955.7
2098.56,2087.23,2098.54
1304.99,1293.71,1305.69
520.588,509.499,522.074
-345.045,-356.63,-342.796
-1290.47,-1302.89,-1287.64
-2278.72,-2291.75,-2274.51
-3359.34,-3373.32,-3353.85
-4552.19,-4567.17,-4547.45
-5769.03,-5784.56,-5765.49
-6809.39,-6825.25,-6806.42
-7520.81,-7537.05,-7518.89
-7907.44,-7923.9,-7907.31
-8032.73,-8048.53,-8034.45
-7989.61,-8004.02,-7992.79
-7806.28,-7819.35,-7810.13
-7472.4,-7484.82,-7475.96
-7004.15,-7017.02,-7007.72
-6412.29,-6426.08,-6416.83
-5736.39,-5751.01,-5740.84
-4988.82,-5003.93,-4992.24
-4188.72,-4203.48,-4191.73
-3390.1,-3404.41,-3392.39
-2600.97,-2615.14,-2602.17
-1811.25,-1825.19,-1812.28
-990.114,-1003.33,-991.638
-125.309,-137.392,-126.509
749.804,737.942,748.862
1613.58,1600.83,1611.51
2442.92,2429.54,2439.59
3259.23,3245.78,3255.3
4078.14,4063.94,4074.57
4871.55,4856.5,4869.85
5656.38,5641.65,5656.65
6516.44,6501.61,6516.63
7652.55,7637.32,7651.61
9184.75,9171.13,9185.11
10972.8,10962.1,10976.7
12809.9,12801.6,12817.2
14534.7,14527.1,14545.6
16072.7,16063.9,16086.6
17406.5,17396.6,17421.6
18542.6,18533,18557.7
19568.5,19559.2,19582.3
20558.4,20548.6,20570.9
21557.5,21548.7,21570.6
22572,22565.8,22587.3
23572.6,23568.3,23589.7
24591.4,24587.8,24608.6
25644.7,25641.1,25660.2
26712.7,26709.1,26726.3
27753.3,27751.1,27766.8
28756.4,28755.6,28770.8
29832.2,29830.9,29847.6
31079.5,31077.3,31096.8
32554.8,32552.8,32573.1
34290.2,34288.4,34307.9
36089.4,36087.1,36107.1
37299.4,37296.5,37319.6
37208.4,37204.4,37233.7
35907.2,35899.9,35936.7
34038.2,34026.6,34069.4
31965.6,31950.2,31996.9
29749.1,29731.4,29779.8
27414.5,27395.6,27443.5
25043.8,25024.4,25070.3
22664.3,22644.8,22688.7
20264.6,20244.3,20287.1
17947.1,17925.7,17967.1
15796.3,15774.9,15814
13793.5,13772.7,13808
11904.1,11883.2,11914.4
10151.5,10130.3,10158
8658.2,8638.16,8662.38
7501.26,7482.95,7504.17
6625.44,6606.64,6626.87
5863.53,5842.32,5863.74
5090.68,5068.23,5090.46
4405.13,4383.42,4404.35
3920.35,3899.14,3918.72
3600.15,3578.48,3597.63
3300.66,3278.42,3297
2928.02,2905.07,2922.86
2580.44,2557.67,2574.7
2356.93,2335.61,2352.11
2220.85,2200.23,2216.33
2064.05,2042.74,2058.78
1834.53,1812.1,1829.76
1597.82,1575.29,1594.97
1421.6,1400.56,1419.48
1313.96,1294.59,1310.2
1198.92,1180.02,1193.13
1010.62,991.384,1004.02
810.59,791.445,804.198
656.871,638.317,650.269
554.921,536.894,546.766
446.248,428.255,437.211
264.988,246.744,256.838
77.2322,59.2492,69.8827
-41.1294,-58.279,-48.8142
-91.7694,-108.248,-100.44
-143.514,-160.324,-153.196
-263.37,-281.578,-274.028
-421.533,-440.941,-434.091
-560.038,-579.616,-575.006
-640.432,-659.073,-656.866
-681.031,-697.943,-697.816
-731.012,-747.275,-747.574
-788.656,-806.22,-804.769
-839.078,-858.566,-854.666
-867.623,-888.283,-883.126
-901.006,-921.07,-916.295
-981.41,-999.054,-995.39
-1070.79,-1085.85,-1082.63
-1116.48,-1130.71,-1126.36
-1094.35,-1109.32,-1104.14
-1054.92,-1070.19,-1066.12
-1061.27,-1075.46,-1073.49
-1089.7,-1102.27,-1102.34
-1114.08,-1125.55,-1126.42
-1111.56,-1123.06,-1123.3
-1091.33,-1103.61,-1102.9
-1081.32,-1094.03,-1092.54
-1064.23,-1076.23,-1074.65
-1043.13,-1054.64,-1052.97
-1011.67,-1024.06,-1021.8
-974.336,-988.405,-985.028
-961.013,-977.708,-971.984
-951.361,-971.464,-962.648
-939.866,-962.667,-951.034
-917.005,-940.39,-927.558
-882.532,-904.601,-892.222
-866.772,-887.442,-875.667
-859.749,-880.039,-869.272
-855.352,-875.627,-866.754
-835.823,-855.411,-848.099
-800.883,-818.768,-811.845
-773.69,-789.872,-782.808
-746.346,-762.408,-754.917
-731.339,-748.71,-739.553
-732.847,-750.761,-739.845
-731.131,-748.267,-737.128
-693.737,-709.791,-699.861
-609.558,-623.8,-616.417
-539.476,-552.119,-546.259
-501.575,-514.354,-507.226
-480.485,-493.992,-485.176
-482.852,-496.782,-487.618
-494.403,-508.707,-499.173
-525.126,-539.59,-528.159
-555.988,-570.145,-557.241
-562.104,-575.735,-564.039
-558.436,-571.842,-562.474
-553.796,-566.832,-559.681
-566.63,-578.769,-573.438
-575.175,-586.58,-582.345
-570.93,-582.007,-578.173
-582.313,-592.898,-589.018
-608.469,-618.207,-615.467
-652.177,-661.727,-661.06
-667.233,-677.499,-678.662
-623.204,-634.449,-636.184
-573.678,-586.143,-586.259
-548.588,-561.967,-559.953
-559.284,-572.911,-569.361
-581.015,-594.794,-589.935
-600.743,-615.396,-609.29
-633.032,-649.132,-641.863
-658.291,-674.589,-667.301
-683.811,-698.651,-692.117
-704.04,-716.776,-710.633
-713.455,-724.414,-718.902
-721,-731.851,-727.568
-715.739,-727.281,-724.749
-716.688,-727.324,-726.526
-720.717,-728.848,-729.555
-715.831,-722.236,-723.892
-712.277,-718.355,-720.547
-701.111,-706.593,-709.728
-696.701,-700.878,-704.513
-693.915,-696.705,-699.939
-681.582,-683.502,-685.696
-666.367,-668.199,-669.194
-634.497,-636.635,-636.293
-609.301,-612.045,-609.747
-594.061,-597.316,-594.084
-575.651,-578.181,-575.644
-555.088,-556.57,-554.327
-527.369,-529.677,-527.033
-513.461,-517.637,-514.542
-500.63,-505.14,-502.192
-475.767,-479.386,-476.815
-449.731,-452.739,-450.018
-423.478,-426.004,-423.533
-420.44,-422.247,-419.829
-412.33,-413.609,-410.417
-368.298,-370.394,-365.935
-321.874,-325.629,-319.944
-287.548,-291.816,-286.316
-278.164,-282.162,-277.957
-279.868,-284.684,-280.676
-286.054,-292.104,-286.333
-308.346,-315.125,-307.622
-325.123,-333.443,-325.755
-344.889,-355.646,-347.717
-365.109,-377.484,-368.496
-375.632,-387.8,-378.319
-379.09,-389.979,-380.992
-379.735,-389.903,-382.077
-398.239,-409.44,-402.261
-419.231,-431.721,-424.862
-445.386,-456.819,-451.013
-478.167,-487.592,-482.146
-487.986,-497.367,-491.089
-502.287,-512.319,-505.797
-526.271,-535.252,-529.823
-548.292,-555.561,-551.383
-565.117,-571.805,-568.086
-560.684,-568.192,-564.579
-568.219,-577.189,-573.639
-580.073,-590.397,-586.321
-585.283,-596.754,-591.556
-592.156,-605.081,-598.044
-581.497,-596.892,-587.193
-579.819,-597.755,-585.726
-582.937,-602.223,-589.216
-583.72,-603.769,-591.509
-586.585,-607.217,-596.763
-574.481,-594.413,-585.24
-577.209,-595.299,-585.665
-595.625,-612.401,-600.883
-621.289,-637.417,-623.89
-644.939,-659.621,-645.347
-636.354,-648.611,-635.251
-628.304,-639.032,-626.335
-621.766,-632.898,-619.353
-604.038,-616.716,-602.456
-576.663,-590.531,-576.373
-523.548,-538.516,-523.201
-483.332,-500.045,-482.138
-453.9,-470.763,-452.004
-419.672,-434.355,-417.648
-371.549,-383.859,-369.113
-294.052,-304.871,-290.748
-236.802,-246.593,-233.29
-193.613,-202.965,-190.725
-151.818,-162.045,-150.173
-121.559,-132.467,-120.069
-76.3237,-86.8209,-73.4099
-40.9355,-51.673,-37.1491
-14.4364,-26.2074,-10.663
10.8337,-1.85582,14.1749
22.4393,10.3129,25.1148
47.4755,39.3309,50.681
62.5207,59.2328,66.8339
70.2125,68.0527,74.1915
82.098,78.1729,84.629
88.0734,82.9018,89.8938
112.875,107.276,114.913
113.783,108.338,115.068
99.9878,94.9253,99.7454
104.885,98.9021,103.634
103.668,96.5608,101.764
110.725,103.786,108.591
106.881,100.276,105.222
102.34,95.2981,101.959
111.846,104.046,112.481
106.565,98.0194,106.874
105.791,96.4024,105.665
100.876,91.0388,100.514
93.8411,83.8846,92.6748
96.9816,86.6528,95.4596
94.7691,84.7124,93.5967
104.949,96.0434,103.871
105.548,97.5188,103.785
99.052,91.4966,96.327
107.105,99.9026,104.38
100.096,93.4348,97.4887
96.3892,90.6514,93.0803
94.6881,90.5926,90.9161
90.3903,88.3647,86.5933
95.9031,94.2494,91.9305
96.0096,92.4237,91.8081
102.386,96.3215,98.3238
100.271,93.0611,96.4305
82.39,75.7997,78.5167
58.2585,52.4768,53.9097
50.1358,44.2787,44.7846
93.0399,86.3771,87.3053
138.738,131.382,133.445
155.269,148.664,150.244
152.832,148.033,147.7
126.128,123.878,121.022
95.5777,95.7274,91.0547
63.7055,63.8129,59.2988
32.7314,31.6861,27.1646
16.419,15.2069,10.051
10.2894,9.66246,3.91635
14.5385,15.324,7.70102
15.5699,18.0181,8.57841
21.6434,24.4512,15.2116
32.6522,34.025,26.3396
33.3211,32.3039,26.3248
36.8311,34.1921,29.2667
31.2328,28.5231,24.1947
28.2339,25.5357,21.492
36.9689,33.2282,29.1281
41.1764,36.2758,32.3922
46.09,40.8572,37.2801
39.1901,33.9111,30.7571
30.2845,24.7973,22.8081
38.813,32.9566,32.4423
57.4925,50.4932,50.9387
77.5149,68.6887,69.4394
83.3036,73.3739,74.3854
89.8977,80.5889,81.4709
102.603,94.7658,94.75
97.8816,90.9968,89.9754
79.0933,71.9609,70.2747
50.4609,41.8023,40.544
35.9308,25.9837,25.0647
36.3325,26.0343,24.3204
30.655,19.555,18.8927
25.6267,13.0517,15.8693
13.4558,0.488645,5.03689
11.1117,0.203676,2.4155
20.0353,12.8279,10.975
19.31,15.2402,10.9136
16.3986,13.0236,8.30124
12.0658,6.43075,3.16615
17.7909,9.16024,8.52125
22.3613,12.9193,13.8974
9.06556,0.628712,1.59097
2.83174,-4.2757,-4.28789
3.66805,-2.29298,-3.45852
9.66893,3.66419,2.0056
15.5996,8.38257,6.95855
12.7967,4.6021,4.31354
13.4821,5.39558,6.78574
5.74847,-1.58421,0.826664
2.23652,-4.58517,-2.40907
6.27443,0.541907,0.735405
4.63051,0.811991,-1.4914
8.44903,5.76426,2.59181
10.99,8.34822,5.52958
17.6194,15.4524,12.0326
19.4301,18.588,13.7861
8.945,9.07054,3.3988
4.96852,5.53444,-1.12239
-1.46263,-1.51084,-7.97608
-4.25806,-6.07625,-9.94151
-9.75348,-12.442,-13.6072
-25.7684,-27.6208,-28.4079
-25.9906,-26.3379,-28.9976
-19.5879,-18.1245,-23.2025
-6.08351,-3.04662,-9.57712
4.50461,7.68586,0.894401
3.47363,6.06544,-0.775924
8.8555,10.7275,3.96115
8.20514,9.00633,3.03942
12.0796,12.4799,7.046
18.1174,18.5238,12.75
14.1731,14.1731,7.86126
8.31188,8.62563,1.83667
-5.48726,-4.88436,-11.5199
-7.79819,-8.47398,-14.455
-2.62556,-4.32569,-9.66808
-5.27645,-6.11704,-11.2732
-5.18441,-4.52824,-10.2389
-15.2756,-13.7534,-19.7235
-18.949,-17.1921,-22.3347
-14.0342,-12.8109,-16.2921
-15.4771,-15.222,-16.9126
-10.9327,-12.1304,-12.2486
-13.661,-17.0366,-16.4067
-14.7683,-19.171,-19.4485
-10.9047,-14.4046,-15.9143
-4.20958,-7.05103,-8.28395
12.3213,9.37292,8.28174
17.8177,15.5198,12.7807
18.7921,17.4979,13.5679
17.7276,15.6701,13.4966
16.3112,11.6986,13.3854
21.6735,15.1621,20.3104
15.7187,9.10757,16.0659
16.5667,10.3917,17.3154
23.3417,16.8756,22.1382
22.4611,15.0389,18.7073
26.7771,17.7103,22.1617
25.4873,14.2668,21.6929
32.6865,20.0577,30.3822
38.2814,25.9374,37.4444
30.2422,19.1959,29.797
29.4321,19.8275,27.9251
27.5267,19.2383,25.3381
36.5445,28.9362,34.2495
43.9852,36.6631,40.7373
35.8578,28.9309,31.4491
32.9255,26.7859,27.7955
32.63,27.4056,27.4703
43.1117,37.6639,38.8374
49.6166,43.2781,46.6596
39.8603,33.4625,38.0432
36.7963,30.8043,35.6416
35.9996,30.4215,34.936
46.1929,41.2109,44.0788
55.3609,50.8681,52.2173
49.862,45.6268,47.613
49.0447,44.5235,47.8904
44.0745,39.3583,43.3365
48.2254,44.3417,48.7638
52.532,49.0397,53.7733
48.3544,44.5909,48.1628
54.8355,51.692,52.4969
58.5633,56.5514,54.9641
67.8468,66.7101,63.7168
71.6978,72.2784,67.792
61.7048,65.292,59.0178
59.8308,65.3209,57.4709
56.6912,61.7503,53.2482
59.0894,64.1611,55.2964
63.2023,69.6249,60.383
65.6148,72.6541,64.0356
77.7488,85.3919,77.4244
79.0073,87.2404,79.5492
83.3731,90.4324,83.441
86.7802,92.2312,86.1945
81.3309,85.6367,81.1591
87.414,90.0336,87.4629
94.9776,95.709,94.9227
108.928,108.935,109.037
100.204,101.275,100.257
74.9032,77.3776,74.938
77.081,79.9707,77.0008
80.2249,83.1486,79.7094
87.8582,90.9551,86.9624
97.4419,100.495,96.2691
99.5034,102.304,98.1048
111.377,114.365,109.372
109.021,113.003,106.26
106.448,111.839,103.64
109.669,116.076,107.059
109.021,116.022,106.816
123.382,130.402,122.405
123.218,130.007,122.96
122.706,130.587,122.251
132.988,142.207,132.537
133.333,142.344,133.113
135.126,143.343,134.888
128.028,135.599,127.127
134.374,141.02,133.072
146.68,152.465,146.326
143.103,149.11,144.136
146.164,153.177,147.428
141.029,148.562,142.122
137.049,144.539,139.306
136.839,143.513,140.175
131.447,136.39,134.744
138.19,142.007,141.602
134.158,138.425,137.716
128.216,132.544,130.737
126.245,128.036,126.103
121.756,120.768,119.065
129.759,128.367,126.345
127.985,126.822,124.952
133.843,131.48,131.3
143.796,139.265,140.828
142.055,135.78,137.593
148,141.49,142.621
146.74,141.745,141.441
154.778,151.406,149.542
164.775,162.064,159.511
162.204,160.193,157.483
173.526,172.492,169.653
187.943,187.36,184.428
216.533,215.825,213.269
248.852,248.233,245.946
257.806,258.15,255.062
251.987,253.451,249.68
212.421,214.443,210.88
160.726,163.519,159.343
107.116,111.218,105.241
54.6989,59.6333,53.0175
34.7709,39.8275,34.0763
25.1678,30.6499,25.7205
21.7527,27.5948,23.6465
8.57448,13.4669,11.1588
-16.0399,-12.5309,-12.9423
-23.5219,-19.8496,-19.438
-32.4456,-27.1872,-27.8412
-31.3862,-25.2898,-27.3019
-30.2471,-24.9859,-27.3396
-46.8302,-42.8562,-44.7634
-56.3705,-52.882,-53.7459
-67.8069,-64.1016,-64.2856
-67.4867,-63.6914,-63.9155
-61.3535,-57.6004,-57.9551
-66.1192,-61.9056,-62.6261
-67.2321,-61.8323,-63.226
-77.8821,-71.1266,-73.2516
-75.4883,-68.1127,-70.7902
-68.231,-60.6094,-64.1286
-73.7076,-65.353,-69.6597
-67.9901,-58.8968,-62.6278
-68.2191,-58.9815,-61.4273
-68.2362,-58.9705,-61.3213
-69.616,-59.6889,-63.566
-78.1263,-67.7558,-73.141
-75.6152,-66.4219,-72.1474
-80.2032,-73.0176,-78.9768
-78.4123,-71.9098,-79.1576
-73.0584,-65.5534,-74.6172
-74.1458,-65.8937,-75.7451
-65.343,-57.649,-67.2311
-71.3239,-64.5932,-74.3983
-71.0541,-64.6422,-74.7393
-63.9402,-56.6772,-66.3249
-66.544,-57.8063,-67.2697
-57.9013,-48.5221,-59.0825
-53.4779,-43.8719,-56.63
-42.7304,-32.6401,-46.5487
-37.4796,-27.0356,-40.7236
-48.4953,-37.8926,-51.4804
-44.8659,-35.3755,-48.0891
-38.9411,-30.0177,-42.3861
-25.064,-13.5053,-28.1516
-8.17656,5.95175,-11.7822
3.05937,17.2147,-2.40217
29.6884,43.264,23.7265
51.095,65.94,46.2346
76.0479,94.6061,71.8671
101.564,123.797,97.0134
112.655,137.144,107.587
128.225,154.328,123.306
136.919,164.012,133.024
155.806,182.858,153.785
171.578,197.99,170.421
168.429,194.235,166.652
175.89,201.388,174.477
184.274,210.04,183.918
197.3,222.948,197.206
199.377,224.198,200.044
187.209,211.8,189.194
192.401,216.541,193.995
193.396,215.44,193.18
192.475,212.568,191.714
188.46,208.566,188.846
176.166,197.42,177.834
174.258,196.418,177.11
157.819,179.336,161.813
142.934,161.251,147.446
136.844,150.942,141.353
130.391,141.822,134.931
131.397,141.201,136.243
111.474,119.338,116.834
92.5028,98.3637,98.2554
82.2969,85.8035,87.5986
72.8881,73.3733,77.2056
78.0359,75.0957,82.0027
71.635,65.2369,75.5478
66.1076,56.9687,69.9041
68.1285,56.9951,72.1575
67.5887,55.5304,71.6708
73.9884,62.3654,77.4568
64.7356,53.381,66.6475
56.2161,44.1335,55.8881
50.033,37.1753,47.4357
37.4484,23.9551,33.3246
38.335,23.9227,34.689
28.191,12.8757,26.9469
18.9344,2.64223,20.581
10.4354,-6.20558,13.4434
-4.7835,-20.1321,-2.57618
-8.05541,-22.2268,-7.47771
-14.3561,-29.565,-15.5749
-12.0206,-29.0025,-14.5961
-15.4042,-32.1639,-18.2794
-31.3056,-46.2951,-34.2296
-34.9403,-47.8587,-38.0208
-44.6848,-55.4454,-47.5758
-45.457,-55.6133,-47.9443
-42.9212,-54.8095,-44.9399
-47.8027,-61.8837,-49.1902
-36.8932,-51.8076,-37.9923
-44.4892,-58.0934,-45.5205
-54.4881,-65.665,-54.1058
-53.7493,-63.5427,-51.432
-65.0881,-74.8636,-62.0021
-66.6821,-77.6236,-63.7586
-69.1734,-82.0403,-67.0998
-65.5661,-79.189,-63.6031
-59.3929,-72.6759,-56.3151
-61.5809,-75.1602,-58.1479
-53.5707,-67.6367,-50.7894
-56.4962,-70.405,-54.0035
-62.3698,-76.0645,-59.9633
-63.9976,-77.7612,-62.4924
-67.5873,-81.0841,-67.6872
-55.0795,-67.6035,-56.7047
-43.2784,-55.0675,-46.0814
-32.7899,-45.0733,-36.3209
-31.239,-45.1044,-34.8163
-44.8592,-60.3888,-47.7241
-43.943,-60.7399,-46.6062
-55.8031,-73.6495,-60.6876
-78.2662,-96.415,-85.6636
-84.292,-101.712,-91.3193
-83.6219,-99.9511,-88.6437
-72.1588,-88.207,-75.6235
-62.5374,-79.4082,-65.5768
-47.2388,-65.0527,-50.9397
-25.8805,-44.0745,-30.4983
-10.9077,-28.3662,-16.0173
6.76263,-9.46593,2.3861
11.7015,-4.24446,9.30571
11.3255,-4.62525,10.3852
10.8114,-5.55197,9.35388
4.1826,-14.125,0.69067
4.37134,-15.277,-0.353943
1.189,-17.5095,-3.17849
3.61795,-13.5607,-0.254729
13.1588,-3.41433,9.76278
13.4671,-3.8059,10.5402
14.9881,-4.43485,11.3635
3.11548,-17.7791,-2.3193
-13.8278,-33.2327,-19.8944
-18.7315,-35.5077,-23.4683
-21.0278,-36.0634,-24.3408
-18.569,-32.6708,-21.3898
-24.1079,-38.4056,-27.505
-23.7912,-38.7815,-28.1814
-12.3955,-27.5864,-17.2366
-6.23552,-21.6902,-11.6019
-1.48283,-17.2612,-7.59045
0.285504,-15.3086,-5.79168
13.3444,-2.57552,7.68345
29.1873,12.0071,23.2071
30.1893,12.1036,22.993
32.1031,12.8495,23.4939
29.9882,8.97453,20.6324
22.7572,1.49053,13.3238
22.2444,1.98951,12.4309
31.5576,11.6585,20.7275
40.5757,20.5083,29.6559
30.3875,10.8415,20.6987
24.8031,6.3883,15.813
30.7833,12.8707,21.6749
35.0779,17.1303,26.3892
39.182,21.2917,31.9965
33.7017,15.8956,27.6764
35.2557,17.5736,28.4098
42.8071,24.9128,34.3517
43.2091,25.4285,34.1926
43.2628,26.8544,34.9068
43.9787,28.4272,36.6855
47.6676,31.2905,41.3671
46.7041,29.9062,41.6759
42.4255,26.8321,37.9942
34.5842,20.9748,29.5681
22.6825,10.576,16.2737
19.0091,7.40366,10.8062
7.48636,-3.63717,-1.35426
-7.6354,-18.1601,-15.7848
-10.6184,-21.4325,-17.7804
-14.8406,-27.0222,-21.1022
-12.932,-25.9601,-18.1036
-13.3721,-25.5676,-17.6634
-15.7699,-27.0018,-20.0881
-10.9528,-21.8903,-15.184
-16.3806,-26.8442,-20.0086
-20.3186,-31.0143,-23.6452
-26.8819,-39.0886,-29.7664
-28.5539,-41.9462,-30.5154
-21.8945,-35.1911,-23.25
-28.9285,-41.6597,-29.6332
-27.0392,-39.928,-27.4358
-23.0465,-36.5394,-24.2273
-26.5617,-40.5751,-28.3003
-28.663,-43.3124,-30.5478
-35.7454,-50.6291,-37.6711
-33.4553,-47.3605,-34.5999
-32.4684,-44.5992,-32.5946
-37.6147,-47.7197,-37.373
-36.3037,-44.7212,-36.0772
-38.1764,-46.6123,-38.3999
-34.3009,-44.3606,-35.3228
-31.1622,-42.4844,-32.3879
-27.0284,-38.3586,-27.856
-19.8362,-31.0093,-20.9629
-25.3447,-36.4164,-27.4326
-26.2465,-36.404,-28.1711
-31.5344,-39.7836,-31.8762
-38.2327,-44.654,-37.627
-33.3195,-38.5508,-33.3458
-28.4991,-32.8125,-29.7323
-17.5107,-21.4389,-20.0869
-15.3454,-19.0512,-18.6694
-20.9168,-24.4882,-23.8505
-23.5155,-27.5671,-25.6404
-32.0038,-36.7315,-33.4565
-30.3292,-35.7755,-31.534
-31.0199,-36.9751,-32.2699
-39.1928,-44.5498,-40.5545
-44.44,-48.691,-45.7265
-55.4757,-59.069,-55.9257
-54.0933,-57.0435,-53.0757
-54.5619,-56.7103,-52.8321
-59.756,-61.4044,-59.1496
-56.6408,-58.1936,-58.2277
-55.6358,-57.649,-58.5909
-49.0055,-51.7593,-51.6749
-57.1409,-59.8242,-58.8483
-66.215,-68.1197,-67.2522
-60.2516,-61.2254,-60.6004
-65.1778,-65.4133,-64.2098
-66.8563,-67.3191,-64.3913
-70.7974,-72.7509,-68.1128
-72.8748,-77.8424,-72.1224
-62.0683,-70.3924,-63.5119
-60.8707,-70.4217,-63.1625
-53.1073,-62.3794,-56.0371
-45.595,-55.3011,-49.1561
-43.8669,-54.22,-48.0433
-37.7748,-47.8523,-43.711
-42.6991,-51.9507,-50.471
-38.5327,-47.0468,-46.4409
-35.7921,-43.8566,-43.295
-34.3673,-41.5233,-41.7866
-29.5068,-34.4013,-36.9487
-50.1291,-52.2352,-58.3068
-56.9337,-57.7282,-66.1063
-46.2175,-47.7229,-56.0639
-37.7763,-40.6929,-48.0081
-29.013,-33.025,-39.5952
-36.0902,-40.294,-47.115
-34.9233,-38.3914,-45.692
-30.8954,-33.8372,-41.3323
-33.8939,-36.9224,-44.4241
-30.2699,-33.7296,-39.7523
-39.7603,-43.8365,-47.4186
-40.3792,-44.5903,-47.1849
-25.9788,-29.0485,-33.0415
-17.1232,-18.2572,-24.4813
-11.7547,-11.204,-18.1647
-18.7239,-16.9655,-23.4859
-10.7793,-9.39237,-14.4353
-2.5636,-2.79243,-5.42313
-14.3147,-15.2737,-16.5138
-13.0377,-14.0946,-15.1107
-10.1662,-10.888,-12.2143
-5.75602,-5.44602,-7.35259
-5.75317,-5.24053,-6.8201
-10.4965,-11.3959,-11.0894
-2.0988,-5.42365,-2.28673
-0.0789945,-5.26038,-0.349832
3.5844,-1.22628,2.86517
6.88436,3.82012,5.75947
4.44939,2.31811,2.85032
11.3678,8.29959,9.62404
10.0615,5.53114,8.43541
9.1199,4.07967,7.71137
11.221,5.93263,10.6292
9.61191,4.07166,10.1528
16.4707,10.5877,18.454
16.9936,10.5536,19.6518
23.2507,16.637,24.9675
30.3338,23.0795,30.9394
28.1095,18.7416,28.2761
31.4201,20.3054,32.511
27.8633,17.1252,30.6663
30.3708,20.5816,33.4062
33.3583,23.7722,35.5232
30.6715,21.1454,32.3006
39.7415,30.7398,41.0424
44.6196,36.579,45.2652
48.9601,41.1646,48.4963
43.8756,35.5731,42.9718
27.7436,19.5843,27.6125
30.7311,22.7454,31.4776
35.1875,26.8977,35.9789
37.7744,29.8217,38.3094
34.7352,27.9428,35.2832
25.9966,20.4131,26.3626
32.6394,27.2914,32.3701
37.4959,32.1621,36.1023
43.3312,39.3906,40.6867
39.3115,37.2859,35.584
27.4355,26.6591,23.5507
31.7977,31.1255,29.0945
34.1031,32.5494,31.8913
43.0663,40.8586,40.1014
51.4565,48.9495,48.0675
45.2276,42.8552,42.0936
43.2338,41.7415,41.129
36.4728,35.6923,35.7116
34.806,33.3164,34.483
40.1017,36.4534,39.0218
41.0615,34.9806,38.9777
42.0902,34.2514,39.7839
31.7098,23.895,30.0634
29.2876,22.7206,28.5517
31.4695,25.2248,30.5652
26.6374,19.8836,25.0286
25.7372,18.8076,24.3495
16.2782,9.2043,14.5777
12.9872,4.9046,9.52446
14.4431,4.80939,9.15245
12.0218,1.465,5.55079
16.8948,5.95202,9.64445
12.4098,1.48069,4.67315
3.52819,-6.30292,-3.76993
4.14482,-3.85627,-2.35321
17.7198,11.3218,10.713
34.1677,28.6758,25.8945
30.3332,25.3352,21.0057
28.532,23.2804,18.7315
29.5245,22.5572,20.4238
27.1873,18.2805,19.3202
35.1575,25.5005,28.2791
35.8009,25.7933,28.5475
38.191,26.9725,29.3082
38.6059,26.202,29.3733
33.1778,21.148,24.5297
39.0623,27.4021,29.9379
44.1839,31.2226,33.325
53.678,39.3163,40.9603
56.8934,41.9163,43.929
44.4166,29.2305,32.1075
39.3724,24.3595,27.7538
38.0028,23.1005,27.4212
43.2173,27.4651,33.3293
46.9252,29.3312,37.0423
43.6387,24.8602,33.1404
47.5144,29.0535,36.483
45.2903,27.7962,34.6713
46.2082,29.3757,36.7294
48.9468,32.4103,40.4936
48.3849,32.9489,40.7123
52.7041,38.9236,45.7291
51.3626,38.2059,44.3478
55.4898,42.2989,47.6364
59.6516,46.3849,51.0605
55.4142,41.9902,46.3848
50.395,37.0427,40.7371
42.0367,29.3671,31.8849
45.1547,33.6166,35.5691
50.3758,39.7308,41.9559
46.5524,36.8661,38.1981
45.487,36.1147,36.8217
40.5422,29.4918,32.7295
41.0245,27.4747,35.1823
39.2257,24.343,35.3601
30.7433,16.4868,27.2153
27.2685,14.6759,23.0948
22.1958,10.6745,17.279
29.838,19.0687,24.0562
40.6434,31.6717,34.6249
43.9935,37.317,38.0519
46.3484,40.3155,40.5914
41.0011,34.0282,35.6848
38.5155,31.6426,33.3577
33.0867,28.0373,27.9713
22.1051,19.8409,17.255
18.9738,19.6318,15.1262
12.7367,14.9877,9.66613
10.1549,12.4174,6.27721
12.7493,14.1272,6.95578
17.8055,18.3637,10.0745
29.9089,30.1672,22.1483
32.6211,33.341,26.665
34.465,36.6195,30.4405
36.5683,38.9507,33.3884
38.711,38.9003,34.8483
45.2924,43.124,40.8536
45.9273,42.9757,41.9083
48.0759,46.0949,45.0675
42.8008,43.2077,40.7532
28.3882,31.5346,26.1978
15.4877,19.8423,12.4604
-0.350533,3.62066,-4.64122
-4.69458,0.0795951,-10.3234
3.16732,10.4186,-2.28758
22.2665,32.1125,18.8457
57.2103,69.1241,56.4267
85.0334,100.022,84.604
109.324,130.249,107.108
132.597,158.499,130.051
150.356,177.177,148.733
162.379,188.577,160.918
164.428,190.813,162.904
170.536,199.004,170.492
169.67,201.728,171.927
160.757,195.702,163.519
156.822,192.945,158.278
153.903,190.635,153.386
154.732,191.393,152.847
147.773,182.904,145.59
141.383,174.25,137.524
149.457,180.132,142.472
155.324,184.276,146.259
160.936,188.228,151.426
157.772,182.78,149.318
148.103,170.812,139.916
144.619,165.627,134.317
139.043,157.765,126.956
143.514,158.129,132.447
143.891,153.474,135.955
131.308,136.937,125.528
118.276,121.275,112.247
104.362,104.856,97.2729
99.5547,97.4562,91.5074
92.8612,88.2346,83.643
84.8984,78.3088,74.994
87.8801,80.7719,79.1061
87.6797,80.6888,80.4618
80.7537,73.7741,73.5923
71.6177,65.5206,64.548
70.0448,64.9835,63.7723
74.7037,69.4206,69.1064
79.3385,73.397,74.0253
90.239,83.6302,84.2847
90.0521,81.7373,83.1265
84.6893,73.8758,77.4394
86.5074,74.3004,79.4558
89.6616,77.0946,81.924
98.7118,85.7022,89.0484
93.9823,81.044,82.9365
80.5533,68.6825,69.3383
68.9248,58.4136,58.9543
59.4473,48.8145,51.3238
58.3499,45.903,49.8087
47.0199,32.9718,36.1837
34.675,20.2496,22.4955
27.8676,14.3055,16.5811
20.791,8.13545,11.6467
22.4628,9.43009,14.4587
22.0207,8.11548,14.0468
19.6851,6.16785,11.7955
12.959,0.667212,5.93934
1.02848,-11.3639,-4.94893
2.37976,-10.8269,-3.2782
0.814782,-12.3231,-4.95186
-4.30531,-17.7274,-11.0254
-9.82477,-24.6972,-17.7108
-20.5768,-36.2007,-28.2929
-23.164,-37.4759,-30.1703
-28.4751,-41.2423,-35.7232
-29.758,-42.0438,-37.5162
-29.9179,-41.6598,-36.7362
-33.8718,-44.9038,-38.8461
-26.8353,-37.3847,-31.0733
-24.4903,-34.377,-29.622
-23.0731,-31.959,-29.8232
-19.1738,-27.3944,-26.843
-19.7291,-27.7548,-27.8116
-15.7842,-22.7255,-24.3355
-16.1913,-21.1737,-23.9086
-11.8007,-15.8864,-17.9471
-6.71297,-10.8526,-11.9657
-10.8025,-14.5291,-14.8643
-7.48924,-10.5936,-10.1179
-11.0831,-13.6639,-12.8913
-11.9771,-13.2922,-13.406
-7.78477,-7.21467,-9.61466
-6.74895,-5.7165,-9.44478
2.89869,3.19988,-0.763659
3.89487,4.79465,-0.684124
6.59802,9.04584,2.36124
10.9906,14.3345,8.86628
5.36825,8.91537,5.67956
7.73857,10.9632,8.63453
10.5372,13.2188,10.4984
14.2927,16.7261,13.1972
15.0104,17.1744,12.3322
10.4001,11.9508,5.79335
15.8911,17.0035,10.6581
12.0629,12.9177,7.50876
6.72884,7.84251,2.68852
1.40472,3.83886,-2.69444
-11.3197,-7.38286,-16.2224
-12.5938,-7.93533,-18.9471
-13.0602,-9.11251,-20.2451
-7.38501,-4.78009,-14.7129
-5.52747,-3.26559,-12.8614
-19.478,-16.8977,-25.9953
-33.0315,-30.5331,-38.3608
-44.7955,-43.0497,-49.3632
-38.584,-37.0506,-43.2782
-32.3015,-29.4059,-37.9724
-41.8562,-36.799,-47.6547
-40.9347,-34.3176,-45.9374
-42.3985,-35.7875,-47.4942
-48.6442,-42.75,-55.0207
-57.9751,-52.1133,-65.6559
-68.4355,-61.6701,-76.8041
-64.9053,-57.3603,-73.9571
-70.3811,-63.3418,-80.2546
-78.7092,-72.2101,-88.6176
-87.7899,-81.117,-97.2873
-101.134,-95.1625,-111.147
-100.411,-95.3858,-111.626
-97.5622,-92.2292,-109.188
-85.7284,-79.2241,-97.15
-70.1506,-62.0828,-81.2642
-60.6789,-51.3199,-71.0555
-46.9797,-37.0338,-56.8199
-45.1911,-35.6854,-55.0639
-44.5989,-36.799,-54.6157
-44.4369,-38.4934,-54.3717
-56.6747,-51.3218,-66.0942
-59.7937,-53.7003,-68.6661
-65.1217,-58.3826,-74.1071
-76.0644,-69.417,-85.473
-88.6748,-82.7165,-98.3524
-102.067,-97.2855,-111.709
-107.784,-103.414,-116.979
-119.659,-114.603,-128.052
-118.868,-113.097,-126.437
-101.25,-95.4966,-108.737
-77.7041,-73.0299,-85.7868
-44.8541,-41.3969,-53.5455
-23.5881,-20.6851,-32.0359
-5.98844,-2.90481,-13.6583
13.6685,17.8269,5.99585
28.2238,32.7866,19.8285
42.8749,46.507,34.1431
39.1855,42.7987,31.3342
31.0262,35.819,23.7706
29.9153,35.1359,21.0413
31.7542,37.1197,20.1504
45.7681,52.6693,32.8529
48.0252,56.7318,35.819
46.8444,56.1496,34.7622
49.3196,58.8042,35.8569
53.6179,62.8452,39.8895
75.0118,82.7571,62.9202
95.8689,101.546,85.4098
115.828,120.094,105.455
123.759,127.917,113.08
111.228,116.147,100.867
97.0853,103.168,87.0428
73.3269,80.3586,63.5032
52.2176,58.4306,41.9987
36.2951,39.9986,25.6802
16.4272,18.2336,6.14861
8.2041,9.44927,-1.98062
2.39787,3.37148,-8.3207
4.24681,4.56213,-6.94315
7.353,6.61874,-3.37892
7.23381,5.94205,-2.68801
16.5103,16.4669,7.11257
14.5224,17.4486,6.40785
14.072,20.1072,7.1291
16.5232,24.5179,8.92712
14.1918,22.533,5.44156
17.6249,24.8344,8.8205
12.6208,18.2532,5.09718
11.3061,16.6439,5.38326
12.5122,18.8855,7.67351
2.22236,9.65694,-2.59113
-7.24416,0.318642,-13.5519
-13.1839,-6.85861,-20.9462
-1.81432,3.00898,-9.93332
8.94268,13.2683,1.1368
3.77394,8.62926,-4.0996
3.95521,9.74636,-5.2338
-1.11609,5.00128,-12.2976
-4.13963,1.66606,-16.8339
-6.99444,-1.86034,-20.1742
-11.8154,-7.82565,-25.1082
-7.49363,-3.79236,-21.0945
-13.9532,-9.68779,-27.4328
-17.133,-13.3399,-29.856
-16.4261,-13.9462,-28.2835
-21.7352,-19.3261,-32.7169
-20.618,-16.2847,-30.3844
-26.2642,-20.2834,-34.7669
-30.256,-24.5071,-38.3526
-31.0206,-26.51,-39.4918
-32.333,-28.7091,-40.9756
-25.4654,-21.403,-33.752
-31.6545,-27.0994,-38.9213
-41.7691,-37.9718,-47.2222
-51.7001,-49.0819,-55.9001
-54.1549,-52.4576,-58.3893
-36.5238,-34.9079,-41.8536
-32.7286,-29.4709,-39.1102
-34.3719,-28.1168,-40.1459
-38.5571,-30.6113,-43.3545
-47.9278,-41.2618,-53.2794
-49.1706,-44.3425,-56.0945
-62.3782,-57.8983,-70.8418
-69.6761,-64.7808,-79.4771
-64.9247,-59.7597,-75.0431
-64.2162,-58.6585,-73.2256
-65.1205,-58.1942,-73.1207
-80.5849,-71.7389,-88.6775
-91.354,-80.9146,-99.9431
-97.4367,-85.8058,-106.075
-109.55,-97.396,-118.408
-115.815,-103.918,-125.583
-126.711,-115.002,-137.128
-121.326,-109.066,-131.787
-111.528,-98.2234,-122.001
-115.462,-102.008,-126.244
-121.632,-109.802,-132.722
-143.754,-133.825,-154.261
-160.563,-151.604,-169.958
-166.758,-157.72,-175.104
-162.774,-152.512,-170.044
-135.969,-124.811,-143.128
-110.102,-99.4934,-117.805
-87.6697,-77.5282,-95.2062
-80.3392,-69.659,-87.2932
-85.5067,-74.0518,-92.1894
-76.9984,-64.8804,-83.5192
-75.4863,-63.0633,-81.8833
-74.2912,-62.4912,-81.0024
-73.9659,-63.4492,-80.8769
-76.2859,-66.7317,-82.307
-66.5653,-57.3847,-71.3357
-63.1131,-54.1098,-67.513
-52.0991,-42.9462,-57.042
-55.0656,-45.2305,-61.4727
-75.0146,-64.525,-82.9242
-75.6669,-64.8459,-83.8959
-84.4228,-73.8467,-92.3594
-95.7923,-86.8134,-103.668
-109.51,-102.363,-117.197
-129.26,-122.413,-136.28
-131.605,-124.577,-137.843
-137.828,-131.244,-143.596
-138.729,-132.162,-144.755
-132.263,-125.141,-139.305
-128.37,-121.247,-136.41
-115.001,-108.556,-123.46
-115.04,-109.318,-123.441
-114.213,-108.334,-121.719
-114.944,-108.059,-120.995
-116.723,-109.433,-122.227
-98.4282,-91.3342,-104.912
-104.231,-96.3925,-112.444
-113.41,-104.149,-122.65
-108.027,-97.4925,-117.112
-103.793,-92.108,-112.044
-86.2695,-74.7178,-94.0359
-80.7844,-70.9483,-89.0869
-71.5616,-63.0096,-80.2824
-53.8466,-44.4786,-62.3457
-47.3087,-34.957,-55.1442
-36.77,-22.0188,-44.1929
-40.6218,-25.9103,-48.8634
-40.0253,-25.6005,-48.8797
-30.7653,-16.1093,-39.0716
-32.0667,-16.9533,-39.2369
-17.7961,-1.24674,-22.8892
-11.3489,6.60762,-15.0628
-10.0926,7.44667,-14.704
-4.89871,10.91,-10.663
-4.85718,9.74354,-10.6209
5.52501,20.2893,0.40266
0.627699,16.9471,-4.25291
-0.898169,16.8982,-5.53405
5.90824,23.5357,3.23504
3.96472,20.9727,4.43003
11.4532,28.9537,13.5592
9.95047,27.8503,10.8237
16.2284,33.659,14.6109
28.7435,46.195,25.4789
27.7581,45.4272,23.5945
31.7239,48.6332,27.0508
23.9994,40.1777,20.0503
29.0581,45.9452,26.6607
44.7905,62.9125,42.8003
36.4077,55.1296,33.5383
33.4331,52.6317,30.5012
30.2765,50.3886,28.4313
32.8603,53.5179,31.4464
32.5028,52.4789,29.835
19.3307,38.3496,14.5504
25.6148,43.3693,19.2496
28.583,44.2395,21.5744
34.6282,48.9652,27.5794
40.8632,55.5992,33.902
36.6803,51.4925,29.2634
47.9695,60.6135,39.4526
49.3968,59.5987,39.9049
48.7168,58.6961,38.7022
50.1245,61.8645,40.3561
42.1025,56.41,33.368
47.4917,63.8651,39.6468
43.4868,60.8695,35.2822
41.5366,58.8094,31.7737
46.8586,62.4299,35.4597
47.05,60.8796,34.9027
57.9292,72.1242,46.5392
49.2078,64.6967,38.6391
41.8089,57.5762,30.9365
47.2107,62.5486,36.5062
49.0848,65.1296,39.774
62.0124,80.5072,53.7622
62.0531,82.3724,53.1966
61.9938,81.8157,51.899
64.3357,83.2493,53.6046
58.4806,78.2998,48.0905
65.8672,87.4781,57.0158
62.5729,85.315,55.224
59.7607,83.1613,53.0136
58.5614,82.0158,51.4545
44.3878,66.6706,35.838
49.937,70.6355,40.3693
57.3422,77.7322,48.5216
64.6658,85.891,57.3716
62.2666,83.6044,54.9566
46.1594,66.1188,36.6567
52.6137,70.4325,40.7831
54.9982,71.575,42.0675
57.6332,74.4012,44.972
62.2046,79.0668,50.4336
56.1304,72.7334,44.8141
59.3396,75.884,48.6419
52.9595,69.5405,43.3071
55.3036,72.7175,47.06
67.0016,86.9409,61.1844
64.5317,87.562,60.6677
70.1662,94.0729,66.7032
65.5041,88.3174,62.1018
68.0441,90.7646,64.9957
81.8035,105.584,78.9032
73.4604,98.1938,69.7738
72.7301,97.7292,68.2972
73.166,97.5149,69.0224
78.436,102.194,74.8285
89.8831,113.414,85.7662
87.5369,110.75,82.1192
94.9401,117.8,89.1413
107.056,129.569,101.637
127.397,149.269,122.352
144.619,164.82,139.707
146.569,164.95,141.096
159.873,177.625,154.266
162.74,180.121,158.411
155.003,171.608,152.733
149.342,165.472,149.443
144.956,160.87,146.733
167.294,182.147,168.807
183.057,196.349,182.418
171.769,184.48,169.137
158.252,171.147,155.783
151.198,164.712,149.713
157.967,172.645,156.997
161.58,177.126,161.055
166.179,182.133,165.512
166.328,182.533,164.692
153.817,169.656,151.629
143.86,158.825,142.69
122.69,137.858,123.281
112.523,129.303,113.85
117.056,134.421,117.271
112.746,128.961,110.299
104.521,120.231,100.124
82.4985,99.2664,78.419
64.4531,82.4634,61.2674
60.9727,78.991,58.2357
63.3168,80.7673,61.3126
74.0302,91.644,73.0718
71.9276,89.205,71.4477
68.9553,84.775,67.7054
72.8364,86.7561,69.5468
74.223,86.3618,68.7188
84.2325,95.4485,78.0569
89.2498,100.038,83.4706
99.6366,110.177,93.9309
112.511,123.299,107.358
117.844,129.33,114.115
128.683,140.726,125.547
129.647,141.446,125.787
128.297,139.941,123.982
123.23,135.532,119.062
113.803,126.18,108.859
116.379,128.115,110.959
110.711,122.328,106.684
102.316,114.754,99.3153
95.7046,109.096,92.7808
82.6304,95.6467,79.2953
75.0717,87.0881,70.7861
61.3634,73.5946,56.4458
51.7412,65.5087,46.6656
47.6536,62.6894,42.8592
40.2989,55.7443,36.0684
40.8945,56.7802,37.4172
35.5526,51.8484,32.464
38.4678,55.0371,34.5613
47.8382,64.668,42.4226
53.7047,70.4247,47.065
62.9214,79.4769,55.8595
55.8955,72.5367,48.5747
51.1945,67.2855,42.6094
52.7009,67.1645,43.3289
44.6982,57.9672,35.6164
40.4269,53.9845,31.2201
31.2935,45.232,21.8956
22.8897,36.9635,13.9379
14.918,29.805,7.49281
4.83564,20.3772,-0.505833
7.50075,22.3786,3.49123
3.77338,16.2002,-0.491103
3.72808,13.2239,-1.72256
7.74014,15.7873,1.60542
3.59426,11.5198,-3.50055
4.85144,13.1056,-3.67843
4.93136,13.367,-4.28765
15.1944,23.7392,5.90257
25.1649,34.4708,16.6977
26.7018,37.1551,18.9993
30.401,41.6318,22.2062
16.113,27.4333,7.67572
2.63951,13.3775,-5.71839
3.88153,13.875,-4.66569
11.5435,20.8812,2.69389
22.2297,30.8899,13.0665
8.46496,16.7882,-0.839372
-6.81115,1.14445,-16.4964
-7.92433,-1.10965,-18.3739
-6.348,-0.635772,-17.9712
4.61661,9.44931,-8.2608
5.93658,9.87658,-7.39793
8.04067,11.8741,-4.64907
10.7177,15.0815,-0.462018
9.3625,14.3802,-0.207671
14.968,20.6486,6.73018
8.62938,14.8079,2.02904
3.00877,9.6258,-1.98614
0.909153,7.35295,-2.81139
-3.75901,2.11327,-6.69987
-1.79479,4.68929,-4.57636
-7.18594,0.307167,-10.428
-10.818,-3.36508,-15.2102
-17.6495,-9.99085,-21.7064
-30.717,-21.9792,-33.3421
-28.2047,-19.032,-30.6931
-28.3271,-19.7554,-31.2861
-27.9526,-19.9602,-31.5518
-27.6837,-20.0546,-31.8963
-32.9363,-25.3278,-37.2905
-30.2022,-21.5901,-34.356
-31.2011,-21.8149,-35.3436
-28.7793,-19.3312,-33.7314
-29.2977,-18.6718,-34.4512
-31.0783,-18.6439,-35.621
-16.6759,-3.27301,-21.5776
-2.19393,11.6362,-8.62063
-1.22739,12.7749,-9.94694
-25.5425,-11.835,-35.2187
-43.3492,-30.1777,-51.7837
-30.4927,-17.0059,-37.612
-19.2987,-3.8237,-25.2879
-7.96244,9.48925,-12.8753
-7.08765,10.4658,-11.4669
-17.3374,-0.209778,-21.1734
-18.673,-1.72033,-21.7566
-25.6365,-9.72521,-28.4413
-22.6217,-7.76027,-25.331
-20.1416,-5.23089,-21.7634
-20.6583,-6.51871,-20.9057
-12.014,-0.691275,-12.0599
-19.107,-10.744,-19.7011
-21.6011,-15.2634,-23.6823
-18.3538,-13.33,-22.916
-11.1536,-6.37262,-17.1807
-6.58616,-1.02784,-12.7913
-24.9658,-18.2071,-31.0995
-25.8035,-18.2119,-31.929
-17.3471,-10.3026,-24.1425
-12.7386,-6.94416,-21.6183
-7.58781,-2.22345,-18.5961
-28.6515,-23.3521,-40.289
-40.8333,-36.1126,-53.0002
-34.6054,-30.1315,-47.3679
-21.923,-16.6579,-34.256
-5.54039,0.316024,-17.3228
-13.5627,-8.26269,-25.3763
-11.1244,-6.4859,-22.9796
-0.243406,4.98596,-11.6545
4.13226,10.634,-6.3391
13.4434,20.4163,3.98407
8.83292,15.5872,0.330645
19.301,26.0881,11.4555
30.1404,36.5875,21.7572
28.8697,33.7981,19.3613
35.2801,38.5869,25.3093
32.6983,35.038,22.9892
38.3007,40.0519,29.2771
33.7764,35.0781,25.4623
18.6672,19.5589,10.0164
21.0137,21.8729,10.5259
20.0728,21.3148,8.25615
29.3041,30.439,18.0931
30.315,30.5638,20.3612
18.2295,18.2333,9.23683
23.1019,24.9094,15.644
21.6655,26.2139,15.8828
24.0513,29.9215,18.3396
17.4208,23.0787,10.8768
4.0884,8.98773,-2.78562
9.93964,14.2824,3.55297
12.2837,17.07,7.92742
21.6015,26.5362,19.8337
17.8247,20.89,17.1448
4.5531,4.75622,2.98394
8.70012,7.14455,5.08065
7.46548,6.11448,2.85581
17.3544,17.5461,13.5455
26.8269,28.2256,23.8676
26.0614,27.4935,22.9181
29.3411,30.8366,25.4798
21.6323,23.5198,16.8372
25.1795,27.181,19.4509
25.7131,27.9861,20.0897
21.2169,24.5637,16.5998
28.0835,32.3308,24.0185
20.5021,23.59,16.3702
20.7282,21.4993,16.5242
14.7639,14.6076,10.5766
2.79581,3.52362,-1.31355
4.23012,5.74854,0.588347
-8.62375,-7.91184,-11.7296
-9.15155,-10.1426,-12.833
-2.53108,-4.83784,-7.2663
-4.44198,-7.60598,-9.4529
-3.41981,-7.46802,-8.55449
-14.1467,-18.9248,-19.8046
-12.7734,-17.8224,-18.8721
-10.3447,-15.6497,-16.0731
-13.6579,-20.1577,-18.2697
-7.12293,-15.7341,-10.9762
-14.2281,-23.9042,-17.7299
-11.2564,-19.9801,-14.1883
-6.92159,-14.5772,-9.14415
-6.21212,-13.925,-8.34532
3.81274,-3.70137,0.670339
-1.94511,-8.63185,-6.14122
-1.17378,-7.46901,-5.86732
-0.544549,-6.43394,-5.22688
1.29146,-4.29566,-2.86069
12.8197,5.78529,8.67432
1.47801,-8.01547,-3.47618
-4.98444,-15.6069,-10.6735
-4.67332,-15.4562,-11.128
-3.86576,-14.8619,-10.9993
7.72529,-2.93861,0.646024
7.13093,-2.94001,0.296916
13.3865,3.11158,6.29714
10.9687,-0.0332777,3.5738
1.29134,-10.0181,-5.81175
11.6256,0.180486,4.65974
15.4322,3.32461,7.84714
20.77,7.81093,12.1726
14.3116,0.339265,4.46564
5.79561,-9.31408,-4.76643
15.2112,-0.294665,5.09971
15.5228,0.234267,6.20157
22.2344,7.6478,13.1052
20.0776,6.54271,10.5888
10.4891,-2.74682,0.317947
14.4158,0.476938,3.64055
9.67119,-5.51892,-1.08778
14.8879,-1.72121,4.50409
15.1181,-3.18867,4.84709
9.90318,-9.85532,-0.41535
20.5938,0.775513,9.83445
17.65,-1.78506,5.57311
19.0268,-0.0166896,5.88628
13.4218,-3.85481,0.726548
4.2189,-11.0097,-7.29392
14.3488,-0.271309,3.47194
13.4695,-1.19739,3.00675
18.8,4.29579,8.87848
20.3405,5.92785,10.0344
15.704,0.889105,3.50351
21.2544,6.1721,7.40984
13.8853,-0.652176,0.316386
14.8994,1.2265,2.53005
16.4145,3.08589,4.74112
15.6411,1.69812,3.88355
22.3322,7.79943,10.2628
10.1387,-4.15463,-1.53785
12.3017,-1.67735,1.29958
19.0501,5.86387,7.34403
16.5256,5.04497,3.41389
22.4663,11.7476,9.40856
15.2673,3.2814,4.00599
14.6686,0.624153,5.73151
13.0144,-2.4224,5.69339
9.76592,-6.03457,2.84602
12.8542,-1.9797,5.03299
1.31224,-11.4955,-7.92262
6.24727,-4.85557,-4.10565
13.969,3.35565,2.04931
14.3033,3.07867,0.401987
21.1173,8.60088,6.52076
11.1214,-2.99236,-2.91836
10.8459,-4.3,-2.42844
13.7364,-1.93565,1.34151
13.3713,-2.25449,1.74009
20.2134,5.66456,8.96865
8.99093,-5.37506,-2.2432
8.36648,-7.4242,-3.13855
5.02899,-11.5032,-6.61093
-4.20373,-20.0074,-15.218
4.41238,-10.4338,-5.55205
4.314,-9.74185,-5.37712
9.045,-3.85659,-1.24836
5.89802,-5.57563,-4.55573
1.11325,-9.79513,-8.831
12.6177,1.19715,3.13955
5.27838,-6.45712,-3.81354
1.72032,-9.96589,-7.48761
-1.44931,-12.9617,-10.8673
-2.23245,-13.7624,-10.7474
16.0198,2.9973,8.2076
17.3393,2.31462,8.76321
23.8158,8.80556,14.743
27.4441,14.0042,18.9775
28.9881,16.526,20.9768
41.9136,29.3172,33.7003
27.2496,14.8335,18.9172
23.4166,12.8044,15.3352
29.0175,19.8732,20.7995
25.9098,15.7087,17.1912
31.4174,19.4921,22.5747
27.5221,15.0407,18.756
36.5682,23.7686,28.1885
39.6944,26.5756,32.1438
29.5514,17.3472,21.6409
38.5286,28.1364,28.7888
39.4555,29.7203,28.1848
39.7312,28.4653,27.7164
28.7476,15.6989,16.776
8.01585,-4.31805,-2.92599
8.60119,-1.48048,-1.60149
3.47893,-5.45961,-7.04276
15.0925,6.12661,4.76888
23.9297,15.5635,14.1484
6.8958,0.199686,-3.5183
5.80393,-0.103718,-5.38533
1.48297,-5.34045,-9.52065
3.37476,-5.31842,-6.89557
7.32931,-3.47762,-2.53541
3.88061,-8.24626,-6.30346
12.4983,0.254841,2.5345
8.8646,-2.1213,0.258764
11.0413,1.90264,3.43499
18.4067,9.55055,10.4907
17.0933,6.83151,8.36615
23.3033,11.3733,14.4704
18.1598,4.83685,9.54101
21.4636,7.66327,13.4448
31.2123,17.9955,24.8813
20.8574,8.86924,15.8615
9.35922,-1.18538,4.89028
-2.52698,-12.3267,-7.17311
2.28762,-7.14463,-4.01566
12.6659,3.09612,4.32695
14.7763,3.86916,6.38827
21.9966,10.3183,15.9407
12.9142,2.14668,8.51566
3.63988,-6.10294,-1.00293
-4.24398,-14.1085,-9.04088
-11.4685,-22.0038,-16.5939
-4.52601,-15.7825,-11.2248
-5.38341,-17.4151,-13.8097
-1.88015,-14.3337,-10.9965
0.724536,-12.4743,-8.22402
-3.57695,-18.311,-12.5355
1.39984,-15.2904,-7.66856
-2.96165,-21.3814,-12.1669
-13.7133,-31.8779,-23.9425
-23.301,-39.3906,-34.2223
-21.9158,-36.2364,-32.1224
-8.04247,-21.8271,-17.0319
-12.0343,-26.3748,-20.5952
-21.8042,-36.6369,-30.9764
-30.3669,-45.052,-40.0236
-31.0716,-45.3817,-40.6545
-21.0063,-34.3296,-29.564
-26.8294,-38.7665,-33.3842
-27.3886,-38.4674,-32.6722
-25.6096,-36.5392,-30.5875
-24.2267,-35.1754,-28.3872
-16.6312,-27.1578,-19.7114
-23.8783,-33.9624,-26.511
-23.191,-33.3522,-26.0846
-16.4568,-26.7304,-19.6751
-11.3957,-21.5588,-14.8035
-8.99771,-19.1213,-12.9726
-19.2843,-29.2764,-23.8872
-15.9618,-25.0971,-21.6332
-10.5341,-18.6431,-17.1423
-4.37722,-11.9067,-10.1304
2.48077,-4.05915,-1.66609
-18.4153,-23.2954,-21.977
-31.8749,-35.4247,-35.3508
-30.1434,-34.05,-33.2737
-15.3527,-19.8214,-18.1901
8.65382,6.30938,6.21879
9.43885,10.1458,7.45472
11.6453,13.3052,10.1166
4.97059,5.99841,4.17033
-7.18929,-6.86983,-7.79711
-5.51035,-5.37764,-7.32611
-5.60291,-5.50574,-9.11566
9.38964,9.19521,4.80923
7.02739,6.58361,1.66712
-4.72885,-5.48462,-10.3326
-0.849099,-2.14248,-5.37565
-10.0738,-12.1199,-13.0658
-3.34442,-6.48963,-5.8808
7.99811,3.65563,4.81133
11.6672,6.27719,7.52385
18.2091,12.4837,12.9638
6.60864,1.7666,0.202922
3.73247,0.184179,-3.19286
-2.0978,-5.57149,-9.4626
-11.3418,-15.6689,-19.6522
-8.3946,-12.2442,-16.4862
-18.9471,-21.6518,-25.4294
-15.7301,-18.5249,-20.8751
-20.2284,-23.3663,-24.5077
-32.7041,-35.7444,-36.025
-23.3145,-26.2752,-26.2879
-21.8367,-24.2277,-25.1955
-11.2484,-12.4514,-14.526
-8.6838,-8.9721,-11.122
-13.2705,-13.4125,-14.9547
-0.927312,-1.50272,-2.16636
-1.65742,-3.03662,-2.33238
1.99979,-0.152496,1.37777
-0.190169,-2.69773,-1.49434
-7.01504,-9.31869,-8.35418
2.34641,1.18594,2.54715
1.26488,2.09188,3.0185
9.23253,12.0466,10.9422
11.165,14.3413,12.4494
6.83546,8.24548,8.52487
15.068,14.5617,17.5126
10.4045,8.21581,13.204
20.6428,16.2461,23.6032
17.4231,11.5979,20.806
-0.793304,-7.17125,2.57312
2.85581,-4.56912,4.9808
-3.91483,-12.4412,-3.52477
-0.909494,-9.7507,-1.64401
2.76547,-5.87682,1.63807
4.20629,-4.21388,2.83205
19.6854,10.913,17.5019
11.122,1.38595,8.23843
2.85527,-7.00507,0.701609
-1.67738,-10.123,-1.88809
-7.5978,-13.5343,-6.15678
0.780404,-2.01238,2.90147
-4.36554,-4.86791,-2.25157
-2.00823,-1.61502,0.0643321
0.00159472,-0.0521656,2.14168
-2.8728,-4.92199,-1.61265
6.37299,2.08205,6.05933
-1.68025,-6.84293,-2.32592
3.06213,-1.51459,3.16209
12.0532,8.34637,11.5911
14.8719,12.2277,13.1296
27.2661,26.2374,25.7907
19.0429,19.1363,18.9446
16.2892,16.224,17.1016
15.921,15.229,16.6121
11.7649,10.4604,12.1042
14.8416,12.0945,15.1707
-0.792087,-5.31274,-0.560123
-3.3084,-8.42852,-2.86849
-1.81613,-6.62493,-0.504637
-12.5702,-16.6251,-11.0494
-15.1035,-17.9699,-14.7637
-24.2878,-25.9947,-25.1734
-12.3579,-13.3577,-12.985
1.80424,0.640133,2.46136
4.93769,3.0009,6.40381
15.0292,12.5019,16.0628
3.22353,1.03965,3.55124
-0.603342,-1.28608,0.080211
-0.645466,0.317703,0.20697
0.456709,1.79785,-0.0825007
17.0847,17.1119,14.366
14.9266,12.89,10.8075
17.8744,14.0065,13.264
17.3537,12.203,11.7178
7.27494,2.21067,1.20371
11.9381,7.57251,7.46818
5.88902,0.837738,2.71522
6.36721,0.657489,2.99254
3.08608,-1.63419,-0.389577
-8.45723,-11.8249,-11.4693
-4.12797,-7.62506,-7.2644
-9.34222,-13.7061,-12.8001
-2.52074,-6.47897,-5.70195
2.53307,-0.581245,-0.950179
-3.55497,-6.10411,-7.76312
2.24441,0.0298719,-2.32306
-1.32356,-4.16146,-5.94003
3.25043,-0.851478,-0.585006
-1.13342,-6.33241,-3.76527
-12.9954,-18.948,-15.0795
-7.73348,-14.2657,-9.77931
-12.0573,-19.1548,-14.504
-3.25407,-10.4954,-5.92383
1.33688,-5.03135,-1.20327
-9.81974,-14.7827,-12.7917
-6.48886,-11.2907,-9.64037
-10.1028,-17.3544,-13.8239
2.8197,-8.00561,-2.18346
12.8414,0.774468,8.02624
-0.0284288,-10.3611,-3.49614
-0.701178,-9.62312,-3.81979
-5.59912,-14.6847,-9.96695
0.143338,-8.13561,-5.40453
7.43887,1.45087,2.49651
8.81198,3.93538,6.06029
17.6716,11.4031,16.6512
9.53388,2.03473,8.17243
7.55559,1.53225,6.11213
9.41148,4.83565,9.56989
11.4861,5.59698,11.8557
26.5687,18.2629,24.7877
23.1407,14.421,18.9957
19.933,14.9132,15.5384
23.4794,24.9552,20.393
27.7781,36.7613,24.0222
44.8829,60.417,38.8583
53.4558,71.5991,45.5602
73.3313,91.9307,63.5674
97.2356,116.852,85.0851
121.106,142.483,106.079
163.33,186.976,147.622
189.069,213.723,175.717
209.792,232.82,198.156
226.742,246.96,216.09
237.179,255.983,228.929
248.569,267.166,243.239
236.329,253.75,233.01
227.252,242.626,224.252
226.407,240.803,222.492
222.874,237.515,218.562
222.817,237.273,219.731
207.759,221.591,206.373
199.716,212.676,198.977
194.741,205.966,193.792
182.926,193.071,181.766
176.971,187.164,176.663
156.395,165.71,157.614
144.581,151.742,145.607
136.25,141.557,134.417
121.798,126.507,117.004
117.827,122.988,112.78
104.338,109.634,100.976
96.1113,99.6578,93.9578
88.8403,88.9135,87.1252
79.1779,76.2384,77.3451
75.8373,71.523,73.2347
57.0974,52.1607,53.276
43.4403,38.0928,37.8623
33.7768,27.4995,27.4687
23.7379,15.938,19.0536
23.2142,14.771,20.7874
5.16104,-2.26183,3.54169
-10.9181,-16.1299,-12.504
-20.7886,-24.7741,-21.712
-26.306,-32.1382,-26.8564
-19.1926,-28.651,-20.4393
-25.5136,-37.6757,-27.6149
-28.6324,-41.3621,-30.592
-38.1653,-50.0394,-39.2545
-53.7999,-65.0301,-55.0673
-54.2984,-65.1329,-56.0953
-60.9945,-70.6532,-61.7789
-58.6138,-66.5797,-57.3784
-54.0513,-61.4727,-51.4278
-56.8294,-65.9488,-54.9315
-52.7269,-64.5325,-52.395
-60.3698,-73.905,-60.9559
-67.2162,-81.9858,-69.0386
-69.6934,-86.811,-72.4863
-70.2768,-89.188,-73.1029
-63.2474,-80.8655,-66.0071
-65.2351,-79.3724,-68.3506
-61.5087,-72.514,-64.8973
-61.3064,-71.4478,-63.9941
-66.4664,-77.8158,-68.3976
-68.054,-81.1814,-69.5592
-79.0912,-93.6277,-79.6064
-78.1909,-92.1087,-77.5083
-76.8153,-87.8208,-75.491
-75.9118,-84.8324,-75.0633
-72.8889,-82.0991,-72.8596
-86.3527,-96.6536,-86.7305
-89.6649,-100.506,-90.5129
-89.5665,-100.83,-90.2432
-90.926,-102.881,-90.7264
-83.7546,-95.6668,-82.8209
-78.4081,-88.8909,-76.9701
-64.2531,-73.3905,-63.0314
-62.8377,-72.4631,-62.1703
-73.8695,-84.2066,-73.0749
-79.5464,-88.6062,-77.9537
-85.8537,-93.2501,-83.6968
-71.8349,-80.0694,-70.6363
-61.7282,-72.243,-61.8455
-62.0246,-73.1429,-62.0242
-57.7917,-67.9944,-57.4338
-64.8662,-74.0752,-65.3361
-66.2996,-74.6135,-68.26
-66.3729,-74.7925,-69.2053
-62.7106,-72.2515,-66.0959
-53.9236,-63.4115,-57.8489
-55.3068,-63.3696,-59.4469
-49.8682,-57.0988,-54.1823
-51.028,-59.1752,-54.5399
-55.2824,-65.3335,-57.2177
-52.9953,-63.9321,-53.5439
-59.7613,-70.2559,-58.7604
-50.4982,-60.7076,-48.5325
-41.9269,-52.5776,-40.5608
-44.6811,-55.5037,-44.7551
-41.3518,-51.3956,-41.9362
-43.5942,-53.5623,-43.6861
-39.225,-51.2222,-39.4417
-42.2829,-56.0431,-42.8226
-47.4784,-60.284,-47.4508
-41.2812,-52.6516,-40.6962
-41.6742,-54.1664,-41.3182
-37.836,-52.2489,-37.6511
-37.2378,-50.9656,-36.5233
-37.4686,-47.9222,-36.4767
-39.2258,-46.9503,-38.0098
-48.8515,-56.7329,-46.8492
-47.9962,-57.9048,-45.4231
-55.2849,-66.1763,-51.6668
-57.3161,-66.5894,-52.2402
-47.5709,-54.4687,-42.5615
-49.2793,-54.9318,-45.5985
-43.5305,-48.3391,-40.6605
-51.6699,-55.7474,-48.5349
-61.5206,-66.2933,-58.0714
-55.4599,-62.427,-53.0452
-63.2125,-71.3414,-61.8551
-61.3853,-68.6825,-59.138
-51.3548,-58.2261,-47.9845
-31.785,-38.9859,-28.9846
-13.0664,-19.7729,-11.7283
-13.3856,-19.8309,-12.7459
-4.74029,-12.3191,-4.20794
-12.6763,-21.4863,-12.4811
-18.2535,-27.0416,-18.3116
-6.59881,-14.1623,-6.55384
-11.6843,-18.1365,-10.3334
-9.41933,-16.35,-6.15143
-12.684,-21.8137,-9.11614
-12.5288,-24.2238,-10.213
-1.24004,-14.0156,0.364178
-10.1096,-22.0781,-7.97243
-9.58166,-20.6905,-7.19394
-12.2617,-23.3631,-10.1697
-16.7317,-28.0998,-13.9786
-9.32281,-21.7617,-5.67819
-15.784,-29.4424,-12.4319
-8.58932,-21.0575,-6.13513
-1.48662,-11.0274,-0.638029
9.44422,1.24231,8.5483
26.6998,18.2673,24.9793
12.6466,4.42177,10.445
6.91983,-0.873242,4.96744
-0.592876,-8.13299,-1.67516
-7.21816,-14.432,-8.64631
12.7798,5.64029,9.19037
26.9592,20.2522,21.0659
42.6489,37.2227,36.0601
38.5011,34.1522,32.6401
23.1405,19.0961,18.421
24.9941,20.8467,21.4993
20.7373,16.4941,18.4826
30.6825,26.2951,29.4291
33.7361,28.6071,32.4417
22.212,16.782,19.7426
21.398,17.1659,17.7299
11.5322,8.28693,6.87073
14.7951,10.7697,9.77215
13.0504,7.44909,8.59668
5.9797,-0.0709985,2.67789
17.9223,12.7609,15.8522
16.8145,12.623,15.208
17.9717,14.7736,16.0578
10.581,8.86121,7.62475
-0.0334746,-1.24625,-4.73715
3.73263,1.27038,-2.28265
-1.52591,-5.06199,-7.26524
5.76788,1.07118,1.38719
5.77086,-2.09723,2.22896
-0.0437724,-11.0346,-4.24154
8.01013,-3.80688,2.42552
-0.011354,-11.296,-6.40962
3.44033,-7.30891,-2.96199
6.39262,-3.54126,0.22801
0.66194,-7.56027,-4.76983
10.491,2.79699,6.16854
9.70159,0.745972,5.0069
14.4751,4.63903,8.12528
15.6243,5.3397,7.84127
14.6694,4.06022,6.3798
21.7637,11.3705,14.5976
7.98021,-1.80189,2.20653
4.70704,-4.2493,-1.61005
6.78351,-2.15358,-1.61028
8.65582,-1.58158,-1.68499
15.6526,3.90363,3.85773
4.32018,-8.5157,-9.10068
7.82922,-5.65248,-6.57125
15.1451,1.37371,1.39634
17.4458,3.19461,4.76366
26.3985,11.0019,13.9949
19.0758,1.92625,5.72719
26.1912,7.30685,11.1483
31.5824,11.9419,15.3197
29.3522,10.4197,13.3577
36.8315,18.9421,22.0827
24.2178,6.38904,9.91592
17.8775,-0.857339,3.55631
8.06613,-12.0481,-5.77199
-1.38756,-22.6549,-14.9976
8.38781,-13.1373,-5.86327
9.38858,-11.0083,-5.96275
18.2025,0.161629,2.23649
16.4863,0.274663,0.301334
8.18776,-8.28976,-8.63453
13.8463,-4.9111,-3.07665
6.78311,-14.6493,-9.00889
9.46326,-12.5135,-5.2255
9.20193,-10.7612,-4.88619
2.88563,-15.1353,-10.511
9.32437,-9.00411,-3.61765
6.58717,-12.7407,-6.22524
16.8753,-1.54841,4.39716
20.2704,4.06655,8.33638
14.9638,0.158806,4.1657
19.858,5.13574,9.82553
13.6711,-2.12536,2.94251
16.7884,-0.723314,5.37601
8.65079,-9.39459,-2.38526
-3.37861,-20.9881,-13.3866
-1.82433,-19.4313,-11.0824
-11.317,-28.4066,-20.588
-2.32895,-18.0411,-11.9846
9.52732,-5.98184,-1.00352
12.4097,-5.25949,0.765327
16.8642,-3.2812,5.21097
6.3694,-14.0106,-3.438
12.2269,-6.85667,5.21643
16.1407,-2.30189,11.0247
12.0763,-6.53499,8.26719
19.036,0.575464,16.381
7.10077,-10.4264,3.91228
6.56801,-9.48939,1.86358
13.6235,-0.949524,7.38989
14.334,1.22887,7.25073
16.7966,5.30577,10.9529
2.37311,-7.97973,-1.74752
2.07342,-8.66766,-1.65637
7.87176,-4.05995,3.65344
8.8964,-2.80947,3.24166
12.3488,1.82349,4.45444
2.53985,-7.78571,-7.09067
8.74729,-2.76478,-1.54916
17.1084,3.48235,6.62295
15.4124,0.187013,4.82505
20.0166,4.56812,9.52125
11.9632,-3.01091,1.07801
18.1813,3.93955,7.13591
28.3603,14.5622,18.103
16.7618,2.82191,6.58183
5.81123,-8.51732,-4.07123
-9.38263,-24.4233,-18.2834
-16.0717,-31.2795,-25.6258
-19.6131,-33.7889,-31.2562
-17.4275,-30.3432,-30.3046
-3.88289,-16.0871,-15.4904
-12.1737,-24.0296,-21.6301
-24.4656,-35.7601,-33.3959
-25.4435,-35.8461,-34.7437
-8.19929,-17.1769,-18.3555
18.6786,11.4002,7.24296
25.9332,19.7097,14.4112
24.0783,17.9104,13.8129
7.56752,0.12236,-0.925473
-6.01305,-15.2048,-13.4007
2.76014,-7.20542,-4.61735
9.7639,0.138799,2.14207
21.6906,13.3696,13.9286
25.1677,18.5822,17.9326
20.5463,14.8934,13.944
25.3097,18.7625,18.3958
20.9593,13.4694,13.2302
20.1319,13.4228,12.2083
16.1525,10.2704,9.03247
10.4497,4.83401,3.98702
16.5247,10.2047,9.69952
21.5423,12.7117,13.6825
34.6246,23.5711,26.074
38.626,27.3813,30.6561
36.3573,27.2359,29.8003
42.491,36.9044,37.0654
38.2959,35.0945,33.371
34.8139,31.1743,29.7915
31.9401,26.1092,26.1271
32.2707,24.7769,25.3204
35.9798,27.2815,29.1803
22.9792,13.3961,17.1877
15.9433,6.46635,10.0783
10.9573,1.92644,5.35622
4.93784,-3.62094,0.765342
8.15624,-0.707337,4.46436
8.5244,-1.87746,3.39491
16.3402,5.24906,9.65395
16.2684,6.26159,9.03921
13.5472,4.42011,5.74394
17.6338,8.12706,9.51292
11.9071,2.4639,3.87282
17.2376,9.86616,8.92762
25.3971,20.3519,16.9175
25.9246,22.1091,17.5486
28.1088,24.8764,20.1188
20.1124,16.3996,12.5212
11.7964,7.48735,3.99071
6.52047,2.22065,-1.7351
9.20328,5.14694,0.952592
14.6229,11.9595,6.7848
3.69488,3.39321,-4.53927
-1.87341,-0.94937,-11.6374
-2.81201,-1.86807,-13.7468
1.46526,3.54308,-9.37289
6.5894,9.76157,-3.90999
-0.757848,1.03452,-11.6043
1.92044,1.63304,-8.59172
4.4688,3.61522,-4.09054
9.01412,9.36028,1.99736
12.345,14.3524,5.15234
2.79493,5.46633,-4.81964
1.90338,4.87239,-5.75445
-0.221027,3.36745,-7.67229
2.92786,6.19317,-4.41227
10.7748,12.1771,3.1295
6.00012,5.83149,-1.32807
1.07641,0.460101,-5.54611
-12.5754,-14.1431,-19.5275
-20.3596,-23.7942,-28.5953
-18.1795,-22.1055,-27.1081
-22.0167,-23.4842,-30.2548
-5.38292,-3.78447,-12.5257
15.1712,17.5468,8.26684
23.5102,25.5901,16.2031
22.2777,24.7058,15.4273
14.0326,16.0797,8.60262
18.5801,19.5804,14.6695
18.3715,19.5949,15.8119
17.0979,20.1713,14.9165
15,20.3799,12.8443
4.64624,10.8494,3.59534
5.65614,11.4271,6.17544
0.562485,6.55019,1.82243
-7.86996,-1.04392,-7.2186
-12.4591,-5.35304,-12.42
-21.8403,-13.9382,-21.6046
-21.6593,-11.3967,-21.4179
-26.3918,-14.6948,-26.4437
-25.5697,-14.0854,-26.1528
-16.9103,-5.5112,-18.2035
-21.2007,-9.38964,-22.5837
-18.9738,-6.03951,-19.7711
-20.4231,-5.38228,-20.2329
-19.8076,-1.91205,-18.8225
-13.3163,6.72651,-12.5665
-13.3371,6.63375,-14.1593
-6.45998,11.6211,-10.1384
-5.89449,8.95711,-11.7288
-6.21077,5.72707,-11.4901
-5.76406,6.27064,-8.32859
-12.1571,1.67337,-12.4214
-9.75002,4.30427,-9.76422
-16.0425,-3.62263,-16.3665
-19.1137,-9.16428,-19.3017
-7.36244,-0.391641,-7.79642
-4.85268,0.13265,-5.93126
-1.4077,4.09048,-2.50817
-4.23792,2.82624,-4.64774
-8.48843,-0.305581,-8.69261
-16.2459,-6.9911,-17.2589
-35.9556,-26.2214,-37.2062
-36.4562,-26.9799,-36.6526
-26.2565,-16.7438,-25.8461
-9.94036,-0.927063,-9.88543
2.99779,10.5255,2.62323
1.72934,8.61971,0.823647
7.11316,15.308,5.66655
0.30391,9.39909,-1.28455
-13.2335,-5.83801,-15.3823
-14.9059,-10.1088,-18.0243
-13.1418,-10.5305,-17.0606
-4.74612,-3.9558,-9.95147
-6.74432,-6.32668,-12.8476
-8.04155,-5.88809,-13.1682
-4.63722,0.703327,-7.61781
-6.5085,1.64944,-7.78202
6.22064,14.5017,4.54844
11.5704,17.3899,7.11698
8.29795,12.0611,1.21513
6.55493,9.23381,-0.70735
4.03084,4.77833,-2.0448
9.8111,8.58776,4.51485
3.65973,1.46156,-0.842316
-1.93702,-5.05296,-6.20055
1.10252,-3.82975,-4.16758
-1.44018,-8.43791,-7.60207
-2.07994,-10.2297,-8.49141
-15.7847,-24.3795,-22.3723
-23.7305,-31.1634,-31.1363
-10.941,-15.2164,-20.2265
2.29248,0.41035,-8.97479
17.9851,16.1417,5.99114
20.8736,17.7229,8.5836
23.7423,19.4385,10.5031
30.5479,26.183,16.6632
25.942,22.4072,11.9821
24.0251,21.6661,9.67673
15.5177,14.1633,1.18164
11.0539,9.81808,-2.70943
11.485,8.78319,-2.3171
7.50521,2.97162,-6.44246
10.6394,6.57993,-3.0965
5.32395,3.23377,-7.93732
1.94468,0.000698409,-10.5735
5.24316,1.26926,-6.76386
1.41306,-4.46173,-11.0336
0.103565,-5.77593,-13.7476
-7.57704,-11.654,-22.1884
-6.47861,-8.60211,-20.1994
2.16476,1.02057,-10.2488
-1.30608,-1.87283,-13.1456
-0.253846,-0.100972,-12.0695
0.371441,0.982258,-11.9452
9.83858,10.9271,-3.86547
16.4093,17.9899,1.54407
5.06878,6.16455,-9.13942
2.26641,2.52763,-10.314
1.70574,1.44099,-9.40877
5.91098,5.14302,-4.31311
7.84142,6.91627,-2.48051
-1.33251,-2.15759,-12.3841
0.174859,-1.64877,-12.01
1.91648,-2.31027,-11.3599
7.64731,2.14019,-6.6904
10.1873,5.89776,-4.69312
-2.1124,-4.32328,-15.5052
-4.9317,-5.44261,-15.8488
-9.61952,-8.89637,-18.9803
-7.53474,-7.42469,-16.299
-0.716197,-3.71543,-9.90949
-2.02361,-7.99957,-12.1929
3.123,-3.45587,-7.01524
-1.02917,-7.02478,-10.2664
0.214982,-6.01097,-8.53692
3.28369,-2.8249,-4.80674
-5.5858,-10.3496,-13.2198
-4.94217,-9.06834,-13.9137
-10.3207,-14.6681,-20.8304
-13.7213,-18.1558,-24.8301
-7.64651,-13.0576,-19.2602
-4.24352,-11.2437,-16.2962
4.72909,-2.99782,-6.91079
3.02033,-5.0628,-6.93793
3.2913,-4.73719,-5.26683
5.16473,-1.69789,-3.28974
-3.52719,-8.93852,-11.8272
0.537349,-4.66548,-7.46297
9.74773,4.45953,0.916739
25.2892,21.5075,14.4269
29.0989,27.6301,16.341
16.6274,16.7337,3.09502
15.5452,15.4946,1.73992
10.1473,8.99679,-3.56058
10.136,8.52289,-2.92225
14.9802,13.4087,2.55838
12.5659,10.4878,0.305167
17.1828,13.0153,4.53054
8.608,2.45319,-4.75637
-0.440854,-4.88771,-14.4969
0.146534,0.866085,-14.2818
-1.50489,3.98967,-15.3876
5.0521,12.5923,-6.5412
1.18854,8.12756,-7.45288
3.11125,7.62228,-3.83933
10.4769,12.9475,4.51224
8.41611,10.8051,3.37186
15.9581,18.9746,11.2224
15.3653,19.0565,10.9714
16.6248,22.1327,12.6765
22.8212,30.5463,18.8874
20.9145,29.5065,17.2569
23.2421,31.849,20.1773
15.8859,24.8226,13.1208
8.28566,18.1367,5.36228
4.07778,14.7499,0.541143
-3.0486,7.78309,-7.27551
2.86636,13.9841,-1.74863
3.24538,14.5871,-1.3923
4.39059,14.2635,0.584761
2.53304,10.1086,0.550815
-12.2106,-4.85707,-12.2919
-11.5702,-2.31447,-10.7549
-3.26628,7.76124,-3.14675
12.7041,24.3065,11.7375
17.9375,29.6565,17.7957
8.20882,20.6675,10.73
12.0927,24.8022,16.1408
10.5773,21.9077,14.3843
10.8765,20.2212,14.5526
12.6149,19.6362,15.6734
6.58836,10.9857,7.52013
10.1276,12.5262,9.18396
4.02837,5.37723,3.03581
-4.2292,-3.47025,-4.59984
-8.6899,-9.00421,-8.87095
-7.49591,-9.72345,-8.62144
11.5959,8.60451,8.5783
8.10752,7.09866,4.30265
-0.713274,0.0290311,-4.26505
4.46237,4.03963,0.9643
7.21581,5.05296,3.64649
12.5902,10.6949,9.09099
5.23641,4.1463,2.21674
4.82482,3.7472,2.08525
12.9208,12.4432,9.64537
16.1545,16.1419,12.3449
23.8202,22.6619,20.6532
16.0117,13.6044,14.9873
4.94811,2.95828,5.826
-0.0997559,0.356723,0.833545
-3.94658,-0.105631,-4.40513
3.17835,8.4931,1.24959
2.55407,6.68941,0.734599
8.00307,11.0064,7.07192
16.224,18.9164,15.0624
11.6326,14.1721,10.3484
12.3003,15.5795,12.2859
6.53294,11.2155,7.88144
8.23524,14.9156,10.4304
11.7116,20.7567,14.6846
5.32859,14.9178,8.85809
6.02552,14.4397,9.83074
-1.16187,5.8486,2.63225
-3.83163,2.11405,-0.276483
-5.28183,1.40001,-1.24471
-14.5434,-5.44557,-9.64375
-13.5245,-2.65368,-8.61117
-17.092,-5.77073,-12.5316
-13.4966,-2.37525,-9.28985
-9.21529,0.609139,-5.84766
-17.5648,-9.18256,-14.7261
-11.9203,-2.73085,-8.32187
-5.78504,5.38407,-1.82277
3.68555,14.8573,6.30762
6.05234,14.7411,7.61463
-4.36054,2.05583,-2.45886
-0.483606,6.08314,1.95777
1.12755,9.76931,4.76616
7.63474,18.8313,13.3533
10.6773,23.1028,17.7504
0.169459,11.7414,7.46933
-3.04059,7.31233,3.66972
-9.70272,0.334378,-3.94473
-7.21439,3.14054,-1.74985
-1.18358,10.2886,5.35919
-6.92741,6.11242,0.913004
-10.5127,2.99518,-2.86158
-22.0211,-9.51885,-15.3207
-23.521,-11.9626,-16.7657
-18.613,-7.22665,-11.4911
-20.7482,-8.68746,-13.9903
-16.4123,-2.22771,-9.70797
-23.5705,-7.19674,-16.4777
-23.1683,-5.84511,-16.0677
-17.7763,0.619889,-10.8521
-22.1234,-1.57487,-14.871
-21.0435,1.44223,-12.9784
-29.2797,-6.98157,-21.2107
-29.1871,-9.05098,-23.331
-22.7731,-5.10335,-19.5127
-22.1974,-6.22476,-19.7313
-11.3099,4.86869,-9.62775
-12.7716,5.28856,-11.7624
-13.1969,5.39551,-10.8998
-7.15229,9.80523,-3.72812
-6.9548,9.18945,-4.37696
5.34581,23.1292,5.67508
12.828,33.6291,8.9307
25.4889,49.1085,17.2665
42.429,68.6542,33.2522
66.4546,95.9779,58.783
109.588,141.613,103.292
125.782,157.682,119.687
134.805,164.974,128.446
151.691,180.097,145.9
164.101,191.304,159.089
187.263,213.777,182.342
195.51,221.475,191.641
199.742,225.251,198.286
207.43,232.683,207.7
209.08,234.748,209.625
221.433,247.618,221.168
220.845,245.626,220.708
218.448,241.332,220.66
218.198,241.737,222.689
208.467,232.702,213.971
211.569,232.823,217.48
200.076,216.791,205.416
188.986,203.585,193.409
181.181,195.887,185.409
152.151,166.453,156.634
138.377,150.912,143.225
125.765,137.06,130.915
110.767,122.303,116.502
96.8404,107.534,102.824
79.3635,86.3406,84.7701
87.251,89.926,91.8959
91.7548,92.4186,95.3764
83.4865,83.5785,86.9234
72.7661,71.2527,77.4675
53.0518,49.1728,58.2252
46.8868,42.0802,51.2239
40.8309,37.6164,44.7535
37.8898,36.5871,42.4786
44.5864,42.3134,49.7487
48.7959,43.4198,52.6835
63.1407,55.4159,65.1772
57.5492,49.391,58.834
44.5389,37.4165,45.269
40.8709,35.3873,40.963
29.262,24.7209,29.7921
27.9654,22.1038,30.1421
14.5549,6.60373,17.3326
0.0273415,-7.99594,1.66904
5.1746,-2.1073,5.73764
11.1728,3.71737,11.2088
24.7511,17.3925,25.3685
22.7218,16.483,24.9018
7.66558,2.46451,9.95779
-0.496688,-5.70966,-0.470465
-8.48013,-14.7381,-11.3171
-6.57061,-15.2896,-10.7862
-17.1148,-28.7401,-21.2727
-27.8138,-40.0167,-31.4515
-22.6579,-32.7615,-26.4476
-15.6162,-23.1818,-20.6071
-1.10361,-7.6147,-6.45151
-9.91988,-16.1389,-14.7671
-24.6869,-30.4253,-30.0721
-27.2416,-33.6393,-34.0195
-31.6213,-39.9952,-38.2562
-26.5288,-36.6912,-31.2247
-33.119,-44.65,-37.0519
-37.9762,-50.6486,-42.2566
-35.016,-48.2122,-39.067
-44.3401,-57.5807,-48.6937
-46.5293,-59.8212,-52.0822
-50.1366,-63.7535,-57.0289
-45.7132,-59.9983,-53.4665
-34.1658,-49.4219,-42.1101
-37.0125,-51.8029,-45.2248
-33.8087,-45.8431,-42.5388
-41.9277,-50.8027,-52.2932
-52.6313,-59.0995,-65.1855
-52.399,-57.6429,-65.3037
-56.3292,-61.6023,-68.4572
-51.9235,-57.3333,-63.4097
-56.7028,-61.7299,-66.9724
-59.9713,-65.3249,-69.2073
-55.7661,-61.3678,-65.7965
-59.8521,-63.6219,-71.1726
-53.261,-54.8844,-64.1459
-52.5799,-53.4991,-62.752
-56.7722,-57.319,-67.1291
-60.7598,-60.1531,-70.796
-71.1591,-68.4613,-80.4688
-63.2751,-58.5954,-71.4627
-61.0284,-56.2049,-68.0473
-62.281,-59.4152,-69.9924
-59.2876,-59.3424,-68.9044
-70.6814,-72.6007,-80.7421
-74.5876,-75.6643,-83.7746
-78.9826,-77.5902,-88.783
-77.0437,-74.0924,-88.6119
-74.2755,-71.6581,-86.1261
-84.0877,-82.1827,-95.12
-82.2378,-79.8055,-92.4686
-89.5358,-85.7394,-99.071
-98.6067,-94.4281,-108.352
-96.6583,-94.0322,-107.977
-101.232,-100.151,-113.95
-100.077,-98.3325,-112.527
-107.018,-103.063,-119.325
-113.521,-107.75,-126.888
-112.995,-106.882,-127.297
-122.438,-117.708,-137.645
-123.355,-121.664,-139.476
-130.067,-131.369,-146.63
-133.538,-135.945,-150.003
-131.172,-133.656,-146.877
-142.052,-144.971,-156.548
-146.617,-150.543,-160.207
-155.732,-160.859,-169.521
-158.832,-164.323,-172.545
-155.93,-159.779,-168.47
-164.524,-165.874,-176.886
-163.943,-164.515,-177.295
-161.981,-164.31,-176.391
-156.265,-161.236,-171.323
-152.819,-159.029,-167.615
-162.914,-169.02,-177.305
-164.378,-170.036,-178.573
-173.104,-177.983,-187.442
-175.253,-179.08,-189.776
-164.486,-167.727,-178.458
-168.489,-171.824,-181.902
-169.817,-172.744,-183.311
-172.942,-174.453,-186.78
-168.28,-167.973,-181.774
-156.974,-155.632,-170.23
-154.614,-153.86,-169.07
-144.058,-144.889,-159.461
-138.799,-141.18,-154.001
-133.151,-136.252,-148.164
-129.523,-132.77,-144.518
-139.827,-142.625,-154.811
-140.681,-142.797,-155.509
-138.617,-141.816,-153.515
-122.25,-127.058,-137.287
-98.3144,-101.565,-112.7
-94.9918,-94.1096,-108.401
-93.8565,-90.8058,-106.602
-99.9191,-97.933,-112.807
-98.3822,-97.7957,-112.047
-94.6836,-95.314,-108.88
-109.531,-111.553,-123.343
-112.325,-114.856,-125.067
-106.84,-109.799,-119.162
-90.1364,-93.8943,-102.529
-76.1101,-80.364,-87.8498
-87.0492,-91.1377,-98.0887
-92.8369,-96.4333,-103.987
-86.9649,-90.8198,-98.6614
-68.0192,-72.8712,-79.9055
-60.5463,-66.8373,-72.2749
-84.9855,-92.705,-97.3151
-100.871,-109.746,-114.009
-108.218,-117.8,-121.389
-109.01,-117.842,-121.521
-110.284,-117.435,-121.955
-123.077,-129.549,-134.585
-116.317,-123.92,-127.795
-99.9887,-109.266,-111.517
-73.8024,-83.8639,-85.7093
-46.0455,-55.6577,-58.0294
-29.8981,-38.171,-42.2833
-2.40817,-10.0735,-15.511
20.3681,12.3237,6.45233
39.4643,30.9769,24.3501
57.3636,47.7307,41.1971
73.3039,62.2058,56.2272
102.181,90.2579,84.625
114.884,103.201,97.4545
116.238,106.1,99.4171
111.116,102.581,95.4836
85.7025,77.6971,70.7595
64.4406,56.517,49.8429
41.4113,34.5579,28.2134
35.5238,30.3479,24.599
50.5759,45.596,41.3268
59.9341,53.2612,50.9181
74.4091,66.124,65.1271
86.2993,77.8094,77.0587
106.128,98.2912,97.5119
118.088,110.858,110.959
102.017,94.7004,96.357
96.0567,87.9939,91.0992
102.036,93.4128,97.3876
111.119,102.951,107.606
110.908,103.131,109.005
97.4867,88.9883,95.6353
99.4068,90.13,97.3836
101.326,91.0642,100.162
102.469,90.534,101.732
104.84,91.476,103.545
93.4601,79.5856,90.6961
81.7881,68.766,77.8816
63.5366,51.395,59.7564
55.0828,43.0012,52.3322
52.4731,41.7175,50.8687
35.1718,26.6999,33.8845
23.0984,15.1699,21.8546
12.4753,2.96632,11.7221
11.2837,-0.152779,11.1913
14.3094,2.18165,14.1265
5.08612,-6.31295,3.80402
2.53309,-7.54015,0.580733
-0.00533883,-9.36558,-2.35363
-0.898025,-10.6833,-4.13102
-5.84636,-16.0592,-9.42944
-22.5614,-31.7226,-25.6258
-21.9589,-29.2558,-24.1778
-14.8345,-21.1757,-17.506
-1.33954,-7.61179,-5.58049
11.5029,4.43281,7.21306
9.61057,1.0589,6.80074
19.4772,10.1209,18.3251
30.4009,20.9591,30.7003
41.4593,32.1158,43.1086
50.2941,41.1777,52.4511
50.7749,41.5885,51.8899
61.3569,52.2857,61.1263
66.2696,58.4859,64.832
68.3803,61.7888,65.5481
71.8299,65.0854,67.7708
68.8142,61.9977,63.3128
71.6285,65.6801,65.1208
64.7255,59.4932,58.4303
58.245,53.0178,52.895
59.4851,53.7617,54.884
56.2235,49.7302,51.199
60.7113,53.911,55.5969
59.7191,53.516,56.2553
62.7731,57.3927,61.189
68.5853,63.466,67.5763
69.462,64.133,68.2478
83.9303,78.7017,82.648
94.1123,89.6772,92.5176
108.052,103.841,106.225
128.364,122.467,127.27
137.509,129.885,136.91
141.823,134.409,140.702
130.338,123.665,128.503
116.544,110.47,114.137
107.815,102.818,105.591
92.0709,88.3579,90.5843
81.6388,79.8386,80.7549
66.1377,66.4466,65.672
53.5486,53.3997,53.0472
44.5506,41.1374,44.319
32.8035,26.8232,33.9974
33.7255,27.0509,36.3432
27.2767,20.0799,29.963
20.4248,12.7234,22.6941
14.4144,6.8203,16.7593
2.97747,-4.38225,5.65385
-0.0559552,-7.30382,3.83827
-9.77379,-16.5828,-3.57449
-11.2837,-16.8926,-2.87654
5.37484,0.886903,14.8253
27.7224,23.4646,36.6508
58.5832,54.5046,66.7353
80.4922,76.9779,88.4499
96.8519,93.5639,104.44
108.524,104.835,115.274
113.079,109.356,118.625
131.325,127.522,135.454
145.477,139.917,147.402
154.967,146.772,154.587
162.299,152.787,161.117
159.63,150.931,158.789
156.53,148.787,156.343
146.449,138.514,146.447
140.746,133.824,140.731
133.731,129.173,134.575
116.846,113.791,118.228
107.443,105.591,108.236
98.4064,98.2775,98.9512
95.1651,96.1832,96.4874
93.1219,93.6964,95.3884
83.5933,83.285,86.1228
83.9172,83.313,86.8117
80.3009,79.5188,84.0072
79.399,78.7396,83.5616
86.7265,85.9578,91.2308
87.3372,85.3945,91.1488
91.166,87.4541,92.5325
96.5903,92.0009,95.3504
110.916,107.615,107.353
126.967,125.288,121.795
134.676,132.986,129.766
143.935,141.895,141.279
143.99,141.694,144.245
147.061,144.445,148.623
164.47,162.573,165.802
179.313,179.116,180.161
182.435,183.213,183.279
168.726,168.269,170.193
157.228,154.122,158.813
157.425,151.699,158.361
159.605,151.827,159.872
159.685,150.622,158.991
147.622,138.365,144.694
139.964,131.242,134.138
136.407,127.641,129.132
130.185,121.351,123.245
131.801,123.924,125.633
127.413,120.355,121.829
121.431,114.144,116.051
117.235,108.76,111.159
113.149,103.173,105.29
117.886,107.519,108.535
121.435,111.859,112.342
122.717,114.401,114.982
115.972,109.019,109.284
99.9923,93.178,93.2721
91.8857,83.4426,84.3916
87.0244,77.2507,78.7075
87.5696,78.1765,78.6857
85.5936,76.9768,75.7692
76.7483,68.704,65.1701
75.8133,68.8289,63.6369
76.2164,69.6297,64.8216
77.9601,69.5781,66.3069
72.0605,61.6737,59.1056
66.5014,56.5568,52.6219
72.852,63.9968,58.5272
68.4559,58.7219,53.1798
54.5648,43.8625,38.4816
35.8229,26.7732,20.7068
17.4155,11.7179,3.63035
8.6145,5.21395,-4.52099
-4.024,-7.43742,-17.2616
-15.025,-19.5652,-29.6696
-24.4572,-30.0022,-40.609
-38.2587,-44.7121,-55.3892
-48.4369,-56.1368,-66.4515
-64.6645,-73.4715,-83.6719
-78.3617,-86.4683,-97.7825
-89.2931,-95.8874,-108.101
-101.926,-109.119,-120.444
-110.978,-120.229,-129.619
-122.793,-133.196,-141.316
-130.386,-140.484,-148.228
-144.176,-153.254,-160.334
-163.165,-171.341,-178.176
-171.585,-178.788,-186.72
-179.398,-185.302,-195.025
-184.533,-189.033,-199.992
-190.944,-194.54,-204.85
-202.154,-206.273,-214.211
-208.703,-214.127,-219.511
-221.871,-227.674,-233.449
-233.847,-238.775,-247.964
-239.543,-243.285,-254.657
-239.032,-241.851,-252.9
-227.804,-231.042,-239.386
-222.973,-228.224,-232.756
-217.183,-223.82,-227.632
-211.128,-217.824,-224.016
-209.882,-215.92,-224.621
-205.932,-210.417,-220.727
-204.571,-207.294,-218.134
-200.114,-201.385,-212.989
-193.312,-193.74,-206.578
-182.236,-183.293,-196.323
-168.953,-170.737,-183.182
-169.96,-170.902,-183.523
-170.117,-170.036,-183.989
-161.651,-162.221,-177.087
-148.223,-150.119,-165.163
-129.296,-131.401,-146.033
-118.006,-119.481,-132.607
-106.279,-106.91,-118.994
-95.4489,-95.4847,-108.149
-81.0383,-79.9088,-94.7527
-56.9705,-53.9908,-71.3285
-41.5159,-38.4458,-56.067
-26.5818,-24.893,-39.6042
-12.2032,-11.0517,-20.9515
-2.41703,-0.593977,-7.73958
13.7706,17.2881,8.82203
36.329,41.4966,30.3265
57.3243,62.7956,49.3529
66.9214,71.3378,57.0989
77.2182,79.4398,66.365
92.8021,93.5907,81.7883
102.546,103.943,92.6648
113.648,116.162,104.794
118.534,122.23,110.049
115.622,120.736,107.055
108.456,114.165,98.7934
98.433,104.512,87.2301
103.367,110.765,91.0771
107.377,115.162,95.0876
107.066,113.431,96.0367
104.281,110.1,94.7113
93.3225,100.473,84.538
95.4604,102.662,87.2439
104.48,108.105,97.4927
116.408,115.485,110.626
112.37,109.218,106.501
87.8172,84.6852,80.9825
81.7426,79.0376,73.8756
78.8379,76.3575,70.6195
77.2113,75.4635,68.6323
84.5794,83.8758,74.9528
81.8673,81.6567,72.9545
82.8859,82.0293,76.4386
77.3619,76.0479,71.687
68.6324,67.7715,61.7844
68.0013,67.3304,60.4759
59.8699,59.8469,52.1097
58.738,60.5512,49.878
48.3359,52.6442,38.4531
32.0031,38.5708,22.4076
24.6947,31.0481,15.9387
15.3324,18.6281,6.93246
17.2018,17.9557,9.0144
14.4868,15.2987,6.86316
12.5322,14.3582,4.37774
13.153,15.8783,2.71815
1.95218,6.08606,-10.4144
2.27453,8.05929,-11.0238
7.61429,14.9586,-6.4874
21.5592,30.5968,7.04978
36.5216,46.4257,22.8032
28.6723,37.3655,16.3364
29.8728,37.1951,18.5168
32.4193,40.5289,21.55
26.3852,35.8569,15.4743
18.9582,28.0446,6.94346
4.45851,11.7252,-9.55833
6.71907,12.8891,-8.95991
6.9449,13.965,-9.67255
5.37752,13.8786,-11.4538
11.7503,20.9583,-4.41166
4.69514,13.3722,-9.85705
-3.49928,3.37002,-17.2594
-19.3437,-13.5567,-33.6324
-30.2504,-23.982,-43.4773
-23.1263,-16.6736,-33.8432
-15.3554,-7.96689,-25.128
2.1015,13.0258,-8.47961
9.385,23.8143,-2.03769
15.488,31.1539,2.72709
42.4455,59.4895,28.1292
67.2927,87.7388,53.4553
98.0881,121.587,85.8786
121.269,145.469,109.256
138.902,162.717,126.332
159.501,182.575,147.162
171.33,192.951,159.664
192.818,213.322,182.594
200.604,221.397,193.048
192.549,215.232,187.379
184.186,208.349,179.398
180.689,202.972,174.859
200.362,218.735,193.85
205.464,220.507,198.642
192.417,206.268,185.15
181.802,197.686,174.429
165.9,184.31,159.43
161.605,179.586,157.706
150.864,165.402,150.262
135.211,145.499,136.38
123.342,131.205,124.312
103.243,110.348,103.534
97.994,103.624,98.0682
87.8392,90.3843,88.0517
72.7008,70.783,73.2595
64.2889,57.9161,65.0203
53.0035,45.3256,53.4946
53.8457,48.5203,53.8929
46.0581,43.1058,45.6425
36.0052,32.5598,35.2017
32.8462,27.1991,32.4333
19.3125,12.4238,20.6499
11.7687,3.73711,15.248
-2.6094,-12.8551,2.71567
-17.29,-28.152,-10.5634
-22.3188,-31.9683,-15.5397
-35.5531,-44.8943,-30.7766
-40.5684,-49.7861,-38.3297
-49.8949,-57.4693,-48.2057
-53.6341,-60.5853,-51.0401
-49.4961,-59.3403,-47.1746
-64.5811,-78.6943,-64.2123
-69.4212,-87.3396,-70.9635
-74.7867,-95.1484,-77.053
-81.4357,-101.412,-82.6892
-74.8092,-93.0788,-74.0775
-76.4452,-93.3846,-74.8862
-75.3711,-90.8465,-73.1528
-82.5509,-96.6016,-78.55
-91.488,-104.937,-86.845
-87.4961,-101.462,-84.4334
-92.4644,-107.144,-91.4898
-92.7034,-106.724,-92.2056
-102.231,-114.6,-101.544
-112.42,-124.096,-112.649
-93.8657,-106.821,-95.5058
-82.2091,-97.2866,-85.3786
-79.147,-95.4384,-82.9656
-85.6662,-102.349,-88.9395
-91.937,-108.667,-94.4053
-86.3139,-102.727,-88.496
-89.6575,-106.712,-93.8664
-83.3598,-102.501,-91.9435
-80.7315,-100.906,-92.7393
-82.4692,-101.297,-94.4701
-73.7276,-91.284,-83.5398
-74.7036,-92.5143,-83.0167
-68.7647,-87.2487,-77.7955
-63.3928,-82.8812,-74.6485
-62.2144,-82.9927,-74.8729
-54.9688,-75.4793,-66.6396
-61.2611,-78.9666,-70.5338
-63.93,-79.0071,-71.6856
-67.6353,-82.9002,-75.6361
-66.7734,-83.4223,-75.4243
-52.0363,-69.0255,-60.456
-53.4798,-70.0024,-60.7677
-53.2995,-70.4607,-59.7584
-53.6216,-72.5283,-60.9655
-52.0023,-70.7615,-60.769
-45.6811,-62.6281,-54.4736
-53.5535,-69.8614,-61.871
-48.259,-64.718,-56.728
-43.3436,-59.2976,-52.1738
-47.2429,-62.7162,-55.9957
-47.3658,-63.2703,-54.9492
-54.6229,-70.9505,-60.556
-46.183,-61.8284,-51.6593
-38.1577,-52.3931,-44.9309
-43.6109,-56.6457,-51.5718
-45.725,-58.7508,-53.4344
-53.0403,-66.3642,-60.3655
-45.8112,-57.9353,-53.1222
-40.799,-51.4553,-47.9234
-50.5779,-61.7888,-57.8711
-58.4172,-71.8406,-66.5993
-62.7089,-77.0875,-71.3721
-43.988,-56.0939,-51.741
-29.8533,-37.7196,-36.1934
-29.8839,-34.2602,-36.6532
-30.9549,-33.9619,-40.2335
-42.9045,-45.824,-53.6688
-42.9155,-46.6952,-52.1242
-40.7673,-46.4646,-47.196
-41.0248,-48.1435,-46.1852
-35.6514,-42.7501,-40.6309
-42.9734,-48.4816,-47.4819
-41.8404,-44.9273,-45.5975
-38.2948,-40.6344,-41.6348
-35.0226,-39.1445,-37.9538
-23.6312,-29.7923,-25.6055
-23.3799,-29.4937,-25.4651
-15.5043,-20.1089,-18.9295
-12.7756,-16.5859,-17.3538
-14.8141,-18.553,-19.7236
-5.99569,-9.68646,-9.73474
-3.34197,-8.14496,-5.16039
2.10266,-5.7826,1.69623
-6.9358,-17.6539,-7.05069
-17.0966,-27.2161,-17.9239
-2.92199,-9.34071,-3.65536
8.26447,5.94624,8.80042
17.9396,17.5605,19.5114
12.8465,11.4118,14.6401
0.0157835,-2.60263,0.951877
-0.847346,-2.95829,-1.47488
-7.57647,-9.17896,-9.49681
-4.37781,-5.83778,-6.29556
-6.90824,-7.96084,-7.88599
-15.7541,-16.7605,-16.1917
-17.117,-19.2612,-17.9469
-26.7604,-30.7533,-29.3122
-24.3671,-28.647,-28.317
-23.8853,-27.2262,-26.8147
-25.1169,-28.4809,-25.9126
-18.7947,-21.4212,-18.2833
-25.2802,-25.8201,-25.1794
-25.7101,-25.4989,-27.5164
-25.9606,-26.3361,-29.5166
-25.176,-25.5742,-29.0172
-14.5278,-14.7667,-17.8123
-12.6133,-14.2281,-15.257
-5.57682,-9.10214,-6.69744
-5.73426,-9.34136,-4.67264
-6.14123,-8.61287,-2.50525
4.03983,1.94716,9.83716
-8.09862,-10.7617,-2.16879
-15.2737,-19.3631,-10.1878
-14.1679,-19.7767,-10.1813
-14.745,-20.3245,-11.4268
-9.40198,-13.9184,-5.65112
-12.5051,-16.3218,-9.04942
-7.67129,-11.4185,-5.4987
-3.67523,-7.97804,-3.45762
-2.81044,-8.05281,-5.00853
-4.60532,-10.5705,-6.78073
-23.2294,-28.9798,-22.3753
-26.3523,-30.2818,-22.4739
-20.9191,-21.8365,-16.6068
-22.4962,-20.3828,-20.3249
-22.7666,-18.584,-22.4025
-32.0431,-26.7105,-31.6214
-32.0441,-25.6106,-30.2988
-27.961,-21.7693,-25.6556
-26.4013,-23.7306,-26.1126
-18.7211,-20.0105,-21.071
-17.9042,-19.1626,-21.8551
-10.3912,-9.12897,-14.9585
-5.83384,-3.84314,-10.5323
-3.98978,-3.26525,-9.33005
5.47555,4.88868,-0.205584
8.11635,6.74197,2.20359
14.9915,13.3882,8.13426
15.7162,14.6642,8.61344
10.9641,11.185,4.71697
14.5321,15.5798,9.69252
18.3073,18.6229,14.4812
29.405,28.4473,25.3688
26.3502,25.4112,21.7598
8.09091,9.14817,3.67995
0.489632,3.99584,-3.04067
-5.2314,-1.1216,-8.48048
-1.41155,1.71957,-5.03818
-0.882333,1.81724,-4.6586
-5.11417,-1.85446,-8.18093
1.6009,4.78994,-0.0574311
3.49672,5.20617,2.36397
1.22169,1.89288,0.460101
-12.1109,-10.6335,-11.4119
-19.1265,-16.9228,-17.2856
-9.55143,-7.38815,-7.40516
-6.80754,-3.51398,-5.57545
0.558664,6.07214,-0.629409
5.68848,12.7187,2.67088
6.54313,13.6787,3.18192
11.9377,18.7238,9.28026
7.20065,13.9377,5.43928
9.6344,16.1187,7.98304
15.4668,21.6712,14.0293
17.1153,24.0683,16.6059
18.0086,26.4011,18.1068
6.11562,14.9569,6.14704
5.50108,13.768,5.61144
10.0877,18.0906,10.4657
13.9995,21.5186,15.0474
20.3353,26.143,22.5179
10.2926,14.3631,12.9207
4.00348,7.59255,6.37749
3.85877,7.52086,5.96673
7.23689,10.7365,8.60576
13.5611,16.9188,14.1723
8.38436,11.6457,9.67941
6.36472,9.52944,9.20208
2.93939,6.46433,6.32894
-0.489775,3.40453,1.59172
2.01634,4.56844,1.64602
-2.60264,-3.3249,-4.78167
3.04849,-0.760289,1.81461
9.48508,5.1288,11.1507
14.2629,12.7839,18.5183
19.9869,22.6714,26.6067
8.22686,13.8849,16.0222
3.27266,10.4884,10.5051
2.53709,9.8243,8.39731
3.22284,9.62459,6.9024
11.1185,17.0281,12.7302
9.39389,15.6251,10.0567
9.97485,16.3893,10.9652
9.47248,15.5744,11.455
6.3376,12.894,8.32408
4.95739,12.6674,5.74263
-5.50529,2.87713,-6.18006
-8.36102,0.00677527,-9.58989
-2.53984,5.63105,-2.76429
10.2722,18.894,11.6099
18.51,28.7902,20.7412
7.74268,20.6555,9.48917
6.77688,21.7748,7.78847
4.0072,19.3265,5.22587
-4.47514,10.099,-2.68299
-3.60159,9.93906,-1.53669
-0.83998,12.2828,0.564055
11.0373,25.6801,11.6301
12.3048,29.3088,13.1213
-1.96761,15.9733,-0.754706
-9.06387,8.61709,-7.47007
-5.3745,12.2153,-2.78158
5.90398,23.4395,9.62006
5.31764,21.9111,9.02868
3.11486,18.3263,4.89506
9.86174,24.8172,9.26034
9.7889,24.9879,7.89329
12.4742,26.0745,10.4446
6.3367,17.2231,4.71251
-0.285444,9.45016,-2.55099
2.36113,12.9299,-1.33027
-2.7777,9.32447,-7.11161
-0.545676,12.3313,-4.96473
2.65618,14.9901,-1.87614
3.8804,15.7086,-1.27532
4.79587,16.5509,-0.994915
-0.92817,9.36338,-6.49442
3.82242,11.3449,-1.32896
7.43531,12.9719,2.34665
4.77723,9.65466,0.225349
4.13022,9.38487,1.33198
0.498194,6.79931,-1.34784
6.44597,12.4739,3.46397
10.0398,14.1819,5.69362
9.57979,12.4493,4.4261
14.6788,16.711,9.44494
14.9477,15.5368,10.5615
16.4486,15.8165,13.0884
9.06686,8.55323,6.2741
-0.089775,1.23317,-3.09821
-0.976815,2.22114,-3.89742
1.54121,4.99998,-0.0381439
11.9876,15.0532,11.268
10.5302,12.8193,8.40897
4.60503,4.90489,-0.304629
5.96574,3.65701,-0.531023
2.93538,-0.576091,-2.66896
2.95002,0.766134,-0.397033
-2.06763,-3.53805,-3.72131
-1.51928,-6.23644,-3.57383
12.8531,4.32223,9.06796
11.8838,3.98271,7.62063
0.373697,-3.81778,-2.12838
-12.2491,-13.2917,-12.1383
-15.3324,-14.7602,-13.787
-10.7811,-10.7381,-9.55269
-11.6548,-14.7021,-12.3226
-6.24949,-12.241,-9.48005
-4.41116,-10.4503,-8.57711
-3.59265,-8.04847,-6.76392
-0.727295,-4.19791,-2.45452
-4.7365,-8.1846,-5.53998
-5.11654,-8.4635,-5.62085
-8.17681,-10.9832,-8.57742
-4.81587,-7.49933,-5.55832
7.02799,3.66594,5.14576
9.60975,5.22661,5.68089
11.8542,5.88581,6.12859
-0.476293,-8.32057,-6.50362
-14.0346,-21.7981,-19.7998
-5.2624,-11.407,-10.0818
5.88925,0.510537,2.84096
13.9018,8.21791,11.4185
7.18228,1.20594,3.2026
-3.2958,-8.23569,-9.23919
-4.17912,-6.9665,-10.0859
-3.86833,-4.55054,-7.95972
-1.93461,-0.53634,-4.54372
-7.35413,-3.95128,-9.23094
-11.7119,-7.09832,-13.6271
-7.72569,-2.939,-10.339
-2.67996,1.88293,-5.96224
-2.79032,1.75044,-5.73325
-9.99124,-5.45278,-11.5073
-4.70505,0.947161,-5.34641
1.0307,9.65191,-0.220224
-3.15087,7.48329,-6.16088
2.2894,12.5512,-1.78917
4.68825,14.1998,2.4614
7.18342,15.9317,8.80468
6.15881,13.0779,10.08
0.974606,5.76249,3.97849
10.7445,15.2288,11.9313
13.2963,19.9709,13.8377
9.17602,18.2899,10.0153
3.56572,13.6223,6.11748
0.260131,10.5111,4.93123
5.12583,15.8957,10.2867
-1.02003,9.53177,3.90979
-8.44497,-0.333876,-4.54183
-16.5866,-10.5517,-15.2343
-14.7063,-8.60038,-15.7329
5.09326,11.0661,3.65601
5.49552,10.7965,5.49344
-1.39849,4.23803,0.248313
-6.52405,0.0107076,-4.1281
-15.6858,-8.81876,-13.8144
-13.0842,-6.73396,-12.5039
-15.7319,-9.79727,-16.1785
-14.4961,-7.6681,-14.9474
-8.82872,-0.986133,-8.32364
-10.4733,-3.12379,-9.58717
-14.344,-7.90319,-14.2048
-27.4671,-21.4955,-27.5882
-23.9176,-19.0716,-22.7789
-11.0359,-7.47606,-7.37837
-4.89135,-0.389597,0.997264
4.55127,13.0513,10.9691
0.107263,12.5678,5.90147
-6.53793,6.93168,-1.72693
-9.23669,2.8486,-4.99386
-9.73001,0.0297266,-5.64747
-0.933194,6.8955,2.66663
-3.96571,2.6799,-1.03176
-6.64831,-0.101205,-4.46265
-8.82165,-0.556675,-7.14918
-13.7536,-3.23105,-11.3315
-6.31482,5.45129,-2.27764
-5.88022,5.3756,-1.33063
-4.24853,3.94709,-1.08162
-5.00837,-0.938478,-3.6693
-7.16603,-5.7097,-7.73125
3.97857,4.99863,0.365055
3.54906,4.89514,-2.04642
-2.43896,-0.70013,-7.28162
-10.72,-7.6649,-13.9368
-18.8247,-14.2593,-21.1522
-12.2213,-7.33989,-15.14
-7.25363,-3.76822,-11.5012
2.13828,3.5363,-2.32256
6.41604,7.01491,3.50923
4.67385,4.88464,3.96037
16.1675,14.8285,16.4909
16.6475,14.197,15.8952
14.5262,12.9793,11.6125
11.2964,12.1655,7.16194
10.2945,13.3755,6.2326
25.0348,29.129,21.1267
28.85,32.6747,25.223
27.5428,29.8787,25.1304
16.9945,18.265,16.5852
3.14198,4.2677,4.61206
8.3413,8.66823,10.4478
10.7134,10.1913,12.2749
13.8317,13.3936,14.5217
12.0141,11.7712,12.4323
2.96224,2.98239,4.38873
6.5617,7.45454,9.92129
4.8527,7.32496,9.77883
5.57247,8.8096,10.252
3.50993,5.09312,6.72128
-3.28042,-3.84721,-1.10691
1.79252,0.939157,3.19449
1.02596,0.366018,1.5455
7.18844,6.33258,7.15504
10.6975,10.3993,10.6173
4.13898,4.61836,3.91042
5.57234,6.01684,5.17269
2.40614,0.798408,2.60653
6.59245,1.22194,6.68443
9.68528,1.66168,8.02597
3.6142,-4.94984,0.450304
3.2369,-5.12816,0.0595223
-7.51048,-16.002,-9.46174
-7.91212,-16.7141,-8.44053
-0.404607,-8.9392,-0.499845
0.488352,-7.25952,-0.0401595
7.88141,0.992851,6.75417
4.64898,-0.522215,3.46809
8.36642,5.25837,7.70532
20.1361,17.2699,19.7113
31.0829,27.0355,30.2019
35.0541,30.8801,32.5731
12.3939,9.79719,7.90236
4.90288,3.37526,-0.731663
10.9266,8.21772,4.67058
14.121,9.8652,7.46899
22.3939,18.1696,15.6981
8.87599,5.24368,2.07045
2.16472,-0.716553,-4.45699
6.395,4.93462,0.990897
1.88918,1.49136,-2.17671
6.55504,5.64367,3.06747
3.19354,0.422739,-0.292515
6.30569,1.76036,2.52431
8.66365,3.45509,4.51547
-2.21181,-7.34916,-6.81147
3.35856,-1.57533,-1.42315
2.9846,-0.896331,-1.24881
3.75008,1.88422,0.560656
1.84105,0.46477,-0.231465
-10.8856,-13.8785,-12.1649
-8.13158,-12.3785,-9.87614
-7.79398,-12.6675,-10.9469
-2.25492,-7.54086,-5.56557
-2.43941,-7.02848,-5.00838
-11.8087,-15.5693,-14.8438
0.707344,-3.61128,-2.80811
8.24647,2.59723,5.57604
13.7997,7.34506,11.4454
12.1798,5.53031,9.32132
-5.127,-11.3662,-7.71189
-6.90981,-12.1219,-9.00768
-8.3544,-12.5642,-10.6967
-0.481546,-3.39958,-3.30704
0.900943,-0.715034,-2.42651
-15.9517,-17.1586,-19.5383
-18.186,-18.8272,-20.832
-25.4203,-25.5685,-27.0425
-25.6981,-27.262,-28.6628
-25.6307,-29.5973,-31.6842
-32.4061,-37.3044,-40.7628
-21.8971,-25.9531,-30.4498
-18.4051,-21.5039,-25.0862
-9.21049,-12.0386,-13.499
-2.83107,-5.35723,-6.58578
-15.6761,-17.4201,-20.6584
-16.848,-18.4066,-21.9966
-18.4442,-21.6619,-22.3906
-11.8895,-17.5773,-15.3353
-6.91712,-13.5415,-11.248
-12.5426,-18.2494,-18.087
-5.23049,-9.83328,-10.8181
-11.5036,-15.7445,-16.4655
-11.2975,-15.2076,-16.0757
-5.04739,-7.35065,-9.67932
-10.8828,-10.8316,-15.5978
-6.45831,-4.83203,-11.7244
-8.17745,-5.54644,-14.0059
-3.79126,-0.677861,-10.1394
4.64943,7.53554,-1.29283
5.99876,8.91273,1.81667
10.5225,13.8822,8.22394
-2.37393,1.9291,-4.33925
-6.96662,-0.575001,-9.78255
-3.61743,3.76033,-6.96651
-8.26087,-3.47177,-11.7147
-5.91825,-5.04782,-8.91466
-23.1767,-23.8968,-25.7124
-29.5163,-28.5264,-32.3706
-19.8001,-16.4252,-23.1424
-16.2847,-13.5539,-19.464
-4.29865,-3.78861,-7.26546
-11.0445,-10.1408,-14.1203
-16.5866,-13.9383,-18.8766
-17.066,-14.345,-18.0657
-20.7474,-18.9291,-21.3885
-7.36864,-5.57206,-8.75693
-4.2156,-1.34483,-6.96599
2.82906,6.7429,-0.310487
8.88188,12.5726,6.8568
-3.67186,-1.75328,-5.28423
-4.78451,-4.9214,-7.84714
-7.13745,-9.20623,-12.1536
-1.62163,-4.39216,-6.97864
1.09263,0.699046,-2.72433
-6.43126,-4.17651,-8.71515
4.15572,6.17881,2.20605
-0.110644,0.410065,-1.90253
-5.81154,-5.78149,-6.32857
-8.0476,-7.05289,-6.93779
-17.111,-14.7155,-15.4465
-13.5514,-10.5659,-12.3422
-20.7711,-17.3801,-19.7983
-20.9621,-16.1432,-20.1132
-16.5126,-9.68729,-16.2417
-20.4675,-11.9904,-20.7033
-13.9666,-4.20058,-14.4107
-23.1414,-12.4258,-23.3047
-28.8133,-17.433,-27.268
-25.6022,-13.7861,-21.6383
-28.0351,-16.285,-22.7561
-16.8242,-6.08496,-10.8916
-17.581,-9.54366,-11.4349
-11.8178,-7.53006,-6.47223
-5.01836,-2.11355,-1.02807
-19.9102,-14.2593,-17.1305
-17.7284,-9.32799,-15.37
-16.6476,-8.15637,-13.294
-15.1031,-6.73037,-9.81592
-11.4133,-2.1204,-4.90407
-14.5991,-5.0461,-7.87233
-5.94117,2.50893,1.06047
-9.92579,-1.22762,-2.65515
-10.3755,0.778842,-3.49538
-1.68107,11.0211,4.72295
-4.74169,7.75542,1.96794
-6.30348,5.64442,1.13408
-21.1006,-10.4479,-14.0962
-26.9788,-18.3448,-21.3814
-17.4371,-10.0108,-12.309
-14.7156,-6.52949,-9.7114
-0.906125,9.45772,3.68536
-3.81643,7.60165,-0.121194
-12.4329,-2.64789,-11.1557
-4.92144,1.78978,-6.51308
-5.41357,-0.860021,-8.67684
-5.44638,-1.38551,-7.60833
-14.4973,-10.2237,-13.3489
-17.4835,-13.1367,-14.6545
-10.045,-5.70521,-8.38817
-8.41215,-3.5087,-8.81785
-1.11298,4.6624,-3.28271
-4.97335,1.61601,-8.78322
-5.88827,1.28161,-10.0535
-2.41635,3.49011,-4.09546
-12.5369,-9.56173,-11.1912
-15.906,-14.6011,-13.6999
-21.1153,-19.3262,-20.0678
-21.4023,-18.4702,-21.511
-12.4648,-9.25816,-11.7224
-10.5685,-8.18775,-8.88221
-2.61539,-0.904607,-1.15908
3.24979,4.67769,4.79634
9.12874,9.10378,10.8069
2.85418,0.648409,4.36948
-20.2079,-22.5078,-18.2607
-23.0609,-23.6775,-19.6431
-19.4348,-19.1007,-15.3603
-15.625,-15.0033,-13.0717
-14.6586,-14.7159,-13.2511
-18.1753,-21.0963,-16.3567
-10.2637,-15.5691,-7.86658
-8.50058,-13.2604,-6.00216
-5.03496,-7.89993,-2.60835
2.41649,0.9994,5.64292
3.65583,3.9876,7.68682
9.74163,12.6586,13.5044
9.71228,13.0307,12.6905
13.2586,13.6977,15.8801
16.6936,13.9287,20.1104
10.3695,5.39107,14.296
19.9526,13.0819,23.1047
29.0884,20.8954,30.5769
30.2502,23.0375,29.8511
23.7044,19.5525,21.9257
13.0413,10.9784,9.93642
15.9796,15.2134,12.819
14.1411,15.2084,13.2797
12.65,15.1565,14.1001
10.2607,13.8494,12.9415
1.07631,5.31682,4.64639
-3.17196,0.315266,0.849176
-14.2668,-11.9737,-10.0585
-14.4745,-11.7718,-9.97416
-0.558791,2.46167,4.04026
10.1233,12.1918,14.668
21.0127,23.109,26.3965
13.6482,15.9864,19.9473
2.73866,3.96674,8.15953
-5.53492,-5.96369,-1.87735
-18.8275,-20.7301,-16.4108
-13.5796,-16.3839,-11.683
-3.02,-6.14402,-1.31729
11.5138,8.55934,12.9217
18.2136,15.58,19.148
8.02727,5.31128,7.57694
5.45312,2.28635,3.72449
0.183602,-4.36318,-0.912479
-0.0607043,-6.177,0.261977
6.18894,0.705234,7.7069
9.83531,6.18338,11.6251
18.6651,15.7071,19.5628
15.8105,13.1414,15.0276
12.5206,10.7681,8.98033
11.8585,10.7549,6.18068
6.14582,5.00585,0.33949
8.18172,7.18038,3.8983
2.44981,1.87829,0.0316592
2.51143,2.30805,0.521486
7.48271,7.06267,5.30394
6.02945,5.1943,4.61265
11.7295,11.8169,11.3088
7.28135,9.36349,7.0987
-1.95,1.91488,-2.42924
-8.51517,-4.47939,-9.2976
-4.22873,-1.71695,-6.27259
14.8725,17.0292,11.0515
23.9203,27.3984,20.3654
26.1985,30.3193,23.3403
18.1568,21.9752,14.6429
6.76353,10.0483,2.98714
6.32069,9.14097,3.46628
2.82198,5.37131,1.25854
7.18947,10.0248,5.94366
8.52067,13.0621,6.80975
5.21501,11.8015,3.22138
11.6787,18.2004,9.76837
8.49098,12.9454,6.98653
11.7616,13.9156,10.8791
14.0331,14.3812,14.0873
12.1668,11.1943,12.2265
21.0703,18.6943,20.1562
18.997,15.2941,18.4979
19.2232,15.8115,19.8127
17.3936,15.654,18.0228
14.44,13.8745,14.5591
18.8267,18.8598,17.9375
9.42743,10.3464,7.20218
8.73428,10.3344,5.75095
13.6686,15.2836,11.2616
12.2178,13.8994,10.7955
12.1347,14.159,10.5352
2.37655,4.29514,-0.0400002
4.66694,6.15449,1.41722
9.44682,11.1454,5.17209
6.15759,8.67152,1.03454
9.91149,12.5487,4.59391
5.193,6.43722,0.182803
4.86813,4.93785,0.110659
3.38485,3.63461,-1.70154
-0.131507,-0.578275,-6.50128
4.38246,1.87724,-3.36509
2.84151,-1.58069,-4.99317
7.54129,0.191634,-0.148738
1.72114,-9.8005,-6.63976
-5.66768,-19.4107,-14.4693
2.57977,-9.75399,-5.79848
-0.28412,-9.69696,-8.00953
-1.53872,-8.94511,-9.00456
-10.582,-17.1056,-18.0645
-16.464,-23.3199,-24.9607
1.11169,-6.96964,-9.24617
4.21966,-4.7789,-7.1272
9.66656,0.677354,-1.58133
15.2143,6.65406,4.31212
12.7422,4.02802,2.74812
16.7944,7.44961,8.95172
6.01525,-4.76632,0.327178
6.75056,-6.26345,1.283
9.36946,-5.1699,2.28433
7.76247,-7.00674,-1.21001
14.2792,1.09136,4.02445
0.290541,-10.2779,-9.9804
0.0707924,-9.8821,-8.34825
3.68474,-6.9249,-2.01997
-3.26936,-12.3634,-7.65087
3.84177,-2.71767,-1.05369
0.678762,-5.21586,-5.01737
2.94387,-2.27235,-2.88301
3.26627,0.922565,-1.69845
-6.21281,-5.82427,-9.65615
-1.66754,-0.503864,-3.51974
-5.70237,-4.73434,-7.02946
1.6363,2.55855,-0.768311
11.1361,11.9995,7.53282
6.43843,6.64452,3.47082
6.6737,6.38319,6.18632
-11.3505,-10.6847,-9.71448
-13.3977,-11.165,-11.222
-0.791321,1.44752,1.35887
3.95876,4.65086,6.70217
16.26,16.1937,18.5042
12.6932,14.074,11.7535
13.101,15.8303,8.53724
11.3088,12.7003,5.03423
1.70725,1.43463,-4.74826
9.69209,10.8039,3.58708
9.21529,12.7504,4.08854
12.9748,16.2742,10.2867
13.7685,14.9817,14.4348
4.77045,3.99181,6.83349
7.09722,4.40004,7.58594
-5.76748,-9.19356,-7.46059
-6.70113,-8.1979,-9.25338
-0.598638,0.886855,-4.01044
-2.95287,-0.420073,-7.74909
5.08245,6.22188,0.0156315
-7.27524,-8.24642,-11.9583
-12.0355,-13.7979,-16.1718
-5.4901,-6.13886,-8.46384
-1.96068,-1.20079,-3.78016
10.9165,12.0475,9.68564
6.13321,6.76077,5.45762
9.00477,9.53134,8.99258
16.8457,18.8117,17.1007
13.2774,17.2182,13.2623
15.2653,19.7504,14.9249
1.5637,4.709,1.54341
-0.22112,0.891269,0.686565
6.64925,6.04044,8.09528
3.85813,2.60861,4.92032
11.6141,10.9704,11.7375
5.33123,4.93945,4.51238
5.10935,4.01582,4.50931
4.2259,3.15962,4.38048
-8.39144,-7.71625,-8.65229
-3.72673,-1.89039,-5.19739
-2.42074,-1.10022,-4.92582
6.17489,7.77511,3.95908
7.18934,9.79839,6.5132
-3.34508,-0.695863,-3.24408
7.13981,9.47747,7.01996
5.80192,8.10497,5.06312
-0.492723,1.36004,-2.6986
-4.73816,-3.39322,-8.04445
-5.67947,-4.15928,-7.84101
13.4823,15.2415,13.5433
16.7863,19.0529,17.7408
19.1242,22.6949,20.1502
19.4297,23.2619,20.8372
12.78,14.84,14.0337
23.0925,24.1108,23.3267
21.1711,23.4015,20.9469
23.9529,27.2891,24.8073
24.3511,27.6359,26.9137
12.5961,16.3084,15.813
13.4937,17.7542,15.2739
5.61408,8.6547,5.33231
10.3645,11.1604,9.7092
16.6723,17.2422,16.364
7.83294,10.0953,6.37282
13.108,14.9244,10.1353
7.14366,6.53074,3.82896
4.55277,3.28021,0.881945
8.07204,8.31418,3.74763
5.09543,8.49761,2.18376
16.4605,23.053,16.9528
15.3403,22.6434,17.5229
13.6779,19.6826,14.3823
13.567,17.7625,10.4393
18.153,21.7163,9.96343
46.6667,51.7729,34.9201
60.943,69.9959,48.7766
79.439,94.2987,68.0637
105.787,124.874,95.2368
132.811,152.109,123.053
173.928,190.258,164.159
189.661,202.242,179.839
198.686,210.079,189.641
210.66,223.549,202.07
216.541,231.493,207.488
226.446,243.288,218.182
209.683,227.049,204.933
197.355,213.424,196.833
195.148,208.173,197.137
185.335,193.726,188.914
180.615,185.451,186.312
157.768,160.812,164.564
145.826,146.155,151.633
140.994,137.636,145.755
126.901,120.317,131.408
118.42,109.077,122.309
91.8689,79.6815,95.0288
76.4081,60.3347,79.3816
69.633,48.9559,73.2658
51.6289,28.235,56.4674
40.8016,17.3712,46.3166
18.2632,-5.8449,23.4584
7.58159,-20.4608,11.5976
2.21846,-31.2974,4.77822
-11.5721,-49.0115,-9.55584
-6.74293,-46.1053,-3.99025
-17.7493,-57.3193,-14.4619
-28.1392,-66.346,-25.1351
-31.2341,-68.4028,-28.3739
-42.4483,-79.647,-38.9325
-43.6053,-81.1901,-39.5595
-61.0717,-99.4125,-58.1169
-70.1593,-108.741,-68.4705
-63.039,-100.048,-60.5156
-58.0254,-92.4997,-53.4691
-40.4731,-73.937,-34.8728
-37.7956,-73.1444,-33.8365
-42.5707,-80.6812,-41.7011
-48.7183,-87.5074,-48.7993
-63.8327,-100.56,-62.9511
-65.7023,-98.8858,-64.1556
-68.246,-98.7673,-67.7421
-62.9474,-92.8036,-65.1641
-57.8364,-88.5561,-62.3351
-67.2194,-99.4853,-73.2291
-64.4479,-97.9958,-71.5349
-64.9222,-99.0063,-71.5214
-59.2013,-93.6543,-64.2936
-56.5735,-92.3587,-61.6523
-70.2814,-107.164,-76.7911
-69.9306,-105.686,-77.6979
-68.0192,-101.061,-77.1703
-57.4136,-88.1296,-67.512
-50.5632,-79.976,-59.7329
-57.8026,-86.2279,-65.4835
-54.7022,-82.346,-62.156
-57.2499,-84.4522,-65.1071
-55.0982,-81.6651,-62.961
-55.0064,-80.7934,-62.7545
-65.9921,-91.8941,-73.5028
-59.5745,-87.2894,-65.3748
-57.5741,-86.3816,-61.0345
-58.2086,-83.9801,-60.2269
-58.4731,-80.0917,-59.9867
-69.0464,-89.923,-71.9218
-75.8633,-97.4088,-80.6851
-89.1157,-109.76,-94.2706
-80.7967,-100.52,-85.3488
-56.9289,-77.7081,-61.2162
-46.8992,-69.8056,-50.9443
-39.8985,-65.5731,-43.1875
-49.2509,-78.1853,-52.6986
-59.5874,-89.3873,-63.7274
-68.3461,-95.841,-72.0115
-72.9108,-97.7245,-76.2437
-53.1968,-77.1012,-57.3308
-38.0352,-62.4896,-44.0137
-26.8829,-51.0068,-35.1444
-25.2418,-48.7781,-34.2245
-39.8378,-65.0487,-47.1183
-42.674,-70.251,-46.6765
-46.0374,-73.6196,-47.6279
-41.265,-66.4976,-43.4079
-36.6766,-59.2835,-41.2199
-45.4993,-65.9042,-51.9595
-45.397,-63.1572,-51.8521
-49.125,-64.4504,-54.1178
-43.21,-58.7459,-46.7658
-36.2328,-54.4864,-38.6641
-41.8287,-61.6192,-43.8191
-40.2976,-59.1648,-42.3458
-46.0731,-63.8077,-48.098
-44.4808,-62.1987,-46.8623
-31.98,-50.4862,-34.5319
-24.4776,-44.0146,-27.0035
-17.3931,-38.0946,-19.762
-25.5812,-47.4688,-27.7121
-36.3537,-59.5808,-38.8095
-40.7664,-66.6381,-42.6701
-37.3448,-65.8715,-38.5651
-22.4478,-50.706,-24.6345
-21.5785,-47.7466,-25.2357
-19.2545,-44.0208,-23.5673
-17.0684,-40.8875,-20.506
-19.7902,-42.1229,-21.3899
-14.2455,-34.6688,-13.5518
-19.2917,-38.9243,-16.5175
-20.7132,-41.4071,-17.8695
-23.4059,-45.3985,-22.0069
-27.2565,-49.9935,-26.8795
-22.5415,-45.5846,-22.5479
-29.0254,-50.7862,-29.4551
-27.6646,-46.2532,-28.6098
-20.5607,-36.3273,-21.7011
-19.5433,-33.8052,-20.785
-25.1799,-38.156,-26.4247
-36.5097,-48.9015,-37.0229
-29.4778,-42.4451,-29.858
-27.6647,-41.1927,-29.833
-32.3766,-45.7824,-37.1873
-24.3265,-37.6738,-31.0747
-24.2797,-38.3091,-30.4121
-17.5406,-32.0824,-21.0134
-12.5806,-26.4534,-14.5375
-11.1006,-23.1081,-13.5515
-4.46388,-14.4352,-8.33546
-15.1832,-24.222,-20.153
-19.0189,-27.9166,-23.8907
-20.1126,-28.5813,-23.8329
-19.6031,-27.0065,-21.9446
-12.2339,-18.7535,-14.2192
-20.2343,-27.0791,-22.8059
-21.2465,-29.0248,-24.3076
-24.7932,-32.912,-27.5124
-29.3555,-37.1607,-31.1047
-21.3775,-27.7782,-21.8938
-26.2065,-29.8503,-25.2515
-27.7398,-28.895,-26.2016
-29.9192,-29.9673,-29.1171
-33.0738,-33.131,-33.5823
-28.0269,-28.8585,-29.6325
-34.5797,-36.0301,-36.4524
-31.3989,-32.4945,-33.005
-31.5056,-31.908,-33.0116
-34.853,-34.8905,-36.4341
-23.3893,-22.8621,-24.659
-17.0116,-16.1608,-17.5757
-6.75058,-7.37767,-6.95488
-11.0506,-14.3255,-11.7224
-18.4258,-23.2045,-20.0918
-9.81522,-14.5412,-12.0303
-8.37,-13.0653,-10.3089
3.15557,-2.37414,1.52124
8.44582,1.01469,6.59222
3.34152,-5.56173,0.186334
6.22868,-1.79299,0.608855
0.561484,-6.20601,-7.00065
3.87238,-2.84651,-3.72029
0.787191,-5.53396,-5.47554
-6.23478,-11.1281,-11.6179
0.54751,-3.50989,-5.09009
-8.64594,-13.4805,-14.0837
-15.0557,-20.9321,-19.8301
-24.7668,-31.1385,-29.2417
-30.9341,-38.4385,-34.9851
-16.4468,-26.0811,-20.3744
-11.3843,-22.6877,-15.328
-7.78951,-19.0222,-11.4007
-16.1115,-25.4318,-19.6704
-24.0133,-31.1082,-28.475
-14.6868,-20.9194,-20.4189
-17.9074,-24.1473,-24.2969
-18.1844,-23.3526,-24.3659
-23.1893,-26.4779,-28.0684
-32.528,-34.5927,-36.2787
-26.0422,-27.5553,-30.4334
-18.7968,-20.9106,-24.595
0.334816,-3.38514,-5.85461
3.88295,-0.0995199,-1.34865
-5.69796,-7.67961,-9.44417
-4.84823,-5.00457,-7.56021
-14.2662,-13.6633,-16.6641
-11.0784,-9.00114,-13.7358
-6.30505,-2.20933,-8.69191
-3.3527,1.59236,-4.29883
1.62575,5.74189,1.87409
-10.6175,-7.21657,-10.3634
-8.43698,-3.18965,-8.40065
-4.2665,4.1894,-3.52823
-6.21371,3.33651,-4.80996
-4.30942,3.58406,-3.01003
-16.8083,-10.8557,-15.094
-15.7594,-9.95415,-12.8457
-10.4961,-3.17459,-7.55627
-6.96212,2.45767,-6.13018
0.86953,11.4257,-0.381004
-9.03454,0.599776,-10.8598
-8.55498,-0.396797,-10.5452
-9.63815,-1.68157,-11.666
-11.3974,-2.81497,-12.882
-3.56732,5.38478,-3.75186
-11.731,-2.86117,-9.69126
-8.9155,-1.18838,-5.71029
-4.84785,0.0883556,-2.46729
-5.30198,-2.45152,-4.12599
0.268634,4.47993,0.526445
-6.01857,1.29647,-6.22002
-2.45939,6.4846,-2.7204
-2.91744,6.04127,-3.53407
-8.3184,-0.26278,-9.71207
-8.06785,-1.50895,-9.7165
-23.9222,-19.054,-25.0786
-16.9431,-13.6725,-17.8658
-1.6874,1.61275,-3.22375
-1.54988,4.15541,-3.67021
-1.51684,6.59326,-3.56567
-7.45837,0.918411,-9.07003
-0.642715,6.9032,-2.31736
-11.9709,-4.87276,-14.5853
-27.7741,-21.441,-30.8191
-19.5825,-14.3845,-22.6358
-22.3757,-17.5882,-25.3101
-15.9435,-11.5344,-18.1586
-10.2368,-6.61192,-11.783
-7.675,-4.39267,-8.58458
4.194,8.45855,3.78476
-5.40452,1.97469,-5.8816
-7.54721,3.57551,-7.94569
-6.65992,5.95147,-6.27916
-12.9088,-0.545849,-11.2881
-8.00257,4.23688,-5.59202
-12.7622,-0.0394278,-10.4573
-3.808,10.1572,-1.98828
-0.532433,13.9159,0.514124
-11.1017,2.07481,-10.0077
-8.58624,2.71987,-6.0238
-14.5495,-5.06137,-10.7039
-6.72096,1.01298,-3.18684
-2.3691,4.28619,-0.14881
-6.17656,-0.233075,-4.70662
4.05055,8.74953,4.97806
-2.94858,1.10916,-2.84299
-7.37139,-2.1414,-7.60054
-9.01704,-2.26645,-9.51537
-7.94042,-1.20145,-9.24127
4.00914,9.57805,2.36351
-5.71153,-1.33694,-7.42207
-3.46654,0.168698,-5.82476
3.23281,6.97618,0.546501
-0.180831,4.53454,-1.93941
0.809155,5.96332,0.282381
-20.5589,-16.2261,-20.6923
-25.1412,-21.2546,-24.7419
-17.6673,-13.5178,-17.0212
-14.0471,-10.6629,-14.4154
-6.89858,-5.54601,-8.24953
-24.9649,-25.7458,-27.4257
-31.1312,-34.2759,-36.0675
-28.0291,-34.2892,-35.765
-22.1854,-30.3279,-30.6774
1.57681,-6.08394,-5.09146
5.02318,-1.35562,0.832193
3.52306,-1.23682,0.720209
-5.2128,-9.27054,-7.70512
-19.1326,-24.9734,-21.6146
-13.2713,-20.8405,-15.23
-17.8037,-24.8354,-18.6754
-15.0249,-20.9341,-14.7258
-13.8052,-19.2418,-12.5117
-19.0891,-24.3539,-16.7358
-10.2099,-15.1955,-7.12141
-13.5205,-17.4748,-11.741
-6.96012,-8.69167,-7.27504
-6.5271,-6.27462,-6.60151
-15.3753,-15.5467,-13.9178
-6.89573,-9.23922,-5.06926
-8.16488,-12.6142,-7.15104
-2.43502,-9.10165,-3.76811
-2.75448,-11.5035,-7.59856
-14.4208,-22.7881,-20.3227
-16.2626,-21.9944,-19.0094
-30.8635,-34.5154,-29.3196
-29.0502,-32.2841,-25.5147
-21.839,-26.0673,-19.8023
-22.5002,-28.2662,-24.032
-7.63948,-14.7358,-12.0164
-5.12375,-12.6127,-10.1266
-1.82699,-7.71374,-5.24576
-8.76857,-12.026,-10.0787
-18.9875,-22.0474,-19.2724
-7.0593,-12.4744,-7.55396
-5.62868,-12.1271,-7.06738
1.57711,-4.42322,-0.132822
2.03876,-4.05141,1.45059
-4.72076,-12.1887,-4.26347
4.70091,-5.37268,5.02698
3.02619,-9.22244,2.88427
7.09124,-4.949,7.14564
3.20201,-6.63167,3.14607
-9.34453,-16.5265,-10.8035
-1.07413,-6.5413,-4.14186
-0.314613,-5.64072,-4.68265
8.66215,1.61752,3.86628
13.2083,4.07875,10.039
7.47831,-1.67465,6.82836
9.93091,1.36377,10.3944
-6.06293,-15.3472,-5.92795
-7.65968,-17.8431,-8.64724
-3.04973,-12.4043,-5.57986
-4.73528,-11.1124,-8.6388
-1.47431,-5.62604,-6.9134
-19.2184,-24.6835,-25.5794
-19.6215,-28.6756,-25.32
-9.36693,-21.1047,-13.9482
-8.26478,-20.3351,-12.8419
-0.704066,-11.7925,-7.06251
-9.37853,-19.5621,-18.3955
-6.83784,-16.6471,-16.9472
-0.624811,-10.8308,-9.37052
-0.145924,-11.3094,-7.02873
10.9545,-1.25979,5.1303
-1.64916,-14.1634,-6.40187
-7.4563,-19.5466,-10.757
-4.89438,-18.0019,-7.93275
-8.01204,-23.3612,-12.3192
-3.51856,-19.3439,-8.77698
-11.9751,-26.462,-17.3243
-7.4593,-21.6887,-12.578
0.594187,-14.7696,-4.30738
2.62449,-12.5535,-2.90426
12.8245,-0.526397,6.01872
13.008,0.885593,5.15529
22.6886,10.4138,14.2161
18.7965,5.24136,10.2948
4.37678,-11.0697,-3.7953
12.9015,-3.72072,4.82166
6.71946,-8.58358,-1.20994
1.66493,-10.3256,-5.83144
-4.1126,-14.0746,-11.7451
-9.32888,-20.0604,-17.4251
6.26608,-7.19069,-2.09747
5.60562,-9.761,-3.49836
6.93705,-7.5109,-3.14022
3.49189,-9.07095,-6.31022
-4.72323,-15.6097,-12.3175
4.33719,-5.08328,-0.628607
2.80983,-6.6821,-1.60214
9.27285,-1.63375,4.08089
7.60415,-4.45921,2.52884
-8.91636,-21.1346,-13.6367
-11.732,-23.5101,-16.684
-18.4076,-30.2463,-24.1501
-4.02063,-16.1128,-10.1262
11.8967,1.0928,6.49679
9.72016,2.05311,5.0174
14.2734,9.34836,9.01345
9.27103,4.9602,1.47745
16.2628,11.085,6.67875
16.6912,10.1816,8.09995
7.09354,-0.396209,0.224605
12.979,5.62427,6.72401
4.12057,-0.549462,-2.51172
1.98896,2.06266,-4.43919
1.38738,4.53037,-3.62051
-1.85148,1.468,-5.85821
4.5354,6.87515,-0.230913
-10.6011,-9.5261,-16.3305
-16.239,-17.3069,-21.5064
-11.9967,-15.3985,-16.559
-5.66478,-8.59622,-9.57892
9.60861,10.1232,7.15112
-5.13686,-2.29671,-6.85244
-12.3929,-10.1306,-14.8181
-7.19043,-6.25643,-10.2646
-0.724917,-1.15065,-3.36948
16.6829,14.9724,15.1712
9.76729,7.46943,8.48288
8.1873,4.99293,5.50441
7.92281,4.6017,3.26769
4.60429,3.76367,-1.73928
17.9143,20.1865,11.0811
14.003,17.6383,8.88284
10.9588,13.7838,7.63526
7.10009,7.35081,3.17482
0.416283,-1.99645,-5.54497
7.45299,4.24186,0.244603
3.25734,0.741725,-3.40343
8.62288,6.54162,3.9366
10.4298,8.11992,8.02365
1.84705,-0.301335,0.718459
7.02763,6.20712,6.55895
1.32005,2.55974,1.61308
3.03674,5.81511,3.00823
-0.514034,2.9753,-3.04909
-5.54018,-1.83981,-10.8462
13.2486,16.2879,7.4622
16.2897,18.9331,11.841
16.5019,20.3198,13.2374
8.23179,13.2292,4.75181
-3.92937,-0.0806203,-8.31283
5.44337,6.51001,1.08552
7.86907,8.51396,4.63094
14.7207,17.7164,12.7432
12.6673,16.8476,11.4684
3.86055,8.3334,3.15702
11.9288,17.5374,11.62
5.94106,11.8821,5.89705
4.84582,10.5561,5.46852
-1.22313,5.07034,0.0977511
-14.5126,-8.0208,-13.3515
-8.58769,-2.7838,-7.60165
-10.7243,-5.30351,-9.49634
-4.33257,1.55638,-3.61264
-6.64623,1.54429,-6.71654
-19.7037,-8.11993,-19.4865
-16.7265,-4.0565,-15.2055
-21.8554,-10.6939,-19.1124
-13.6818,-4.47573,-11.4363
-8.97104,-0.456817,-8.59985
-16.5185,-7.16485,-17.0869
-12.1947,-3.42748,-11.7813
-20.1707,-13.9086,-17.6646
-17.5617,-11.5287,-13.4743
-11.3439,-3.16178,-7.85287
-14.9046,-6.19031,-13.2256
-12.7722,-4.84777,-11.7906
-25.7243,-17.5011,-24.2336
-23.1715,-13.9124,-19.9131
-13.2708,-3.3449,-7.30784
-11.6452,-1.92447,-3.61954
-5.74444,2.4897,2.3528
-18.8395,-12.6381,-13.1475
-20.5774,-14.579,-17.0737
-15.6882,-8.02488,-11.5735
-13.9824,-5.64348,-8.77523
-3.79459,4.38109,1.08965
-13.3469,-3.74296,-8.77005
-16.2199,-5.25014,-11.198
-15.5978,-5.65074,-9.75555
-21.3352,-12.6361,-14.9417
-11.6557,-2.82679,-5.18535
-14.1777,-4.14322,-8.51914
-15.0788,-2.74346,-10.1818
-17.1384,-2.29077,-11.8192
-23.5045,-6.57574,-18.2816
-18.7796,-0.475306,-14.7488
-27.8509,-9.59011,-25.4813
-20.6801,-4.19603,-19.7972
-11.1806,2.84634,-10.2378
-14.9584,-2.28993,-12.8701
-5.55446,6.77233,-2.47619
-6.84026,5.41605,-2.226
-5.40953,7.47988,1.11604
-6.42527,7.086,0.600684
-13.5136,-0.855344,-7.29191
-6.93258,4.0105,-1.5586
-9.70864,0.260783,-5.77062
-2.00518,7.08467,0.325567
6.70412,13.9002,9.28757
3.64789,9.84598,8.03139
7.45033,14.2931,12.9609
-0.0641843,6.82878,3.9549
4.86608,10.483,5.72728
7.0742,11.7439,6.11749
-0.425551,4.60626,-1.56832
8.29977,13.5602,6.84588
5.98014,10.1507,4.16845
4.08233,6.44598,2.67336
-6.61703,-6.04676,-8.18453
-18.1409,-18.0538,-21.3324
-2.86472,-2.08628,-8.06866
1.66622,1.50278,-5.54294
7.21065,4.79726,-1.05025
12.1838,9.19904,5.27459
5.84106,4.13296,1.98015
5.51978,4.25454,4.49284
-3.11852,-5.75852,-3.24918
4.03663,1.00354,3.23278
9.8164,8.73608,7.76446
4.7261,5.79618,0.577269
11.2462,13.6927,5.36701
1.59147,5.15704,-4.2607
-0.431674,3.30334,-4.61673
3.43026,6.96869,1.42231
4.75992,9.18272,3.79996
12.8401,18.5923,12.0081
1.8098,8.08028,0.825943
2.88732,8.93683,1.28589
11.1539,16.8242,8.2663
8.63633,14.1195,4.11417
13.455,18.6705,8.52723
5.30661,8.85945,0.781985
5.93226,6.76943,1.1433
14.4452,12.9144,9.2055
8.71546,5.05533,2.90396
8.26756,2.97736,1.67404
5.50644,0.00862114,-2.26294
9.46112,4.35696,1.02251
9.99198,4.83838,2.83494
3.00763,-1.78393,-2.34096
7.23301,3.46491,3.78547
5.62626,2.82935,4.93115
10.8336,8.96373,12.1485
14.5644,12.9483,15.7638
9.87855,7.87105,9.55766
7.43054,6.37754,6.02044
0.419797,2.26742,-0.484971
4.51967,8.6695,4.24081
2.25375,5.5888,0.803129
-5.55732,-5.24176,-9.22155
0.357083,-2.3594,-4.49187
2.7723,-1.09596,-1.61981
9.39139,6.17924,6.28916
8.66568,4.69979,6.43364
-0.55588,-6.38017,-2.90208
-0.289663,-6.47671,-2.47253
-5.56128,-10.7157,-6.96876
-2.94309,-6.05326,-4.22411
-1.51511,-3.3364,-3.39071
-3.2016,-5.49671,-5.09009
3.41885,1.05339,2.34472
-3.63114,-5.02185,-4.43257
-7.30477,-8.03649,-8.41002
-7.04736,-7.32943,-8.43697
-1.74896,-0.547222,-4.30767
10.6478,13.4033,6.68129
7.327,9.93075,3.82905
12.4902,14.5213,10.7177
20.7039,22.8367,19.7509
12.1578,14.2317,10.4835
-1.39603,0.46575,-3.54096
-18.6031,-17.51,-19.7076
-24.1617,-24.563,-24.8375
-22.252,-22.7017,-24.1835
-8.40552,-6.66269,-11.2085
12.9517,16.7937,10.9709
13.0753,17.6289,12.6229
10.4045,15.3592,11.1928
3.66771,9.05038,5.50446
2.33214,7.54254,4.72108
9.7742,13.8796,12.3244
2.60642,4.02079,4.91709
1.64409,-0.143581,2.51321
1.58001,-1.57703,1.12773
5.98531,3.2436,5.16136
14.9157,12.454,14.4098
10.3362,7.33643,10.9583
4.03633,1.25031,5.06187
-9.44411,-10.8006,-8.2314
-5.0895,-4.88759,-2.72911
9.81699,11.2438,12.2186
1.62828,3.7581,2.36763
0.685668,3.61543,0.229623
-0.494908,3.12574,-0.623739
-0.275816,2.73841,0.398212
7.78267,9.23214,8.29208
3.03191,3.20646,2.37625
9.51287,9.87874,7.89493
10.5513,12.077,8.64085
5.93039,7.28004,3.96292
11.225,10.6971,9.30911
9.39767,7.64388,8.04683
12.1714,10.9264,11.2479
-4.7538,-5.39202,-6.4126
-21.1126,-22.4355,-23.9969
-12.7325,-15.1166,-16.5398
-10.4737,-13.0754,-14.5338
-5.53312,-8.32512,-9.14567
-11.5652,-15.7004,-14.4604
-18.2828,-24.4542,-20.6387
-17.5318,-24.9679,-19.6047
-32.909,-40.2497,-34.563
-39.1609,-45.9594,-40.7207
-41.6067,-48.3133,-43.7907
-34.8048,-41.8862,-37.7549
-17.013,-24.738,-20.9988
-15.1063,-23.8901,-20.1344
-7.63226,-17.1801,-13.2282
-18.1355,-27.2279,-24.9725
-38.4553,-46.4683,-47.0224
-44.1925,-50.9151,-54.422
-53.4917,-58.4805,-65.1552
-47.2809,-50.9325,-58.5828
-48.8522,-52.4486,-58.5879
-53.9354,-58.2152,-63.0155
-48.991,-53.8673,-58.1738
-51.6874,-57.1104,-60.9562
-42.465,-48.4905,-51.896
-45.0852,-51.4581,-54.1424
-54.6114,-60.9675,-62.8498
-53.3294,-59.8824,-61.1294
-60.7657,-68.2858,-69.1289
-54.2553,-63.0835,-64.9525
-50.1377,-59.878,-62.6609
-52.6262,-62.3416,-64.6257
-53.4387,-62.1974,-65.1378
-60.3468,-68.3028,-73.3877
-50.028,-58.0729,-65.0658
-54.2961,-62.9488,-70.4337
-57.5294,-67.1162,-72.4299
-43.5227,-54.0452,-55.8473
-41.5171,-52.2973,-51.7623
-25.0623,-35.627,-34.4811
-18.5772,-29.7966,-27.68
-23.168,-35.5637,-31.6129
-26.1042,-38.114,-34.6882
-44.7411,-55.4582,-54.1229
-41.7916,-52.2592,-51.1569
-32.4719,-43.6573,-40.96
-27.3498,-39.2109,-34.338
-18.644,-30.7809,-23.9553
-28.1796,-40.2041,-33.2034
-28.3767,-39.5992,-35.3638
-34.5169,-44.5193,-44.4301
-40.1798,-49.7594,-51.4529
-22.8446,-32.9394,-33.1266
-11.5019,-22.6608,-20.0727
10.6983,-3.03521,3.46894
9.76879,-6.44577,2.97157
-10.9149,-27.0825,-17.2168
-15.9528,-30.9202,-21.1897
-33.7527,-47.0851,-39.0419
-36.0463,-47.2376,-41.5238
-31.6987,-41.886,-35.7876
-31.4066,-41.5034,-33.4385
-22.6187,-31.8364,-23.2564
-27.1966,-35.1485,-27.2179
-18.7637,-25.9323,-19.1268
-14.7184,-21.0148,-16.6626
-25.4874,-30.3067,-28.1733
-22.702,-25.4882,-24.4134
-27.8965,-28.9398,-28.606
-23.8521,-24.6684,-23.741
-20.3908,-21.7265,-20.0878
-26.4235,-27.1789,-26.6845
-25.1714,-24.017,-24.9548
-33.758,-30.4094,-31.9453
-25.7457,-22.293,-22.6465
-19.6572,-18.5603,-16.512
-22.6896,-23.3243,-20.6705
-17.2195,-17.7515,-16.9167
-25.9553,-25.3156,-27.2982
-22.8609,-20.6845,-24.696
-19.6383,-16.1626,-20.2589
-18.6414,-14.7044,-17.3693
-2.75378,0.661029,-0.89185
-0.705148,1.26442,-0.151821
4.95509,4.90522,4.76334
3.37986,3.05945,4.75398
-3.74825,-1.55456,-0.473314
1.88864,6.52463,6.00093
-9.13682,-4.50254,-4.28634
-6.47937,-3.93981,0.152112
-2.53846,-2.44912,6.0425
-13.5872,-13.7334,-4.54359
-14.4983,-11.948,-6.22621
-25.1794,-19.644,-17.5539
-23.9294,-17.8071,-15.8842
-17.5924,-12.0636,-9.23757
-17.5354,-11.1602,-10.5991
-11.5033,-4.32164,-6.73374
-16.6913,-10.763,-13.1458
-11.9928,-7.30979,-9.41187
-7.24542,-1.89903,-6.55236
-8.6931,-1.89409,-8.33698
-4.67253,2.64197,-1.06169
-12.0498,-4.61438,-5.91059
-2.23095,7.27635,2.40433
17.2452,29.7671,19.2525
29.11,43.0116,29.2593
40.4552,55.8347,39.1876
32.6813,51.6108,31.9188
37.6738,60.1587,40.4495
54.4421,77.9933,59.5997
70.1924,93.5895,72.9289
94.8332,118.374,94.042
111.809,134.984,109.161
146.79,169.335,143.138
182.39,203.851,178.311
200.981,220.055,196.767
217.671,234.608,214.311
220.5,237.627,218.697
231.672,250.111,230.462
239.188,258.136,237.845
235.714,255.396,234.442
236.218,256.301,234.425
221.256,239.96,217.448
216.738,234.819,212.038
217.504,236.327,215.525
216.274,234.496,218.909
230.478,247.246,235.858
228.069,244.904,232.806
216.377,234.359,219.576
189.11,206.964,190.612
160.113,175.839,158.667
157.774,169.813,154.203
148.983,156.259,145.755
143.628,147.815,142.39
134.611,139.456,135.322
116.301,123.393,116.824
108.419,116.913,107.525
98.6787,107.398,97.7206
98.4021,106.569,99.4509
90.8288,97.957,94.8708
76.3993,82.6765,82.2693
76.2194,82.1262,82.3882
63.6341,70.0443,68.8887
52.6514,60.8077,56.3593
38.691,47.9969,41.9047
25.3495,33.9821,28.9713
31.7619,38.071,35.6241
28.9653,32.0358,32.3206
22.7963,24.2496,25.0191
2.67025,4.15632,4.22073
-15.058,-14.4983,-13.2579
-6.89273,-8.27325,-4.89762
-9.96785,-13.0176,-8.99918
-15.5333,-19.2233,-15.6508
-23.8908,-27.1505,-23.5848
-29.6692,-32.4792,-28.8618
-21.3583,-23.9549,-21.3875
-29.8003,-31.6979,-31.2355
-31.4091,-33.484,-34.5239
-27.5581,-32.7405,-32.8631
-31.5465,-40.9124,-37.9252
-34.3452,-46.0789,-40.2956
-54.15,-66.6248,-59.6278
-62.6914,-75.2095,-66.8054
-64.2976,-76.943,-66.6188
-66.5043,-79.0973,-68.7877
-61.5413,-72.803,-64.6059
-69.5548,-79.0618,-72.6378
-58.5604,-66.6973,-60.8442
-41.3049,-48.2022,-42.5769
-41.7833,-47.6964,-42.8656
-45.1334,-50.569,-46.9167
-61.1609,-66.5915,-63.9436
-65.6163,-71.0175,-69.0404
-62.3428,-67.2612,-65.6763
-62.6584,-66.8444,-65.7939
-54.0164,-57.8068,-57.1753
-53.7528,-57.6116,-57.5438
-46.616,-50.3837,-51.3499
-43.081,-47.0945,-47.6609
-44.999,-50.7729,-48.63
-37.7252,-46.0905,-40.9656
-43.9214,-53.6472,-47.312
-43.3004,-53.0723,-47.0618
-44.8329,-55.2494,-49.638
-55.2083,-65.6679,-61.1328
-58.6905,-67.368,-64.6358
-64.7653,-72.1808,-69.5392
-52.1313,-59.4875,-55.783
-39.7523,-47.2881,-43.788
-40.7816,-48.2946,-45.7186
-35.4394,-43.4099,-40.5404
-37.8853,-47.4259,-43.3308
-33.8001,-44.3938,-39.172
-31.9023,-42.1283,-36.6639
-36.2347,-44.9673,-41.0662
-29.3045,-36.7093,-34.106
-35.4489,-43.4948,-40.6206
-40.9269,-50.6441,-48.21
-45.6367,-56.4658,-55.8801
-47.7384,-58.1504,-59.322
-36.432,-44.7677,-45.9703
-36.9816,-43.9116,-43.0587
-35.2845,-42.7143,-39.4405
-35.5148,-43.4016,-39.3639
-35.8452,-43.0111,-40.4681
-26.9634,-33.7346,-32.6297
-32.2955,-39.7563,-39.1417
-30.7197,-38.6158,-38.7959
-24.7398,-32.016,-32.6798
-23.9067,-30.0599,-30.5834
-20.4777,-26.6241,-25.4339
-30.4799,-38.1952,-33.6034
-31.0094,-40.2798,-32.6937
-28.7413,-39.4312,-29.6075
-27.9797,-39.5543,-28.7996
-17.0235,-27.1683,-18.8099
-19.1152,-26.165,-22.9995
-19.2554,-23.6689,-25.7471
-22.3562,-25.2963,-30.8719
-22.4467,-25.4561,-31.1872
-11.4236,-16.65,-18.4493
-16.4053,-24.2036,-22.221
-13.2166,-21.8349,-19.6183
-0.532148,-9.47716,-8.00149
9.97882,0.0206799,1.33346
21.4241,10.5589,12.9911
14.3934,3.75008,8.54468
7.25707,-1.63128,4.15041
6.18722,-0.822752,3.74285
7.45652,0.501712,3.35846
16.6387,7.7903,10.8927
19.5673,8.72503,13.5325
26.3603,15.2369,20.6129
26.2884,15.4826,21.0829
22.351,10.7739,17.479
27.6035,16.1839,23.2755
30.5078,21.3496,28.0934
38.6935,31.6924,38.2501
34.5914,29.0494,34.0108
29.0519,24.8489,27.0201
35.4682,32.4379,33.5862
33.4128,31.2476,32.8594
32.6866,30.822,31.6866
32.0592,30.1105,29.2257
36.5146,34.7016,31.3714
37.8996,36.9704,30.3132
26.9289,26.5276,18.7629
27.7485,27.6421,20.9138
25.972,27.7797,21.3022
27.8915,31.4909,25.5383
36.561,39.9831,35.1588
31.4773,34.709,29.4121
36.1795,40.8191,33.312
40.9203,47.0222,38.7985
47.4428,53.3999,47.8218
59.3931,63.9821,61.8878
58.6281,61.0736,60.8522
61.972,62.542,62.8238
56.0678,56.9064,56.9991
52.9994,56.4914,55.5639
57.4017,63.7602,61.1979
53.5269,61.1814,56.7457
59.2859,67.0834,61.1329
58.2349,65.3961,59.5145
64.2541,69.1301,65.0032
82.0832,84.2226,81.6031
88.0201,90.412,86.6525
93.6049,99.0927,91.9246
83.2834,91.1386,81.2759
72.8447,80.5702,70.9112
72.4725,79.1987,72.0867
63.0662,70.0334,65.2461
65.4279,74.3911,69.4103
62.91,74.3562,66.6666
62.5257,75.178,64.3546
66.4337,79.4572,66.3288
53.8788,66.7639,52.6493
52.107,63.5373,50.3401
48.4748,57.5675,47.4421
46.7461,53.2218,46.9891
49.4279,53.4417,50.0747
41.8959,44.0556,43.3025
45.9886,47.2926,48.8657
42.8726,44.6173,46.2873
38.7889,41.5765,40.7763
45.9614,49.6998,46.0545
47.2572,51.0647,47.1825
54.9108,57.9442,56.0271
49.906,52.8415,52.7291
39.0318,42.2609,43.2802
24.5413,26.6371,28.3154
-5.4598,-6.08478,-3.28351
-17.8503,-19.8402,-16.1717
-32.9167,-32.9883,-30.9217
-49.9086,-47.5357,-47.4399
-59.4955,-56.0352,-56.2891
-68.9196,-65.2695,-65.3225
-54.0269,-51.6898,-51.0001
-40.6758,-40.5227,-38.9617
-30.6136,-31.0562,-29.983
-15.9215,-15.5689,-15.9923
-7.9592,-7.98977,-9.34859
10.5119,9.31124,7.98298
17.6751,17.0225,15.3498
27.9503,28.6555,25.4452
54.5106,53.9875,51.9095
67.7561,63.9494,67.242
81.1833,75.7544,82.6229
81.9826,76.8921,83.4177
80.8751,76.0919,82.354
83.9919,79.812,85.1753
77.0845,74.3356,75.5306
84.7505,82.6301,80.012
86.2482,82.6406,80.9061
88.2051,82.185,84.1684
93.4018,86.4126,90.7149
82.8039,76.6909,81.4495
84.7754,79.5556,84.8636
88.8239,83.9683,89.3893
95.2472,91.4001,94.7292
100.855,98.5877,99.7538
89.6808,87.9987,89.9007
88.0737,85.2382,89.8722
78.7608,74.0896,81.3552
68.4406,62.9478,71.1633
65.2592,60.6629,67.2095
51.5924,47.6332,52.284
47.839,42.7848,47.3699
37.1394,31.4934,35.8396
32.6826,28.3873,31.8193
38.645,35.7729,39.6413
32.4668,30.1501,34.8015
32.9976,31.2301,34.8835
24.9767,23.0173,26.3238
19.3676,15.6566,20.8583
18.2141,12.8193,19.1606
2.91594,-2.33357,2.76228
-0.611866,-5.44724,-0.872454
-5.95593,-12.1902,-4.57024
-10.5255,-17.3301,-7.19115
-11.3517,-15.6892,-7.71938
-23.3445,-25.4535,-20.9754
-23.5895,-26.9868,-22.6151
-31.5008,-39.0578,-31.1581
-39.9575,-51.3662,-39.248
-46.4439,-58.6368,-44.7347
-69.0401,-79.8803,-66.6008
-78.5874,-88.4461,-76.2008
-90.5295,-99.7971,-87.9331
-100.077,-108.329,-95.7883
-105.203,-112.31,-99.6352
-124.001,-130.532,-119.342
-133.167,-139.774,-130.237
-141.864,-148.275,-139.688
-136.524,-142.113,-133.772
-115.851,-120.966,-112.433
-106.664,-111.853,-103.232
-89.415,-94.277,-85.946
-80.2094,-83.9558,-77.2687
-69.9052,-72.3637,-68.6394
-48.2336,-49.3655,-47.8601
-33.488,-33.2446,-32.1707
-9.74887,-9.01247,-7.27311
-2.35429,-1.31701,0.0805592
6.28335,8.50603,7.76851
20.4467,23.4975,20.392
14.9215,18.5247,13.1382
24.6495,30.282,22.5765
23.1585,31.128,22.8446
15.4909,23.4477,17.551
26.3729,32.281,29.9057
33.3423,38.0125,37.5323
50.855,55.5186,56.318
57.5524,61.2763,64.2967
55.1483,57.1417,60.8087
58.4823,59.047,61.3626
52.3445,52.0528,53.0719
58.7039,58.2654,58.6923
52.388,52.594,52.1916
42.0191,44.2574,40.6662
45.8558,49.85,42.9032
36.0225,38.9916,33.0178
39.5847,40.7573,38.2242
37.9915,39.6991,38.0018
27.0373,30.0261,27.6306
19.4488,22.1676,21.3403
1.36924,3.55382,5.31831
0.920361,2.22969,5.3579
-1.01212,-2.67405,1.49336
-1.82346,-5.82523,0.0315972
4.3626,1.42977,7.81508
-7.93375,-8.78154,-4.39366
-10.5834,-10.3567,-8.54159
-24.3075,-23.9939,-23.9671
-41.8393,-42.565,-43.1832
-32.5082,-34.3113,-34.0515
-26.608,-28.6441,-26.1856
-18.174,-21.1924,-14.8483
-25.6001,-30.7408,-20.8971
-37.2995,-43.423,-33.4425
-36.6735,-42.0717,-34.5899
-50.2717,-54.5896,-50.0622
-50.0726,-53.2681,-51.2671
-47.2607,-50.0471,-49.413
-43.5127,-47.2358,-46.3211
-37.9407,-42.1537,-40.9805
-49.622,-53.6023,-52.7816
-42.7847,-47.0828,-46.438
-34.9226,-39.2822,-39.1808
-28.4317,-31.8751,-32.7657
-16.6667,-18.7255,-20.4767
-29.7967,-30.531,-32.8317
-33.0926,-32.807,-35.6439
-32.0477,-30.0835,-35.1096
-31.7891,-27.2465,-35.9633
-22.7236,-16.1023,-27.1497
-24.8017,-16.5301,-27.9347
-13.4167,-3.58671,-14.3435
-5.54765,5.2102,-5.30864
3.4238,13.9137,2.66454
20.7611,29.3787,18.0427
20.9419,26.7934,16.8043
31.4826,35.4739,26.9294
36.1258,40.8722,31.6665
37.246,44.3205,32.5993
42.2128,50.8355,37.054
27.0676,36.7627,21.7332
27.9099,39.2602,22.7045
35.744,48.6665,30.0987
39.5944,53.5437,33.66
42.5687,56.364,36.8609
30.6563,42.6163,24.3823
41.0678,51.0318,33.7553
47.4173,56.1157,38.8505
40.2142,48.4094,30.5724
43.5898,52.6644,33.7567
34.1304,44.7292,24.1452
33.7334,44.8005,23.7034
33.1186,44.0527,23.9046
30.2227,41.2364,23.015
38.3833,49.1798,34.0129
31.8884,42.108,28.9875
26.6055,35.3297,22.2571
19.7069,25.8604,12.2225
11.1725,15.64,0.815899
8.21779,13.0121,-3.58467
-9.10179,-2.51073,-21.0623
-16.7078,-8.60491,-27.624
-19.5705,-12.1079,-28.4943
-25.7205,-19.2109,-32.6982
-25.1366,-18.491,-30.6501
-31.308,-23.6058,-37.0797
-24.3759,-13.5125,-31.0181
-22.7485,-8.44462,-28.5796
-30.4544,-15.9524,-35.907
-32.2007,-20.4853,-39.3041
-42.4652,-33.0564,-50.7687
-32.4764,-23.7359,-39.4518
-18.2706,-10.0179,-23.4011
-18.2419,-10.2918,-23.2735
-21.4701,-13.6107,-26.8809
-34.1325,-25.8513,-39.8832
-30.4785,-20.6663,-37.2221
-21.2067,-10.307,-28.7046
-17.0668,-6.25023,-24.2511
-17.4162,-7.05047,-23.5188
-40.5435,-30.6215,-46.2706
-50.217,-40.8135,-56.8624
-44.8871,-36.5498,-51.8821
-34.5123,-27.4128,-40.2782
-14.8814,-7.62787,-19.487
-9.19044,0.118447,-14.6045
-5.62164,5.77064,-13.4193
-17.1864,-5.80237,-27.0302
-30.816,-21.5871,-41.5286
-19.169,-12.7101,-30.1519
-9.38717,-4.51281,-21.1514
0.138796,5.21743,-13.1128
-3.17866,2.57798,-16.9074
-13.7,-8.09902,-26.1788
-9.91214,-5.16257,-20.584
-7.91973,-3.5432,-17.9108
6.15985,10.8331,-4.73472
12.3981,16.787,0.306823
-3.73403,-0.151578,-16.5141
-10.8989,-7.30671,-23.1471
-10.7467,-5.86802,-21.6625
-0.900754,5.66667,-11.004
4.61068,12.5302,-5.82025
9.34842,17.775,-2.83339
23.8344,30.8641,9.92378
26.8748,31.8125,13.6861
28.0172,32.5911,17.6993
22.0818,27.1504,14.1298
18.1668,23.1656,10.9155
25.0237,30.0182,17.1196
22.1483,27.1235,12.3028
16.7485,21.2093,4.98456
4.35076,7.80254,-6.69424
-4.55352,-2.45673,-12.836
2.36963,3.5005,-3.93615
4.12981,4.96605,-2.04114
-3.9107,-2.54965,-11.0658
-21.8263,-18.6263,-29.1976
-35.4395,-29.6931,-42.0001
-42.0299,-34.867,-48.3405
-48.2266,-42.0192,-55.8479
-42.1462,-38.7536,-51.8939
-43.6599,-43.0561,-54.0455
-42.6147,-42.6671,-51.6203
-29.1616,-28.4634,-36.6652
-17.44,-17.6194,-24.0604
2.74703,0.497574,-3.11792
8.38713,6.05577,3.38257
5.66875,5.32266,1.65623
8.21284,9.23781,4.46136
8.2328,8.63328,4.3782
6.06513,4.85091,2.16661
-10.9144,-12.6855,-15.7952
-12.2217,-13.3888,-17.8636
-4.09774,-5.54526,-9.02111
-11.2612,-13.3504,-14.989
-9.64049,-11.0889,-12.2246
-10.9468,-11.6235,-11.7948
-8.538,-9.7001,-8.33774
-7.08036,-9.58064,-7.97405
-22.41,-25.382,-24.652
-22.8841,-25.4247,-25.3514
-20.6559,-23.263,-23.1254
-14.2361,-16.3076,-17.291
-8.67621,-9.03685,-12.9606
-23.568,-23.111,-28.1918
-28.8924,-29.7767,-32.4179
-27.0551,-30.3704,-29.712
-5.97694,-10.5055,-8.42709
11.1428,7.62882,8.52678
-1.09539,-2.56106,-3.58949
1.31409,1.0938,-0.257302
-2.13834,-2.49782,-3.28581
-6.92005,-8.35931,-8.76666
0.644626,-2.96616,-1.67942
-0.457028,-6.89477,-2.03584
6.5081,-1.90337,5.76003
3.79142,-5.9233,2.49043
3.00801,-7.34462,1.00301
14.3418,6.00357,12.9465
12.6131,8.57916,12.2072
18.4887,17.5835,18.3585
15.8623,15.3417,15.4145
9.62678,8.63598,8.98892
8.1214,6.9472,7.47272
-5.95216,-7.00288,-6.62765
-5.44134,-5.88392,-6.47073
-8.42988,-8.28818,-10.8504
-5.94051,-4.58801,-9.40566
7.62121,11.0203,4.61864
3.89513,8.03502,1.32974
4.35007,7.69856,1.30845
-5.5992,-2.92945,-9.74944
-12.7951,-10.6002,-18.0843
-6.46773,-4.63519,-12.1377
-10.8236,-8.77072,-15.227
-3.40222,-0.749814,-4.64944
-1.92921,1.28727,-0.357373
-3.40952,-0.353135,-1.33771
4.95135,6.83342,5.09376
2.05335,2.26842,-1.15526
6.29057,4.53639,0.674149
1.30747,-1.52494,-5.29655
-3.19183,-5.73615,-9.88427
1.65954,-1.17089,-4.34924
-6.87913,-10.4102,-11.7383
-4.84135,-8.51849,-7.8005
-9.61393,-14.4491,-11.4707
-15.0752,-21.4771,-17.8268
-14.0621,-20.1875,-17.5122
-29.2896,-33.6168,-32.0073
-33.6921,-35.9225,-36.1005
-34.7885,-35.4461,-38.1416
-30.8946,-30.8862,-34.6006
-25.3828,-25.8954,-27.3219
-36.9477,-38.6076,-36.5399
-31.2205,-33.707,-30.3274
-27.4183,-30.8288,-28.0639
-31.2199,-36.1524,-33.0897
-35.2195,-42.1017,-35.9966
-51.8693,-60.6753,-50.6156
-50.2287,-59.3923,-47.8038
-50.9469,-58.04,-48.6727
-53.3972,-58.3131,-52.5273
-49.4553,-54.1433,-50.3959
-53.0988,-58.9224,-55.5448
-42.2878,-49.3996,-45.0979
-41.9867,-49.6128,-43.3898
-47.1516,-53.573,-46.4628
-46.6507,-50.5238,-45.0128
-55.1776,-57.1803,-53.893
-47.3945,-49.4082,-46.6515
-46.3229,-48.2165,-45.6504
-50.21,-50.215,-49.2052
-44.0745,-42.8643,-43.6415
-45.8355,-45.5816,-46.6433
-35.6261,-37.2169,-36.2621
-35.4782,-37.5532,-35.7985
-39.8006,-40.2663,-41.6307
-36.7205,-35.5306,-40.9749
-39.8542,-38.1484,-45.6006
-24.7491,-23.6613,-30.2112
-17.9988,-18.191,-22.598
-15.8035,-16.1465,-19.5366
-7.94726,-7.2634,-10.8145
-7.89365,-7.6508,-11.4135
4.66732,2.87437,-0.493282
1.54021,-1.19654,-4.40739
-3.79197,-6.12265,-10.0572
7.6591,5.14646,1.14902
9.56275,6.25118,2.55511
18.8627,15.175,11.4419
17.9864,13.7949,11.0211
16.5699,11.7608,10.751
23.4189,18.8276,19.1357
14.7722,10.5668,11.6379
15.6618,11.1384,12.9698
14.7925,9.92348,12.0666
23.9778,18.5225,20.43
38.7224,31.5588,33.5427
32.7365,24.2946,26.2709
39.9912,32.4807,33.0595
42.4675,36.6323,35.3538
33.3047,27.7862,26.3201
24.1076,18.1968,18.5855
12.8676,7.84673,10.2614
24.7998,22.4719,24.29
35.1709,34.3868,34.9053
37.1233,34.9451,36.4468
32.5172,28.3756,30.6696
17.4492,12.2199,14.2365
25.3563,20.2555,22.6902
30.4056,26.6531,30.0404
32.0232,28.7163,33.924
26.218,21.5428,28.4199
-3.45041,-8.37021,-3.29111
-0.888371,-3.23555,-3.10925
14.7217,15.0389,11.7521
22.1567,22.8143,20.3248
32.0818,31.5562,31.6632
30.6266,28.2784,30.4756
36.3597,31.9201,36.0402
35.5172,29.9963,35.2296
34.8678,30.0275,34.2348
42.9551,40.1439,42.1452
35.2848,34.1895,35.082
35.8943,34.3846,36.5399
40.794,37.0354,41.3681
44.7034,39.0365,43.9284
48.453,41.9778,46.5894
37.4574,30.4255,34.9358
41.1117,33.6923,37.6322
45.0568,36.8684,40.5559
44.7531,34.765,39.4554
50.8281,40.0197,45.6019
45.9339,37.6141,41.9979
50.0029,45.1314,47.6244
47.3189,43.6694,44.4264
43.6348,39.5841,37.9114
50.0101,45.0562,42.4088
44.6939,39.217,37.578
46.55,41.4099,40.8046
46.3749,40.4861,41.6298
48.0452,39.3541,42.7651
54.3278,43.2303,46.9517
45.9331,34.9572,37.1704
46.185,37.3014,38.8621
39.7373,32.9852,36.071
30.7542,25.4471,30.7486
36.2832,31.9224,37.9427
37.04,32.9477,37.8062
46.5095,41.6878,45.3487
44.4134,38.3468,41.3985
38.7261,32.841,34.7817
46.1675,42.0065,43.0455
45.7618,42.8379,44.2529
50.7436,47.9899,50.3186
44.9971,43.2825,45.233
40.0751,41.5001,41.2673
47.5407,51.6168,49.8021
45.0856,48.8999,46.8532
50.0068,50.8666,49.1707
47.7029,45.3138,44.7155
48.2706,45.0882,45.7138
59.6835,57.3615,58.835
51.2826,50.5222,50.3172
50.303,52.0002,47.6483
43.6163,47.1602,40.0214
29.9306,33.9825,26.274
34.4904,37.9529,31.0137
38.2221,40.3645,34.7076
50.6279,51.7033,47.1924
59.6495,59.9229,57.2539
62.618,62.0645,62.2005
60.9293,60.1805,61.8469
43.5881,43.8675,43.9767
37.211,39.5565,36.7755
35.274,38.8108,35.0025
40.2358,42.6201,39.9215
52.8607,53.4256,52.3054
47.8982,47.6501,48.0946
44.7531,44.1038,46.2748
44.5673,43.1613,46.8494
50.186,47.9885,51.8814
65.6252,62.1127,66.3615
61.5134,56.3678,61.5699
53.178,48.1234,51.7726
50.1192,46.4596,46.6355
53.5833,50.3811,48.7251
62.8279,58.8844,58.3911
60.8802,57.1531,58.2722
64.5912,62.8704,63.4583
72.5729,72.9624,71.4377
81.9137,83.9257,79.5832
86.8814,89.3534,83.2727
81.8145,82.8857,78.4094
87.7627,87.505,86.2367
92.5942,92.3615,92.8172
96.5744,97.2971,97.9365
104.953,107.65,107.865
108.857,113.904,113.166
120.568,126.632,124.983
128.737,134.072,132.446
119.975,124.822,123.247
102.032,106.173,105.766
84.8267,86.0033,88.7148
73.0167,71.9355,75.939
59.5786,59.2954,62.0711
56.7419,57.8797,59.6715
56.8727,57.3202,59.8349
47.1517,45.2487,49.4706
43.8379,41.3071,46.1597
35.9386,35.4485,39.3556
33.8828,36.0766,38.2444
41.2458,45.1785,46.1846
44.1588,47.8742,49.1443
47.673,49.8541,51.6826
38.1133,39.0983,40.2447
35.288,36.4499,35.1997
44.9199,47.7795,43.7302
45.9483,50.4564,45.2079
42.4803,47.5603,42.9289
32.243,37.8643,33.557
33.1586,40.018,33.6555
39.8129,47.7599,38.1485
32.0372,40.3547,28.372
28.4166,36.7093,24.0431
19.9073,27.0617,16.9698
8.71123,13.8216,8.54497
10.5653,14.6945,12.3915
19.8001,24.3416,21.7108
25.4367,30.6607,25.9663
10.3416,15.8125,9.09681
3.89529,9.2136,1.70556
10.0115,14.3314,8.74072
9.82149,11.7745,10.3228
15.9172,16.0399,16.8948
16.2837,16.868,17.093
16.3063,18.6565,18.3392
15.0098,19.435,18.6126
1.9776,8.09484,5.41136
-2.52211,3.64199,0.204608
-0.44537,3.57122,2.26678
6.69259,8.18327,8.39195
8.72222,9.48132,8.41814
-0.490452,0.468087,-1.40629
4.90131,5.99088,5.20846
12.8245,14.4254,14.5124
18.808,21.3163,20.9569
21.9593,25.643,24.1005
15.8785,20.2137,18.1697
16.3267,20.1091,18.4021
14.9764,18.2482,15.4041
18.6266,22.3012,17.0479
19.7137,24.0357,18.4752
5.9786,11.1841,6.99542
1.97893,8.94288,5.16706
8.41857,17.5072,13.4304
23.6729,34.3173,28.6274
34.6236,46.4048,37.3876
30.1372,42.8561,31.3993
28.2528,41.1519,29.0765
22.2389,34.4069,22.5822
19.1802,29.7828,20.4367
18.9561,27.6369,22.5793
12.2381,20.0932,16.1111
13.6485,21.7622,15.6096
10.1135,18.3964,11.657
7.68169,16.5339,9.87083
6.85907,16.8941,8.35295
-0.0391674,10.4956,-0.0778353
-2.24483,7.86988,-3.40695
-12.122,-2.54528,-12.4776
-23.0776,-13.0765,-20.6997
-38.8486,-27.8939,-33.9286
-64.7369,-53.7975,-58.8659
-86.6668,-76.2428,-82.0284
-119.095,-109.324,-116.859
-154.598,-145.372,-153.852
-190.219,-179.755,-188.819
-240.324,-227.17,-237.197
-303.103,-288.829,-298.324
-387.031,-375.441,-380.856
-460.613,-453.475,-454.564
-505.655,-500.78,-501.138
-527.308,-522.046,-524.105
-518.651,-510.997,-515.748
-505.368,-494.128,-501.526
-485.649,-472.73,-481.174
-457.776,-446.168,-454.387
-422.334,-412.616,-420.241
-377.936,-369.551,-376.357
-346.107,-339.107,-344.383
-311.883,-305.488,-309.898
-282.294,-275.116,-280.745
-260.003,-251.936,-259.416
-222.72,-213.902,-222.861
-193.089,-184.142,-193.322
-170.556,-162.859,-171.373
-155.559,-149.042,-156.925
-148.281,-142.472,-148.226
-125.291,-119.762,-122.772
-106.814,-100.487,-102.9
-90.3057,-83.1202,-87.018
-81.2813,-74.0837,-79.5436
-82.5691,-76.5688,-81.7207
-69.2039,-65.4261,-68.8111
-60.7198,-58.1933,-59.7142
-46.0838,-43.069,-43.4121
-39.7747,-35.9825,-36.0491
-48.6272,-44.9508,-44.2101
-37.3774,-35.0495,-33.6788
-34.5184,-33.5376,-33.7398
-34.2931,-33.5289,-36.0214
-27.5713,-26.6448,-29.6548
-22.7338,-21.2968,-23.1818
-8.40713,-5.91504,-7.23977
-14.4636,-11.4451,-13.6568
-27.0256,-24.0369,-26.9827
-30.4688,-27.169,-29.7883
-38.0704,-34.8512,-36.1251
-34.9123,-32.3779,-32.4349
-43.989,-40.9419,-42.1011
-56.548,-52.4244,-55.1635
-65.1547,-61.8355,-64.1775
-78.6719,-77.6416,-78.496
-76.5834,-77.6022,-76.5926
-98.3248,-100.486,-98.4413
-131.143,-133.705,-131.786
-147.724,-150.741,-149.739
-161.805,-165.415,-165.427
-157.135,-160.686,-159.725
-152.66,-155.534,-153.186
-140.401,-142.389,-140.605
-118.053,-119.535,-117.955
-104.154,-106.02,-102.704
-82.7645,-85.1037,-79.8216
-74.8644,-77.2946,-71.1284
-70.0452,-72.2554,-66.2709
-54.5569,-56.7232,-51.0292
-47.3969,-49.2288,-44.62
-34.0004,-33.8147,-32.6096
-30.145,-28.1035,-30.6243
-19.7906,-17.7895,-20.6763
9.93077,11.8023,11.0913
28.8631,32.3195,31.8744
49.8338,55.8203,53.1132
61.7244,69.6638,64.5562
68.6455,78.3963,72.1277
67.8162,79.7884,72.1479
56.4664,69.1187,59.0009
70.5397,80.8572,70.9641
76.8747,83.3673,78.0372
62.5537,65.9324,65.5194
34.2025,36.3603,37.4547
-15.9112,-13.0755,-13.7784
-53.8301,-49.2859,-52.7857
-84.5508,-78.5867,-84.5649
-103.074,-96.9362,-103.888
-102.476,-97.7433,-102.921
-91.8643,-89.2922,-91.1577
-45.9566,-44.757,-44.1307
1.23491,2.66135,3.49476
36.1156,38.8236,37.6573
68.4077,72.0295,67.9089
89.0462,92.3888,87.1029
118.172,120.077,117.234
136.856,137.314,138.03
154.473,154.77,157.651
177.572,179.039,182.135
180.578,182.99,184.561
177.993,179.815,179.35
171.653,172.419,170.069
183.868,184.133,181.027
209.127,208.601,207.198
210.91,209.333,210.457
206.982,205.693,207.226
195.019,194.986,194.731
190.366,189.989,188.927
197.679,195.358,195.929
190.951,188.521,189.434
190.067,190.014,188.508
182.965,184.338,181.788
175.555,174.708,175.804
174.097,169.131,175.538
163.695,157.072,164.7
163.166,157.493,163.294
155.124,150.126,154.929
150.087,144.879,149.953
156.12,150.306,156.476
150.822,144.161,151.376
151.944,143.87,152.725
148.023,138.236,149.113
145.377,135.612,146.487
153.6,145.67,155.362
151.206,145.026,153.771
156.786,151.797,160.219
153.745,149.93,157.528
144.041,141.361,146.365
150.709,147.977,151.704
156.975,153.304,158.331
167.255,163.357,169.459
165.795,161.925,167.867
162.185,158.018,163.666
164.583,160.977,165.654
151.509,149.702,151.567
141.36,141.429,140.463
133.847,134.646,133.156
131.443,131.583,131.878
129.619,128.961,131.084
111.051,110.485,112.168
100.195,99.8346,101.23
98.9164,97.7905,101.845
101.371,99.3139,106.284
101.354,99.1714,107.097
87.687,85.8215,93.9235
83.7744,82.5183,91.5306
81.3733,80.769,90.2632
77.5688,78.2901,85.6443
74.9319,78.1889,82.1591
58.3826,63.5887,65.3711
47.1693,52.9648,53.9444
39.7423,46.0151,46.4716
38.5425,45.4622,45.2194
38.9376,45.8053,45.4211
29.9826,35.5652,35.6881
30.6333,34.6024,35.6616
24.2646,27.8247,29.385
14.8568,19.1688,19.514
12.3823,16.923,15.7577
0.225094,3.32346,2.45314
-6.99802,-6.70082,-4.95955
-18.0633,-19.9619,-15.2088
-30.1741,-31.4741,-25.8348
-32.3477,-31.6338,-26.7054
-42.0415,-41.3736,-36.9073
-51.3525,-53.8941,-48.2997
-65.9111,-72.5435,-64.3018
-77.3973,-86.6087,-75.6246
-86.2203,-96.1415,-84.1839
-105.572,-114.446,-103.952
-105.971,-112.714,-104.046
-97.3512,-102.34,-94.867
-97.9446,-103.058,-96.7589
-109.254,-116.187,-109.969
-130.963,-138.749,-131.76
-141.364,-148.794,-140.832
-151.922,-159.942,-149.689
-161.557,-170.375,-157.449
-163.375,-171.925,-158.131
-175.073,-182.432,-170.674
-184.785,-190.756,-182.398
-204.553,-209.631,-204.419
-229.156,-233.432,-231.64
-241.398,-244.61,-245.592
-254.576,-255.834,-258.117
-262.428,-261.452,-263.545
-277.996,-276.876,-277.193
-292.336,-293.021,-291.077
-293.213,-296.073,-292.302
-298.123,-301.645,-297.807
-302.523,-303.762,-302.634
-311.577,-309.903,-313.248
-315.032,-312.257,-319.56
-307.538,-305.16,-312.933
-303.66,-302.336,-307.748
-293.266,-293.417,-296.458
-290.887,-292.208,-294.846
-290.284,-291.52,-296.164
-280.223,-280.496,-286.149
-275.761,-274.944,-279.297
-263.846,-262.683,-264.833
-258.233,-257.58,-257.817
-256.614,-256.558,-256.419
-251.307,-251.956,-252.349
-250.958,-253.038,-253.083
-240.467,-244.484,-242.229
-238.509,-242.253,-238.254
-243.094,-243.419,-240.857
-234.377,-231.535,-231.946
-216.621,-212.318,-215.998
-189.159,-184.576,-189.934
-175.679,-171.795,-175.336
-171.002,-167.665,-168.659
-155.447,-152.763,-152.047
-145.44,-143.652,-142.364
-134.784,-132.91,-132.87
-122.455,-119.414,-120.973
-107.487,-102.549,-105.185
-84.3354,-78.1295,-81.1903
-54.6331,-48.7605,-52.2022
-13.3235,-8.92278,-11.9976
10.8765,12.7884,11.8208
17.9016,18.3055,17.3669
31.4856,33.1682,29.4907
52.4389,55.8487,51.771
74.9371,78.485,77.1392
79.4876,82.6739,83.9081
82.6565,85.5291,87.7896
101.242,104.437,106.339
127.173,132.441,131.861
156.078,162.962,159.027
168.13,174.073,168.589
168.833,173.063,167.399
171.801,174.719,170.339
176.816,177.922,176.307
191.464,190.739,191.407
197.14,196.509,197.904
192.077,193.636,194.165
189.358,192.574,192.319
188.715,192.205,191.3
190.066,193.256,191.055
175.649,177.107,174.61
159.167,158.137,156.605
153.671,151.111,150.991
152.673,149.671,150.737
152.978,150.297,151.609
139.645,137.359,137.918
130.325,128.129,127.495
141.583,139.13,139.029
159.883,157.174,158.956
162.801,161.221,163.017
143.886,143.858,144.618
134.953,134.636,135.745
140.041,137.67,140.619
147.463,142.547,146.856
155.843,149.479,152.101
147.747,141.984,141.148
139.849,136.166,133.725
141.855,139.771,138.322
149.879,148.376,148.165
164.496,163.824,164.04
167.017,166.776,168.099
170.871,170.088,172.757
172.444,170.379,173.739
172.241,167.809,172.434
185.77,180.497,185.929
202.523,199.186,204.197
226.774,224.435,229.832
228.653,226.092,231.993
212.261,210.78,215.659
216.854,217.021,219.915
230.013,230.847,231.973
253.716,254.54,255.482
268.936,270.494,272.497
268.53,270.79,274.541
281.038,283.462,288.602
293.066,296.95,300.783
306.497,311.835,314.069
307.29,313.436,316.115
293.524,301.68,303.915
290.391,301.087,301.601
282.215,294.156,294.759
291.542,303.795,305.376
310.702,325.271,324.579
322.97,341.634,336.998
349.532,370.197,364.658
372.632,392.399,388.482
395.177,413.599,411.661
406.764,424.423,424.559
403.571,420.94,422.201
408.007,426.39,426.86
406.019,426.561,426.294
408.184,430.853,431.42
406.881,430.806,431.862
394.279,418.412,418.16
394.59,418.096,416.975
394.959,417.17,418.357
404.91,425.455,430.704
407.165,425.704,433.825
385.223,401.371,411.72
371.826,385.76,398.481
368.584,381.865,395.047
377.862,392.306,403.966
367.045,381.999,393.501
332.391,345.519,359.175
321.57,331.451,347.437
330.602,337.066,354.62
352.967,357.615,374.995
360.523,365.249,381.687
345.996,350.456,368.451
339.908,343.324,364.089
332.852,334.896,357.154
337.716,338.276,361.665
335.726,336.05,360.369
309.911,310.839,335.724
292.588,293.079,319.055
283.469,282.359,309.19
296.459,293.722,320.188
294.684,290.862,316.169
259.66,254.876,279.952
244.108,238.379,264.334
239.357,233.255,258.887
238.117,232.183,256.591
221.074,214.736,239.707
185.26,177.21,205.037
171.112,161.801,191.33
169.131,160.869,188.417
173.734,167.68,191.754
161.759,157.642,178.492
127.601,125.193,143.471
109.775,108.785,126.471
94.8576,95.0747,113.495
93.5261,94.6662,113.013
101.436,102.238,119.528
92.5717,91.4951,108.454
80.2772,77.2377,94.5418
60.0555,56.4104,72.7737
53.8859,50.5398,65.8591
34.4096,31.7447,47.3886
-27.1504,-28.397,-12.8553
-83.3384,-83.4152,-68.517
-129.029,-129.145,-114.489
-157.348,-157.456,-144.327
-184.194,-183.461,-173.569
-226.843,-225.415,-217.116
-256.839,-254.624,-245.369
-287.168,-283.448,-274.164
-306.505,-302,-294.554
-313.508,-309.509,-304.101
-328.977,-324.657,-321.987
-336.179,-329.364,-330.989
-347.915,-337.463,-343.719
-347.706,-334.3,-342.66
-340.715,-326.686,-333.665
-351.901,-339.239,-344.24
-353.533,-342.119,-346.183
-355.39,-343.677,-346.943
-348.367,-335.586,-337.499
-336.185,-322.995,-324.185
-341.213,-327.081,-331.369
-338.769,-322.81,-332.723
-331.816,-316.144,-327.666
-313.609,-300.982,-308.044
-295.138,-285.378,-287.316
-299.083,-290.539,-291.145
-296.959,-289.363,-289.61
-292.957,-286.653,-285.25
-282.503,-276.997,-274.538
-262.323,-257.217,-254.715
-250.28,-244.643,-243.894
-231.051,-224.01,-226.152
-221.039,-213.668,-217.204
-215.324,-208.326,-211.828
-206.552,-199.135,-202.132
-206.3,-198.327,-200.59
-196.083,-188.04,-189.254
-191.245,-183.142,-183.776
-185.804,-178.205,-179.018
-175.96,-170.259,-170.039
-176.204,-172.257,-169.47
-168.139,-163.853,-159.634
-161.221,-155.363,-153.011
-157.607,-151.1,-152.333
-161.279,-156.044,-158.483
-177.637,-174.665,-174.685
-181.222,-179.789,-175.968
-189.131,-188.718,-182.275
-198.871,-200.094,-192.575
-204.464,-206.82,-198.664
-218.917,-220.031,-212.809
-224.934,-224.144,-219.097
-245.878,-244.558,-241.479
-279.131,-276.79,-276.617
-312.865,-309.071,-311.456
-351.889,-348.708,-350.855
-378.878,-377.845,-377.853
-414.433,-415.469,-411.776
-450.618,-452.914,-445.24
-474.272,-476.361,-468.715
-501.774,-501.263,-498.773
-529.478,-524.49,-528.031
-570.357,-562.19,-568.446
-606.174,-597.812,-603.671
-619.203,-612.21,-616.912
-626.867,-620.93,-624.552
-634.938,-630.015,-630.987
-665.909,-662.167,-659.914
-693.097,-688.582,-686.442
-693.274,-686.414,-687.9
-676.579,-667.8,-673.283
-632.563,-623.206,-629.321
-590.595,-581.87,-585.794
-546.436,-536.914,-540.679
-479.633,-467.559,-473.827
-397.275,-384.682,-392.318
-308.131,-298.042,-304.447
-252.27,-244.876,-249.337
-210.185,-203.98,-206.366
-152.45,-146.076,-145.664
-96.8052,-89.4652,-87.3005
-41.0687,-33.5347,-31.4125
-10.7625,-4.35293,-3.42251
0.468454,6.353,4.49933
21.2818,26.7746,22.492
44.9641,48.374,43.66
62.3338,62.722,59.6926
40.5649,38.8408,39.1915
-11.5402,-13.0647,-10.3943
-73.8038,-74.2692,-70.0484
-146.562,-147.03,-141.184
-221.434,-223.038,-216.732
-322.882,-326.862,-319.379
-436.904,-442.758,-434.221
-503.586,-509.793,-503.032
-476.517,-482.846,-478.749
-355.664,-361.802,-359.91
-214.034,-219.541,-220.085
-90.3005,-96.0214,-97.9636
25.1501,18.0173,17.3027
128.689,121.129,122.089
212.525,206.337,207.369
253.673,248.984,249.043
275.909,272.205,271.256
306.816,302.971,302.186
335.889,330.811,330.711
360.398,354.384,354.731
365.338,358.798,360.009
366.502,359.599,362.322
370.978,364.072,368.379
370.709,363.827,368.649
375.689,369.006,372.975
368.129,362.819,364.666
357.902,354.739,353.65
359.146,356.558,354.076
359.61,355.729,354.934
359.735,354.206,357.304
345.664,338.03,344.878
332.532,323.403,331.781
333.805,325.655,333.642
331.737,326.305,332.374
324.95,321.967,325.271
305.599,303.358,304.443
295.402,292.53,292.805
302.561,299.162,299.448
312.409,309.165,308.5
323.035,319.583,318.136
311.856,307.213,306.683
294.068,288.718,288.873
283.373,278.428,277.985
269.654,264.918,264.261
262.569,257.482,258.285
255.551,250.795,252.933
252.572,249.41,250.308
252.214,250.371,249.469
245.811,243.845,242.288
245.925,243.19,240.934
241.791,238.378,235.13
237.669,233.242,230.31
231.247,225.305,225.937
212.798,205.713,211.032
201.329,194.154,201.615
192.491,186.141,192.299
190.69,185.28,189.361
187.895,183.197,187.509
169.118,166.157,169.822
156.786,156.519,157.047
157.077,157.571,156.936
165.358,164.938,165.005
165.727,164.941,165.7
150.643,149.356,151.692
140.854,138.215,143.174
129.623,125.89,133.461
118.888,115.714,124.064
109.315,107.718,114.248
94.0346,93.5756,96.9277
89.9788,90.3385,91.9793
87.2556,88.5444,90.4987
86.3665,87.2124,90.041
84.7925,83.8186,87.6308
74.3445,72.8592,76.5016
70.9913,70.6195,72.9013
72.0003,71.9901,73.9738
77.2482,75.1585,79.2315
74.6538,69.6618,76.4694
60.271,54.7398,61.2334
62.6265,59.3009,63.036
73.1922,72.5354,74.144
69.9277,70.6126,70.707
53.3471,53.347,53.4921
37.5607,35.8396,37.7478
34.7025,32.8019,35.0137
37.3758,37.1256,37.1567
46.281,47.3027,45.0176
42.8842,43.9441,41.7242
24.4219,25.376,23.8743
14.2872,15.9817,12.4476
1.05661,3.44025,-2.90927
-8.19987,-6.22716,-12.486
-12.6214,-11.4452,-15.5327
-16.2595,-16.2039,-18.2861
-15.8734,-17.2551,-17.6362
-25.1588,-27.4065,-26.2526
-29.3261,-31.9131,-30.6437
-27.0214,-29.7047,-30.1224
-25.625,-28.8088,-31.0819
-21.9884,-26.4389,-29.2152
-29.7128,-34.6651,-36.6344
-37.7399,-41.2702,-42.1928
-38.0343,-39.1507,-38.9722
-37.6643,-36.6579,-35.9957
-35.1305,-33.1751,-33.295
-39.2632,-37.5804,-39.0109
-41.1693,-40.3579,-42.3168
-42.1944,-43.084,-43.898
-44.337,-46.8273,-46.5688
-38.0897,-40.627,-40.4278
-32.91,-34.9298,-34.2795
-27.2286,-29.6843,-27.4506
-31.6094,-34.9539,-31.8712
-38.1041,-41.023,-39.695
-31.2599,-32.2226,-33.9965
-24.7119,-23.802,-27.6135
-22.9256,-20.8647,-25.706
-31.949,-29.1466,-34.2738
-33.8929,-31.0824,-35.4058
-26.5744,-24.3508,-27.4583
-34.1081,-33.2341,-34.4239
-36.7431,-37.4978,-36.6042
-32.4535,-32.7763,-31.9031
-24.1302,-22.276,-23.0812
-10.8734,-7.34188,-9.27086
-15.532,-11.0058,-13.5535
-15.3635,-10.3391,-13.6003
-10.2987,-5.53237,-9.26847
-10.8614,-7.14714,-10.1574
-6.86832,-4.34552,-4.84071
-10.6822,-7.48004,-5.96776
-4.26505,1.26081,2.07482
5.7371,12.5855,11.931
14.7624,21.5213,21.5993
31.367,37.9836,39.8603
40.6098,47.3333,49.9723
58.9176,65.5553,68.4687
79.2295,85.0039,88.6107
96.7024,100.655,105.374
111.571,114.217,119.294
101.225,104.216,108.183
91.4008,95.9103,98.0475
90.3961,96.4733,96.4363
91.8538,99.0162,96.7151
94.205,101.905,97.8739
82.9759,89.8977,84.4934
90.5902,96.8927,89.6223
106.864,114.776,106.084
111.398,121.364,113.013
114.872,125.424,117.831
112.379,122.771,115.115
123.891,134.313,125.858
132.969,143.274,134.17
132.436,141.87,132.268
137.291,145.31,134.752
139.696,146.063,135.541
155.968,160.633,151.649
161.953,165.409,158.281
145.91,147.824,143.783
137.214,136.454,136.536
133.274,131.329,132.59
146.204,145.529,145.134
157.047,157.119,155.989
152.078,151.409,150.847
152.438,150.545,150.245
159.866,156.676,156.791
181.39,176.948,178.884
184.592,178.907,183.039
174.402,168.047,173.544
187.469,181.968,186.944
209.19,205.285,208.309
234.233,231.639,232.848
239.106,238.541,237.02
219.591,221.486,216.623
203.057,205.987,200.258
193.222,195.694,191.69
197.074,199.421,196.086
187.104,191.481,185.254
163.163,170.537,160.038
159.11,167.911,154.917
173.587,182.633,168.457
212.058,221.027,206.431
235.766,243.836,230.545
232.429,239.196,228.035
229.632,235.783,226.603
227.407,233.809,226.67
253.922,260.57,254.08
297.076,303.079,295.867
345.92,350.444,343.26
410.651,413.908,407.298
472.865,476.199,469.66
543.143,547.702,540.453
599.305,605.17,596.101
624.785,630.849,619.593
635.569,639.401,628.742
616.407,617.302,609.987
585.746,585.731,580.325
535.803,535.34,530.638
462.855,461.505,458.056
400.54,399.54,396.367
336.866,336.848,333.09
283.287,283.678,279.71
230.863,231.824,226.976
176.282,177.478,171.729
137.518,136.948,132.42
90.4952,87.0733,84.9889
46.2467,41.4799,40.7431
5.83068,1.71832,0.945203
-25.9824,-29.1812,-29.4141
-38.9292,-41.7292,-40.6331
-63.2557,-65.6186,-64.4643
-84.4796,-86.3761,-86.0417
-100.174,-101.772,-102.077
-111.125,-111.388,-113.03
-104.605,-102.541,-105.527
-115.376,-112.194,-115.095
-130.259,-127.835,-129.328
-138.899,-138.058,-137.879
-139.047,-139.819,-138.469
-126.085,-128.503,-126.569
-147.42,-151.297,-149.552
-176.62,-181.86,-179.069
-187.206,-194.549,-188.137
-191.939,-200.623,-191.093
-195.865,-203.201,-193.56
-234.083,-239.216,-231.758
-289.417,-294.285,-288.65
-346.768,-353.519,-347.654
-412.978,-421.411,-414.675
-489.002,-497.612,-490.559
-609.532,-618.553,-610.896
-752.16,-763.009,-753.925
-885.344,-897.836,-887.624
-1010.2,-1022.34,-1012.21
-1124.1,-1134.52,-1125.01
-1270.35,-1279.58,-1270.64
-1451.95,-1461.45,-1452.44
-1624.45,-1634.93,-1624.92
-1729.58,-1740.07,-1729.37
-1740.07,-1749.99,-1739.41
-1749.89,-1760.26,-1750.11
-1918.71,-1929.64,-1919.22
-2351.22,-2361.16,-2350.23
-2819.63,-2827,-2818.32
-2945.67,-2950.54,-2946.05
-2682.38,-2686.04,-2684.23
-2191.35,-2193.96,-2193.45
-1644.25,-1646.26,-1645.88
-1174.09,-1177.12,-1175.32
-848.35,-852.984,-849.036
-680.584,-686.042,-680.911
-560.118,-565.638,-561.602
-390.123,-395.392,-393.608
-197.463,-200.757,-201.561
-59.256,-59.6158,-61.8475
-31.7484,-31.0349,-32.7801
-36.0437,-35.3428,-36.8896
13.0172,14.4719,11.6236
101.395,104.32,99.2486
166.015,170.671,163.36
150.553,156.808,147.743
125.688,132.763,122.744
158.003,165.45,154.598
216.719,225.031,212.995
246.483,255.123,243.618
206.928,215.077,204.56
160.955,169.37,156.853
170.63,179.034,164.448
214.688,222.336,208.819
240.964,249.039,237.279
202.743,212.699,200.463
161.223,173.312,159.34
168.552,180.894,167.013
197.525,207.961,196.733
214.493,224.371,215.095
184.964,197.462,186.595
154.382,169.4,157.087
159.641,174.317,163.576
180.535,193.656,183.87
191.272,203.381,192.593
162.361,173.989,162.393
137.355,148.201,138.415
147.157,156.165,151.441
164.647,171.901,170.794
163.458,170.525,168.466
118.673,127.098,121.906
79.1648,89.7342,81.623
76.7835,88.8362,79.2606
85.3431,97.6059,87.9258
91.1052,103.629,93.3831
69.0422,82.5307,70.0973
47.7839,61.31,47.6833
48.1561,59.4984,48.2752
57.9486,66.1877,59.2722
70.0289,75.324,72.7731
58.4427,60.858,61.5843
47.8442,48.5189,50.3254
48.0173,49.3585,49.9514
47.2877,51.0718,48.5806
55.8399,61.2488,56.3083
54.5453,59.3708,54.888
54.8508,59.371,56.3377
59.5077,65.4374,62.4646
56.1345,62.628,59.777
64.2507,69.0016,68.4048
65.0719,67.9587,69.9426
67.3642,69.9882,72.1556
81.3035,84.0847,84.5337
79.6122,82.7541,80.3209
71.3858,75.2129,70.0866
66.5232,70.2618,65.7894
78.0046,81.5186,80.7113
91.0088,95.1558,97.0836
88.3239,93.0932,95.6304
87.7058,92.4391,95.2445
89.6761,94.5804,96.6227
98.9682,104.805,103.917
100.989,108.095,104.098
89.2793,97.0937,91.9424
87.2969,93.5823,90.6293
85.8784,89.0303,91.0862
86.077,87.7922,93.8877
87.3041,89.755,95.6498
78.0784,82.0507,83.5829
74.5682,79.5018,77.2141
74.8761,79.7577,76.5677
82.1284,86.9199,83.4533
87.0167,91.9051,88.1602
80.0754,86.1274,81.2025
82.5225,90.7176,84.0505
87.5162,95.6287,89.6044
97.3177,102.639,99.5086
103.102,106.723,105.442
94.6153,99.781,97.5558
89.0669,97.2427,93.0459
81.3262,91.135,86.2843
79.6639,89.8174,85.3596
82.1559,92.2453,88.9639
76.5599,85.4763,84.266
80.7855,87.4437,88.5963
90.6548,95.0104,97.6877
95.1709,98.6849,101.009
91.1496,95.6753,97.3028
80.0747,85.9998,87.4814
77.6881,83.5535,85.1064
86.0171,89.674,92.058
99.8369,101.125,104.482
95.8726,96.1014,100.183
75.2507,74.8675,79.7661
64.1939,64.0654,68.6635
58.4534,60.1095,62.2556
59.6247,63.6271,62.3088
55.6268,61.2596,58.0387
43.0444,49.3089,46.8384
36.2613,43.0856,41.302
32.7137,40.075,37.4492
33.9298,40.9891,38.4311
30.6076,36.7848,36.1227
22.804,28.3704,29.2344
9.43737,15.6423,15.9706
-5.52999,2.29992,1.4282
-1.28171,7.22028,6.1931
2.97327,10.888,10.387
0.569796,7.28742,7.53321
0.279041,5.69926,6.4301
-1.85321,3.68101,4.06377
12.2994,18.3933,18.6384
26.2641,30.8305,32.5259
26.6147,29.0585,32.9519
25.4607,27.6337,32.4896
24.4514,27.3023,31.2474
39.2953,42.1694,45.2301
42.8203,44.6594,48.405
30.5711,31.1333,35.0835
26.7532,27.5529,29.4225
28.1789,31.0788,30.3052
44.5797,49.144,47.4737
48.3112,52.2074,52.0788
37.5012,40.5679,42.07
36.4856,40.7724,41.0535
37.161,42.2981,40.5775
42.3338,46.6929,44.5094
35.9461,40.0575,37.9904
22.2997,26.6055,24.8478
17.8767,21.4598,19.36
12.1884,15.1781,11.6212
14.5655,18.0758,13.2299
7.78684,11.6175,6.22549
-8.07377,-5.17708,-10.0484
-13.8016,-11.6869,-15.7261
-17.6146,-15.0342,-19.0477
-13.5109,-10.4079,-14.6554
-22.5481,-19.0788,-24.0001
-38.8846,-34.7516,-40.8083
-42.4339,-38.5898,-44.4192
-41.5668,-39.3887,-42.7638
-29.7148,-29.1687,-30.2879
-26.2195,-26.7208,-27.3302
-30.3727,-32.1852,-32.2719
-23.4038,-27.3333,-25.315
-10.8953,-16.9572,-12.1021
4.61635,-1.58185,3.32564
-1.00609,-5.38347,-4.35873
-16.9834,-20.6176,-22.8514
-18.1148,-23.4442,-24.6088
-8.43564,-15.932,-13.4896
19.5103,11.3789,16.3547
30.6935,22.3763,28.4656
20.1725,11.0059,18.0952
15.1704,6.40847,12.9079
19.2674,11.8774,16.5996
36.2581,28.9307,33.158
23.2629,15.8551,19.8872
-3.06848,-10.0934,-6.0581
0.0454576,-8.18973,-2.47553
11.9838,1.93374,8.93204
35.2216,25.3465,30.8766
46.8359,37.212,40.8963
39.2991,27.9612,32.0088
39.6518,27.2996,32.1961
44.2387,33.07,37.42
59.3443,49.7535,53.0552
59.6874,50.3438,53.6265
46.291,36.0094,40.5042
48.6184,37.3729,43.6194
51.9372,39.4595,47.9248
66.0567,52.361,62.7169
74.0528,61.1797,70.7749
68.9419,59.6658,65.5372
69.3988,63.9042,66.0784
67.3679,62.5414,64.5821
77.2089,70.7769,75.6998
81.2371,73.6275,80.7396
76.2323,68.5231,75.8218
79.1501,72.1602,78.3002
79.3916,73.265,77.6931
90.7769,85.4794,88.3776
97.5341,94.0317,95.3753
97.235,96.3858,95.994
104.441,104.74,103.841
99.5033,98.5312,98.8882
98.366,95.5125,97.6552
92.0897,88.1549,91.5059
79.4382,75.819,79.8695
77.1559,75.1498,79.1694
71.6334,70.9582,74.1068
80.1146,78.9699,82.2372
85.7948,83.5687,87.6174
82.1115,79.332,83.2807
80.6287,77.3654,81.0785
71.8201,68.1692,72.0154
77.8295,74.2126,76.8941
81.3518,77.5897,78.5631
73.5375,68.5983,70.3511
69.1904,63.3043,67.0495
59.198,53.7289,58.546
65.164,60.379,65.0682
73.2174,68.4256,70.5773
71.7622,66.8506,65.3443
75.2445,70.6151,67.8756
73.7023,70.1765,67.5146
84.3252,82.9177,79.4313
86.8275,86.6525,83.6582
76.5876,75.1233,74.7898
71.9459,67.6664,69.7767
56.398,49.7709,53.2913
54.499,47.573,51.2126
57.2197,51.8412,53.8327
54.7725,50.8212,51.381
60.2842,56.4614,57.4456
55.457,50.4817,52.893
58.0286,51.8872,55.9064
60.9747,55.5093,60.3068
53.1325,49.5043,53.1723
54.1318,51.1618,53.2955
53.6497,50.0138,51.2428
60.0147,55.6983,56.242
58.1529,52.9343,53.8983
44.6011,37.9011,40.6099
44.0663,35.6247,40.7304
36.8811,27.0575,34.3154
35.8367,26.3932,34.1308
37.5086,30.0242,35.9868
34.4214,28.7663,33.3042
38.2054,33.5464,38.8689
32.223,27.5643,34.0766
31.4528,26.2265,33.5211
25.6051,20.4594,28.3284
11.3567,6.93575,15.018
8.1578,4.62735,12.2374
-0.830438,-2.55228,2.62141
-1.08997,-0.335553,1.69658
-0.681948,1.69473,2.79781
-13.5846,-10.0896,-8.90614
-16.6884,-12.0095,-11.292
-16.3908,-10.8889,-11.052
-7.06251,-1.33942,-1.74949
-3.86969,0.349084,2.33669
-10.8822,-9.44712,-3.99781
-10.0104,-10.5916,-2.90866
-19.3778,-20.7612,-11.704
-19.0664,-20.7731,-11.2079
-17.6429,-19.9126,-11.0577
-22.0618,-25.0429,-17.4743
-16.1462,-19.5356,-13.02
-24.2987,-27.3483,-22.087
-34.4881,-35.7139,-32.381
-55.1228,-53.7052,-52.3556
-91.6236,-89.1386,-89.1477
-118.161,-116.899,-116.839
-143.695,-143.589,-142.52
-155.577,-154.229,-153.445
-166.319,-162.531,-163.84
-180.813,-175.461,-179.152
-172.321,-165.64,-171.638
-154.345,-146.397,-154.322
-112.481,-105.346,-112.357
-69.996,-65.3752,-69.842
-47.3288,-43.7413,-47.5964
-12.3576,-7.25925,-12.3452
20.4831,28.4667,21.094
51.2893,61.8363,52.7073
70.9661,82.3064,73.9106
78.5453,89.1565,82.6994
94.7293,104.647,98.4862
103.767,113.502,106.445
112.076,120.456,114.21
113.117,119.16,114.997
106.656,113.021,108.635
114.689,123.827,116.98
119.464,129.759,121.693
126.224,135.943,129.118
127.89,137.199,132.274
111.674,120.734,116.487
100.334,109.001,105.508
89.4872,97.6685,96.3674
97.5295,104.198,106.432
118.208,122.006,128.115
123.216,125.842,132.289
122.299,126.321,128.835
115.225,120.201,118.564
114.478,119.735,115.68
110.657,117.265,112.22
103.096,111.03,107.064
115.592,123.097,121.58
132.397,139.918,138.395
145.946,155.583,151.53
143.338,153.883,149.231
132.314,141.894,138.441
148.685,157.714,155.711
174.813,183.216,182.877
201.423,209.825,208.82
217.454,226.838,222.83
220.309,229.631,223.421
249.662,257.236,251.689
302.593,308.016,305.448
372.9,376.895,377.261
446.129,448.122,450.883
513.821,513.726,517.663
593.096,593.376,596.459
687.482,689.409,690.721
845.248,848.314,846.443
1089.6,1093.51,1087.87
1372.74,1377.68,1370.6
1624.94,1631.3,1625.41
1779.83,1787.42,1783.34
1846.84,1855.27,1852.18
1856.53,1865.07,1862.69
1823.81,1831.92,1829.69
1790.07,1798.64,1795.43
1767.44,1777.28,1772.91
1745.3,1755.5,1751.19
1699.3,1707.54,1705.72
1625.13,1631.19,1632.03
1546.66,1553.32,1553.68
1462.19,1469.76,1468.72
1384.01,1390.18,1389.86
1303,1307.38,1308.46
1215,1218.26,1219.59
1145.48,1147.65,1148.27
1087.49,1089.1,1087.25
1037.78,1040.1,1033.83
995.909,998.838,991.042
962.461,964.444,959.87
940.581,941.806,940.078
924.851,926.837,924.624
923.463,926.797,922.347
931.433,935.392,929.532
952.044,955.4,950.003
1004.08,1006.95,1003.11
1080.75,1084.45,1080.97
1183.62,1188.85,1183.48
1303.38,1310,1302.64
1433.73,1440.71,1433.32
1570.46,1576.21,1570.21
1683.11,1687.09,1682.41
1775.42,1777.87,1774.46
1851.38,1852.23,1850.22
1904.9,1903.67,1902.73
1922.99,1919.97,1919.8
1878.06,1874.69,1873.92
1782.78,1780.55,1777.58
1662.77,1662.15,1657.86
1532.41,1532.29,1527.53
1390.37,1389.08,1383.16
1229.01,1225.82,1218.98
1072.41,1067.82,1062.03
939.823,935.025,931.203
838.692,835.057,830.731
749.186,746.931,740.313
634.678,632.429,625.158
513.66,510.35,504.122
402.465,399.088,392.218
308.974,306.902,296.478
226.415,225.036,211.997
125.778,123.74,111.878
24.2178,21.2876,12.4606
-64.2071,-66.2319,-74.2884
-129.057,-128.013,-138.736
-178.969,-176.022,-188.312
-244.68,-242.893,-252.227
-315.235,-315.18,-320.604
-382.589,-382.429,-387.325
-449.352,-447.861,-454.587
-531.788,-530.14,-537.045
-632.259,-632.873,-637.301
-698.64,-701.227,-704.29
-716.047,-717.491,-722.921
-705.207,-704.608,-713.521
-694.318,-693.749,-703.676
-716.652,-717.688,-726.329
-759.885,-762.177,-769.203
-808.46,-810.467,-816.228
-837.761,-838.131,-843.394
-848.552,-846.528,-853.276
-872.607,-868.506,-877.427
-903.557,-899.795,-908.643
-938.058,-936.878,-943.692
-955.192,-956.085,-961.197
-959.366,-960.14,-964.843
-983.098,-982.411,-987.447
-1005.47,-1003.63,-1009.57
-1019.3,-1016.82,-1023.95
-1026.73,-1024.21,-1031.64
-1026.4,-1024.15,-1031.63
-1036.48,-1033.15,-1042.29
-1049.3,-1044.01,-1055.26
-1060.85,-1054.74,-1066.65
-1057.45,-1051.04,-1062.51
-1039.2,-1031.53,-1042.28
-1034.83,-1025.51,-1036.61
-1033.83,-1023.96,-1036.33
-1031.21,-1021.86,-1034.38
-1013.08,-1004.38,-1016.03
-978.462,-970.508,-981.89
-951.645,-944.779,-955.536
-935.036,-928.921,-937.778
-935.912,-930.189,-937.24
-926.505,-922.174,-928.12
-900.265,-897.9,-903.623
-881.957,-879.333,-885.578
-858.075,-852.692,-859.424
-840.783,-833.661,-840.789
-826.21,-819.241,-827.015
-800.536,-793.533,-801.827
-779.314,-771.938,-780.462
-757.948,-749.692,-759.323
-752.255,-741.823,-753.897
-749.718,-737.992,-752.067
-731.591,-720.959,-735.009
-711.017,-701.475,-714.806
-672.642,-662.634,-676.85
-641.717,-630.517,-646.618
-624.059,-612.327,-628.994
-610.142,-598.209,-614.379
-610.352,-597.478,-613.137
-592.59,-578.545,-593.599
-570.986,-555.544,-570.731
-556.97,-539.657,-556.798
-537.722,-519.031,-538.829
-517.905,-499.094,-519.23
-484.133,-465.881,-484.267
-462.131,-444.876,-461.509
-455.531,-439.666,-454.329
-441.238,-426.722,-439.637
-425.957,-413.369,-425.936
-400.593,-389.365,-403.415
-388.66,-376.114,-392.621
-388.321,-373.899,-390.667
-378.104,-364.585,-378.065
-365.881,-354.981,-365.223
-341.128,-331.212,-341.547
-338.697,-327.918,-340.367
-352.113,-340.978,-354.16
-344.246,-333.398,-345.503
-329.548,-318.363,-330.753
-302.069,-290.228,-304.808
-282.823,-270.679,-286.095
-277.687,-266.224,-280.323
-268.524,-258.02,-270.733
-260.262,-248.481,-261.437
-233.411,-219.166,-233.724
-213.378,-199.07,-214.413
-213.766,-200.688,-215.107
-203.537,-190.186,-203.051
-184.522,-170.681,-182.635
-144.71,-131.867,-143.479
-112.121,-100.422,-111.828
-96.9827,-85.0794,-96.417
-71.2717,-58.3793,-69.6931
-45.5195,-31.96,-43.3846
-5.59116,8.20214,-2.59297
27.3265,41.5821,32.1864
45.4456,60.3977,52.0382
73.0388,88.3249,80.3941
94.4874,110.111,101.076
119.155,136.196,123.845
138.354,157.668,141.549
151.196,172.206,154.202
166.384,187.684,169.895
163.238,183.126,166.366
167.174,184.716,169.412
167.142,183.364,169.121
154.116,170.85,156.139
148.27,166.478,150.161
127.228,146.612,128.639
108.114,127.481,109.26
87.4246,105.681,87.9092
57.9486,74.8052,56.767
32.0687,47.9384,29.7309
-5.76138,9.56903,-9.01518
-42.922,-28.4126,-47.6053
-84.7522,-70.7874,-89.4821
-119.16,-103.615,-121.596
-133.492,-115.161,-133.053
-157.651,-138.853,-156.402
-167.606,-151.806,-167.877
-167.739,-156.033,-169.575
-174.314,-165.186,-175.841
-178.409,-170.305,-178.128
-198.777,-191.276,-197.857
-203.369,-196.109,-202.997
-203.937,-197.275,-204.31
-225.61,-220.767,-228.093
-233.351,-229.965,-238.474
-230.448,-226.115,-236.294
-212.358,-206.189,-216.509
-196.53,-191.143,-199.054
-193.549,-191.138,-196.224
-181.961,-180.751,-184.398
-172.067,-169.449,-172.803
-156.454,-152.716,-155.77
-147.372,-144.08,-146.327
-145.807,-143.241,-145.34
-132.013,-129.442,-132.634
-124.71,-122.24,-127
-108.508,-106.409,-112.022
-81.4938,-78.3751,-84.0196
-50.6397,-45.0208,-51.6419
-6.18054,1.82729,-7.33466
22.1566,31.3962,19.7858
49.2308,57.516,46.733
84.5186,90.6281,82.9073
121.627,127.721,120.137
171.067,179.036,168.851
211.663,220.422,208.808
256.075,264.01,253.726
304.227,311.247,303.58
341.196,348.392,342.026
367.93,375.717,369.201
370.36,377.983,371.575
372.427,379.531,373.137
374.753,381.987,373.921
366.489,374.995,364.708
365.122,375.196,365.078
347.742,358.067,349.389
322.23,331.534,323.326
297.881,305.701,297.461
268.321,275.26,265.547
251.122,258.522,246.691
234.071,241.605,230.189
216.41,222.19,213.705
187.234,190.476,184.836
145.386,147.062,142.502
116.503,118.145,113.477
90.4994,93.5238,87.9136
64.8274,69.6036,62.538
34.1352,39.3155,31.3294
3.4838,7.68995,-1.07815
-7.62218,-4.93894,-13.5463
-17.3874,-16.1891,-22.4978
-33.2265,-32.313,-36.2997
-57.627,-55.985,-59.2164
-97.0629,-95.466,-98.8172
-136.645,-136.687,-139.75
-170.67,-173.611,-175.241
-196.708,-202.887,-202.485
-225.35,-233.688,-231.332
-257.945,-267.019,-262.869
-288.742,-297.853,-292.063
-324.558,-332.475,-326.999
-346.744,-351.74,-349.698
-362.146,-364.468,-365.508
-382.311,-383.688,-385.462
-401.677,-402.956,-405.131
-417.618,-418.778,-421.964
-417.183,-417.774,-422.727
-415.72,-415.997,-421.831
-415.457,-416.505,-421.173
-403.348,-405.407,-407.876
-375.126,-378.143,-378.116
-316.457,-320.443,-318.881
-248.45,-252.28,-250.893
-189.85,-191.366,-192.682
-137.803,-136.3,-141.736
-97.0212,-94.796,-101.857
-53.9933,-53.7878,-58.0357
-20.122,-22.451,-21.7808
4.59469,0.397858,4.28322
45.8437,40.5485,45.5156
92.424,87.7597,92.3634
129.156,126.484,129.729
146.057,144.542,147.324
160.419,158.049,161.097
183.979,179.492,182.339
202.119,196.318,198.616
219.214,214.086,215.352
232.414,228.496,229.086
247.328,243.454,244.648
262.256,258.165,260.407
262.079,258.726,260.799
264.571,262.409,262.319
268.52,267.107,264.8
271.004,269.365,266.071
275.33,273.063,269.15
268.656,265.863,262.203
267.873,264.086,262.53
273.646,268.147,269.845
279.783,271.873,276.332
279.231,268.93,274.576
264.847,253.752,259.443
260.685,250.679,255.326
261.704,253.419,256.035
264.238,256.805,259.367
271.946,264.515,269.655
273.194,265.845,272.77
275.207,267.383,275.067
268.379,259.053,268.215
255.198,244.896,254.323
253.331,243.083,251.112
250.362,239.713,247.009
250.372,239.284,246.206
250.224,239.715,246.266
248.425,239.076,245.426
254.613,246.485,252.442
256.166,247.474,254.45
251.22,240.295,249.184
239.572,227.874,236.801
235.533,224.853,231.428
239.181,229.71,233.536
232.14,223.192,226.668
227.24,218.737,223.491
225.502,217.983,223.87
228.098,220.887,227.221
232.883,225.1,230.639
221.296,213.101,217.855
209.629,201.442,207.037
206.005,197.706,204.593
210.359,201.2,208.116
218.742,208.518,215.15
211.762,201.927,207.594
205.758,197.384,200.175
203.216,195.881,195.607
201.695,195.192,193.882
203.06,197.877,197.261
196.244,193.091,192.254
189.968,188.417,186.351
182.61,181.018,179.634
180.392,177.422,178.276
182.896,178.402,180.794
175.649,170.898,173.274
171.147,167.575,168.476
165.375,163.448,162.881
158.339,158.048,156.013
156.74,157.015,153.503
149.887,148.498,145.665
146.976,143.74,142.984
142.204,139.404,139.422
139.169,138.101,137.441
138.273,138.184,136.849
126.981,126.746,125.091
126.303,126.012,123.213
128.534,128.138,124.604
126.543,125.197,123.391
123.932,121.689,122.985
117.722,114.58,118.58
119.24,115.665,119.881
116.673,114.157,115.661
113.668,112.452,111.247
116.879,115.928,114.874
106.227,104.985,105.358
93.1037,92.2122,91.2366
85.7056,85.0771,81.5198
85.4794,83.8907,80.4878
88.3433,85.3859,84.4704
81.8694,77.5415,79.3677
78.9056,73.0102,77.3143
69.9002,62.6172,69.5569
61.1804,53.3092,62.0318
61.7288,54.6364,63.3054
55.8651,50.3981,58.1448
54.451,50.6042,56.7838
56.5366,53.7664,57.9324
56.3285,53.6762,56.032
46.018,43.1962,44.2832
29.5268,25.9373,27.3699
28.9998,23.0987,26.6828
28.8517,20.5222,27.1174
28.2986,19.5555,27.8944
30.4755,23.3973,30.9822
21.5702,16.4663,22.5308
16.5164,12.2791,17.7563
5.48829,0.609143,6.37482
-6.96898,-13.2272,-7.57978
-11.6271,-18.2676,-14.0491
-20.6834,-26.0975,-24.3136
-13.7937,-17.6968,-17.9226
-5.57521,-9.04094,-9.50693
-4.94076,-9.04002,-8.52624
-5.02645,-10.2967,-8.66599
-6.52462,-12.2813,-10.1547
-2.2488,-6.866,-5.75646
-17.5896,-21.1563,-21.5015
-28.9218,-33.8741,-34.0892
-22.0875,-29.6434,-29.4227
-25.7242,-33.939,-35.2546
-22.0848,-29.0184,-31.8426
-18.1095,-24.0108,-25.4705
-13.4351,-18.5704,-17.3061
-4.65153,-8.0233,-6.10453
-10.6239,-11.6466,-11.7249
-7.12283,-6.2017,-8.04199
-2.54741,-0.138383,-2.85979
2.3537,6.24445,1.89809
15.8761,21.3613,15.9567
12.8074,19.1144,14.3134
11.7806,17.0951,12.9729
9.17654,12.1486,8.54394
5.66847,6.26588,4.52862
6.54356,5.87518,6.62618
-2.6914,-3.20091,-1.24584
-0.83193,0.1815,0.556759
-0.660147,3.98916,-1.48517
-3.66152,5.0019,-7.33574
-2.58325,7.16799,-7.21981
-12.3802,-4.2855,-16.4473
-19.0583,-11.638,-22.8841
-34.0006,-24.0954,-37.7062
-45.7723,-33.3712,-49.6648
-41.8103,-29.8018,-46.8312
-51.5769,-41.214,-57.433
-60.627,-50.9139,-65.8513
-71.5296,-60.7606,-75.0962
-73.9469,-60.4456,-76.3181
-57.1922,-40.8053,-59.8104
-51.0978,-33.5862,-54.7003
-41.6577,-25.384,-45.2642
-42.5583,-29.1194,-44.9736
-50.069,-38.9801,-52.0885
-49.1653,-38.631,-52.1604
-62.5585,-51.1939,-66.7344
-68.293,-55.3707,-73.0598
-74.8085,-60.2055,-79.0457
-88.2664,-73.2575,-90.7735
-92.3677,-78.951,-92.4013
-102.664,-90.5562,-100.958
-102.685,-90.8135,-101.019
-99.9802,-89.6015,-99.1392
-101.088,-92.7806,-99.5853
-94.9494,-88.2042,-91.1258
-99.8794,-95.3771,-95.3532
-93.9565,-91.9642,-91.2443
-81.4912,-81.3566,-80.9004
-72.518,-72.8865,-72.8489
-65.6138,-65.1259,-65.2307
-77.2859,-76.3349,-75.0293
-80.6717,-80.433,-76.7296
-82.8819,-83.025,-78.7123
-82.9339,-82.0778,-79.4455
-71.324,-70.0869,-68.5257
-74.5837,-74.5477,-72.4026
-74.295,-75.1403,-72.3689
-85.0312,-86.6269,-83.9315
-112.906,-115.312,-113.55
-120.394,-122.116,-121.652
-119.371,-119.522,-120.123
-108.982,-108.366,-109.334
-101.805,-101.379,-101.806
-103.612,-103.277,-103.229
-100.318,-99.7242,-100.035
-110.843,-110.072,-111.736
-109.478,-108.1,-110.719
-101.454,-99.5891,-101.607
-100.978,-99.7385,-100.654
-87.7789,-87.6676,-87.4948
-80.4386,-80.9477,-79.4919
-74.5694,-74.2364,-71.6617
-77.5666,-75.4246,-73.0599
-89.8411,-86.4367,-86.1166
-85.7699,-82.2151,-83.1251
-78.4092,-75.7196,-75.5127
-65.5687,-64.9926,-62.5766
-61.4046,-64.1388,-59.9362
-70.8234,-75.9567,-71.9583
-65.4494,-70.5339,-67.1055
-62.6192,-66.121,-62.1863
-59.1554,-60.3172,-56.6613
-54.518,-53.0664,-51.6507
-52.6169,-49.0947,-50.6172
-40.9586,-36.2961,-38.7151
-37.3161,-32.4679,-33.4525
-27.7147,-24.2678,-22.8754
-16.4352,-15.4018,-12.6129
-12.0243,-11.3548,-10.4677
-4.13784,-1.94783,-4.04941
-5.75835,-3.24184,-5.89399
-1.16659,0.565443,-0.794035
2.68284,4.19424,3.66187
0.805526,3.25476,1.94932
9.24268,13.2584,9.96044
9.1969,14.6148,8.18178
10.4742,17.2059,7.84824
15.9754,24.0482,13.8199
22.7742,31.3016,21.2248
29.4117,36.5692,26.8671
7.3971,12.9819,3.45412
-5.80717,-0.378314,-9.97653
6.20012,11.6019,3.20511
22.5843,28.1775,21.3835
40.9886,47.5028,41.1972
40.7714,47.4333,41.5267
39.1387,45.1675,40.2999
40.016,45.4544,42.2591
35.589,40.6803,39.1543
36.2053,40.5186,39.7168
31.332,34.0081,32.8406
36.1348,36.9921,35.9417
41.1832,40.3241,41.7505
30.8379,29.564,33.3182
28.4163,27.5897,31.4861
26.7795,26.1754,28.9328
30.779,31.5059,31.9877
30.8929,33.2689,31.5782
23.2537,25.6874,23.28
27.4309,28.7076,27.7817
20.9845,21.66,23.0427
15.2983,18.4031,17.164
14.6217,22.1867,13.4017
12.5814,22.2624,9.83277
24.6946,34.6598,23.0503
42.5548,54.2469,40.7836
72.5815,87.0033,69.4966
100.126,116.985,96.8036
112.125,131.478,108.875
121.637,143.52,117.412
117.081,141.672,111.278
118.73,146.785,112.214
129.74,161.018,123.63
126.395,160.265,120.193
126.654,162.555,119.219
126.161,162.402,117.538
120.139,154.887,111.48
116.212,148.416,107.693
117.741,147.729,108.386
124.051,152.334,114.47
120.234,146.361,110.674
114.772,140.08,104.807
107.656,133.841,98.999
106.828,132.559,99.8353
119.432,143.978,112.508
121.067,146.534,113.888
113.039,140.723,105.509
102.088,130.452,93.7875
96.7726,123.615,87.6535
102.36,127.113,92.8716
100.545,124.076,91.9846
93.467,116.985,86.7862
84.2065,108.149,78.4345
81.3731,105.229,75.1192
88.0241,110.785,80.6222
78.1743,98.9064,68.1879
61.8225,80.2206,49.2494
46.2658,62.4513,33.7539
33.3742,48.56,22.2958
29.1884,45.0283,19.1415
18.1888,34.3061,8.46238
4.71819,19.6705,-5.4386
-12.9832,0.479565,-23.2246
-26.5472,-13.6926,-36.2812
-22.7775,-9.66519,-32.0691
-23.4701,-10.5153,-32.2416
-33.7752,-21.8126,-42.2608
-49.2021,-38.1032,-57.9258
-60.6374,-49.0675,-69.656
-59.0564,-46.3116,-68.2243
-61.4988,-48.3366,-72.0454
-63.2688,-49.6947,-76.2365
-69.0663,-54.6771,-83.0351
-81.018,-66.3359,-95.1003
-82.7832,-68.4701,-96.9367
-87.5567,-73.998,-101.432
-91.3705,-78.9233,-105.414
-94.6803,-83.5767,-108.992
-96.2125,-86.3207,-111.108
-90.2161,-81.4092,-105.759
-91.0129,-83.7541,-105.934
-92.2199,-86.8715,-106.301
-96.9485,-93.206,-110.736
-101.743,-99.9508,-115.771
-99.232,-100,-113.739
-103.944,-106.602,-118.618
-105.742,-109.197,-120.705
-107.492,-111.058,-122.838
-113.315,-116.505,-128.436
-112.148,-114.725,-125.737
-116.488,-118.618,-128.887
-119.944,-121.957,-132.916
-124.821,-126.541,-138.692
-133.596,-134.255,-148.447
-135.813,-134.817,-151.079
-138.824,-137.35,-152.864
-135.262,-136.004,-147.863
-131.952,-135.766,-143.613
-136.088,-141.401,-147.022
-143.245,-147.882,-153.782
-152.272,-154.74,-162.649
-147.729,-148.657,-158.082
-141.511,-142.261,-152.008
-145.268,-145.405,-156.517
-147.869,-146.914,-160.171
-152.335,-151.152,-165.739
-149.088,-147.52,-162.36
-144.017,-141.016,-153.95
-146.659,-141.85,-152.345
-149.84,-144.192,-154.01
-154.628,-149.869,-160.502
-147.496,-144.046,-156.374
-141.785,-138.519,-153.078
-146.974,-142.121,-161.17
-151.132,-144.351,-168.574
-154.067,-147.497,-171.103
-148.041,-143.285,-160.236
-146.492,-143.907,-153.243
-152.021,-151.631,-156.612
-152.645,-153.23,-157.549
-160.397,-160.98,-164.432
-172.373,-171.345,-174.689
-178.698,-173.214,-181.242
-171.201,-162.231,-175.809
-156.801,-148.267,-162.589
-156.228,-148.982,-162.555
-156.848,-149.085,-164.872
-162.383,-153.228,-171.935
-174.071,-164.009,-183.854
-176.499,-165.895,-186.253
-177.748,-165.749,-187.727
-176.973,-163.239,-186.783
-180.226,-166.172,-189.116
-184.939,-171.331,-193.134
-184.296,-170.637,-192.516
-184.743,-170.879,-192.991
-182.61,-168.594,-190.305
-183.077,-168.842,-189.468
-174.453,-159.674,-179.777
-159.976,-144.094,-164.857
-165.702,-148.808,-170.513
-166.269,-148.648,-171.591
-156.337,-138.415,-162.134
-149.517,-131.759,-154.801
-143.569,-125.332,-146.879
-142.589,-124.646,-144.123
-131.123,-116.61,-132.737
-124.424,-114.288,-126.409
-130.889,-122.234,-132.594
-130.02,-119.519,-131.348
-124.327,-111.891,-125.955
-114.222,-101.821,-117.316
-107.836,-96.0276,-111.116
-110.036,-97.3313,-111.494
-120.279,-104.786,-120.302
-130.324,-111.172,-129.73
-123.085,-100.421,-122.753
-118.078,-93.9518,-118.42
-118.1,-95.0578,-118.019
-112.041,-90.0527,-110.869
-107.69,-85.7136,-106.596
-99.7115,-77.3212,-100.406
-106.091,-82.9361,-107.774
-119.245,-96.7918,-118.976
-115.925,-96.948,-112.707
-105.938,-90.5879,-101.577
-92.3864,-79.1184,-88.4753
-93.9504,-83.463,-90.5214
-102.158,-96.7557,-98.4745
-105.399,-105.963,-100.138
-105.609,-111.248,-98.2663
-95.3114,-104.922,-87.0025
-100.657,-113.749,-92.2394
-108.902,-124.182,-100.407
-109.852,-124.671,-101.283
-117.071,-129.876,-108.607
-108.453,-120.144,-100.878
-100.927,-113.946,-95.3452
-98.2897,-113.586,-94.1681
-92.2722,-107.487,-87.4159
-94.8382,-107.582,-87.6465
-85.2759,-95.7155,-75.7266
-82.3888,-92.2805,-72.1062
-84.4332,-95.6901,-75.2838
-74.0288,-87.5148,-66.3118
-74.8986,-89.8987,-67.6863
-73.9167,-89.4116,-65.8431
-76.552,-92.8712,-67.2672
-74.4866,-91.9035,-64.8519
-65.2093,-82.2968,-55.9833
-72.4496,-88.4825,-63.5138
-66.1067,-82.3871,-56.3234
-59.4478,-76.5797,-49.1435
-61.0178,-77.7794,-51.9559
-54.4184,-70.0914,-46.7064
-54.4274,-69.4296,-47.1077
-46.2474,-60.2807,-38.241
-44.3073,-57.1488,-34.6484
-50.7763,-63.5189,-39.5487
-44.9789,-58.6102,-33.0959
-45.8067,-59.7805,-35.0275
-38.117,-51.1809,-29.4592
-31.1847,-42.9407,-23.5592
-35.2644,-45.9448,-27.1216
-34.5048,-44.4365,-25.1862
-44.0736,-53.4092,-33.6628
-40.8689,-50.3492,-30.0181
-32.6158,-43.9975,-23.4579
-32.7685,-46.2878,-27.0887
-27.5297,-41.4581,-23.9264
-29.8552,-43.3648,-25.8737
-22.3704,-35.2715,-17.582
-15.8835,-27.3777,-11.4607
-16.8374,-27.3682,-13.806
-14.6524,-25.9984,-13.4162
-27.3268,-39.3084,-27.4774
-33.1472,-43.9042,-33.13
-34.5365,-43.958,-32.986
-36.6264,-45.7293,-33.5368
-28.1361,-37.3168,-24.3206
-33.1476,-42.3455,-29.0492
-36.7112,-45.5111,-31.917
-43.3232,-50.8301,-37.8582
-48.6861,-54.3319,-43.2113
-34.5065,-39.7057,-29.626
-41.0032,-47.6189,-36.9423
-49.9309,-58.5403,-46.1708
-49.1986,-59.6592,-46.0069
-47.932,-58.6554,-45.9279
-37.8257,-47.7282,-36.0517
-38.0691,-48.4788,-35.6914
-30.1642,-41.3363,-27.4538
-19.7592,-29.5097,-17.0258
-21.2264,-28.1397,-18.8687
-18.0846,-23.7019,-16.3305
-19.6627,-25.9262,-18.3579
-13.0395,-19.3592,-11.5247
-4.65444,-10.2269,-1.69444
-3.12124,-7.56314,1.32363
10.9209,9.2329,13.9457
23.1858,24.9616,21.9074
41.6757,45.6095,38.6139
57.0512,62.3061,55.3584
63.0535,70.3523,61.6287
81.3707,91.2722,79.946
92.3068,103.987,91.3424
105.279,117.808,104.021
115.899,129.202,114.577
119.369,132.237,119.475
127.916,139.35,130.315
120.965,133.288,124.116
124.955,139.819,126.875
145.93,161.934,146.779
166.532,182.869,167.898
192.557,209.117,195.856
200.132,216.866,204.873
202.926,221.05,207.501
209.355,229.236,212.6
200.305,220.809,201.684
194.47,214.354,194.55
191.95,210.483,190.537
193.851,211.926,190.811
197.938,216.281,194.732
199.181,217.42,196.22
201.374,219.51,198.028
191.797,209.968,187.996
189.198,207.742,185.381
190.826,209.482,187.097
185.996,203.811,182.376
189.234,206.189,186.52
192.524,209.141,189.974
197.563,214.256,192.728
193.958,210.897,186.631
178.142,195.389,169.612
174.381,191.566,165.735
178.019,193.58,170.642
181.955,195.056,176.206
183.448,195.028,178.476
184,195.176,179.185
187.395,198.537,182.796
181.804,192.475,177.239
174.536,184.774,169.93
163.239,173.796,159.254
151.091,162.014,147.832
149.966,160.623,147.398
151.563,160.82,150.283
158.243,164.942,158.819
153.225,157.417,156.144
141.729,144.521,145.424
137.307,139.8,139.545
130.744,132.314,132.496
133.214,132.903,135.778
133.828,134.332,136.637
127.237,131.265,129.236
116.582,121.804,117.639
103.245,106.851,104.457
101.429,103.96,102.925
98.3813,100.973,100.199
102.231,104.926,105.019
114.902,118.11,117.748
110.918,116.499,112.808
105.321,113.793,106.924
98.1524,106.491,100.267
93.5454,98.7221,95.8309
98.0539,100.374,100.229
96.9879,98.5174,99.118
103.977,105.348,105.649
101.096,101.509,102.587
91.5471,91.0568,94.0506
94.2293,93.8612,97.8079
97.447,97.2867,100.834
107.858,107.019,109.938
107.279,106.05,107.473
101.805,101.62,99.9086
103.398,104.571,100.212
99.4214,100.334,96.3576
105.613,104.956,103.163
105.385,103.894,103.282
97.865,96.4575,95.3704
98.6739,97.6735,95.63
95.1246,95.4174,93.2807
98.8648,100.322,99.8316
95.167,95.9873,97.4254
90.3349,89.3552,91.0116
98.2582,95.7221,96.9637
100.631,97.7088,99.3011
106.74,104.195,106.395
98.8321,96.4411,97.7496
85.3347,83.0568,82.1254
82.9384,80.5223,78.8512
76.5345,72.8574,73.3636
77.8812,73.1269,75.6441
74.0507,69.509,71.1207
68.2791,63.9337,63.5952
69.5428,65.3296,63.6267
63.9299,60.3397,58.1274
70.6662,67.9158,65.2675
72.8591,71.5959,67.5244
65.2082,65.1952,60.7235
61.9793,60.7336,58.2747
53.278,48.7846,48.9262
58.9715,52.3138,53.7718
60.4399,54.8549,56.612
54.5262,51.0868,53.9677
55.8635,53.2329,55.2129
50.6048,48.7599,45.2476
51.91,50.1999,43.5577
47.1485,43.837,40.5143
41.5804,37.311,37.5631
43.7588,39.4774,39.7512
36.655,31.0438,31.3218
34.831,27.5822,28.5746
25.6497,18.8957,18.019
14.3456,9.40336,5.2231
13.8314,10.6762,5.95551
6.48664,5.02697,2.42092
10.0811,9.34087,7.98315
9.87155,8.18313,7.20665
3.85728,0.264326,0.916759
6.1741,1.10985,3.67218
3.38141,-1.71622,1.91382
9.85138,5.42769,9.7093
-2.85905,-7.42615,-2.8973
-24.8828,-29.7743,-25.1364
-22.7607,-26.1655,-21.9005
-22.4006,-23.7602,-21.3255
-16.9453,-17.9187,-18.3145
-20.5756,-22.5946,-24.2913
-34.4431,-38.0193,-37.9192
-39.4144,-42.6948,-40.5186
-51.9638,-52.9119,-51.1587
-56.714,-56.2273,-56.2616
-61.6849,-61.2873,-62.1419
-68.621,-69.6584,-69.0596
-62.8716,-66.516,-64.1578
-65.4193,-69.7793,-69.7575
-59.5582,-61.1912,-66.3853
-57.6236,-56.7202,-64.8164
-67.2885,-66.8662,-74.6855
-72.0544,-74.177,-79.9041
-85.0224,-89.8378,-92.7436
-79.6114,-85.9613,-87.2923
-68.8902,-75.3313,-77.7789
-72.1367,-78.0175,-82.4855
-74.7844,-80.175,-84.7809
-70.91,-76.039,-78.8422
-35.9264,-41.0408,-42.1623
1.44332,-3.07896,-5.54666
28.5473,25.468,18.7683
63.8577,61.2751,51.6527
86.9793,82.9834,74.0879
117.051,111.98,105.1
146.543,141.708,135.08
165.122,160.165,153.578
187.529,182.174,177.17
197.876,192.227,188.089
219.845,213.773,209.209
241.023,234.42,230.157
246.855,239.187,236.756
252.644,244.046,243.421
242.537,234.223,233.49
239.494,232.401,230.576
244.195,239.123,236.063
253.144,250.965,245.808
276.75,277.086,270.408
291.152,292.326,286.4
308.932,310.194,305.966
322.207,325.228,320.176
328.576,334.474,326.158
347.545,354.257,344.78
358.65,364.027,356.494
379.7,383.147,378.685
398.034,399.479,397.299
407.119,407.637,405.369
438.867,439.8,436.417
465.618,466.853,463.759
498.545,498.31,498.127
542.587,538.583,543.848
579.283,571.203,582.584
614.931,604.668,620.245
639.162,628.031,645.07
671.026,658.826,676.386
709.666,695.758,714.159
749.948,735.078,753.355
805.98,791.843,808.663
849.15,836.446,851.197
880.372,869.019,882.227
909.64,897.94,912.333
944.504,931.089,947.782
997.822,983.936,1001.47
1038.71,1025.06,1043.05
1067.61,1053.26,1072.62
1087.87,1071.64,1093.38
1118.79,1100.26,1124.37
1178.43,1158.85,1183.97
1218.97,1201.1,1225.56
1246.36,1232.31,1255.51
1268.6,1257.66,1279.66
1267.02,1257.62,1277.48
1244.53,1235.4,1253.21
1188.16,1178.12,1194.25
1116.63,1105.88,1119.45
1047,1035.25,1048.58
982.181,968.781,984.732
923.88,909.49,927.929
843.316,828.036,848.423
754.244,737.832,759.764
663.9,647.117,669.767
570.827,555.091,576.789
494.579,480.907,499.99
416.088,404.57,420.015
346.462,336.548,348.562
290.033,280.811,291.481
234.252,224.247,236.81
177.827,165.782,182.394
105.402,92.5599,111.071
41.6081,30.5459,46.7688
-14.6186,-23.5362,-10.387
-79.4797,-87.7422,-76.2462
-129.317,-137.868,-127.164
-172.594,-180.957,-171.317
-212.02,-218.727,-211.546
-249.193,-253.172,-249.129
-299.184,-301.32,-299.456
-345.519,-348.346,-345.406
-385.376,-390.19,-382.783
-416.895,-423.206,-411.711
-444.538,-451.717,-439.284
-467.24,-474.154,-463.457
-478.173,-483.787,-475.596
-503.099,-507.16,-501.026
-533.346,-535.913,-530.381
-555.032,-556.919,-550.069
-565.12,-566.848,-558.62
-567.888,-569.039,-561.277
-581.594,-582.146,-576.693
-585.938,-585.997,-582.944
-576.696,-576.305,-573.226
-568.288,-567.901,-563.078
-558.456,-557.451,-552.392
-554.148,-550.486,-548.862
-546.684,-539.811,-542.776
-533.37,-525.539,-528.409
-517.877,-511.101,-510.399
-498.872,-492.703,-490.459
-490.238,-483.718,-482.587
-476.382,-469.388,-469.566
-454.657,-447.462,-447.561
-435.845,-428.801,-429.325
-420.627,-413.724,-416.242
-420.806,-414.326,-416.765
-423.116,-418.181,-417.322
-421.933,-418.527,-415.558
-417.349,-413.232,-412.459
-405.582,-399.592,-402.575
-401.94,-396.239,-400.337
-415.601,-411.488,-414.844
-437.865,-433.161,-436.803
-446.58,-439.656,-444.301
-449.855,-441.658,-445.897
-462.08,-454.158,-456.352
-459.899,-451.972,-454.294
-449.324,-439.636,-446.806
-432.431,-421.001,-432.514
-406.781,-395.349,-405.54
-398.908,-388.454,-395.257
-400.424,-390.959,-396.886
-407.443,-398.873,-404.154
-407.161,-399.512,-402.367
-395.83,-389.26,-390.793
-393.289,-387.981,-389.818
-387.043,-383.334,-385.055
-386.31,-383.967,-384.899
-387.391,-385.108,-384.718
-385.132,-382.248,-380.991
-392.735,-390.065,-389.127
-390.403,-388.63,-387.907
-383.161,-382.188,-380.934
-375.262,-374.993,-372.647
-362.634,-363.323,-358.863
-358.554,-360.323,-354.274
-353.176,-355.086,-350.28
-354.939,-355.909,-353.705
-354.021,-354.204,-353.716
-339.926,-340.719,-340.197
-335.166,-338.863,-335.217
-331.052,-338.525,-330.378
-329.198,-337.878,-328.771
-320.427,-327.274,-321.77
-305.507,-311.006,-308.664
-304.455,-311.678,-307.105
-299.797,-309.981,-300.691
-294.569,-306.443,-295.702
-289.54,-301.488,-292.757
-282.533,-292.306,-288.007
-283.658,-289.386,-291.055
-276.365,-279.461,-284.712
-269.531,-273.262,-278.341
-266.397,-271.274,-276.674
-260.649,-264.051,-272.464
-262.321,-262.112,-273.38
-255.888,-252.097,-264.104
-253.23,-247.218,-258.777
-256.549,-250.092,-261.447
-255.374,-249.232,-262.243
-257.466,-250.878,-267.169
-248.17,-240.122,-258.862
-236.909,-227.263,-246.098
-227.041,-216.249,-234.189
-221.453,-209.821,-227.45
-233.366,-221.185,-238.67
-238.001,-225.116,-243.468
-236.742,-223.043,-243.903
-233.518,-219.264,-242.686
-223.663,-208.832,-233.858
-223.252,-208.281,-233.659
-220.814,-206.875,-230.545
-216.338,-203.854,-225.189
-203.682,-191.218,-213.078
-190.731,-176.45,-201.288
-203.766,-188.423,-214.293
-215.232,-201.688,-224.919
-220.139,-208.804,-228.871
-216.323,-205.104,-224.366
-202.37,-190.605,-210.947
-193.273,-182.035,-203.415
-177.593,-167.751,-189.289
-172.155,-163.95,-184.62
-178.28,-171.004,-190.469
-179.213,-171.475,-190.423
-178.306,-169.828,-188.194
-164.671,-156.559,-173.437
-156.235,-149.945,-164.175
-157.853,-153.874,-164.644
-156.739,-154.016,-162.422
-160.655,-157.599,-165.854
-155.97,-152.04,-161.018
-154.612,-151.197,-159.409
-155.232,-153.801,-159.606
-152.392,-153.047,-157.219
-154.631,-156.842,-160.503
-140.626,-142.69,-146.373
-129.284,-129.744,-134.042
-125.952,-125.761,-130.015
-119.363,-119.652,-123.296
-119.165,-119.748,-123.636
-112.697,-112.917,-117.713
-111.743,-111.616,-116.424
-117.042,-117.742,-120.912
-115.593,-117.388,-118.544
-119.255,-120.66,-120.468
-119.257,-119.369,-117.695
-123.017,-121.877,-119.281
-124.183,-122.106,-120.566
-114.819,-113.728,-113.362
-112.368,-113.965,-113.217
-100.919,-103.51,-103.524
-93.1497,-94.4554,-97.5737
-91.7711,-92.5558,-96.9155
-93.289,-95.4111,-98.3241
-105.778,-110.067,-111.528
-99.4864,-105.118,-106.25
-95.2633,-100.798,-102.545
-99.4457,-105.548,-106.236
-93.187,-101.272,-98.5924
-92.6846,-101.474,-97.0444
-85.9206,-91.5954,-90.8655
-88.7335,-89.0605,-94.9525
-99.2375,-95.5524,-104.881
-90.9282,-85.5923,-94.9708
-89.0963,-83.8972,-91.9282
-86.2843,-82.1563,-88.707
-87.4216,-83.8889,-91.6803
-92.1884,-89.2131,-98.3265
-81.8961,-80.8137,-87.5172
-78.7222,-79.491,-83.9723
-70.6622,-71.7066,-77.2641
-70.5087,-69.8596,-79.1347
-79.4056,-75.3833,-89.327
-73.9176,-67.512,-82.6785
-69.8576,-64.634,-76.1791
-58.467,-56.2812,-63.888
-60.4136,-59.7046,-66.7109
-74.72,-73.807,-82.3079
-68.6076,-67.2342,-76.2136
-60.2453,-59.1574,-65.9756
-48.8627,-49.7164,-51.7601
-47.835,-51.7972,-47.9134
-55.7643,-62.0346,-53.7186
-49.286,-54.636,-46.6106
-48.4635,-50.3211,-47.3655
-43.6344,-43.6054,-45.2996
-47.4335,-47.9481,-50.5763
-58.3266,-59.7075,-60.0107
-52.3339,-54.1917,-51.0041
-52.4085,-54.3915,-50.037
-49.9877,-53.0939,-48.764
-53.8418,-60.5309,-53.8234
-56.2057,-67.1457,-57.6459
-40.7099,-52.8773,-44.1763
-35.6852,-46.5802,-39.8447
-29.0189,-40.4015,-31.5442
-29.205,-42.6839,-30.0397
-39.4279,-53.0035,-41.1956
-42.5256,-54.2624,-46.7029
-52.2921,-63.0951,-57.696
-50.5602,-62.1306,-56.0497
-54.637,-67.5338,-60.0812
-66.6742,-80.18,-72.2414
-54.595,-67.2736,-60.2001
-45.4777,-57.1195,-50.9964
-41.807,-53.97,-47.7104
-51.8873,-66.5409,-58.2232
-67.7434,-86.2748,-73.6389
-66.1924,-88.0119,-71.6079
-65.4566,-88.2245,-71.4542
-55.4271,-77.99,-62.6188
-47.6404,-69.9933,-55.1534
-48.0772,-69.8634,-54.1233
-49.1555,-70.3391,-53.3831
-64.1281,-84.505,-67.821
-67.3908,-86.1922,-70.7398
-67.9465,-85.2907,-70.1997
-73.1165,-90.8452,-74.7007
-66.7415,-87.1645,-68.6468
-70.3873,-94.7167,-72.7315
-66.3764,-94.3286,-67.5746
-64.3443,-94.315,-63.1677
-73.2827,-103.737,-71.1687
-74.7906,-105.258,-72.9022
-88.6166,-119.224,-85.8708
-97.1976,-128.447,-93.1589
-104.839,-137.618,-100.508
-116.559,-152.361,-111.866
-121.217,-160.972,-114.89
-134.991,-177.991,-126.989
-139.386,-184.211,-131.101
-145.286,-191.198,-136.867
-157.357,-204.561,-147.621
-156.909,-205.82,-145.597
-167.37,-218.657,-154.4
-176.898,-230.381,-161.327
-188.179,-242.956,-170.266
-202.269,-259.393,-183.769
-203.721,-264.781,-185.692
-220.234,-284.369,-201.665
-231.297,-296.469,-210.271
-234.709,-299.694,-211.624
-242.573,-307.614,-219.287
-245.129,-310.827,-222.333
-259.38,-325.252,-237.379
-271.303,-336.899,-249.58
-282.528,-348.27,-259.516
-289.66,-355.745,-265.178
-285.565,-351.785,-260.771
-296.198,-362.754,-271.756
-300.808,-368.649,-276.451
-300.165,-370.58,-275.239
-300.974,-373.233,-274.976
-290.872,-361.587,-263.572
-294.192,-361.073,-265.888
-292.223,-356.576,-263.173
-284.18,-348.602,-255.219
-277.853,-343.229,-249.843
-265.779,-330.781,-237.499
-277.256,-339.503,-247.83
-282.351,-340.425,-253.146
-279.833,-335.151,-253.209
-290.188,-345.641,-266.904
-289.374,-345.481,-267.796
-284.128,-339.178,-262.994
-266.807,-319.188,-244.511
-251.306,-301.135,-225.964
-244.582,-294.06,-216.908
-232.897,-283.379,-205.246
-237.762,-288.851,-212.442
-237.701,-289.296,-215.224
-228.46,-280.044,-206.873
-218.24,-267.998,-195.119
-198.63,-246.368,-172.424
-199.4,-245.883,-171.453
-195.85,-239.567,-170.35
-185.345,-224.678,-164.195
-188.825,-224.393,-170.102
-174.81,-208.847,-156.572
-160.357,-195.12,-142.769
-150.886,-186.429,-136.568
-147.667,-181.854,-139.233
-153.793,-184.901,-149.759
-146.984,-175.294,-144.096
-143.658,-170.052,-141.183
-136.357,-161.349,-133.922
-121.746,-145.726,-118.48
-106.325,-128.148,-103.661
-79.8329,-97.3569,-80.1045
-67.1325,-79.3381,-70.8835
-61.3754,-68.0268,-67.3059
-51.6472,-53.096,-58.2112
-39.8116,-36.9057,-47.011
-8.0982,-2.14439,-16.7668
15.6413,23.9002,5.40512
29.0903,40.6819,17.704
47.1761,62.5397,34.7415
62.3851,80.8835,48.9549
80.2951,101.233,65.7687
83.1382,105.692,67.0439
80.9692,105.885,64.3824
84.1152,112.709,68.7566
84.8782,116.655,70.0961
90.7995,124.819,75.3024
93.0661,128.329,76.3956
101.463,137.063,83.3828
110.806,147.408,91.7416
107.961,146.333,88.0607
107.613,146.584,86.8999
107.977,146.026,86.8987
116.924,154.178,95.6833
129.645,166.418,108.57
138.824,175.181,117.914
156.418,193.267,136.192
154.933,193.315,135.999
138.502,178.891,119.763
126.148,168.454,106.086
115.342,159.646,93.6239
113.358,158.658,91.2218
106.312,150.716,84.5147
105.857,150.176,84.3249
112.493,158.037,91.9474
106.242,152.427,87.2523
96.763,143.761,79.1911
89.1591,137.902,71.9251
91.7819,142.782,73.8303
93.7057,146.279,75.1689
83.9891,136.659,64.1587
77.7515,129.795,55.8695
65.0845,115.468,42.4148
55.85,103.879,35.0705
60.4057,107.282,42.6586
67.1061,113.903,50.4137
76.8729,122.878,60.2707
74.0734,118.414,58.1778
68.991,111.877,53.2102
65.5924,107.099,49.2992
56.0615,97.0052,39.4114
51.3249,93.5735,34.3775
44.0416,87.2465,26.748
44.1642,86.5676,27.1959
45.4981,87.0763,29.5361
36.0073,77.2007,20.146
36.1055,76.3588,19.9437
40.4814,79.3772,24.8102
43.2729,81.105,28.4247
41.543,78.5093,28.1655
32.4991,69.0409,20.6559
30.6027,67.2115,19.2996
28.5824,64.9129,16.8949
34.3355,70.1057,21.7874
41.7532,77.4454,29.2192
34.7731,71.8523,24.0664
28.4066,68.0109,20.0179
21.3928,62.1952,13.3781
24.3734,63.7021,15.1183
31.3757,68.3326,21.187
31.0757,66.8732,19.9641
35.2382,71.0398,23.2978
32.8979,69.5163,21.0229
29.8913,67.9218,17.9865
29.5915,68.0182,16.666
24.1527,61.5593,10.0102
22.8494,58.7656,9.30754
17.5474,51.9489,6.31615
18.6281,52.3729,8.9544
24.9939,58.8244,15.1835
22.6252,56.6011,11.5471
22.6876,56.4194,10.8651
13.2359,45.8787,2.09646
5.07245,36.4147,-5.32835
6.86481,36.9224,-3.64322
8.44834,37.6905,-2.54463
11.258,41.1758,0.259915
6.89541,38.5519,-2.87708
7.91113,41.3297,-0.422256
12.0037,46.4859,3.97074
10.6013,44.8649,1.61126
21.373,53.7949,11.3
34.8409,64.3252,24.2823
36.3356,63.6213,25.1822
25.9641,52.8822,15.4059
15.9108,42.8805,6.7712
15.8316,42.7017,6.96986
14.3117,41.8784,5.3292
20.1382,48.5956,10.8494
27.2993,55.5319,17.6724
27.4681,54.505,17.6598
28.511,54.8094,18.909
23.7072,49.4459,15.8059
27.5697,51.1007,21.7336
31.9549,52.4228,26.8438
33.0706,51.9826,27.0194
39.1988,58.5353,31.0903
35.6319,55.8365,26.0364
34.1802,54.2828,24.1314
30.5791,50.2735,21.2626
22.0752,42.4073,15.2033
20.6761,41.8634,15.1342
18.6183,39.6944,11.2756
22.7437,44.5086,13.3548
25.6333,49.2832,15.9725
22.0044,46.2513,12.5175
20.9952,44.4618,11.0254
10.7799,33.8375,0.0732576
4.9347,28.2648,-5.92017
7.0326,29.9353,-3.33113
8.57838,29.6841,-0.804797
10.1954,29.6232,2.28609
5.11059,23.6826,-2.48122
11.6127,29.808,2.30793
23.091,40.6946,12.2601
27.7076,43.9148,16.915
29.7112,44.871,19.2597
23.9734,38.0717,13.1816
23.1409,34.8228,11.6557
23.0172,32.135,11.7959
20.4659,28.6872,9.69513
25.6072,34.511,13.2886
26.2684,36.3342,11.9881
23.7146,35.0092,9.42072
16.9692,28.3439,3.45146
13.5284,22.6289,-0.23456
21.6723,27.9143,7.96611
18.3746,23.7763,5.39227
14.6337,20.8023,1.3949
9.32097,16.2546,-4.73012
-3.59789,3.97149,-18.9776
-3.23685,4.5344,-20.5439
7.84902,14.8871,-10.4401
23.5678,29.4585,6.11488
25.9835,31.2335,11.0729
18.0338,23.8155,5.18493
16.9409,24.2398,3.6778
12.6796,20.9101,-1.37213
11.1112,18.1598,-2.7678
9.86712,14.5425,-4.42146
5.65822,9.54503,-9.8745
5.71174,11.2198,-9.87906
-3.28226,3.49911,-16.9977
-2.9956,3.17668,-14.6292
14.1006,19.6438,4.00839
27.3085,32.7447,17.8762
27.7271,32.5526,18.2374
13.877,17.8815,4.81386
9.72682,13.3528,0.822748
9.51336,12.5301,0.101651
5.99495,7.42987,-3.104
14.4705,14.702,6.55364
25.2268,25.4582,17.3886
29.4779,30.3996,19.5179
20.4144,22.6551,7.74881
11.0231,14.3884,-3.16376
15.2217,18.7661,1.60585
13.9126,16.8593,2.10954
13.2464,15.6058,2.43812
19.9207,21.8802,9.49018
27.7412,29.335,17.8556
34.878,37.0752,25.392
29.4489,33.0366,19.5133
30.6051,35.3754,20.1832
37.4673,43.1341,28.0016
35.676,42.654,27.613
33.881,43.192,26.0938
31.4933,42.6717,22.7843
35.2889,46.9795,25.263
33.1276,45.9274,22.766
26.9402,41.8484,17.3587
34.8426,51.202,25.779
41.2637,57.2051,31.869
43.7669,57.7679,33.6029
41.55,53.7102,30.5169
38.2776,49.0665,25.9935
45.3524,54.8712,32.7627
46.9276,56.1925,36.4947
49.7719,59.9899,42.1761
53.3771,63.752,46.6808
53.8883,63.5307,46.1815
57.3913,66.83,48.7586
49.652,58.7,40.7264
44.7105,53.0215,35.6697
35.7156,44.2557,27.0643
21.8485,31.3113,13.631
25.5208,35.0141,17.4503
33.513,41.8498,26.2401
42.2797,49.7218,36.3648
43.8709,51.091,39.0796
37.3369,44.1789,32.8824
33.7744,40.4812,29.3825
27.3218,34.2383,23.2523
31.6685,38.8321,27.3263
40.2275,47.7765,35.2393
39.1179,46.4639,33.4682
36.5957,42.5745,30.491
26.3165,29.9477,20.9026
26.1306,27.5234,21.8198
34.8032,35.2628,30.6994
35.4447,35.7941,31.2112
32.0969,32.5949,29.1517
21.851,23.3189,21.032
16.035,18.6774,15.0627
7.94695,10.4707,5.47094
0.400446,1.73662,-2.06956
5.05457,5.4207,3.40657
6.97172,7.28378,5.50027
13.0197,14.1513,11.0173
14.6733,16.6049,12.4959
7.01249,8.0426,4.78813
9.45075,7.82283,6.49986
12.9,9.11132,8.57092
20.2577,15.8011,14.2494
21.6608,16.9785,15.0306
11.5139,5.78334,4.82681
9.7615,2.30315,2.31771
13.056,4.31427,5.18913
25.2711,16.444,17.2943
30.9445,23.0874,22.6662
24.2914,17.5194,16.2897
15.1793,9.93846,7.1088
-0.287262,-3.27511,-10.0265
-2.00623,-3.47332,-13.4699
2.34945,1.16964,-8.90263
2.41947,1.33954,-7.71833
6.5649,6.40826,-3.27003
4.60927,6.75834,-5.56094
8.08749,12.8178,-2.20808
12.1825,18.1326,2.97363
9.00793,15.1867,1.45106
10.9365,17.2657,3.97763
7.3299,13.9402,0.545422
8.83166,15.2588,3.01548
12.9716,17.6377,7.96954
11.7207,13.1965,5.91242
12.7167,11.3086,5.38195
6.05608,3.44867,-1.96331
4.10734,2.15805,-3.99691
4.4545,3.65197,-3.41892
5.89545,5.14815,-1.57207
15.1201,14.0283,8.06126
12.2584,10.9226,6.28239
8.60674,6.47225,3.92187
8.74391,5.88981,4.13037
6.71657,4.69448,1.43697
10.4266,10.263,5.20497
6.20601,6.56247,0.883204
1.58099,1.74454,-4.67422
-5.27117,-3.81872,-12.0929
-16.2851,-12.7312,-22.6375
-14.7138,-9.91607,-19.5371
-12.1132,-7.94076,-15.9421
-5.23298,-3.22159,-9.88997
-3.35484,-3.03344,-9.41611
-7.8051,-7.58489,-14.9507
-6.57603,-6.25129,-14.2429
-12.538,-13.0133,-19.4045
-19.4046,-20.043,-24.9621
-27.2336,-26.7528,-32.3325
-22.5201,-21.6545,-28.0037
-4.82067,-4.65601,-11.2078
-5.74064,-6.32824,-12.9503
-10.1229,-11.2989,-17.9497
-14.4618,-15.5764,-22.9299
-13.507,-13.953,-21.7391
0.922684,0.925208,-5.90856
-5.99395,-5.87335,-11.496
-13.0457,-12.8159,-18.2843
-9.42096,-9.27251,-15.1229
-9.7509,-9.65642,-15.4623
-9.08588,-7.89885,-14.1813
-19.9238,-17.2731,-24.3051
-17.7166,-15.5808,-21.7532
-10.3686,-9.89598,-14.7235
-8.51393,-9.05892,-14.0164
3.04676,2.14689,-4.1437
0.104298,-0.13598,-7.27263
-5.52946,-4.56053,-10.9709
-9.00534,-7.80076,-13.0307
-11.6188,-11.2758,-16.0486
-7.57256,-7.89242,-12.4159
-16.6098,-17.0444,-21.0961
-11.9725,-13.2537,-16.5453
4.09981,0.899215,-1.63197
11.8717,7.16084,3.69939
19.8391,14.6305,8.76272
12.0631,6.45228,-0.578781
9.8945,4.38458,-2.7956
7.57112,4.29904,-4.66223
1.40017,1.08661,-10.1117
11.9306,11.9107,1.25343
7.6135,6.17706,-2.18615
7.07971,5.57276,-1.62383
6.81081,6.34204,-1.11607
-8.08476,-7.53177,-15.0998
-6.68163,-5.08615,-11.7986
-5.54775,-3.12569,-9.59801
-2.33545,0.134398,-7.54836
-6.00159,-4.0469,-12.6649
-20.646,-19.7291,-27.621
-13.1808,-14.656,-19.7255
-8.87936,-13.2113,-14.7919
-10.998,-16.0668,-16.3941
-15.6992,-19.3379,-21.0409
-20.6797,-23.4186,-26.8942
-5.99275,-9.51615,-13.5872
-8.49616,-13.4013,-17.2499
-14.7245,-20.7499,-23.9249
-13.2216,-20.0459,-22.0972
-16.4051,-23.7656,-24.6203
-4.078,-11.7372,-11.7603
-0.614711,-8.54528,-7.66781
-1.60252,-9.85561,-7.60594
-8.97257,-17.2803,-14.113
-24.7679,-32.7569,-29.1035
-19.7244,-27.5248,-23.2321
-16.8599,-24.8012,-19.984
-12.5579,-20.3734,-14.985
-9.63903,-17.0904,-10.7413
-17.2612,-24.7757,-17.3032
-12.0521,-19.9789,-12.2521
-20.6828,-28.3892,-22.8717
-29.604,-36.0309,-33.1516
-29.3099,-34.8468,-31.2424
-35.1765,-41.0562,-34.4304
-26.1779,-32.2621,-23.7176
-22.1992,-28.147,-20.0453
-14.4346,-21.5073,-14.2109
-7.29611,-16.2196,-8.28847
-17.1404,-26.3462,-17.4747
-18.0734,-26.503,-16.7062
-20.7715,-29.5653,-18.4576
-15.0583,-25.1412,-12.7302
-8.22775,-19.6742,-5.34412
-12.6459,-25.7277,-9.04312
-5.38601,-19.6937,-1.63373
-9.26689,-23.5995,-5.34277
-11.8443,-25.4555,-6.88397
-13.0644,-25.7361,-7.06148
-24.9755,-37.0408,-19.5229
-11.7181,-23.8103,-7.24792
-5.37274,-17.0773,-0.897846
-15.9756,-27.0026,-10.0161
-31.0808,-42.5446,-23.0719
-45.645,-57.7093,-37.7582
-35.1619,-46.7531,-29.6336
-27.2779,-38.3457,-23.0786
-18.0911,-29.8922,-12.9727
-11.297,-24.3526,-5.34566
-21.4862,-34.5346,-15.435
-16.7606,-29.5245,-10.0817
-11.1456,-24.7781,-3.80387
-4.91126,-19.516,2.06801
-1.07044,-15.545,4.5886
-11.5182,-24.1605,-6.29697
-9.94415,-19.7797,-3.65351
-13.4754,-20.7083,-7.42921
-10.5624,-16.0643,-5.84342
-0.356818,-5.29158,4.57267
-1.97415,-6.76874,4.37021
5.87638,1.26351,13.5601
1.0665,-2.99929,9.04127
-3.79111,-6.52045,3.00357
-0.994506,-2.59698,3.63497
-3.3781,-5.10626,0.482106
7.50534,5.00356,13.674
8.96133,6.24326,18.045
11.8132,9.4614,21.4961
20.2096,16.8667,27.6307
15.7051,10.1074,19.394
20.5189,13.9407,21.1165
17.7422,12.0854,16.7096
17.1106,12.3746,15.6045
23.5708,18.1737,22.2641
20.1833,13.545,19.1622
27.1046,19.7262,26.504
21.3934,13.8649,21.71
15.5825,7.97824,16.6225
15.4689,7.31449,16.3482
4.29842,-4.53306,4.69248
2.834,-6.00522,3.17472
-4.5094,-12.4848,-4.36136
-4.88494,-12.1294,-5.39749
-1.38586,-8.15268,-1.90837
-10.7717,-16.6947,-10.5993
-6.11464,-11.3653,-5.65207
-5.04757,-10.4929,-5.43099
-2.00758,-7.68509,-3.3663
3.53423,-1.69555,1.47069
-6.50512,-11.1501,-10.3272
0.834753,-3.19146,-5.39303
9.31446,6.3207,1.54836
11.9884,10.7324,5.35789
10.2332,11.2167,6.56261
-2.52689,0.5275,-4.27778
-1.35029,2.7695,-2.32181
-4.46705,-0.834634,-5.51052
-0.944514,0.989159,-3.13639
5.14947,5.83876,1.62786
-3.49288,-2.40344,-6.8928
0.540393,2.11741,-1.37309
-3.0258,-1.77617,-3.62897
-10.6502,-9.08617,-9.96605
-15.3065,-11.998,-13.5593
-25.326,-19.3544,-23.0898
-18.7476,-10.3983,-15.9822
-19.3197,-10.0072,-16.4448
-19.7389,-10.6749,-16.7022
-16.6985,-8.04661,-12.7938
-30.8234,-22.1727,-26.6224
-32.8419,-24.426,-29.3522
-30.6962,-23.5369,-28.4665
-14.4991,-9.17562,-14.4941
7.61958,11.3811,4.87596
3.2898,6.10105,-0.67269
-3.98938,-1.73919,-7.77894
-17.4636,-15.7639,-21.7568
-24.8488,-23.4896,-28.9964
-21.5449,-20.0501,-23.3383
-20.4253,-18.4992,-20.1372
-6.71947,-4.43912,-6.23656
-8.58171,-6.42871,-9.57536
-18.2071,-16.5005,-21.3342
-19.2677,-18.3138,-23.3287
-24.1031,-24.8386,-28.001
-16.8022,-19.4445,-20.222
-17.8454,-20.2132,-21.0076
-14.6122,-14.3349,-18.0996
-5.84597,-3.34601,-10.1462
-11.4581,-8.46597,-16.0599
-5.28229,-2.36253,-9.10136
-6.70915,-3.44718,-10.1174
-7.81222,-3.41488,-10.8776
-4.2674,1.82129,-6.68854
-9.14466,-2.41329,-11.8821
1.85978,7.94601,-1.17036
1.72088,7.62874,-0.258672
-7.92179,-1.64746,-8.08375
-10.8068,-4.53394,-9.74186
-15.7352,-9.28888,-15.0102
-7.84201,-0.503549,-7.96921
-11.8651,-3.78201,-12.0681
-17.3591,-9.68118,-16.6403
-14.6737,-8.89232,-12.5596
-18.4751,-14.5975,-15.9997
-6.06358,-1.52306,-4.56327
-2.88205,4.03714,-2.37928
-5.00228,2.27483,-4.51286
-5.94584,-0.754122,-5.03573
-9.39161,-5.84598,-9.03102
7.03656,9.98958,6.31932
4.44606,7.22311,3.83678
-7.57117,-4.01071,-7.62332
-8.39285,-2.89615,-8.45187
-13.35,-6.20797,-12.9033
-7.82016,-1.566,-6.32415
-12.9733,-8.8483,-10.7427
-13.6767,-9.44752,-11.2877
3.01002,9.23931,4.70419
7.28916,15.0875,7.71735
7.12305,14.8516,6.69255
-6.03772,0.2524,-6.4822
-10.2797,-4.90677,-9.93788
-7.95439,-2.0113,-7.23034
-18.5166,-11.6213,-18.2417
-9.33582,-2.23885,-8.92389
-4.93397,2.24478,-3.81641
-3.62018,4.61797,-2.01628
3.14857,13.6851,4.67952
0.914841,14.1672,2.0753
11.4208,26.0141,13.0952
10.9882,25.2083,14.2624
5.64411,18.9083,9.72561
9.21538,22.0549,11.9213
5.68305,19.2385,6.39468
14.3597,29.1365,14.563
14.7851,30.5532,14.8202
17.1016,33.4421,15.9923
24.753,40.8654,22.4142
5.84876,21.2001,3.01565
-2.26504,12.7273,-3.74956
-5.84284,9.6727,-4.90131
-6.9285,9.56278,-4.64856
1.77185,18.3623,4.26443
-1.69172,14.1303,0.0214505
4.75588,20.2714,4.39013
10.6436,25.9838,7.57599
17.7187,32.0541,12.6654
25.6942,38.9582,19.7665
15.4181,28.7676,8.8485
18.4509,32.7686,11.6537
27.327,42.1579,21.1584
33.4531,48.0446,28.0239
37.2127,51.4914,32.4974
27.6491,41.7078,23.6198
32.7438,46.476,28.7271
33.1695,45.3862,28.1954
18.9455,28.6873,13.3582
13.3118,21.8549,8.73854
9.7361,18.0836,6.21459
16.792,24.401,13.6567
15.7427,22.5802,13.2285
2.14391,8.95362,0.509025
-8.70638,-1.49281,-9.00335
-14.5981,-6.55578,-13.649
-4.48204,5.54285,-2.47901
-2.62746,9.828,0.777266
-8.94383,4.63806,-5.23629
-10.6567,2.7222,-8.56609
-10.3749,2.74888,-10.4137
-0.284774,13.0028,-1.57303
2.15289,15.4747,0.618535
4.94238,18.1085,3.99145
21.1161,34.2344,22.2059
26.7431,39.8283,29.5494
16.211,29.9683,18.1481
-3.30558,12.0643,-3.06482
-9.57864,7.06709,-9.8844
-3.224,13.176,-3.55649
-3.77496,10.7737,-4.40499
-5.05571,7.84729,-5.51102
-16.5133,-3.87738,-16.934
-21.9426,-9.69143,-22.8203
-12.5132,-1.6584,-12.2497
-5.1652,4.24831,-3.46018
-0.0438898,8.93005,0.12265
-5.69167,3.75107,-9.21329
-2.91405,6.96,-8.97573
3.09486,12.4536,-3.28922
-5.59011,1.63564,-11.8492
-17.5966,-12.425,-23.195
-32.4161,-27.1051,-35.3971
-25.0666,-18.7138,-25.7471
-3.77294,2.38368,-4.25788
5.17483,10.3383,4.45059
12.6311,17.8816,12.1775
9.60202,15.4836,9.01167
5.13639,10.707,3.61325
2.25633,7.35799,0.995677
-8.85134,-3.61632,-7.5125
-9.60725,-3.93954,-5.63825
-7.29881,-1.11957,-3.47659
3.46437,9.43646,4.12011
11.3122,15.8807,7.85137
-0.224375,2.91945,-6.0436
-3.39754,-0.958224,-8.50616
-1.57603,0.559311,-4.72128
5.035,8.01586,2.79192
9.18778,14.8748,7.44024
6.04554,14.6054,5.40046
11.5812,21.185,11.7163
11.4881,21.1976,11.536
11.5549,22.0983,10.6607
9.55371,21.1769,7.61117
-0.282085,11.4478,-2.0079
5.39154,16.3142,4.76282
9.2658,18.8984,9.38227
10.2401,18.2678,9.74394
12.474,19.2249,9.48701
6.0073,11.8472,0.299233
8.33096,13.0348,1.28336
10.2397,13.7906,2.2156
12.7785,15.9548,4.28347
11.5517,15.2813,5.50602
1.58387,5.96183,-0.933151
1.78391,6.27786,-1.05797
2.62429,6.44375,-3.25763
5.87015,8.83477,-1.34964
5.21235,8.2342,-0.720089
-1.95125,0.966689,-5.8687
4.97991,6.86998,1.96746
11.1629,12.412,8.36653
13.8823,15.2444,11.8959
10.9729,12.9126,10.8358
2.89733,5.40459,4.97348
13.5301,15.8074,17.4881
20.0969,21.6723,24.8757
16.3584,17.8029,20.844
8.04909,9.86941,12.3536
-1.96095,-0.0948974,2.51899
0.861164,2.63711,5.84061
-3.09634,-0.893569,2.01039
-2.37746,0.717515,1.4687
3.70155,7.77926,6.48857
1.07645,6.0649,4.0359
5.92807,11.0776,8.73236
5.73076,10.1353,7.63656
3.8062,8.28689,4.9921
4.67989,10.1107,5.72616
2.8235,7.98843,3.63851
10.3571,14.4905,10.6642
8.09525,12.3693,9.09572
2.50594,7.66908,5.24345
2.3616,7.52777,5.92406
-0.944984,3.09732,1.85924
5.12144,8.19436,6.73211
5.762,8.08604,7.47582
7.58043,8.58219,10.9065
9.24683,9.36781,14.1298
2.35187,3.08955,7.32841
4.97475,7.29464,8.97893
3.25028,6.18142,6.73005
4.38613,5.74718,8.03996
8.16252,7.30305,11.4675
-0.383743,-1.90887,2.02802
-5.72253,-6.21425,-2.56883
-15.2208,-15.3013,-9.5479
-19.8407,-20.8044,-12.8365
-15.444,-16.4337,-9.61049
-14.7753,-14.3641,-10.8517
-4.83508,-3.83153,-1.05238
-0.502942,-1.09615,5.11807
0.408551,-1.49203,7.08218
-0.505387,-2.08712,4.49984
-7.96393,-9.61989,-5.87821
-5.17336,-7.32798,-4.83862
-6.85653,-8.57483,-6.08401
-2.58941,-3.55911,-0.456601
9.16242,7.89459,11.762
13.6214,11.6255,15.8609
11.9841,11.038,13.2915
-1.1709,0.468176,-0.749143
0.0449032,2.96484,0.701241
3.62271,5.76775,4.79351
-2.86936,-1.71991,-2.45345
6.88473,7.93858,5.92799
9.41393,10.6512,8.44074
5.35433,6.16416,5.55588
0.519254,0.507414,1.96675
-7.2726,-7.80663,-3.79115
7.18716,6.29883,12.8084
14.7626,13.8993,20.3247
12.9088,12.1854,16.8759
12.0828,9.7521,14.1915
6.60417,2.15336,7.363
10.9478,6.9394,11.454
6.34796,4.57236,6.86603
9.94075,9.44926,10.1745
11.4481,10.5002,10.271
-3.33408,-4.97063,-6.16852
0.0704559,-1.8247,-2.93458
-3.13756,-5.50788,-5.56861
-2.68592,-5.37053,-4.63246
6.49044,3.9327,4.77968
-1.27622,-3.58262,-3.12957
-5.02181,-7.2351,-7.11727
-7.15643,-10.215,-9.19722
7.83403,3.3262,6.98217
27.6244,22.5848,29.0981
22.3635,17.9725,25.6373
22.5723,18.9352,25.9445
17.4255,13.3769,19.2666
16.929,11.4837,17.1402
26.8624,20.9492,25.7346
29.4735,24.1094,25.9689
41.9509,36.1028,35.9212
36.4002,29.4693,29.9272
25.5729,19.1889,20.7318
22.202,17.4948,18.3553
17.726,14.3918,12.8682
33.5589,31.2791,27.2425
33.7446,31.4956,25.8515
23.0061,19.4866,13.1175
20.6183,15.3696,10.4983
20.8813,13.7367,12.9595
42.6102,33.3822,36.9835
47.3178,36.417,43.068
39.3371,28.153,36.0555
39.7049,29.4736,36.9125
33.7805,24.4772,30.7679
39.7393,30.3012,36.7279
34.8388,24.9753,32.8846
36.6655,27.0782,35.6926
52.5269,43.3504,50.6858
47.3843,38.7157,43.3077
42.3002,34.7043,37.2865
32.1854,26.0337,28.313
34.3069,29.5557,30.9047
43.434,39.3722,38.0275
30.4316,26.3111,23.0608
28.4648,24.7946,21.4522
23.2655,21.0501,17.0936
18.8209,18.3062,13.0201
22.6778,22.9356,17.7138
17.2341,17.2036,13.1366
28.2875,27.8769,24.6697
31.4293,30.2929,27.0577
32.6786,30.4809,27.0965
39.9305,37.573,35.1212
32.7799,31.8719,29.3108
39.9135,40.4904,35.3677
39.0091,38.7229,32.1714
34.2021,31.4788,27.1664
35.4223,30.9426,30.9472
30.7853,25.0082,29.3675
45.1169,37.1316,44.2696
52.6599,41.9704,49.8696
54.35,42.1534,49.3916
52.4527,41.379,46.7608
33.2566,24.2614,28.6857
33.4492,23.7507,29.4781
35.7237,23.6205,29.8365
37.8047,25.6343,30.1304
40.2483,30.0091,32.7463
25.3367,16.494,18.0438
27.0154,19.2055,19.9517
25.0972,18.1877,19.7982
23.1591,15.7647,20.5528
29.5899,21.1016,28.7712
22.004,13.637,21.178
25.1833,18.2352,23.0849
25.2695,19.9284,22.4168
28.4151,24.003,26.7507
34.7357,29.9722,34.6394
22.6045,16.2539,22.8028
23.6321,16.1067,23.5144
23.6846,16.4103,22.8758
23.0363,16.6612,20.7953
26.1649,21.0521,22.9597
14.0802,10.9557,11.6074
13.9607,12.7035,13.2954
2.33542,1.9364,2.78173
-11.6349,-12.3726,-11.548
-7.89494,-9.2206,-8.29673
-10.3963,-10.8023,-10.7283
-6.58174,-5.45935,-7.03533
-19.0606,-17.289,-19.8664
-29.69,-27.7841,-30.7864
-22.5057,-20.8963,-24.5067
-22.4039,-21.5264,-25.7371
-17.8852,-18.2971,-22.2722
-28.4605,-30.7469,-33.8226
-34.9801,-38.0629,-41.1125
-29.6965,-31.3272,-35.9739
-38.5955,-37.7354,-43.9232
-33.0052,-30.3128,-36.5914
-30.7256,-26.857,-32.9849
-30.9897,-26.3413,-32.6371
-24.8568,-20.4122,-26.8096
-29.0544,-24.8414,-32.3365
-20.6056,-15.722,-24.5405
-26.3246,-20.0011,-29.504
-33.5114,-24.7609,-35.406
-26.8714,-15.9812,-27.3714
-28.213,-17.8092,-28.0117
-12.2154,-3.92827,-12.3955
-5.40453,2.13754,-5.89183
-4.97158,2.83176,-4.82618
1.14591,7.95572,1.42741
-5.4706,-0.742653,-6.13448
0.980632,4.86027,0.929161
1.16438,6.74183,3.5648
2.71456,10.9123,6.62716
12.4371,21.4847,16.0166
4.87961,13.0752,8.14636
10.3569,18.3199,14.8665
8.86882,17.9633,14.212
-0.972271,9.84717,3.64446
-5.55549,6.45331,-1.04112
-10.3871,1.5275,-4.93886
10.2685,21.6393,15.8562
19.7138,30.5824,24.2733
17.3965,26.709,20.6913
17.9275,25.5492,19.9799
9.08614,17.4158,10.3515
15.6302,25.543,17.1587
16.0546,25.8001,17.9428
18.5216,27.3202,20.1884
28.7594,37.0821,30.2649
20.5814,28.6513,21.9249
20.293,28.0352,21.4043
16.9626,24.5774,17.5008
23.9816,32.1197,22.7734
38.6388,46.9458,35.4555
28.0014,35.0326,24.6892
27.0331,33.0636,25.8152
15.4023,22.2091,16.1689
2.91404,10.4471,3.79339
8.88877,16.3116,9.40596
2.35301,10.5823,3.52709
2.31469,11.529,4.10965
-3.60353,5.04361,-2.6224
-0.96178,6.28237,-1.22405
13.6291,19.3401,12.629
2.08812,6.20869,0.255483
-2.04142,1.00433,-4.31564
-1.29832,1.32708,-3.08062
3.22744,6.13141,2.42031
15.3982,19.0676,15.2314
5.52838,10.2609,4.49018
6.81957,13.2144,4.42508
10.0624,17.4994,7.43442
3.16559,11.3236,2.1165
-2.92434,6.88051,-0.633655
-20.3523,-9.62447,-15.5905
-21.2065,-10.8785,-16.0646
-25.1423,-15.5179,-20.2905
-28.1754,-19.2935,-23.4333
-15.6943,-6.86682,-11.3727
-18.2341,-8.35361,-15.2608
-18.2749,-7.53117,-16.3897
-25.6112,-15.2355,-23.6266
-29.4537,-19.8162,-27.2195
-19.9406,-9.56872,-17.4001
-30.8108,-18.0684,-27.2819
-34.9083,-20.0368,-30.325
-35.6776,-20.1256,-30.6022
-35.8414,-20.019,-29.6596
-28.656,-12.7645,-20.4255
-39.4189,-24.6559,-30.8678
-41.3618,-27.3619,-34.4175
-42.6904,-28.0534,-36.9982
-38.5914,-23.5322,-32.8805
-23.2142,-9.84374,-16.565
-28.3068,-18.1833,-21.2328
-25.7917,-16.8695,-19.1114
-24.1697,-12.9553,-17.6211
-24.2676,-10.5832,-17.4864
-19.7153,-5.99599,-12.8584
-32.1966,-19.8387,-25.7207
-31.1281,-20.1595,-25.2858
-26.6108,-16.5073,-21.8629
-21.153,-11.0056,-18.199
-8.54139,2.69078,-6.43283
-15.9469,-3.19755,-12.7222
-15.6208,-1.84184,-10.2411
-17.3123,-3.36049,-10.6142
-19.0188,-5.92756,-12.386
-12.2196,-0.513,-5.31273
-25.8227,-14.7557,-18.1351
-24.5845,-13.5335,-16.8405
-16.7734,-5.92051,-10.0467
-12.2646,-1.12959,-6.94736
-7.9552,4.09107,-3.83026
-23.5694,-11.4073,-21.0291
-25.9695,-15.5164,-24.66
-26.7964,-18.963,-25.1154
-28.1378,-21.5137,-25.5934
-19.739,-12.7755,-16.1696
-28.0809,-20.9575,-23.2123
-27.5057,-19.9061,-21.9011
-27.8678,-18.727,-22.8774
-29.9964,-19.9841,-27.2582
-23.1668,-14.4231,-22.2234
-40.5135,-33.6758,-38.7596
-52.5792,-46.4396,-48.2198
-58.6875,-51.7585,-52.7708
-57.9549,-49.3318,-52.7408
-45.0631,-36.3204,-41.4659
-49.9553,-43.7252,-47.8856
-43.0269,-39.1221,-41.4492
-38.5972,-35.8168,-36.324
-44.8705,-43.046,-41.6244
-45.0428,-43.0928,-41.1553
-50.6762,-47.4473,-47.5188
-41.9321,-38.1041,-40.3134
-44.0277,-40.8237,-42.7446
-52.1832,-49.4952,-50.1724
-42.7567,-39.5373,-40.2305
-45.2911,-41.0548,-42.9209
-42.4393,-37.7992,-40.5381
-42.1017,-37.8705,-40.5975
-41.1081,-37.8777,-40.1093
-28.5731,-26.708,-28.4106
-34.9893,-33.1942,-35.2889
-36.5268,-33.7156,-36.3426
-43.1979,-40.7048,-42.5002
-49.1636,-47.1439,-47.9992
-39.3415,-35.5409,-36.9095
-45.6166,-38.99,-41.816
-45.0273,-37.2493,-41.1101
-45.1771,-37.9937,-42.0914
-44.2469,-37.0578,-41.9687
-28.5631,-20.5629,-26.8996
-27.9791,-19.6712,-26.913
-26.7916,-18.4481,-25.8099
-35.0592,-26.8344,-33.8112
-45.3127,-37.396,-44.6779
-39.4486,-32.2193,-39.8452
-39.5744,-34.2666,-40.6157
-21.4808,-19.0963,-22.2377
-12.336,-12.452,-12.0155
-14.8236,-15.9685,-14.6983
-7.65708,-8.89438,-9.38061
-18.9466,-20.3777,-22.4036
-17.5564,-18.7137,-21.6025
-18.3969,-18.3062,-22.1581
-30.3929,-29.7499,-33.7497
-30.3571,-30.1089,-32.903
-36.6358,-35.7326,-37.797
-30.8442,-28.3661,-31.0508
-32.0201,-29.1958,-31.9012
-47.1152,-45.3937,-46.7921
-50.4583,-49.5499,-49.6935
-51.4214,-50.8734,-50.4476
-36.5197,-36.671,-35.704
-34.1317,-34.4497,-32.8573
-41.2173,-40.5422,-39.2935
-33.0604,-30.9508,-31.1524
-39.2105,-35.7112,-37.8399
-37.1998,-33.3468,-36.6416
-34.5622,-31.5076,-34.3378
-36.3617,-33.8465,-35.5267
-31.246,-29.1888,-30.0866
-38.1809,-36.1919,-37.6591
-31.5369,-27.9666,-32.0517
-29.0712,-23.6225,-31.4037
-37.1893,-30.499,-41.3895
-36.3281,-28.6744,-40.6954
-45.7012,-38.0763,-48.9015
-43.4671,-37.1098,-45.1677
-42.2827,-37.5808,-43.0692
-44.6689,-40.5723,-45.3228
-34.7558,-29.7441,-35.1555
-42.2146,-35.1383,-42.0608
-44.1617,-35.2362,-43.4824
-48.7834,-39.8464,-48.5706
-58.8458,-50.6239,-60.1255
-50.7632,-42.625,-52.8831
-44.1413,-35.8325,-46.8598
-30.2494,-21.6388,-34.2975
-28.7966,-20.0246,-33.4332
-35.7386,-28.4152,-40.5465
-31.1057,-27.2509,-37.4923
-38.6332,-37.6251,-46.6133
-38.013,-36.999,-45.8932
-40.8395,-38.4455,-47.9927
-52.0192,-48.1002,-57.993
-48.8537,-43.1018,-53.1791
-47.2211,-40.2311,-51.5506
-34.2947,-26.7538,-39.9339
-34.5037,-26.3219,-41.1327
-46.0001,-37.1758,-53.4501
-41.7813,-32.4545,-49.6997
-47.0329,-37.2875,-55.6436
-42.8586,-33.0093,-52.6808
-42.3389,-33.0322,-52.6178
-45.6781,-37.7969,-55.7851
-40.5592,-34.9964,-50.6343
-57.5087,-54.9197,-67.316
-61.8286,-61.3672,-70.4888
-51.7381,-51.9592,-59.3432
-40.4832,-41.2805,-48.8043
-26.0099,-27.4396,-35.7105
-35.8123,-36.869,-46.4709
-36.7256,-36.5175,-47.8228
-29.4072,-28.6655,-40.3201
-24.7476,-24.822,-35.7452
-11.8659,-12.5952,-22.2539
-18.0279,-17.9201,-26.9281
-19.9037,-19.0951,-28.448
-21.7298,-21.537,-30.2396
-25.1518,-25.8027,-32.0575
-15.3458,-16.982,-20.2655
-17.4214,-20.6876,-22.5843
-11.5953,-16.5357,-19.3592
-8.81559,-14.5492,-18.8651
-10.6977,-16.7428,-20.8604
-6.51328,-13.2327,-15.3637
-19.4053,-27.198,-27.0043
-15.2014,-24.4578,-21.4099
-4.07539,-14.5654,-8.11166
-3.66766,-13.8049,-6.39125
-1.10299,-10.0115,-5.0521
-23.3439,-31.8727,-30.0655
-39.158,-47.7398,-46.8497
-33.7405,-42.4484,-39.2696
-21.8322,-31.2753,-25.2298
-7.55969,-17.7903,-10.5978
-12.5761,-23.145,-15.7256
-15.7537,-26.8966,-18.6471
-24.1249,-36.4678,-27.0589
-35.8055,-48.948,-39.8889
-33.8076,-46.4457,-39.4816
-36.315,-47.5747,-43.1194
-29.9402,-40.2067,-36.6682
-30.4388,-40.4109,-35.7597
-40.8314,-50.4743,-45.1806
-43.9359,-53.8211,-48.1897
-51.5267,-62.8416,-55.4686
-47.9328,-59.9946,-52.057
-47.1795,-58.2094,-52.4661
-53.8469,-64.0633,-60.3344
-51.7048,-62.5973,-58.027
-53.4381,-65.0946,-58.1967
-42.9918,-54.4745,-46.6587
-38.2845,-50.0141,-42.6876
-44.268,-57.5295,-50.3529
-40.621,-55.5266,-47.0254
-39.8213,-55.5104,-45.4531
-25.9817,-41.9453,-31.6924
-18.851,-35.0472,-25.2945
-25.1914,-41.6481,-31.5949
-27.4566,-44.0781,-32.1143
-34.2673,-50.0871,-36.8261
-29.1922,-43.4664,-31.7846
-28.1646,-41.7028,-31.7823
-35.7968,-48.7473,-39.2285
-37.0653,-48.3972,-39.9615
-42.6729,-52.5432,-46.4807
-35.6317,-44.9088,-41.141
-32.4807,-41.7079,-38.2742
-38.4393,-48.1781,-43.2
-33.9345,-44.4086,-37.9278
-34.9578,-45.6746,-39.378
-28.0583,-38.4468,-33.4558
-26.9061,-37.2007,-32.5556
-33.6918,-44.2231,-38.6
-28.3308,-38.307,-31.7729
-24.8248,-34.1516,-27.8257
-12.7612,-22.8053,-16.845
-6.97171,-17.376,-11.0656
-9.90548,-18.6515,-12.855
-5.28364,-12.2824,-7.85775
-5.78711,-13.3678,-9.06807
4.09346,-4.91107,-0.562493
13.5369,5.29638,7.52454
15.8068,9.94748,8.98411
20.8144,16.3939,14.3452
12.0612,7.86122,6.90456
12.0585,8.27143,8.06381
16.9816,14.4472,13.3469
21.835,20.9834,18.2021
29.5724,29.9452,27.4229
16.9465,18.0705,17.6419
10.8559,12.3013,13.5012
9.11518,9.54063,12.026
6.00037,5.07284,8.06187
8.59005,7.55695,9.87009
-3.14921,-4.48783,-2.50071
-8.08722,-10.6864,-8.3729
-1.79668,-5.4803,-2.9405
10.6729,6.59321,8.28674
23.1223,19.1937,19.5382
19.9131,16.1212,15.7036
28.9111,25.7036,24.5762
33.0956,31.5126,29.121
21.2547,21.3249,16.9228
16.0034,16.7952,10.8253
10.464,11.2976,5.14438
20.1582,21.4425,15.5019
25.0857,27.5922,21.4371
20.6772,24.081,16.7972
23.5851,26.8808,18.6804
16.9686,19.2742,12.698
16.2975,17.2913,14.3517
12.5901,12.6422,12.8134
5.50895,4.74216,5.50518
10.7594,9.23169,8.34726
12.0995,10.5346,7.15826
12.2938,10.8333,5.38537
6.45817,4.26256,-1.38958
6.18878,3.068,-1.93973
13.55,10.5073,5.36915
9.63325,7.85419,1.75373
14.968,14.1431,6.90098
13.6017,11.959,5.24057
8.00535,5.04958,-0.397066
13.6404,10.4121,4.78112
13.7413,10.5993,4.74942
21.8196,18.6483,13.6132
17.5222,14.234,10.4013
8.26644,3.83924,1.44009
10.833,3.99565,3.51664
9.93954,0.719518,2.40114
20.7012,10.3356,13.4301
22.3968,11.9232,16.1521
16.2881,6.57309,11.2408
14.8439,7.14335,9.83849
9.38291,3.9005,3.11299
20.4092,16.076,11.9289
24.8455,20.4753,14.0573
19.4722,14.9898,7.60822
15.8481,11.9011,5.01525
0.680084,-2.24507,-8.08483
-0.109319,-1.39822,-8.22422
-1.0158,-1.08583,-9.63865
-1.28558,-1.45287,-10.0053
7.22587,6.41301,-1.98736
5.26375,4.21011,-4.4236
10.0441,9.61428,1.06286
6.3964,6.87496,-1.45522
7.14184,8.18897,0.375824
12.2285,14.6427,6.57283
5.95636,10.4101,1.13163
21.676,26.6802,16.6427
24.4346,28.2386,18.7512
14.8476,17.4513,9.44825
21.0062,23.4137,16.4529
25.5476,27.9153,21.3713
43.585,45.3639,39.5794
50.4792,50.4472,46.6016
49.7886,46.4934,45.1622
55.6863,49.9023,49.6377
46.1316,39.3929,38.256
48.5794,40.8155,38.7607
43.397,34.9544,32.9068
35.798,28.2071,26.3358
41.8566,35.7619,33.7406
39.5093,33.7343,31.8785
54.5963,47.8549,46.9896
179.873,172.835,171.917
935.994,929.936,925.417
2610.35,2604.44,2596.91
4268.82,4261.22,4257.81
4871.09,4861.93,4866.4
4352.29,4342.53,4352.81
3288.43,3277.87,3291.37
2310.84,2299.28,2312.71
1796.11,1784.24,1794.14
1744.82,1733.56,1740.5
1712.43,1702.51,1709.62
1394.86,1386.02,1393.68
969.943,961.095,967.818
748.839,739.988,744.629
823.815,815.785,817.918
874.399,867.634,868.507
675.529,670.194,670.719
389.053,383.569,384.259
266.612,257.914,261.134
385.07,372.413,379.297
473.815,459.246,468.663
340.085,325.757,337.021
110.663,97.5727,109.886
0.983844,-10.4938,0.778157
111.539,102.169,110.263
216.335,209.084,214.353
137.807,131.427,136.04
-25.8051,-32.611,-27.3511
-116.1,-122.545,-117.255
-34.7986,-39.0926,-35.0513
55.3696,53.2048,55.9262
6.52875,5.17712,6.79547
-124.881,-126.221,-125.708
-214.169,-215.542,-215.69
-154.262,-155.081,-155.74
-73.0429,-72.7858,-74.4955
-92.8515,-91.9131,-95.5767
-189.145,-187.811,-193.213
-280.88,-278.446,-283.881
-236.113,-231.645,-236.447
-142.617,-136.482,-141.368
-135.45,-129.62,-134.469
-201.317,-197.025,-200.884
-275.33,-272.183,-275.062
-255.031,-252.643,-255.055
-198.132,-196.489,-198.089
-181.687,-180.609,-181.024
-214.753,-213.622,-213.892
-280.039,-278.336,-279.435
-268.067,-265.563,-267.142
-215.69,-211.456,-213.862
-189.606,-182.445,-187.014
-202.789,-193.244,-199.632
-262.325,-253.278,-258.834
-272.653,-265.728,-269.431
-243.669,-237.831,-241.181
-221.592,-215.881,-220.003
-228.837,-222.531,-227.437
-289.068,-281.829,-286.73
-306.748,-298.938,-303.877
-277.982,-269.709,-275.89
-240.51,-232.341,-239.947
-227.889,-220.738,-228.71
-285.883,-280.001,-287.498
-314.135,-310.058,-316.364
-290.119,-288.011,-292.401
-238.172,-236.346,-238.821
-208.528,-205,-206.379
-278.127,-272.554,-274.231
-340.399,-333.866,-336.705
-342.792,-336.175,-339.866
-296.575,-289.562,-293.672
-256.57,-248.494,-253.213
-310.674,-301.868,-307.433
-366.578,-357.963,-364.194
-376.419,-368.459,-375.199
-348.572,-341.338,-348.398
-326.103,-318.874,-325.829
-394.805,-386.104,-393.943
-418.983,-408.406,-419.118
-258.411,-247.153,-260.443
22.4096,32.923,20.1155
153.351,162.369,152.413
-95.9219,-87.7955,-95.9965
-474.915,-466.045,-475.002
-575.972,-565.73,-576.668
-337.01,-326.091,-337.965
-108.306,-97.236,-107.75
-221.118,-210.105,-219.311
-489.525,-478.621,-488.941
-552.265,-541.231,-553.847
-338.149,-326.737,-341.239
-131.122,-118.723,-134.23
-218.699,-204.605,-220.121
-447.08,-431.663,-447.307
-507.206,-491.013,-507.443
-335.517,-318.291,-335.298
-165.761,-148.373,-164.321
-244.275,-228.019,-241.543
-437.39,-421.114,-434.091
-489.913,-471.978,-488.704
-350.615,-331.59,-353.783
-195.922,-176.859,-201.086
-237.123,-217.592,-241.238
-375.808,-354.365,-379.406
-400.869,-376.25,-404.412
-269.045,-241.174,-270.988
-129.228,-99.1921,-128.684
-154.195,-122.7,-152.16
-259.033,-227.029,-256.54
-284.187,-253.637,-281.085
-195.405,-165.727,-191.879
-95.3509,-64.2497,-92.6123
-125.324,-93.8963,-123.824
-219.627,-191.362,-217.932
-241.175,-217.476,-236.894
-161.404,-139.827,-154.693
-65.4966,-42.861,-59.7407
-73.6413,-48.681,-71.0711
-139.299,-111.033,-138.562
-165.941,-134.061,-165.493
-119.868,-86.3622,-120.532
-47.0279,-14.2365,-48.2344
-48.488,-16.8199,-48.1908
-93.7389,-62.1734,-92.2727
-118.847,-87.1407,-118.489
-98.0909,-67.0988,-100.14
-51.3661,-21.505,-54.5838
-53.9056,-25.298,-57.0955
-90.7674,-63.5561,-94.0872
-120.37,-94.3693,-123.843
-114.956,-88.7546,-118.637
-74.8624,-46.2858,-78.0673
-64.3214,-32.7257,-65.9961
-83.4321,-49.1998,-83.9101
-101.889,-65.2333,-101.356
-97.1273,-59.1638,-94.9955
-70.432,-33.1082,-66.7228
-62.1142,-26.7697,-57.3653
-59.143,-25.5144,-53.8871
-70.8003,-37.5808,-65.6452
-90.6285,-57.8159,-86.4905
-85.9096,-54.7005,-82.6631
-79.579,-50.267,-76.2916
-70.2595,-41.636,-66.7908
-75.7384,-46.6436,-72.2464
-94.7085,-65.9336,-91.7038
-98.5912,-71.8813,-96.1191
-94.9275,-70.9106,-92.5897
-76.9499,-54.7856,-75.1707
-73.0707,-51.5338,-71.1794
-95.4093,-73.6536,-92.9415
-111.464,-89.8723,-109.47
-104.504,-84.5071,-103.071
-78.276,-58.9372,-77.0619
-92.3434,-71.2623,-90.7088
-134.367,-112.238,-132.444
-135.598,-114.074,-134.656
-102.765,-81.6236,-102.898
-63.7915,-42.9732,-64.9651
-74.1106,-54.3106,-76.3103
-117.138,-98.3006,-119.123
-126.74,-108.503,-127.312
-102.17,-84.9523,-101.2
-59.5249,-43.5399,-57.5658
-62.3357,-47.2099,-59.9004
-103.982,-89.278,-102.395
-116.475,-101.424,-117.336
-90.478,-74.681,-93.0826
-43.2728,-27.4761,-46.241
-44.4038,-29.1737,-46.5778
-90.9546,-76.2615,-91.5762
-111.222,-97.0672,-111.045
-89.7949,-75.5007,-89.1154
-42.477,-28.0275,-41.5343
-42.0702,-29.1547,-41.3851
-91.1086,-80.3563,-90.2387
-115.231,-105.055,-113.46
-102.127,-90.4895,-99.7729
-66.6607,-52.941,-65.2712
-69.4857,-54.8873,-69.5393
-105.177,-91.0916,-105.619
-111.717,-98.5791,-111.455
-83.1951,-71.007,-81.9148
-34.9869,-23.4786,-33.4535
-40.0234,-28.584,-38.8039
-91.7323,-79.4862,-90.9442
-113.007,-99.0348,-112.609
-90.8661,-75.1445,-90.2692
-42.9248,-26.3901,-41.9909
-38.8923,-23.3231,-38.3555
-79.7855,-66.5848,-79.5694
-98.8599,-87.4652,-97.8066
-82.8998,-72.4964,-81.2485
-39.1038,-29.3293,-38.497
-32.9604,-23.4658,-33.6557
-74.1915,-65.6928,-75.5841
-101.262,-94.0553,-103.709
-92.4911,-85.6959,-96.0451
-47.0574,-40.4707,-50.3668
-38.113,-32.6062,-40.0265
-79.5433,-75.7335,-80.5573
-109.481,-106.233,-110.093
-98.9196,-94.9028,-98.9178
-53.5725,-48.9805,-53.66
-55.9659,-51.3385,-56.6809
-97.9111,-93.4208,-98.3291
-111.717,-107.142,-110.639
-97.2875,-92.9409,-94.1959
-49.6866,-46.4372,-45.2218
-30.7835,-28.1115,-26.4636
-64.078,-60.61,-59.8932
-90.7121,-86.2315,-84.4702
-86.711,-81.9354,-77.7096
-40.7866,-35.7473,-31.065
-23.2328,-17.7598,-14.4706
-55.3256,-50.3643,-47.3434
-75.8948,-72.0601,-68.7032
-71.3973,-67.3581,-65.5199
-35.0094,-29.2524,-29.7176
-31.6649,-24.2311,-25.4922
-69.3342,-61.2094,-62.0902
-86.2485,-78.5776,-79.9151
-80.0959,-73.9226,-75.8472
-45.9982,-42.3725,-42.2317
-36.5583,-35.3491,-30.9361
-60.9695,-60.192,-53.2447
-67.1759,-66.1909,-59.5223
-55.3343,-56.3039,-49.5328
-23.5675,-27.8104,-19.3224
-20.8835,-27.0739,-16.7733
-50.5837,-55.6759,-46.3116
-59.4555,-61.2536,-55.6529
-50.1127,-50.659,-47.2375
-16.1152,-19.3094,-14.9772
-8.05232,-14.664,-8.60006
-29.9628,-38.2653,-30.1256
-35.4554,-44.1067,-33.3493
-36.9152,-45.715,-32.5222
-18.8827,-27.9512,-13.2024
-20.3664,-28.87,-14.3471
-45.1626,-52.6563,-39.5619
-48.4387,-55.3947,-43.8982
-45.0952,-51.1481,-41.3852
-28.1441,-32.1876,-24.3533
-28.124,-29.9494,-23.8662
-50.6688,-52.0004,-46.5573
-61.3972,-64.2167,-57.2491
-61.1235,-65.6389,-55.9405
-28.017,-32.8044,-22.0768
-11.1887,-14.8507,-5.05296
-27.7732,-30.3844,-21.4692
-32.3525,-34.3946,-26.1569
-32.9483,-34.1685,-27.3205
-9.3222,-9.55903,-3.98095
1.94245,3.27841,8.19683
-16.649,-12.1093,-8.79597
-29.1578,-21.1231,-20.2096
-37.6909,-28.257,-27.9195
-18.8758,-10.5444,-8.63665
-9.60953,-3.09746,-0.343439
-24.0559,-17.4352,-16.8332
-28.6772,-19.6523,-22.9029
-31.9609,-20.7339,-26.2085
-14.9796,-3.78789,-8.4105
-12.5478,-3.16151,-4.44111
-31.9605,-23.8186,-22.3632
-32.1122,-23.2978,-23.2842
-27.4038,-16.942,-21.3205
-2.95793,9.24319,1.29538
4.75906,18.2717,8.93845
-8.53134,4.23123,-3.98522
-2.04399,8.27833,2.83272
-2.1579,7.4894,3.26319
9.29982,21.1473,15.2203
11.9394,26.0636,17.8169
-2.91573,11.1291,1.85166
-3.74099,8.89184,-1.59714
-8.19712,4.08505,-8.72168
2.51346,15.4884,1.24055
6.61998,19.9229,6.2885
-5.98327,7.41271,-4.75366
-6.87981,7.32292,-5.1542
-12.2635,4.06898,-11.8759
0.0686341,20.085,-1.22614
3.87214,27.8407,1.4423
-11.959,14.3402,-14.6661
-15.9987,11.2945,-18.431
-26.1625,1.89304,-28.0576
-14.4876,13.5578,-14.85
-10.7025,17.1109,-9.3954
-26.8718,2.44942,-24.3735
-27.4169,4.50017,-23.9288
-36.0693,-2.81436,-32.9331
-23.2057,10.3888,-21.5767
-4.20744,30.4882,-3.54541
0.0647935,36.0883,0.417922
9.18162,45.7153,9.32787
-0.982962,36.2499,-0.636042
-2.31663,37.0523,-1.00732
-0.501301,41.7554,2.07134
-8.4602,36.5807,-5.13094
-1.20065,46.4679,2.04001
-4.11902,45.6867,-1.46139
1.61391,52.2228,4.10119
3.66842,53.8374,6.78504
-7.14016,44.2143,-3.15896
2.4825,58.2532,7.15359
3.8547,64.8943,8.49961
11.6182,75.9386,15.4205
15.8632,81.5089,19.3098
8.88897,75.8423,12.979
14.7108,83.4902,19.6088
6.04241,76.9339,11.2975
9.39859,83.1279,14.3736
23.241,100.401,27.3173
27.1767,107.496,29.7645
28.4413,111.045,30.0007
9.42371,93.7623,10.9439
11.6408,98.2411,12.3707
27.9894,117.64,26.9418
29.8081,123.138,27.3028
36.6211,134.429,33.8087
26.1452,128.747,24.3621
25.2809,131.64,24.8468
33.916,142.021,33.9941
38.6822,147.806,38.1078
54.6049,166.106,53.0057
53.4573,169.102,51.9815
62.3275,182.447,62.4125
73.6384,196.831,74.9593
73.0348,198.118,74.3174
81.8506,208.956,82.9143
75.0149,205.508,76.8581
74.8345,210.089,78.325
76.9876,216.579,81.7479
73.648,216.579,78.1663
88.5581,234.374,91.5242
89.1872,237.738,90.132
95.5454,247.636,95.1137
103.941,260.177,103.632
101.111,260.565,101.9
112.597,274.124,114.9
115.127,278.799,118.22
133.944,300.797,136.901
155.314,326.236,159.028
160.089,335.471,165.165
183.628,362.707,188.759
217.812,399.17,221.837
286.175,470.224,289.71
342.526,531.216,346.395
315.569,510.028,319.444
232.42,431.38,235.947
128.53,330.486,131.791
59.0398,265.225,62.3004
-14.1309,197.772,-10.533
-128.895,88.1264,-124.491
-212.017,9.24528,-205.973
-246.268,-20.3534,-238.98
-226.96,4.12925,-220.287
-220.154,14.999,-215.493
-276.172,-38.1801,-274.049
-328.834,-87.3871,-328.703
-364.881,-118.568,-365.069
-370.366,-118.285,-369.06
-370.937,-113.299,-367.581
-391.138,-128.609,-386.328
-389.431,-121.955,-383.549
-374.785,-102.51,-368.599
-337.071,-61.3373,-331.929
-291.895,-13.5257,-288.332
-259.488,22.5561,-257.261
-216.947,69.8145,-215.302
-186.861,104.139,-185.428
-150.394,144.769,-148.901
-117.825,182.356,-115.423
-121.24,183.717,-118.291
-122.358,186.272,-118.679
-123.96,187.559,-118.456
-119.513,194.657,-112.889
-109.487,207.474,-102.697
-98.8721,221.293,-91.5863
-76.9917,246.293,-68.2411
-81.5094,244.174,-71.6112
-88.7526,239.376,-79.7651
-76.522,254.354,-69.0099
-56.3754,276.94,-49.3419
-39.6282,296.08,-32.2991
-73.1068,265.461,-64.8612
-136.652,205.081,-127.867
-195.062,149.586,-186.495
-241.204,106.508,-233.68
-277,74.3097,-271.14
-327.574,26.8457,-322.919
-359.077,-1.9901,-354.859
-346.053,14.2821,-341.362
-287.361,76.7785,-282.535
-193.12,174.854,-188.999
-134.47,237.868,-130.216
-119.126,258.99,-113.602
-119.091,264.846,-112.858
-105.427,283.383,-100.578
-64.7386,328.987,-61.9283
-51.3617,347.062,-49.3156
-69.1537,333.1,-66.6599
-92.4059,312.908,-88.6327
-84.0401,324.033,-79.4734
-33.4097,378.186,-28.4522
-10.0708,405.706,-4.26189
-20.5445,398.929,-15.0826
-27.8667,394.83,-23.3739
-11.7641,414.99,-6.82697
21.2936,452.882,27.8978
19.893,454.573,27.9103
-6.10519,429.487,2.42601
-25.4731,411.167,-15.968
-16.4964,421.835,-5.86042
17.9524,457.917,28.7973
16.9985,458.814,27.449
-8.25434,436.119,1.88595
-24.1667,423.319,-13.4004
-14.2059,436.097,-2.68024
15.1332,468.395,26.7895
12.9201,470.141,25.2057
-4.37942,456.417,8.91439
-6.27081,456.461,7.01663
12.561,476.55,24.7598
30.9634,496.839,42.7846
12.1127,480.825,25.2895
-9.92899,462.61,4.15506
-10.6831,465.985,2.5692
16.8411,496.948,28.7723
62.2663,544.967,73.1835
75.5508,560.405,85.5591
73.6355,560.977,82.5161
69.1663,559.996,78.039
74.7604,569.67,85.389
100.769,599.036,112.975
103.382,603.587,115.835
98.2426,599.415,110.285
94.8306,596.496,106.374
98.6413,600.443,109.556
115.563,617.516,125.789
112.72,615.694,122.104
108.475,614.438,116.761
103.655,614.257,111.451
99.8529,614.728,108.004
107.994,625.854,116.889
96.6306,616.841,106.647
86.0463,608.221,96.9239
85.2138,608.335,96.5727
88.3946,611.549,99.713
95.8595,619.919,106.732
80.3404,606.724,91.7319
69.4767,597.985,81.7638
66.8066,596.641,79.2481
68.5975,598.952,80.1762
79.9392,610.356,90.3048
71.4935,603.142,81.9727
65.5103,598.894,76.4476
62.2932,595.973,73.6489
59.9614,593.446,72.0823
69.7584,603.688,81.7581
65.1066,600.223,76.7762
62.6605,600.457,74.8419
62.6127,603.926,76.4287
61.0842,604.957,76.9507
71.0678,616.055,88.1868
69.0148,614.129,86.6467
68.5939,613.437,86.171
62.9362,607.858,80.9855
52.4181,598.375,72.2559
59.2887,606.262,80.4961
59.9233,606.491,80.9778
65.3887,611.026,85.8139
66.5552,613.082,87.4618
58.9077,608.765,80.8798
58.5859,612.026,80.4311
52.5488,608.361,73.4934
58.649,616.952,78.2922
64.4952,626.473,83.2276
62.1718,627.501,81.4888
68.3729,634.935,88.5301
67.7047,634.31,87.6774
76.9117,643.815,95.5427
84.7254,651.774,102.658
79.2965,646.368,97.9521
80.0961,647.37,99.1722
72.9143,640.131,92.1579
74.2815,641.741,93.7741
71.0474,639.333,90.2601
58.5291,627.712,77.0832
63.6329,634.801,81.8164
64.2183,638.142,81.9958
65.3823,640.821,81.5708
62.2857,638.506,77.1713
54.2844,631.502,69.259
54.3771,632.985,69.4284
48.707,629.392,64.5435
55.8151,638.355,73.5477
60.932,644.069,78.8844
50.1864,633.034,65.9395
44.5097,627.58,58.9152
37.983,621.607,52.9337
48.1823,631.378,63.7491
56.2256,638.764,72.1725
48.0956,631.745,64.4712
45.9654,632.149,63.1122
41.0622,628.194,59.1236
48.7727,635.178,66.4629
52.2479,638,68.7669
47.007,631.633,63.506
48.2567,631.387,65.109
36.2762,618.89,52.4404
36.3895,619.664,51.4293
42.3726,625.656,56.5279
38.6949,620.149,52.4025
38.8526,617.926,52.785
31.0662,608.093,45.143
36.6932,612.135,50.0343
47.4539,622.399,60.4766
44.8153,620.565,58.5474
42.7776,619.185,56.7501
33.636,609.16,46.8678
36.7244,610.764,48.6319
41.8637,614.731,52.9529
42.2937,614.208,53.5548
49.8529,621.125,60.875
44.4372,615.277,55.3622
41.9515,612.627,54.108
30.957,602.275,44.1558
21.1417,592.824,33.4512
31.8694,601.907,42.1085
28.3447,595.551,37.5852
31.4188,596.709,41.192
37.2083,602.408,47.6963
28.6579,594.173,38.8303
22.9921,587.221,31.9075
6.68145,567.754,14.8378
1.26821,558.469,9.17607
5.17184,558.797,11.7515
8.97726,559.861,13.1959
23.9587,573.695,27.2303
23.8894,573.523,28.931
26.7838,575.338,33.3025
22.1403,568.348,27.4503
3.56125,547.225,6.75761
1.33214,542.606,3.43552
-1.02223,538.313,1.00555
10.2825,548.26,12.022
21.2072,558.317,22.3443
17.2938,554.086,18.5984
17.1834,553.204,18.498
7.8003,541.051,7.57483
12.7095,542.54,11.053
22.3052,550.839,21.3215
18.4816,547.236,18.705
21.4829,549.743,21.2206
16.6408,543.354,14.6951
24.3747,549.115,21.3576
34.2548,556.134,31.4055
30.4627,548.236,28.3935
36.4518,551.058,35.3481
34.2304,547.573,33.8706
40.2158,551.483,39.5872
37.2278,544.359,35.4723
20.3268,522.603,18.187
26.5937,524.701,25.0634
26.5901,521.658,24.9098
30.2368,522.188,27.2208
35.6215,523.719,32.1446
32.3824,516.954,30.3398
39.0395,520.995,38.2687
33.2025,513.073,32.1892
35.4746,513.648,34.3218
39.8603,516.066,39.6177
27.5893,500.691,27.3759
30.5567,499.689,28.89
34.8782,500.206,31.7261
47.4046,510.073,43.2796
56.0157,516.601,50.7053
52.7458,510.25,45.525
66.2312,519.239,57.6918
57.5218,506.365,49.3068
42.284,488.301,35.1035
41.1206,484.305,34.6024
43.336,482.928,36.9506
55.1812,491.377,48.3628
47.1444,481.794,40.2647
41.6352,476.095,35.5137
42.9289,476.177,36.7147
33.238,463.703,25.331
33.5065,460.822,23.7508
27.3521,451.633,16.8685
30.11,451.083,19.9575
37.8934,455.15,28.3375
33.2709,446.64,23.9915
37.7901,447.472,28.8306
34.3734,441.168,26.4754
42.611,446.381,35.5197
46.8392,445.457,38.2918
30.6108,422.826,20.0898
35.7788,422.856,25.3426
35.1216,419.075,25.7992
35.1273,415.854,26.1398
42.8524,418.58,33.3111
43.2611,414.338,33.6043
53.7368,422.048,44.8878
50.4684,416.2,41.5095
47.1135,409.133,35.8868
49.8014,407.912,36.5362
41.4755,396.143,27.4332
42.3637,392.957,26.8684
30.5988,376.538,13.1039
25.9146,368.17,7.43157
38.2816,377.916,19.7575
38.4211,376.231,20.1612
43.0345,379.473,25.7586
34.298,368.318,17.9704
29.5099,359.652,12.8743
35.9348,362.267,18.3206
36.8906,360.375,18.5201
52.9962,373.448,34.506
54.0136,370.824,36.0563
47.9117,361.231,30.7367
44.7854,354.504,27.7387
33.3943,338.761,14.9922
39.9499,341.012,19.9838
43.7352,342.037,23.3227
44.6466,341.315,23.4531
43.6945,338.332,20.9519
33.602,325.699,10.4182
42.6046,331.554,20.7476
45.4362,330.037,24.8932
44.2297,324.707,24.2598
43.7522,321.214,24.1034
36.8722,310.345,16.5051
47.8673,316.077,26.4369
46.4779,310.538,25.3795
41.5756,303.269,22.3306
43.2031,302.962,25.5069
36.3278,293.592,17.5211
41.1759,295.965,19.6128
38.7528,291.501,15.1678
39.7815,289.803,14.9599
48.0994,294.284,22.6193
43.5304,285.496,18.2082
50.116,287.472,25.396
50.9061,283.335,26.4907
49.8182,278.131,26.0038
50.1095,275.445,27.1278
35.5133,257.934,11.418
36.2111,254.538,9.06671
39.1946,252.764,9.56668
43.9309,253.189,13.809
40.9892,246.799,11.728
19.0232,223.224,-8.73327
12.5318,216.083,-13.8696
17.2889,218.975,-8.97623
323.179,522.251,295.466
1234.6,1432.12,1205.58
2111.4,2307.92,2084.12
2197.32,2391.3,2173.33
1833.25,2023.25,1810.18
1573.92,1760.07,1549.59
1306.01,1488.66,1281.02
879.296,1059.22,854.114
566.983,745.769,540.199
570.95,750.011,541.117
739.163,917.346,706.568
721.599,895.93,688.358
428.856,598.365,395.869
193.789,360.087,160.502
227.451,393.712,194.162
404.778,571.838,372.226
422.293,587.355,391.372
198.866,360.824,169.235
16.1173,176.024,-13.8783
46.1631,204.78,16.1486
197.678,355.715,169.377
235.525,393.095,209.236
81.0464,237.2,55.8366
-37.4212,116.746,-62.6947
14.5529,167.41,-12.1924
147.385,299.746,119.409
166.803,318.605,139.644
26.9434,177.395,0.828554
-65.8089,82.4461,-91.4752
-21.1424,124.341,-47.1663
80.3125,222.74,52.105
92.4632,232.752,62.7163
-14.547,125.169,-43.0269
-75.7958,62.795,-102.421
-39.0531,96.1042,-65.658
27.346,157.488,-0.416486
20.4678,146.519,-7.94015
-71.4048,53.7289,-100.299
-110.365,15.0239,-140.387
-74.2044,49.0317,-105.297
-24.0352,94.7426,-55.2167
-26.8154,87.6632,-56.7489
-87.1044,24.3239,-116.355
-94.7217,13.9798,-125.2
-56.5874,49.6928,-88.5233
-26.6732,78.0572,-59.1118
-37.9231,65.3602,-70.0894
-86.4642,15.0909,-118.762
-90.0047,9.4779,-123.013
-70.965,26.2889,-104.024
-64.3787,30.9951,-97.1775
-77.8422,15.6062,-110.628
-99.6581,-8.14547,-132.397
-73.0579,16.357,-105.753
-51.4577,35.0784,-84.0029
-63.7116,19.8427,-96.6844
-84.8366,-2.87513,-119.304
-98.0427,-16.1764,-133.477
-67.2554,12.8894,-102.607
-57.6384,18.1198,-93.3213
-78.5386,-6.35822,-114.501
-74.6559,-4.0398,-110.142
-20.8015,49.2254,-56.3437
69.8823,140.094,34.1477
-1.80257,68.0957,-36.7279
-274.565,-206.997,-308.529
-444.943,-380.865,-479.015
-297.535,-236.29,-332.545
-13.1924,46.7722,-47.8897
17.8816,77.1169,-14.9431
-229.825,-172.478,-262.227
-404.905,-349.8,-439.068
-287.589,-233.663,-323.243
-37.4689,15.6402,-72.905
-4.69359,45.8551,-39.18
-216.502,-170.501,-250.74
-365.684,-323.094,-400.115
-263.84,-221.47,-297.722
-48.2394,-4.73728,-80.1273
-25.6341,17.9577,-55.0708
-210.285,-168.01,-238.294
-333.995,-294.134,-362.028
-247.912,-210.473,-277.086
-71.2506,-35.5089,-101.785
-61.653,-27.0386,-92.6165
-224.254,-190.254,-254.538
-326.294,-294.08,-356.811
-245.774,-216.661,-277.966
-89.0103,-62.3554,-122.135
-73.6446,-49.9003,-107.222
-201.454,-181.136,-236.51
-281.382,-262.505,-318.349
-217.821,-199.655,-255.935
-87.2502,-71.7441,-125.086
-70.587,-58.4115,-107.725
-168.684,-158.134,-204.616
-224.26,-214.572,-258.2
-177.106,-168.898,-210.214
-77.4493,-70.6871,-110.093
-61.8079,-55.7503,-93.4851
-145.665,-139.723,-176.819
-199.692,-194.595,-230.709
-158.626,-155.558,-189.616
-68.1838,-66.5784,-98.3533
-51.4902,-49.9491,-80.9962
-114.593,-112.746,-145.333
-152.13,-150.552,-184.654
-123.043,-122.131,-156.283
-60.7068,-61.3806,-93.7354
-57.5615,-61.9119,-90.3758
-114.3,-123.254,-147.17
-142.897,-155.205,-175.353
-123.444,-136.852,-155.225
-80.9387,-93.3489,-112.049
-78.3514,-88.3511,-108.756
-113.102,-120.697,-142.837
-123.91,-130.443,-152.529
-106.312,-113.232,-134.392
-78.005,-86.5271,-106.316
-82.8589,-93.6045,-110.472
-103.754,-116.554,-129.695
-103.373,-118.088,-127.947
-100.43,-116.915,-124.87
-90.8586,-107.291,-115.21
-91.8855,-105.761,-114.881
-99.9821,-110.436,-120.848
-95.7607,-103.427,-114.198
-98.4702,-105.254,-115.824
-94.3036,-103.269,-112.485
-93.4649,-106.809,-112.15
-100.44,-117.529,-118.431
-96.0105,-115.562,-113.559
-91.549,-113.268,-110.125
-79.0663,-102.263,-99.0791
-75.7602,-99.4739,-96.9223
-73.1211,-97.1026,-95.2738
-57.4094,-81.8217,-79.0959
-63.6491,-88.6958,-83.6443
-78.6002,-104.167,-97.3064
-86.8077,-111.614,-104.727
-71.7742,-94.5752,-89.306
-39.8709,-61.4637,-57.6371
-41.0163,-64.0576,-58.7437
-59.4258,-86.0145,-75.9145
-68.765,-98.2301,-84.5145
-51.7002,-81.6118,-68.2272
-22.1413,-52.2587,-38.9388
-37.5676,-69.1973,-53.1911
-67.8839,-100.815,-81.5828
-74.101,-107.756,-86.6664
-46.9055,-80.9946,-58.963
-12.9861,-47.6687,-23.7476
-30.8272,-65.8039,-40.3344
-64.4434,-99.2266,-73.9815
-71.2988,-107.364,-81.879
-44.7685,-83.6837,-55.2044
-16.5392,-58.3663,-25.5929
-39.1287,-83.5257,-48.0841
-76.148,-123.043,-86.0608
-88.3826,-137.013,-99.2892
-66.915,-115.059,-78.5696
-36.425,-83.2201,-47.4556
-52.6312,-99.5199,-62.0341
-81.9339,-130.13,-89.6518
-82.9241,-132.222,-89.3184
-50.2024,-99.7379,-56.7552
-14.2474,-63.8751,-22.9589
-31.7425,-81.8661,-43.46
-67.2135,-118.212,-79.8883
-81.9397,-133.858,-92.5593
-60.3762,-113.383,-68.7664
-23.9739,-78.7313,-32.0838
-35.2797,-91.2146,-44.3694
-67.6399,-123.393,-76.8572
-78.9691,-134.756,-86.9658
-53.321,-110.394,-60.6408
-18.4024,-77.2568,-26.1999
-38.8153,-98.5256,-46.9821
-78.8235,-138.44,-85.7522
-84.4079,-143.96,-88.6525
-51.9265,-111.64,-53.3269
-20.2375,-80.7935,-19.6412
-44.5608,-106.333,-44.1002
-78.7901,-141.221,-79.5047
-78.7653,-141.831,-79.876
-48.2867,-112.504,-48.8796
-18.702,-84.8323,-17.9986
-37.6936,-106.558,-36.2467
-66.421,-137.634,-65.3611
-67.1039,-139.752,-67.2372
-33.3794,-108.357,-35.743
0.307895,-78.2512,-4.04664
-23.4446,-103.739,-27.8933
-63.4376,-142.753,-66.9483
-73.6126,-152.238,-77.4786
-45.1207,-123.747,-50.2759
-10.3215,-87.8521,-15.5771
-28.2233,-104.186,-33.4639
-57.4979,-132.989,-63.828
-62.9017,-139.323,-70.3438
-49.0569,-127.076,-56.9782
-27.7748,-107.472,-35.0937
-38.6874,-119.195,-44.6864
-58.3889,-138.545,-63.2334
-68.0448,-149.082,-73.0603
-51.3954,-135.407,-57.921
-17.0027,-103.497,-23.5959
-24.6245,-112.404,-29.5682
-45.8326,-134.992,-50.5138
-46.3102,-136.593,-52.2451
-26.1349,-116.347,-32.5191
-3.52972,-93.7126,-9.91024
-18.932,-110.586,-26.2564
-39.4897,-132.908,-47.1446
-40.2492,-133.928,-46.4102
-20.8595,-113.129,-25.383
7.83627,-82.6955,3.78103
-11.6903,-101.474,-16.5568
-47.9336,-139.212,-53.5493
-53.4797,-148.244,-59.122
-37.3187,-134.475,-42.9463
-21.1584,-118.308,-25.6914
-40.6743,-137.611,-43.1246
-62.4403,-159.727,-63.9335
-60.3561,-156.673,-62.826
-47.4542,-141.842,-51.3404
-37.0359,-131.764,-40.9687
-51.954,-149.782,-55.1215
-68.9053,-169.521,-70.5554
-76.9705,-178.747,-76.9115
-78.9456,-181.019,-79.329
-73.5812,-176.265,-75.0304
-89.7654,-193.917,-91.7195
-106.761,-212.006,-109.562
-109.157,-215.052,-111.599
-117.336,-223.283,-117.437
-124.497,-228.971,-121.51
-137.987,-241.101,-133.192
-148.857,-252.77,-143.747
-150.331,-256.847,-145.08
-145.465,-254.494,-140.467
-132.302,-242.825,-127.597
-135.19,-246.341,-130.558
-147.223,-257.503,-142.817
-156.831,-265.269,-151.799
-158.59,-266.055,-152.088
-148.932,-256.562,-141.411
-141.714,-250.246,-133.729
-131.709,-241.611,-123.647
-123.996,-235.265,-116.35
-116.762,-228.823,-110.337
-107.808,-219.806,-102.819
-118.51,-230.4,-114.05
-129.049,-241.428,-123.91
-120.479,-234.052,-113.037
-106.885,-221.877,-97.2296
-102.094,-217.523,-92.5652
-113.678,-228.787,-105.988
-119.105,-234.146,-113.039
-115.627,-230.658,-109.43
-108.394,-222.921,-100.78
-99.885,-213.813,-90.7961
-107.829,-222.325,-98.2092
-112.021,-228.03,-103.861
-102.648,-219.797,-96.808
-87.5665,-204.952,-83.0125
-76.3169,-192.779,-71.3961
-82.0477,-197.318,-76.0509
-89.0025,-203.249,-82.3147
-92.0459,-204.24,-84.7936
-88.5934,-198.29,-81.4139
-83.218,-192.202,-76.7155
-97.47,-207.819,-91.4408
-105.714,-218.021,-100.427
-95.3692,-209.455,-91.4087
-78.5481,-193.592,-75.472
-61.424,-175.654,-57.3079
-64.5578,-176.999,-57.9911
-73.5101,-184.779,-64.8417
-76.2342,-187.622,-66.8905
-75.9117,-189.318,-67.9674
-75.6159,-192.661,-69.6944
-82.3284,-202.729,-77.435
-79.2883,-200.267,-74.9539
-71.7222,-191.308,-68.0405
-72.9466,-192.53,-70.8838
-78.3408,-198.576,-77.905
-80.0166,-200.317,-79.4454
-64.6853,-185.515,-63.3888
-55.6375,-176.889,-54.4008
-63.2306,-184.741,-62.9105
-66.2419,-188.794,-66.8679
-65.8323,-190.087,-67.044
-57.5771,-183.482,-59.7298
-55.8081,-182.924,-58.6456
-58.4431,-187.005,-60.9921
-51.0489,-181.257,-53.515
-49.0722,-180.434,-52.254
-46.7691,-179.282,-51.0709
-54.4958,-188.548,-59.4363
-60.401,-196.516,-64.5958
-46.9891,-185.259,-50.0836
-36.2917,-175.5,-38.6915
-32.2283,-171.043,-33.9497
-47.4984,-185.204,-49.0482
-62.08,-198.945,-64.3671
-57.765,-195.338,-61.3719
-56.3282,-196.166,-61.2154
-49.7645,-192.662,-55.1776
-49.9889,-195.283,-55.2556
-50.8382,-196.638,-56.5251
-38.6328,-183.416,-45.7895
-41.7802,-184.733,-50.1766
-46.1847,-187.404,-54.6426
-50.4501,-191.262,-58.4107
-52.4566,-193.988,-59.4877
-43.4236,-185.456,-48.9947
-48.112,-190.923,-53.1313
-48.5705,-193.628,-53.9807
-50.7123,-198.226,-55.9142
-56.3959,-204.618,-61.6001
-53.1687,-199.736,-59.4943
-58.176,-201.645,-64.9247
-53.1428,-194.005,-59.3641
-49.3313,-188.87,-55.5686
-52.4745,-191.547,-59.1077
-46.9296,-186.837,-53.8162
-47.4416,-189.226,-54.4521
-41.4979,-184.873,-48.0688
-40.6465,-185.429,-46.2426
-47.8653,-194.279,-53.1214
-44.4778,-193.038,-50.1168
-49.1866,-199.971,-55.2432
-47.9226,-200.092,-54.4849
-45.1185,-198.09,-51.7513
-41.4352,-194.224,-46.966
-33.1007,-183.57,-37.2073
-48.4844,-194.559,-52.3838
-50.2063,-191.973,-55.1347
-42.5639,-181.954,-48.6138
-48.0642,-186.836,-54.306
-44.4869,-183.893,-49.4902
-45.9511,-186.173,-48.9231
-38.1633,-178.635,-39.7375
-30.4728,-171.728,-31.9375
-40.0691,-182.793,-42.2321
-42.4444,-186.143,-45.3743
-44.3757,-188.275,-48.0801
-34.6821,-178.447,-39.4251
-27.5238,-171.98,-33.5865
-33.8338,-180.556,-41.2933
-31.0824,-180.506,-39.1456
-36.6199,-187.461,-44.7563
-33.9404,-184.881,-42.4488
-31.908,-183.13,-40.8618
-39.4796,-191.459,-48.5256
-34.7608,-186.859,-43.1239
-39.2675,-190.803,-46.5277
-35.2216,-186.69,-41.666
-30.79,-183.759,-37.1642
-40.7032,-196.417,-47.772
-37.9005,-195.973,-46.0403
-33.6338,-193.18,-43.0819
-21.8189,-182.329,-31.9039
-21.6161,-182.536,-31.044
-40.275,-202.127,-48.6658
-39.8773,-203.609,-47.2109
-37.5013,-201.952,-44.0562
-29.7098,-193.33,-35.7316
-27.5238,-190.974,-32.7892
-39.369,-204.527,-43.9575
-34.8765,-203.048,-38.8574
-29.8344,-201.379,-32.9624
-22.0716,-196.311,-24.1351
-26.3915,-200.773,-28.584
-42.7717,-214.875,-47.0094
-41.2129,-211.211,-47.5865
-44.897,-213.584,-51.3841
-45.146,-212.612,-49.9281
-47.2736,-214.331,-51.5012
-60.4809,-228.385,-66.144
-58.2136,-227.592,-64.9456
-60.1711,-230.612,-66.9581
-56.2868,-226.296,-62.494
-51.2023,-219.11,-56.1029
-61.381,-226.374,-64.7548
-67.2016,-230.419,-69.6019
-79.3974,-242.718,-81.5455
-70.84,-235.529,-73.3006
-53.9788,-220.881,-57.0206
-55.0978,-224.08,-58.1773
-48.7862,-219.336,-51.53
-53.1882,-225.113,-55.0764
-61.3451,-232.765,-61.8329
-68.2372,-235.652,-68.615
-71.7377,-234.225,-73.165
-54.0077,-213.158,-56.3885
-45.0169,-201.415,-48.6039
-36.703,-189.423,-41.5152
-29.3913,-178.342,-35.2069
-28.6608,-174.825,-35.4319
-11.8653,-155.18,-19.5962
-5.74802,-146.058,-15.4672
8.03565,-130.512,-4.32215
22.8124,-115.56,8.24968
12.7149,-125.238,-3.51332
10.7253,-125.882,-6.67541
-0.260873,-136.18,-19.0153
-14.6129,-150.584,-34.3849
-27.0002,-163.309,-46.5193
-53.7176,-190.65,-73.1725
-80.057,-217.866,-100.736
-119.981,-258.66,-141.818
-162.169,-301.609,-184.489
-210.011,-350.637,-232.924
-281.819,-423.451,-305.569
-349.747,-491.38,-373.951
-422.842,-564.079,-447.345
-485.171,-627.39,-510.442
-525.442,-670.8,-551.818
-564.71,-713.183,-592.03
-585.373,-734.952,-612.354
-601.652,-751.347,-627.279
-604.586,-754.979,-629.368
-591.035,-741.723,-615.667
-573.815,-722.889,-597.624
-533.767,-681.46,-556.344
-498.192,-646.852,-521.643
-462.367,-612.972,-487.527
-420.546,-573.305,-445.573
-392.853,-548.138,-417.34
-360.579,-517.591,-385
-330.343,-486.962,-354.831
-292.755,-447.732,-318.064
-249.676,-404.183,-275.515
-223.564,-378.915,-248.858
-190.898,-347.031,-215.203
-168.542,-325.494,-192.432
-155.912,-313.619,-180.289
-131.412,-289.022,-155.941
-112.94,-270.288,-136.979
-94.2091,-252.19,-117.366
-79.9842,-238.766,-102.589
-59.562,-218.571,-82.1358
-36.1676,-195.78,-58.5531
-33.4426,-194.117,-56.4239
-27.9685,-188.439,-52.4602
-19.913,-178.712,-45.8489
-5.49865,-163.214,-32.7747
15.0439,-143.155,-12.9718
26.8453,-133.021,-0.788654
48.4072,-114.205,22.3044
71.9682,-94.4176,46.6515
94.2609,-75.4202,68.3356
117.432,-53.5954,92.4782
126.677,-44.6182,103.573
136.12,-35.6129,114.157
149.565,-24.128,128.775
171.765,-5.39546,151.952
195.615,15.5236,177.189
210.677,28.6032,193.849
226.869,43.4819,210.441
227.253,42.8211,210.01
229.651,43.0144,211.134
239.833,50.3912,220.563
239.559,48.7868,220.31
240.062,49.5388,220.395
233.42,43.732,212.979
230.755,41.9881,210.793
230.689,42.3479,212.177
220.157,31.9011,202.112
214.029,26.8231,195.545
208.576,23.2765,190.56
211.585,27.7916,194.364
213.486,30.8038,196.692
198.096,17.0126,182.131
189.833,11.0766,175.193
186.557,9.31359,173.23
190.803,12.941,178.406
198.5,18.1459,187.495
193.852,10.0533,183.843
191.283,4.50538,179.679
189.124,1.2565,174.892
195.559,8.9979,180.51
199.471,15.5189,185.046
192.2,9.73659,176.974
191.529,9.1149,172.9
185.908,5.44815,165.627
190.602,14.2739,172.213
200.422,27.1358,183.81
190.993,19.401,176.664
182.948,13.4464,173.31
183.547,15.7447,177.474
196.862,28.6922,189.725
205.88,36.5856,196.249
196.497,27.1831,187.3
193.276,24.4335,185.47
187.142,18.5922,177.815
185.034,17.2928,173.114
191.13,24.508,180.062
193.682,28.572,186.265
204.053,41.4973,198.985
208.89,47.8122,203.973
213.455,49.8811,207.642
216.098,48.2722,208.933
211.805,42.2312,204.197
215.703,46.4781,209.88
214.543,45.6237,210.658
214.952,46.413,210.283
213.894,44.33,208.464
200.924,27.8288,195.444
198.692,24.7823,189.911
200.973,30.9965,188.05
205.419,39.3028,193.189
206.187,41.2648,198.489
198.235,31.8195,193.623
197.643,27.6583,193.202
186.229,12.9805,182.497
176.53,3.05851,175.93
171.47,1.14794,172.861
152.172,-14.6866,152.428
138.005,-28.9826,137.996
132.07,-38.3301,135.169
143.746,-29.3098,149.191
163.175,-10.0177,166.825
169.14,-0.597733,170.15
174.829,11.717,174.375
168.951,9.32615,166.616
156.685,-4.64926,153.051
153.383,-10.0115,150.303
156.464,-7.93889,154.643
168.97,3.00293,167.853
163.597,-3.79621,161.416
149.323,-17.8945,145.537
138.628,-27.1335,135.45
124.282,-39.3008,122.495
121.912,-40.7002,120.835
118.473,-47.0364,119.206
114.234,-55.573,116.761
103.547,-67.0738,106.192
91.5163,-76.7643,94.0053
101.9,-64.1938,104.823
106.4,-58.7825,109.357
102.562,-62.3437,103.975
101.111,-63.7765,101.074
101.035,-63.9169,100.643
112.049,-53.0901,112.237
109.82,-54.9666,112.619
105.931,-56.08,110.042
114.99,-44.8283,117.581
123.215,-39.2056,127.046
136.81,-30.3824,144.787
140.358,-30.1392,149.377
144.548,-26.3617,150.701
151.149,-17.3337,153.815
147.141,-18.1378,147.065
146.448,-17.5318,145.258
141.722,-24.898,141.373
144.632,-25.0161,144.978
151.734,-16.8078,151.527
148.119,-17.6613,147.428
151.739,-12.096,151.588
148.371,-14.0872,150.416
142.02,-20.5073,146.492
139.099,-24.5721,143.634
131.515,-31.9963,135.762
139.231,-23.5627,144.554
145.092,-18.7124,150.766
146.264,-18.2929,151.133
144.561,-18.1593,148.274
140.721,-19.8636,142.653
150.702,-10.3049,151.335
147.391,-15.2367,150.477
139.105,-23.0642,146.952
138.076,-21.7769,148.185
138.496,-20.9498,147.785
150.649,-10.6741,157.19
150.372,-10.748,154.541
142.607,-16.2504,147.218
142.153,-16.8348,148.541
143.212,-18.0716,149.403
155.852,-5.16126,160.027
153.211,-4.54909,157.817
132.979,-24.0727,142.848
116.962,-41.8262,132.89
117.523,-40.0562,134.474
147.393,-7.41299,160.628
168.212,13.2643,177.54
175.242,19.4986,181.325
178.498,26.2792,180.187
172.561,27.264,172.049
176.482,36.9487,177.965
181.861,45.0273,183.91
192.223,56.5457,192.106
198.822,62.4298,200.243
183.485,45.3399,192.478
177.102,40.9735,190.855
181.463,48.4514,188.809
188.172,53.5338,185.869
187.516,48.4595,185.604
175.575,33.6385,178.203
176.989,35.324,176.475
170.245,31.0459,168.707
158.993,21.5655,166.206
154.236,16.0392,169.098
146.501,5.51383,162.991
148.847,5.23937,165.526
142.254,-1.71531,160.325
131.3,-10.8024,151.1
122.888,-16.3807,143.045
110.171,-27.8641,128.13
105.449,-35.2929,119.724
92.6123,-53.3116,106.683
84.564,-65.2437,100.51
85.7207,-65.3834,97.1675
72.1632,-77.9892,78.0623
63.3065,-83.6673,72.967
53.5626,-89.8961,70.1681
45.3964,-97.0114,64.2366
45.3243,-98.0003,64.1589
43.4093,-100.602,62.9875
51.4181,-93.7138,71.6724
49.7653,-96.5876,70.6502
38.283,-106.167,59.7437
21.2506,-118.36,42.0359
-1.18437,-138.883,17.8688
-8.57991,-150.466,9.59464
-19.9824,-167.394,-0.465212
-28.6503,-178.858,-9.71666
-28.6753,-178.806,-13.8752
-40.8323,-186.532,-30.38
-50.136,-190.209,-39.9858
-67.4364,-207.402,-50.8733
-74.8621,-218.493,-54.1608
-51.8911,-199.454,-33.5458
-39.9579,-189.69,-26.1279
-46.2472,-191.369,-39.196
-61.9843,-198.523,-57.2377
-65.2496,-198,-56.3895
-63.9733,-196.712,-51.6866
-71.2258,-206.334,-52.6688
-58.0239,-201.293,-32.7182
-44.8352,-199.409,-24.4555
-42.6981,-206.552,-30.9521
-55.8879,-221.116,-36.9515
-72.8286,-232.391,-38.8768
-54.5708,-209.857,-21.833
-32.2155,-185.117,-15.7717
-16.8304,-165.535,-13.6899
-10.9216,-157.919,-10.0248
-29.4717,-183.232,-24.4391
-43.3126,-206.675,-35.8493
-63.3671,-230.901,-54.5387
-76.8355,-245.115,-61.4952
-71.0802,-241.126,-49.7164
-73.5466,-245.404,-53.1059
-73.1328,-243.901,-55.1768
-78.8648,-247.192,-63.4501
-78.9514,-248.051,-68.5016
-73.6886,-248.799,-68.096
-79.6441,-262.502,-73.5081
-83.9048,-269.185,-72.219
-103.981,-283.467,-87.544
-108.924,-281.209,-90.9849
-98.1063,-270.667,-82.3215
-102.968,-282.307,-91.1341
-102.853,-288.75,-90.7221
-118.613,-307.677,-100.103
-127.91,-317.779,-106.061
-116.309,-305.298,-99.6096
-120.021,-304.397,-110.749
-117.948,-296.558,-113.691
-122.769,-301.452,-119.284
-129.338,-311.35,-123.532
-124.341,-307.489,-116.959
-127.857,-312.98,-119.475
-126.826,-313.936,-117.658
-141.346,-325.163,-129.891
-145.026,-321.659,-128.227
-122.261,-293.629,-102.733
-110.658,-282.327,-93.3637
-105.656,-282.222,-90.3996
-118.389,-302.195,-103.595
-115.275,-302.431,-101.83
-89.2328,-271.05,-78.3311
-82.8937,-258.974,-72.9709
-82.9907,-258.431,-69.8974
-94.5817,-270.588,-78.1826
-98.6569,-277.652,-88.8124
-91.8987,-273.891,-98.0342
-91.999,-269.194,-105.711
-71.1498,-240.275,-73.1977
-66.7682,-232.903,-51.8403
-72.5974,-238.11,-50.9972
-64.726,-229.212,-45.3445
-61.7177,-228.85,-48.9081
-40.2739,-211.742,-33.533
-40.5149,-212.184,-34.7756
-55.4533,-224.546,-47.1185
-55.5587,-225.503,-44.5614
-67.7131,-244.586,-55.9385
-65.0159,-247.508,-53.2583
-59.0004,-238.634,-50.4871
-51.373,-223.411,-49.5848
-38.1544,-204.75,-38.6081
-39.9927,-206.372,-37.5394
-34.0494,-204.616,-28.0064
-44.4336,-215.569,-32.5735
-48.1127,-211.669,-31.172
-24.6322,-182.251,-5.4109
-21.5864,-181.547,0.168246
-8.73184,-175.152,8.37474
7.65931,-165.575,12.1445
20.1456,-159.281,22.3899
32.1618,-151.381,44.3683
20.1293,-165.433,35.9867
23.9813,-161.569,35.4496
29.0905,-151.857,38.5273
26.9205,-147.123,33.7239
26.9121,-141.984,26.3732
14.165,-152.457,14.0071
21.9982,-147.587,33.9633
34.4348,-142.083,53.8293
47.0507,-136.258,63.0777
61.8905,-126.033,72.6787
51.5121,-139.32,59.5212
44.6131,-145.078,50.5659
27.3732,-151.981,33.0851
14.6412,-153.61,24.5838
31.9556,-135.759,42.8448
41.5645,-129.905,44.7283
55.8994,-115.71,51.6762
52.1843,-119.116,44.3495
33.2144,-140.586,25.136
22.8375,-154.088,22.6359
8.93685,-169.505,19.4412
22.6189,-155.693,34.1014
35.9159,-141.521,41.684
37.8261,-140.723,44.4763
36.1746,-146.991,44.4279
9.04151,-182.424,8.78693
-0.838355,-201.122,-6.0159
4.44376,-198.114,5.15825
12.5473,-186.458,15.6122
14.5435,-177.864,12.5165
-10.2757,-193.625,-18.8331
-16.3364,-199.083,-29.8755
-28.0006,-221.007,-40.4422
-43.2336,-241.973,-48.806
-26.4188,-223.494,-26.4513
-10.3105,-202.962,-8.12824
7.80915,-177.391,7.66764
9.64899,-174.077,1.58173
10.2505,-182.283,-5.05191
14.6712,-183.526,-0.926845
-6.57258,-199.964,-16.8464
-8.0817,-196.045,-14.4857
-0.263022,-190.374,-8.20262
7.18264,-189.881,-6.90475
18.7185,-181.538,-1.16506
5.75805,-189.991,-17.0763
4.89936,-187.562,-18.653
7.29127,-189.574,-11.0832
0.315041,-205.556,-10.8602
-7.98024,-215.521,-21.061
-15.2615,-205.363,-36.3961
22.2538,-146.525,2.20107
52.4502,-110.278,41.8104
57.4157,-111.198,50.4971
65.6866,-110.675,55.051
47.044,-132.339,32.9615
27.8756,-153.293,10.9582
18.2053,-164.687,0.816005
31.1934,-144.931,22.8494
62.1105,-103.411,65.2327
67.1272,-95.0888,71.4971
74.6773,-89.8847,70.8327
70.997,-94.9512,56.907
59.1912,-104.592,39.2368
62.5367,-99.2726,47.2842
51.8603,-111.597,47.5596
54.2514,-110.06,53.3333
52.7222,-109.081,45.6097
40.6859,-119.047,28.4952
37.7042,-119.143,27.3399
28.4833,-123.377,23.4719
40.9829,-107.016,38.3097
51.2483,-92.7493,46.2392
52.4475,-88.9246,45.5169
55.9791,-87.7069,48.889
38.9898,-105.709,31.11
34.7588,-103.682,28.0452
27.9928,-102.596,25.8759
16.7472,-112.243,17.7971
22.3981,-109.072,24.3556
14.0744,-116.704,18.3003
12.4134,-115.397,19.973
6.12521,-120.573,14.0713
3.21966,-123.584,6.71563
16.3684,-113.863,16.008
-0.27557,-136.577,0.553271
-10.1727,-145.255,-11.2956
-7.73337,-132.19,-18.3935
2.63546,-110.858,-9.99645
27.7507,-80.8591,26.9094
31.9705,-77.945,42.7201
34.0124,-79.1627,50.3544
22.3006,-93.1462,41.6186
5.39249,-110.989,22.1559
7.39873,-107.819,14.4378
-0.0583381,-113.673,-3.42549
0.453644,-114.991,-4.82009
-6.95575,-125.566,-5.73641
-12.9805,-128.696,-8.24516
-0.777517,-108.238,1.34505
-9.27641,-110.491,-9.34767
-8.1774,-109.212,-6.49737
-11.0173,-116.506,-5.49037
-23.701,-133.594,-15.925
-18.2808,-129.979,-12.2347
-20.4038,-131.433,-19.934
-22.2973,-130.805,-26.2774
-35.3677,-140.258,-40.2154
-43.2473,-145.461,-46.3569
-33.3488,-136.851,-30.9048
-41.5003,-152.677,-34.3831
-40.2175,-158.491,-33.3519
-40.4971,-152.971,-35.1057
-42.7642,-141.589,-37.9858
-32.8788,-125.34,-28.1739
-44.6767,-139.785,-40.7802
-46.6852,-144.464,-45.5143
-49.9152,-146.293,-52.1422
-57.9259,-152.344,-60.8654
-48.9621,-144.639,-48.0474
-53.7776,-151.879,-47.1515
-52.8741,-150.252,-44.0172
-58.8378,-155.475,-52.9027
-63.8358,-166.001,-61.804
-52.1311,-161.844,-50.8861
-58.5235,-165.36,-58.1224
-51.8075,-145.992,-59.3543
-44.6197,-129.695,-61.8086
-48.0635,-130.708,-62.7045
-41.6962,-126.722,-44.0642
-48.3549,-142.6,-42.1628
-43.4767,-150.468,-33.4145
-38.6359,-153.771,-27.3595
-34.7454,-145.172,-28.8687
-19.6237,-116.109,-22.598
-31.6252,-119.972,-38.6789
-36.3685,-124.397,-40.5467
-34.3177,-120.725,-32.987
-30.8014,-114.76,-27.6882
-12.1037,-98.946,-14.5071
-10.7112,-103.422,-20.9687
-5.1622,-101.218,-18.4324
-0.847889,-99.4999,-11.4743
0.00863784,-102.677,-3.32732
7.37207,-96.4698,12.0419
-3.29782,-100.692,4.11326
0.899931,-87.5364,3.31572
4.58099,-83.0685,-5.0687
0.44464,-93.3695,-15.7449
13.7202,-83.4948,6.40441
16.6938,-77.6075,21.2837
29.249,-58.6637,38.384
33.0945,-50.0388,41.6809
25.4879,-57.9653,30.2041
27.8895,-59.8649,25.5486
12.808,-78.4085,3.62838
10.0272,-83.2298,-2.22536
13.6853,-82.4213,4.12432
19.8158,-75.1776,19.3854
30.1504,-58.3005,39.215
11.9087,-71.2945,25.0129
6.84689,-72.9233,15.9484
12.6541,-63.0485,10.6175
15.9858,-58.5872,6.11643
21.064,-56.6614,12.9347
-0.924413,-83.0765,-2.55019
-2.05808,-87.5746,4.33199
13.047,-71.5471,26.7837
15.0103,-63.7882,28.9075
9.99753,-64.3544,14.9023
-13.9325,-88.2902,-18.107
-14.4133,-88.4603,-19.5777
-7.2008,-78.9235,-6.92835
-2.50005,-77.0679,2.27894
9.66876,-74.5108,11.7064
-0.72504,-86.6729,-5.44976
-0.156349,-73.327,-4.62289
-5.21457,-64.5814,-1.39459
-19.417,-75.8005,-12.0253
-12.2868,-74.7814,-9.26381
-15.1593,-83.542,-14.027
-13.8106,-83.1465,-8.07701
-23.0382,-91.6069,-12.2197
-39.9646,-107.448,-31.4903
-32.0494,-94.7744,-37.9591
-29.5359,-83.9415,-49.2665
-19.6532,-71.8078,-32.1558
-19.1611,-82.0412,-12.4211
-25.4575,-99.8949,-9.81944
-10.6358,-82.0365,3.20588
1.14663,-57.9235,11.074
21.1581,-32.0175,28.2651
18.2801,-37.071,24.2584
-0.679248,-56.9196,5.39363
3.1868,-51.0051,10.9685
3.76251,-49.5057,15.7767
10.9666,-44.9481,28.0315
1.97597,-56.9861,17.4642
-11.6298,-67.1785,-7.62177
12.2534,-37.0625,6.02082
42.3751,-3.5291,34.5101
83.7861,40.9378,76.728
108.805,64.1813,99.8244
122.189,69.4176,109.927
159.471,105.79,144.726
184.826,139.806,168.726
211.472,175.195,193.541
227.652,196.047,207.89
240.347,208.471,223.441
267.854,232.868,255.335
262.308,219.384,252.638
249.602,198.06,247.424
246.506,198.548,247.897
254.275,218.108,245.881
266.33,236.642,249.824
239.342,206.522,225.189
213.162,169.165,205.551
190.048,133.85,189.761
160.038,98.6779,164.667
140.915,78.6527,147.037
107.972,43.7151,113.282
87.7844,22.7936,89.2101
66.5203,4.05243,64.7804
40.9617,-19.4934,41.9817
29.4993,-33.374,36.3627
2.99781,-65.2699,12.701
-5.3577,-77.5898,2.9414
-8.21044,-80.2493,-1.1779
-21.7381,-91.4027,-12.6249
-28.1087,-97.6922,-15.6752
-44.2977,-115.451,-30.6734
-38.5834,-110.139,-27.1717
-35.9014,-108.613,-29.6947
-53.6544,-128.41,-51.7147
-60.0325,-134.95,-53.3452
-73.1675,-146.224,-56.886
-64.6601,-134.773,-48.5598
-54.6768,-121.642,-46.6182
-65.3029,-130.007,-60.4316
-74.8774,-139.703,-67.2197
-90.5803,-157.892,-81.2931
-75.6184,-145.801,-69.0279
-60.8208,-131.748,-58.4221
-68.7661,-135.929,-67.1243
-76.765,-139.351,-71.5191
-102.754,-165.886,-93.7261
-110.791,-175.14,-99.6208
-103.92,-164.416,-91.2781
-90.8719,-146.711,-79.8964
-70.277,-124.933,-64.3942
-83.481,-140.051,-81.1703
-94.2013,-152.997,-90.7345
-105.07,-163.808,-97.1092
-115.398,-173.317,-105.195
-98.6734,-156.172,-91.4143
-106.14,-163.357,-102.88
-114.65,-172.181,-113.415
-118.465,-174.033,-119.904
-127.53,-176.817,-132.714
-117.611,-160.817,-122.132
-118.639,-159.323,-116.761
-118.337,-159.352,-110.089
-125.869,-170.109,-114.221
-142.993,-192.087,-128.442
-136.508,-186.679,-119.344
-128.526,-172.373,-114.001
-109.799,-145.166,-102.524
-101.208,-134.117,-96.6579
-119.759,-154.443,-111.56
-123.869,-157.07,-113.449
-126.892,-156.317,-117.979
-124.447,-152.635,-116.91
-123.251,-151.176,-116.056
-130.229,-156.63,-122.467
-123.334,-149.919,-113.103
-127.195,-155.844,-115.879
-122.399,-151.451,-115.463
-117.624,-145.958,-113.734
-126.5,-153.719,-118.018
-121.738,-147.739,-108.857
-122.664,-150.925,-110.128
-119.312,-151.374,-106.985
-126.158,-158.295,-114.312
-137.413,-168.562,-128.883
-114.766,-146.489,-107.61
-99.7361,-130.506,-89.0542
-93.6537,-122.903,-79.0295
-92.4373,-123.901,-77.2941
-98.1177,-133.144,-84.1829
-94.5757,-129.908,-80.0705
-110.214,-143.607,-93.2468
-116.604,-148.706,-96.9611
-111.194,-143.024,-90.2738
-107.117,-138.914,-86.7639
-91.7316,-123.557,-72.6554
-102.209,-133.375,-85.6619
-113.707,-142.616,-102.066
-115.368,-142.671,-109.546
-117.191,-146.576,-115.326
-105.875,-138.862,-101.215
-115.862,-150.939,-100.814
-128.078,-162.333,-102.493
-124.922,-154.762,-94.3993
-110.709,-136.159,-82.3212
-83.2089,-107.918,-61.3644
-88.0015,-115.139,-73.3421
-100.241,-130.891,-90.691
-100.641,-134.498,-89.0405
-102.222,-139.031,-81.9237
-92.8092,-130.721,-65.6315
-95.3105,-129.574,-67.6561
-95.0088,-124.322,-69.9558
-94.4614,-124.995,-71.8145
-93.9674,-128.549,-73.702
-79.7129,-112.12,-65.6523
-83.8187,-112.771,-78.3937
-81.2505,-116.125,-73.5312
-76.1318,-125.597,-55.3062
-84.7183,-144.461,-56.7974
-77.7126,-130.227,-51.9463
-72.1452,-106.704,-50.0839
-55.5824,-78.5477,-35.5966
-46.6912,-67.1676,-28.7479
-72.1557,-93.5577,-59.0142
-85.3827,-110.05,-76.2165
-86.1579,-115.495,-73.8521
-72.2905,-104.383,-51.9382
-59.5049,-92.2491,-33.1787
-66.7537,-100.52,-38.0903
-72.4016,-108.662,-44.1189
-84.831,-120.704,-61.0835
-82.4733,-112.65,-66.4159
-76.0089,-101.747,-65.352
-82.155,-107.931,-71.3029
-76.3951,-103.943,-63.7573
-77.1283,-108.74,-64.7485
-80.3502,-116.914,-68.3453
-84.3332,-118.706,-72.4648
-90.1481,-113.921,-79.3557
-81.0518,-99.9593,-69.9494
-77.8085,-105.748,-64.4108
-79.0081,-115.125,-65.0729
-77.9656,-108.393,-65.9809
-68.1051,-85.6009,-57.2033
-46.9008,-55.5569,-33.2523
-42.4553,-50.448,-23.7483
-31.9093,-43.0419,-11.0441
-12.398,-24.4709,3.99206
3.81268,-7.00967,11.546
22.0879,12.8482,25.0623
19.8224,11.8337,22.7827
19.3053,11.7614,21.3233
21.8581,13.6801,22.7587
15.051,6.33438,15.4401
6.35851,0.507376,4.90233
-3.2129,-5.64797,-4.50016
11.9131,8.27903,15.2882
26.5368,19.1121,38.327
23.6409,14.7317,43.4833
19.7578,15.5701,38.3027
10.9737,14.9623,20.1639
13.3349,22.0154,16.7376
11.2389,18.0819,16.9915
6.61429,7.13417,18.0314
8.07021,2.77351,21.2991
-8.79818,-17.6224,0.0623048
-15.6328,-28.7894,-13.0622
-21.5795,-40.1155,-22.464
-31.7327,-50.8777,-30.6836
-25.7384,-40.2062,-18.2962
-25.8452,-36.0015,-13.1636
-20.6744,-27.0447,-7.5859
-25.1801,-29.5596,-12.3626
-34.1489,-43.4607,-16.6003
-26.7802,-41.138,-4.52249
-24.9373,-36.7411,-7.07069
-19.7134,-28.258,-12.612
-34.0856,-43.1277,-33.4708
-49.9499,-61.8837,-47.2781
-38.7104,-54.4415,-29.8316
-38.8441,-55.2465,-24.2877
-36.2512,-50,-20.3067
-36.4758,-47.6535,-25.3456
-38.2568,-49.0731,-33.4767
-23.9738,-37.6649,-19.9901
-25.2197,-44.6644,-16.0212
-23.5663,-48.3798,-10.4971
-22.7527,-47.8215,-11.0135
-26.3484,-47.0175,-14.6201
-21.0917,-38.6848,-4.98196
-33.3254,-50.4845,-15.3407
-34.6743,-49.3185,-18.389
-33.0201,-43.0575,-16.2504
-35.263,-44.926,-17.5919
-27.1224,-42.0041,-11.0376
-34.1838,-53.5866,-19.2142
-31.7892,-51.7149,-19.3609
-29.9502,-48.1651,-24.3018
-34.0284,-50.2177,-33.044
-29.3212,-44.2945,-24.8036
-37.9509,-52.0615,-26.8106
-36.1588,-49.5334,-22.8272
-33.8174,-48.1446,-21.6724
-35.3017,-52.7282,-24.0922
-25.944,-46.0049,-15.7441
-36.0756,-56.9817,-25.8212
-40.2381,-64.2675,-26.6872
-43.4212,-71.227,-26.4014
-50.6811,-74.3385,-34.0586
-43.7601,-58.7958,-33.8844
-50.1671,-63.0068,-51.488
-42.8691,-59.6432,-47.4651
-30.6676,-50.4838,-24.2576
-25.2061,-46.085,-5.52182
-17.9355,-39.9132,7.31239
-35.8219,-57.8235,-11.9205
-43.9197,-63.3601,-26.1139
-42.3767,-58.7033,-31.2171
-42.82,-59.2058,-35.3722
-34.7069,-55.2128,-30.6525
-45.0759,-70.095,-43.045
-48.9124,-73.647,-43.5023
-40.4311,-60.1201,-29.8478
-34.9138,-49.9816,-21.4607
-32.7874,-48.2699,-19.5226
-44.6478,-64.315,-33.7562
-36.2489,-58.5488,-27.4809
-29.8456,-52.858,-22.8253
-38.8281,-63.9378,-34.8379
-38.0748,-65.4499,-37.2139
-47.6787,-74.2769,-43.3479
-46.271,-69.8715,-31.9977
-39.8207,-61.6263,-22.0573
-32.2209,-55.375,-19.5725
-20.3896,-46.0585,-9.10893
-36.5703,-62.4801,-23.1318
-44.1724,-66.6893,-34.0571
-44.4107,-62.2817,-40.2244
-51.3716,-65.9202,-47.7772
-46.3461,-59.6589,-38.7766
-55.4335,-68.7292,-45.4859
-60.7372,-72.3442,-50.4124
-67.7463,-77.4874,-56.5885
-80.1625,-90.5208,-68.0033
-78.3413,-91.5902,-66.051
-87.3697,-105.848,-75.9344
-83.3721,-104.242,-72.9648
-84.6657,-100.746,-76.4996
-93.2036,-103.044,-86.5048
-76.4404,-85.2063,-68.1844
-73.7277,-85.057,-64.9782
-73.0507,-84.8298,-65.2185
-79.2146,-90.0196,-70.4281
-88.6009,-101.446,-79.3258
-68.7137,-86.3462,-60.7094
-63.5001,-84.3669,-53.9325
-65.3454,-84.3199,-54.4895
-64.3152,-78.216,-58.6838
-69.0374,-78.2302,-65.3876
-61.497,-68.6719,-50.5973
-62.1926,-71.8812,-46.8566
-52.4544,-68.1715,-39.2666
-42.2828,-66.0621,-31.9553
-49.63,-81.535,-42.166
-50.4097,-83.6977,-46.454
-61.0839,-85.4203,-60.0529
-57.3525,-71.7807,-57.7981
-48.4811,-60.4433,-48.0208
-50.2295,-64.3687,-45.0633
-43.1737,-60.4713,-31.6687
-53.9741,-74.5598,-38.1067
-58.1782,-80.6614,-41.8959
-56.9298,-79.1829,-42.8367
-59.3859,-82.2276,-47.6345
-42.4412,-68.6799,-33.3752
-40.7397,-69.3723,-34.5978
-43.0025,-70.4385,-38.3831
-53.0756,-78.0936,-47.8377
-73.6816,-96.5221,-67.6932
-64.2107,-83.9312,-58.7149
-55.0746,-72.1991,-50.3002
-43.9074,-64.3392,-37.1106
-39.6566,-68.227,-30.4841
-49.8197,-81.6361,-43.8193
-42.5558,-69.4775,-39.314
-41.1211,-62.6781,-32.3154
-33.8955,-54.9231,-16.0519
-31.2354,-54.0016,-9.85063
-46.5969,-69.6168,-29.7603
-58.6986,-81.2335,-48.1177
-81.2391,-107.213,-73.2316
-80.2349,-111.065,-72.419
-60.0365,-87.1959,-50.9337
-44.4529,-61.5349,-35.0476
-16.773,-27.7997,-7.80401
-13.2913,-24.2572,-2.82909
-20.3626,-34.176,-8.70911
-30.2227,-47.4381,-18.2322
-47.0513,-67.0525,-34.6936
-40.7556,-61.3355,-28.2385
-40.1785,-57.7782,-27.707
-38.4284,-53.1874,-27.4063
-41.5638,-57.1842,-32.4988
-53.6718,-72.0897,-44.9686
-47.2265,-67.7474,-38.7688
-54.5058,-74.5947,-47.0534
-59.0146,-76.3043,-51.3714
-55.4796,-70.2799,-46.6542
-58.5912,-73.1456,-49.9949
-49.0562,-64.9518,-42.1227
-54.4735,-72.7117,-49.3294
-56.5275,-77.5901,-52.2045
-52.9996,-75.2011,-47.6362
-62.0453,-85.09,-55.9054
-56.7917,-81.9041,-51.8989
-55.7951,-80.6309,-52.6237
-48.476,-70.5952,-46.2837
-51.315,-74.2017,-50.9357
-73.0654,-101.209,-74.0014
-68.7217,-98.7932,-64.8494
-61.7909,-90.4051,-48.2894
-52.8131,-82.4312,-31.4724
-44.0127,-72.5759,-22.8034
-35.8928,-58.5444,-23.7774
-12.1462,-29.2714,-12.2741
-14.5336,-29.7397,-25.2881
-27.6313,-44.7673,-40.1399
-36.8474,-58.8932,-37.3197
-49.0643,-76.1051,-32.138
-46.0688,-74.9718,-20.8068
-55.4151,-81.9994,-36.4814
-54.4303,-76.1217,-46.3169
-43.1393,-61.8595,-40.7403
-44.282,-64.9866,-45.4706
-32.4169,-57.8532,-34.7397
-31.273,-62.0529,-28.0742
-34.8886,-68.6058,-24.7093
-45.2869,-73.0627,-32.5944
-58.4119,-76.557,-47.8109
-41.7829,-57.9159,-35.6289
-33.9551,-54.5949,-29.5047
-27.2086,-54.1382,-20.7915
-12.2511,-45.3065,-5.0156
-6.34008,-43.5897,0.413005
4.69468,-34.7248,13.9996
2.58026,-38.8596,16.1126
10.8955,-34.4876,25.999
28.4332,-22.561,43.7471
35.2542,-21.0837,49.8159
55.631,-3.4063,65.899
52.8185,-4.94155,57.4501
42.7272,-14.2712,45.7937
43.004,-17.7845,49.6831
29.0894,-35.6383,38.0937
26.2319,-37.7183,35.1731
24.3155,-36.05,37.9256
27.3612,-29.6052,48.3577
28.7399,-24.5917,52.5516
14.6848,-36.3081,36.6021
17.3031,-34.0738,36.3197
24.3083,-27.7283,40.4236
34.2555,-17.6548,46.9822
39.8985,-13.2894,49.6189
25.5401,-30.5034,32.5561
19.8568,-37.2446,26.8435
9.76334,-43.9077,21.7501
4.73805,-43.647,21.4822
14.7035,-34.1571,34.0486
15.188,-41.324,37.9984
19.013,-42.6953,42.7009
14.8605,-44.0506,33.3374
15.6696,-37.5063,25.5598
21.8109,-25.8581,24.689
15.979,-27.3636,18.5791
17.4966,-25.3881,27.5642
7.42652,-38.5472,26.617
0.179993,-50.6485,24.852
6.45721,-49.0366,31.4763
8.28246,-45.6006,28.9327
18.6928,-24.6384,34.4913
20.8727,-10.726,33.7612
25.0817,-0.422904,36.5097
30.9775,6.13964,42.5287
17.5891,-9.56599,30.6424
18.0894,-12.8773,32.7007
15.2215,-19.3894,27.5307
3.01372,-31.7085,9.88606
-4.3804,-35.6461,2.99971
-15.1968,-44.7386,1.22229
-7.30299,-41.0093,16.1074
4.10494,-36.6933,23.3102
18.1652,-26.0303,27.1331
40.0758,-3.01552,44.4456
59.4353,17.1242,66.1198
87.5751,44.4819,96.6314
108.775,67.4385,117.86
132.899,95.7892,142.528
160.57,123.229,171.649
174.763,133.471,183.87
188.781,143.844,194.251
186.095,130.272,193.72
179.63,109.63,193.986
190.574,121.356,208.301
192.422,135.067,206.282
179.722,127.451,189.42
152.801,96.0274,166.612
127.66,63.6676,148.737
111.43,42.4193,135.342
95.6098,24.2712,119.488
83.0601,10.5774,107.613
57.2169,-15.8906,80.3183
35.0826,-38.0465,53.1359
22.5632,-48.7803,40.0523
11.7669,-57.0469,34.6541
12.0984,-56.4094,37.9336
5.2662,-64.4395,29.1927
-1.47059,-71.5273,18.396
-4.99687,-75.0418,10.3204
-11.8989,-84.1861,3.06296
-19.3516,-94.807,3.37651
-39.3907,-113.192,-12.0224
-45.8502,-115.063,-29.2755
-32.5837,-100.223,-29.6978
-23.0612,-90.4881,-21.6034
-15.6518,-81.2905,-10.0402
-25.2065,-88.0693,-19.0204
-41.6602,-103.154,-34.375
-52.5989,-116.733,-39.6516
-53.7992,-122.685,-36.7292
-37.3183,-107.575,-21.5871
-39.2423,-107.629,-25.1714
-54.0625,-122.325,-39.0688
-59.1662,-128.367,-44.5356
-54.6927,-122.214,-42.9022
-40.5159,-105.657,-32.1518
-39.6086,-104.579,-34.4072
-46.1293,-111.062,-42.44
-52.028,-114.834,-47.1698
-55.483,-115.808,-46.2994
-47.9514,-104.81,-31.4205
-53.2911,-103.233,-28.3511
-59.3894,-105.619,-30.3669
-48.121,-100.16,-23.6059
-28.3391,-87.8229,-14.373
-5.74274,-65.6479,-1.4194
-8.07632,-63.6101,-6.89711
-22.0957,-72.8678,-18.4276
-35.7752,-83.4741,-28.972
-50.4008,-98.5861,-43.3243
-46.8635,-97.1098,-40.528
-43.8049,-93.3074,-33.6819
-41.9139,-88.7243,-25.019
-42.533,-88.843,-23.2162
-57.5642,-105.606,-42.7978
-69.4839,-119.164,-62.5865
-74.555,-126.153,-73.6836
-64.4589,-118.309,-65.4608
-53.7883,-108.971,-51.3626
-60.478,-115.483,-52.6766
-60.6532,-113.426,-50.6828
-55.1221,-106.012,-45.5914
-47.4505,-99.4883,-38.6653
-50.0966,-104.934,-41.6254
-63.7285,-120.56,-56.5456
-61.8274,-118.341,-56.5308
-64.2474,-117.973,-58.457
-69.8159,-118.998,-61.6177
-66.5147,-110.343,-55.5748
-61.6344,-102.949,-48.9765
-53.4259,-98.7176,-44.066
-56.3005,-107.814,-53.4073
-62.1501,-114.842,-59.9308
-65.363,-115.963,-59.2127
-69.6409,-119.306,-64.0606
-62.2114,-109.965,-58.9357
-55.4853,-101.534,-50.4723
-51.5689,-99.5468,-44.1324
-57.2756,-107.627,-48.1833
-73.7296,-122.369,-64.0241
-72.9546,-116.252,-64.5113
-69.511,-109.289,-61.5007
-68.2869,-107.966,-60.8905
-69.3463,-108.609,-65.1568
-76.7338,-115.256,-74.9784
-73.4492,-112.681,-68.5955
-73.7718,-113.444,-61.9097
-77.1872,-115.354,-62.6614
-76.4862,-112.001,-65.3184
-77.4954,-110.754,-70.2677
-73.4169,-106.3,-69.5455
-72.4704,-106.381,-73.5056
-68.4792,-102.421,-74.8436
-62.6991,-94.6265,-67.0472
-68.4624,-97.5331,-62.9217
-69.0938,-97.1742,-57.0554
-66.0546,-96.6474,-54.8556
-56.9235,-90.4399,-47.0873
-54.4444,-87.9238,-43.0051
-70.372,-102.24,-58.9206
-73.8388,-106.317,-66.0145
-68.5735,-104.452,-64.3057
-60.5764,-95.9735,-57.5324
-57.4631,-86.7132,-53.1481
-62.2397,-86.992,-55.577
-55.7578,-80.3938,-49.1554
-46.6221,-73.1783,-43.2515
-42.2583,-70.5295,-41.6391
-50.2991,-78.8592,-50.137
-61.0531,-88.329,-59.8323
-58.0435,-83.7047,-55.1673
-54.7863,-81.6964,-51.9795
-44.8293,-75.6196,-42.3386
-39.97,-72.8259,-35.3225
-45.5395,-77.8756,-39.7415
-39.5629,-71.6579,-35.9075
-41.7424,-74.2489,-41.2636
-48.1318,-80.0448,-50.3947
-56.554,-87.0963,-60.0797
-66.662,-96.7328,-69.7217
-63.4417,-93.3223,-66.0983
-68.5812,-97.3251,-70.4224
-70.8281,-98.5961,-71.0315
-69.721,-96.7628,-70.4592
-76.267,-102.633,-79.8359
-78.1673,-106.358,-81.3313
-82.3836,-114.337,-80.4885
-74.5872,-106.677,-70.6601
-63.0616,-90.5095,-62.9692
-64.763,-87.4921,-68.2938
-62.4137,-82.4569,-64.8707
-64.195,-83.2705,-61.4489
-63.9117,-84.0234,-56.3389
-61.086,-83.87,-52.6698
-64.5192,-89.1584,-56.7497
-62.4329,-85.3177,-54.7611
-65.0878,-85.0336,-59.5455
-56.8387,-77.9948,-55.6474
-44.9932,-70.9326,-47.2899
-52.5817,-82.402,-55.5433
-64.0111,-95.2701,-63.9835
-69.4578,-100.11,-65.599
-50.0756,-78.6537,-46.7808
-28.514,-55.0705,-29.2993
-23.4022,-49.3543,-27.899
-15.2757,-40.9499,-20.0273
-24.4705,-49.7186,-25.362
-42.3586,-69.254,-40.1345
-48.7417,-78.9329,-45.9706
-48.5189,-80.6141,-44.8615
-41.4197,-74.6884,-39.6215
-46.6978,-80.8792,-53.258
-46.9862,-79.2349,-59.1179
-35.8478,-66.1436,-42.4565
-30.6221,-62.1894,-28.5035
-25.1619,-56.4,-19.0404
-29.8529,-56.9681,-23.2198
-30.6432,-56.1111,-25.1578
-28.6274,-57.6059,-26.3446
-32.7477,-64.2477,-35.1738
-33.3402,-63.4109,-37.4239
-41.9677,-70.8265,-40.7035
-40.016,-69.0237,-31.5727
-27.2971,-56.3727,-17.8982
-23.7256,-53.233,-18.6894
-18.3252,-48.4003,-16.5819
-25.8136,-55.7542,-24.4785
-40.2011,-68.9692,-37.8513
-47.3253,-73.7652,-42.7242
-48.927,-73.0188,-43.0108
-34.7334,-58.947,-30.5953
-26.7847,-52.6789,-25.1464
-25.0581,-50.1846,-23.5872
-23.4833,-47.1984,-21.3144
-23.7558,-48.6202,-21.7877
-19.5948,-45.3505,-15.7381
-27.6502,-52.9626,-19.1801
-31.9921,-57.5322,-20.9042
-27.1705,-53.9885,-16.9556
-26.7495,-54.4376,-19.1418
-29.7348,-56.259,-25.0405
-47.785,-72.8786,-44.7387
-52.7981,-78.871,-50.2785
-32.5675,-61.1356,-30.0752
-15.7199,-44.8936,-12.8523
-7.03376,-34.2613,-2.55286
-17.0614,-42.4285,-10.2804
-31.1606,-54.6744,-25.5823
-43.6371,-66.1218,-42.8136
-54.2681,-78.5701,-56.7255
-41.1738,-67.6831,-42.2265
-30.1929,-58.6647,-25.8071
-28.4298,-59.4008,-19.4135
-27.8469,-58.9096,-17.7053
-25.3697,-53.8199,-16.6162
-12.4652,-38.928,-6.58461
-13.1675,-39.8416,-8.86802
-20.2683,-48.7275,-15.7981
-22.843,-52.3398,-19.2722
-29.2402,-57.9727,-26.5582
-27.3189,-54.6604,-22.0345
-24.4207,-51.3847,-17.3396
-12.7527,-42.9443,-8.61061
3.26181,-32.7178,6.70036
1.84292,-36.8894,8.65135
-5.82033,-41.9092,0.988244
-19.5115,-51.1103,-16.3959
-24.0425,-53.4643,-22.662
-23.0903,-53.287,-20.8241
-26.9581,-58.9968,-23.5899
-28.2777,-60.4967,-24.3463
-41.9063,-72.9104,-37.9308
-38.4871,-70.1123,-35.1975
-22.4558,-56.3985,-19.2002
-25.8313,-62.1598,-21.9371
-24.2767,-63.9375,-21.0253
-24.6227,-67.0901,-20.7247
-22.1215,-63.9929,-14.8227
-15.4582,-54.5391,-6.22797
-24.1953,-60.3545,-16.7565
-22.5184,-55.8368,-19.004
-21.8442,-52.1867,-22.255
-22.9294,-51.0414,-25.4985
-21.5789,-49.4049,-24.0502
-34.7449,-63.0425,-34.544
-30.9476,-59.699,-27.1211
-22.6442,-52.3745,-18.2581
-17.8982,-47.67,-14.6752
-15.7727,-44.0933,-12.0162
-26.284,-54.0383,-22.5493
-20.3653,-49.6849,-19.5294
-15.6599,-47.163,-17.6787
-15.1314,-47.381,-17.6358
-15.7523,-46.7305,-16.7689
-30.3051,-59.3279,-29.2618
-25.8093,-53.2291,-24.3052
-12.7409,-38.8574,-11.2616
-0.175011,-25.6292,2.4717
5.32223,-20.5105,7.76529
-13.9821,-41.4767,-14.8726
-19.1088,-49.8797,-22.7831
-21.032,-54.923,-22.7763
-20.8182,-55.2238,-18.0536
-9.86183,-42.8945,-3.60838
-18.8447,-50.8144,-9.71313
-25.7849,-56.9758,-16.1885
-33.5172,-60.9857,-28.5285
-34.917,-55.8756,-37.2843
-18.9004,-36.4776,-26.5901
-11.46,-30.0678,-19.3138
-2.09942,-21.3007,-6.40571
-1.9893,-20.0042,-3.98143
-5.41465,-22.9172,-10.6045
-2.71111,-21.7609,-15.3188
-14.5215,-36.7984,-31.5354
-14.7678,-38.8633,-29.0389
-14.3902,-35.7191,-23.5045
-20.4974,-36.8581,-26.5781
-19.0396,-33.9451,-24.0107
-22.0107,-38.0414,-26.1407
-13.1405,-28.961,-14.4822
-8.26419,-25.6303,-6.96494
-8.77505,-30.6005,-7.49754
-10.5155,-34.1347,-9.90774
-23.5765,-43.8748,-23.5147
-18.2536,-33.7087,-18.47
-8.73029,-21.6906,-7.12109
-2.25257,-16.9317,1.41575
5.12578,-14.7756,7.78647
-2.38154,-26.0313,-2.94017
-2.28197,-26.8228,-6.22188
-6.04658,-32.6561,-12.709
-14.6654,-42.7273,-21.7614
-17.1928,-42.0437,-19.9564
-23.3108,-43.9686,-20.0698
-6.68609,-26.8118,-2.22416
5.05876,-16.3519,5.45731
-4.30669,-25.526,-8.23463
-16.1657,-35.9279,-20.2579
-28.183,-46.8386,-29.0847
-15.5899,-33.6252,-13.8892
-6.27979,-22.7639,-4.32906
-11.0555,-23.8641,-10.0173
-13.4384,-21.8315,-12.673
-22.7165,-29.4987,-22.3206
-22.125,-30.758,-24.1425
-26.0724,-37.0003,-29.9785
-29.1177,-42.0288,-29.2193
-17.0563,-31.5576,-9.87944
-18.2327,-33.0494,-7.97001
-19.8971,-35.1469,-11.3829
-27.5855,-42.6872,-20.4843
-31.184,-44.3929,-23.6984
-18.9726,-30.8246,-12.8842
-27.9899,-39.3878,-26.6741
-34.396,-45.817,-36.5358
-37.0015,-49.5943,-38.2732
-40.4272,-54.4819,-39.0223
-29.471,-44.5625,-25.25
-28.1285,-43.7695,-21.1813
-22.9583,-38.2497,-16.2049
-19.9482,-33.5767,-17.851
-23.9674,-35.2799,-24.714
-18.711,-29.3786,-15.6112
-24.0274,-35.2354,-15.457
-25.0013,-34.7066,-15.119
-21.2631,-30.1034,-13.9871
-16.2235,-28.5802,-11.951
-1.45437,-17.1052,2.3522
-5.99597,-20.3272,-0.319347
-6.51701,-18.155,0.295783
-3.75279,-14.6743,1.26479
-13.7951,-25.1406,-12.3628
-14.8213,-26.5385,-15.6758
-18.0622,-29.6155,-17.45
-14.3297,-23.322,-8.47153
-15.4682,-19.3696,-4.86594
-24.2588,-24.8459,-15.1875
-17.5983,-17.3642,-14.9944
-14.6568,-13.041,-15.8786
-9.02048,-7.35645,-7.95069
-11.4039,-13.7212,-5.84404
-25.7174,-31.8461,-18.6267
-19.6922,-24.7252,-14.7151
-9.8161,-11.4601,-8.39065
-0.511477,-0.97181,-1.61314
-1.30532,-1.51489,-1.55995
-11.7789,-10.9685,-7.53938
-14.4211,-14.2123,-4.57615
-26.18,-28.3367,-14.5912
-23.9943,-27.4483,-16.3208
-17.6071,-18.8372,-15.2849
-20.982,-17.2723,-22.4931
-11.5354,-4.33264,-15.5937
-5.17898,2.1437,-9.97491
3.54918,8.96715,1.639
4.01037,8.23259,7.5474
-6.23568,-0.122233,0.857778
-4.90566,4.38678,1.24557
-8.80167,1.85471,-6.49224
-7.04991,3.38281,-6.84059
-9.49291,-0.747715,-8.70242
-21.4584,-15.5648,-21.1674
-17.1063,-11.5188,-17.5651
-18.5851,-9.64203,-16.0436
-13.6819,-1.357,-5.78304
-6.75812,7.29023,3.38128
-16.3718,-1.73236,-8.73694
-22.6634,-7.22432,-18.2812
-27.6198,-8.60534,-22.9423
-16.4873,6.86815,-9.34585
-4.37386,18.8564,2.57715
-2.82724,17.7962,2.41841
4.00927,24.9009,9.93411
1.02286,24.2116,8.89139
2.87729,27.5929,11.5464
-0.486434,25.615,7.5015
-15.0522,13.3622,-8.63961
-16.7912,13.883,-11.5537
-24.2791,7.21273,-19.4005
-21.2756,9.9967,-16.5828
-12.4315,18.4865,-7.58485
-10.5161,19.4879,-4.49345
-1.16242,28.2462,6.78205
-5.05218,24.495,2.556
-6.89449,22.3797,-3.1591
-12.7192,17.6007,-11.7176
-24.4049,8.89272,-22.0065
-16.4562,19.3343,-11.583
-12.0113,25.0515,-6.09195
-7.09233,30.6823,-0.262381
-7.63147,30.0619,1.21996
-16.5162,20.3792,-5.85649
-15.6312,22.303,-4.82017
-22.3716,17.1446,-14.88
-16.7527,20.6248,-15.4998
-7.84361,26.5571,-9.51029
-10.2368,24.5186,-8.83006
-2.34276,34.3684,3.42319
-6.76924,31.7562,0.545878
-15.4968,24.8898,-8.13441
-25.6567,15.8462,-17.3873
-31.7494,10.0954,-21.9305
-18.8872,23.3408,-8.80899
-14.7985,27.1547,-7.33056
-8.08401,33.6312,-1.84013
-2.28821,40.8375,5.05436
-6.24885,38.5715,-1.37334
-5.74034,38.8637,-4.24854
-18.0116,24.8998,-15.8459
-25.5092,17.0237,-21.4773
-27.4945,16.7607,-23.5741
-28.7327,17.0177,-26.6312
-12.0005,33.4008,-10.2654
-5.69956,39.2277,-0.0949461
1.22301,48.4176,11.2712
6.09469,57.7749,16.4133
-0.76901,53.6697,7.94603
-1.24242,52.7471,7.02443
-9.79135,43.0062,-2.73798
-5.23352,47.1536,-1.58971
5.81489,57.6515,6.02433
5.22656,53.8833,4.48201
2.77613,46.9456,4.19703
-11.7985,31.7513,-5.99606
-15.5121,31.6248,-4.73157
-14.7578,36.1133,0.23912
-21.5006,31.1094,-4.51446
-17.7685,34.9954,-2.07697
-20.233,33.0014,-9.22501
-14.7551,40.4036,-9.43283
-11.1626,45.5815,-7.41899
-19.8038,36.904,-13.1721
-15.5793,39.6846,-5.92715
-16.3204,37.3249,-5.12267
-9.33768,44.4112,2.12342
-2.71517,52.6955,6.40067
-10.5167,47.4654,-5.78769
-14.6449,47.1399,-10.4152
-24.942,38.0337,-15.6546
-20.6852,39.0671,-7.44665
-12.4778,47.3308,0.164404
-17.2508,48.237,-6.8185
-11.8987,57.9257,-2.59181
-11.0997,58.2987,-2.58435
-6.09757,59.4725,2.03309
-6.70339,54.5927,3.00229
-19.8615,40.6481,-7.7752
-14.4657,49.6282,-3.33398
-11.0605,56.6921,-5.54616
-5.96634,62.2724,-3.89403
-7.99646,59.5839,-2.49707
-20.8027,46.9505,-9.4888
-18.1094,49.907,-3.89471
-21.7562,46.3553,-8.55451
-19.5185,49.0635,-9.74626
-16.7128,52.406,-11.4357
-24.5874,44.6168,-22.099
-18.1999,51.1552,-12.3463
-16.2949,53.8372,-1.83171
-6.79239,63.6798,12.5674
14.2312,84.7622,28.8892
25.5732,97.4202,32.3442
28.4471,101.069,32.4725
8.66407,80.7548,13.3096
-3.10212,69.5264,2.68664
-5.44788,67.8746,4.73335
-12.0926,60.2311,3.74323
-7.53538,64.8655,8.56877
-12.894,62.81,-1.99357
-13.2057,66.0469,-7.21591
-13.1184,67.7225,-7.75121
-18.9325,61.8446,-11.0277
-14.1347,65.451,-6.16895
-29.7705,48.6943,-24.4325
-47.4841,29.5128,-40.9392
-47.994,27.567,-37.4244
-37.6403,38.8586,-26.0268
-11.4084,67.1208,-1.40771
-1.79164,77.6658,5.96088
0.767994,81.4394,6.77099
-0.176348,82.4862,5.35367
-10.682,71.6439,-6.83902
-11.484,67.8498,-10.4051
-19.7776,57.5876,-17.4401
-16.2904,60.6286,-8.24583
-10.3689,66.0326,2.29888
-18.3639,59.2254,-5.593
-18.9121,61.5271,-10.7171
-25.4991,55.4755,-24.6643
-19.6991,60.2235,-22.6
-8.51024,72.2959,-7.49823
-9.10006,72.8792,-1.60136
-4.56994,76.159,5.89516
-10.915,67.5642,-1.54031
-11.0252,65.9803,-4.0785
-8.68639,67.438,-3.34682
-20.2276,56.7407,-15.5931
-22.1476,58.0734,-18.495
-28.128,54.4145,-27.271
-23.1114,58.3581,-24.5465
-19.5196,58.7439,-18.1277
-34.2369,41.0544,-26.4226
-33.6542,42.2479,-20.7745
-39.0368,39.9192,-25.7621
-42.2846,36.1876,-34.6405
-68.4199,6.6518,-68.6841
-192.149,-119.123,-197.004
-425.392,-352.997,-429.583
-754.486,-681.724,-753.643
-1047.98,-974.903,-1042.12
-1125.78,-1054.56,-1118.55
-932.6,-863.308,-925.857
-609.502,-539.847,-603.244
-446.798,-376.109,-440.276
-499.285,-428.129,-491.182
-564.362,-493.256,-555.966
-481.127,-410.108,-474.252
-280.519,-209.571,-273.438
-194.93,-124.829,-186.873
-270.834,-202.231,-262.911
-329.328,-262.2,-322.295
-269.033,-202.442,-263.691
-119.578,-53.5469,-114.587
-24.7402,39.2741,-18.4562
-37.8415,23.9683,-32.0335
-93.6622,-33.4098,-92.0725
-129.235,-69.0266,-131.582
-87.7555,-26.8856,-88.7031
-5.4821,52.9623,-2.26318
44.7629,98.8909,50.5193
47.2968,99.2093,53.418
57.9021,110.892,63.7066
113.694,171.047,120.355
111.394,172.59,118.558
31.3663,93.1572,38.0178
-20.9214,41.6445,-13.7675
-3.96101,60.2941,0.522136
74.0244,136.344,70.683
171.394,229.045,164.754
273.372,328.88,272.992
313.309,368.01,320.803
214.513,267.58,225.37
80.5958,133.628,91.5871
52.6765,107.943,62.4246
153.932,211.808,163.202
243.714,303.317,253.68
192.315,252.229,202.792
85.0046,144.636,96.3563
62.5976,123.449,73.8379
161.507,225.558,170.37
261.03,328.088,267.457
228.92,296.297,233.796
141.718,207.019,146.003
131.584,196.957,135.869
219.562,291.052,221.543
309.509,388.81,307.369
300.286,381.975,296.853
241.921,321.879,238.801
235.872,315.054,229.072
313.217,392.924,302.67
387.337,466.364,381.598
372.133,449.612,375.009
325.321,404.514,331.254
319.21,404.099,326.312
368.047,457.025,378.52
405.585,493.308,416.172
361.474,444.256,367.362
273.111,349.961,275.347
177.29,249.623,179.317
99.5575,170.165,102.324
64.187,134.482,67.293
69.3183,138.908,72.3927
102.264,170.848,106.462
78.235,144.472,84.4056
-22.2101,40.0715,-15.6395
-80.638,-20.7062,-75.0335
-10.4481,50.1138,-5.53052
125.893,188.526,132.275
162.499,226.195,171.345
86.6908,148.985,95.406
14.6062,73.3243,21.5401
20.7671,75.1424,28.098
84.9924,135.402,95.8517
82.7026,128.507,98.0011
10.2556,52.7012,26.975
-22.806,20.175,-9.22882
37.8295,81.5971,46.2283
140.455,181.598,145.638
141.427,178.404,146.794
41.1886,76.0403,48.887
-21.9923,12.962,-11.3437
25.1157,60.552,35.1138
123.252,158.784,129.32
123.092,157.465,128.475
36.3817,69.3175,44.152
-12.8026,21.3581,-3.70731
13.9467,49.9691,24.2501
75.3403,110.062,87.7427
66.5745,99.3341,79.5586
1.96601,35.824,13.1057
-13.3417,24.3969,-4.60206
46.6992,88.2832,53.0034
112.269,154.754,116.257
84.5194,125.073,88.1279
23.9891,63.5827,28.6873
35.1733,76.848,41.1467
109.816,154.418,115.638
176.573,223.485,180.322
148.129,196.674,151.616
87.1241,136.032,92.0628
95.2719,143.212,99.8312
153.183,200.105,156.528
200.873,247.869,204.775
172.599,220.205,177.443
126.728,175.136,130.209
140.031,189.144,141.784
186.736,235.777,190.294
219.426,268.231,226.486
183.975,231.587,193.484
142.236,185.775,152.841
155.283,193.522,164.404
182.809,218.342,190.97
193.392,228.304,203.301
152.943,185.104,163.481
106.526,133.811,114.925
98.6912,120.841,106.023
97.0336,114.305,107.502
90.4503,105.97,104.239
55.0767,72.238,67.3308
27.0057,46.469,34.4514
31.3162,51.3351,35.2675
27.7984,43.4936,32.7657
18.4259,26.4849,27.3721
-8.63263,-6.99304,2.86239
-20.7809,-23.9788,-7.90732
-11.5566,-17.6927,2.97929
-23.943,-29.0117,-9.13163
-38.4201,-40.7614,-26.0959
-47.9697,-51.33,-39.2124
-36.4863,-45.0277,-29.3961
-30.3757,-42.4532,-23.6913
-60.9273,-71.5169,-56.2266
-76.4635,-85.2276,-73.5818
-69.426,-80.1477,-64.4441
-35.6813,-48.9408,-26.7369
-8.95655,-22.9523,1.75405
-37.8422,-51.8213,-27.8835
-65.3165,-77.9321,-56.313
-67.8935,-78.0919,-59.0167
-42.7616,-50.3474,-34.0866
-27.1273,-32.1904,-18.1717
-63.7686,-68.7922,-54.6741
-91.4213,-99.2911,-85.0527
-87.7694,-98.3198,-86.7653
-52.1285,-64.0672,-55.1351
-22.4264,-36.1394,-23.1287
-46.3958,-62.9932,-39.7284
-69.6443,-87.6053,-58.106
-67.6393,-81.8964,-56.9409
-42.33,-49.1594,-35.7808
-25.8243,-28.6019,-22.6668
-55.6723,-61.3602,-53.1518
-78.6068,-88.8925,-75.0977
-66.5568,-77.475,-61.6845
-16.9765,-25.0985,-12.0274
12.2082,6.66181,15.3154
-32.9809,-39.2901,-31.079
-73.7548,-84.0473,-70.4157
-64.4763,-79.1384,-59.6019
-12.5974,-28.7545,-7.57066
11.1225,-2.50469,17.0387
-40.8558,-52.3627,-34.4003
-78.7298,-92.0465,-74.0881
-60.2621,-77.1681,-58.2499
-1.36638,-21.3012,-1.06538
25.7536,3.25605,26.092
-31.9868,-56.9599,-30.6639
-78.5205,-104.338,-77.2744
-63.6148,-88.3271,-63.871
-12.1638,-35.9056,-13.3165
6.8865,-15.7591,7.12214
-43.1001,-63.1332,-41.4537
-72.3902,-90.1659,-71.8971
-52.385,-70.2636,-54.7653
-4.3168,-23.3801,-8.47327
13.3897,-7.80871,9.75275
-35.922,-60.943,-39.1131
-73.3932,-99.5615,-76.2085
-68.736,-91.5877,-68.5443
-24.635,-45.7467,-21.6503
4.68692,-18.1095,6.17344
-28.847,-51.9072,-31.2087
-54.8128,-75.5779,-58.7693
-47.1895,-66.8888,-48.8602
-10.681,-32.1119,-9.76256
8.20971,-16.9816,10.0278
-32.0553,-61.0324,-30.1246
-55.3349,-85.3228,-55.1927
-38.8767,-67.9193,-42.1214
-0.444797,-28.6038,-6.20196
3.48499,-24.6393,-2.51021
-51.09,-80.2743,-55.467
-67.1086,-96.7955,-69.6537
-35.0319,-64.2201,-36.2291
15.3517,-13.0165,14.9188
34.0056,6.96677,32.6086
-7.87599,-34.1987,-12.9114
-35.9357,-62.7192,-45.8229
-29.6938,-57.9871,-41.9997
7.91704,-22.6773,-3.55806
25.2372,-7.11988,14.7819
-16.1781,-48.9581,-27.4171
-38.6918,-69.6462,-50.8983
-29.4806,-57.0076,-41.2691
-0.0884626,-25.2899,-11.6951
15.7474,-9.2614,3.53933
-14.8214,-41.1632,-27.6219
-24.8932,-54.1958,-38.3132
-15.546,-49.0013,-28.7595
5.24104,-30.2231,-7.34738
19.2251,-14.9219,6.72468
-12.2888,-44.5912,-23.3088
-36.0882,-66.6206,-45.4747
-39.7407,-68.3736,-50.4324
-16.6163,-45.0044,-29.4629
6.07678,-24.6643,-8.18118
-17.7046,-51.234,-33.8039
-40.7562,-75.2678,-59.1625
-54.2946,-88.8343,-75.0375
-42.4029,-76.2421,-65.8063
-10.2125,-42.5362,-35.1646
-4.3006,-35.562,-27.5055
2.32097,-28.7976,-17.1918
4.52187,-27.3963,-12.3913
10.1434,-22.5248,-5.77026
11.6182,-20.4331,-2.93653
-17.2904,-48.7784,-31.2249
-25.4257,-57.3086,-41.5508
-21.5399,-52.9159,-38.9152
-3.72062,-34.0476,-19.229
12.4638,-17.8843,-1.68181
-10.789,-41.6403,-25.7355
-20.2184,-50.4556,-35.3291
-8.63094,-36.5993,-21.8525
21.9711,-2.84734,9.34703
42.241,21.3332,27.3125
26.5419,9.48277,8.68166
39.4932,25.1212,19.5709
69.7291,57.9732,48.0302
107.934,99.3217,84.6985
146.53,139.886,123.362
156.679,151.123,134.182
183.883,179.639,161.686
213.33,208.684,192.146
241.763,234.73,222.913
255.931,246.453,239.635
225.27,213.414,208.568
214.779,200.325,194.333
217.914,200.443,195.222
219.348,197.14,200.885
211.387,182.552,202.567
174.909,138.922,173.864
162.184,119.661,161.399
160.561,113.45,154.782
156.364,107.558,147.91
130.658,81.5316,125.406
63.4624,13.4829,62.4524
47.7004,-3.78676,48.4922
98.5851,45.8799,100.143
162.589,110.177,162.988
156.626,105.259,154.436
45.6772,-5.02614,42.7976
-27.2024,-77.3647,-29.5569
13.477,-36.9701,10.1273
104.804,52.7788,100.417
113.059,59.3387,110.627
-3.96251,-58.0407,-2.90071
-87.4764,-140.833,-84.4407
-50.1893,-104.4,-47.6691
46.6483,-11.7359,46.6613
69.0029,5.9884,66.4965
-36.0154,-99.3251,-40.9652
-128.412,-187.585,-134.461
-109.246,-164.475,-111.144
-7.5879,-62.3032,-4.33047
44.7662,-11.9704,47.7329
-39.8025,-99.1659,-39.7017
-138.281,-200.127,-138.58
-134.755,-197.957,-133.929
-35.4429,-97.2212,-35.888
36.3474,-21.8419,31.7917
-29.2437,-84.7585,-36.4174
-140.18,-195.32,-144.631
-152.962,-209.666,-152.315
-43.0848,-101.806,-40.8428
36.4267,-23.5119,35.6888
-37.0931,-97.865,-42.5087
-158.074,-219.026,-166.713
-184.499,-245.083,-192.43
-76.3678,-136.858,-80.7794
31.7692,-28.7133,30.8336
-13.3606,-72.6166,-10.8397
-134.687,-191.129,-130.701
-180.602,-235.203,-179.619
-94.0063,-149.657,-96.0097
5.37223,-53.5957,4.77815
-23.227,-85.7328,-21.7285
-118.191,-182.098,-118.429
-164.859,-227.247,-168.29
-103.136,-162.197,-108.15
-18.8546,-75.0711,-25.3802
-31.5451,-86.8716,-38.7806
-100.606,-156.957,-106.007
-150.878,-209.285,-153.941
-115.728,-176.6,-118.054
-41.2634,-103.795,-44.1901
-33.4576,-95.3741,-38.3838
-72.312,-133.794,-80.7459
-111.29,-175.482,-121.283
-91.9115,-158.905,-100.994
-34.7123,-101.117,-42.7185
-28.5931,-92.8728,-33.236
-57.3792,-120.33,-56.5508
-94.4447,-156.612,-92.0105
-96.15,-158.03,-97.3495
-57.6244,-120.838,-62.8111
-38.3889,-103.655,-44.5938
-35.8172,-101.929,-39.5644
-57.316,-122.649,-57.6468
-61.3384,-125.48,-60.0762
-32.9212,-97.3709,-31.6238
-28.467,-94.1644,-28.2797
-33.1141,-99.5795,-34.2441
-54.7111,-122.148,-55.4407
-71.6995,-139.698,-70.601
-62.465,-128.383,-61.6597
-51.4132,-114.185,-54.2565
-23.5019,-85.7262,-27.7361
-27.2711,-90.3248,-28.349
-60.5373,-122.63,-60.1952
-57.8749,-119.382,-59.5342
-28.7128,-92.3747,-30.6352
2.61847,-63.1687,2.32122
-19.3127,-84.776,-21.3613
-64.7915,-127.845,-71.2246
-61.2934,-121.054,-68.0551
-31.7961,-89.0139,-33.4491
1.47524,-54.9878,5.77126
-18.0699,-74.6975,-10.874
-66.9829,-123.466,-60.0565
-67.554,-124.606,-62.6663
-33.8281,-92.4519,-30.7952
11.3818,-48.0053,13.1895
3.48116,-56.4072,3.87717
-47.1433,-109.234,-46.8229
-61.9615,-127.585,-61.5326
-35.6859,-104.304,-38.9721
10.1944,-59.7944,1.65872
0.743292,-68.2295,-8.81956
-57.1445,-123.085,-62.6356
-76.9031,-140.866,-74.5429
-45.6955,-109.474,-36.1122
12.8349,-50.3872,21.0924
7.64884,-54.3085,4.35291
-62.9553,-124.254,-80.0397
-103.291,-164.773,-123.718
-80.0196,-142.022,-92.791
-5.29973,-68.373,-11.9313
12.8172,-50.4368,11.1817
-35.8778,-97.5937,-28.6221
-55.7978,-115.588,-42.0484
-31.7173,-89.824,-17.5214
14.4801,-42.7123,27.0041
1.76309,-55.1264,14.9511
-61.2031,-118.353,-46.0661
-81.1678,-140.966,-66.7696
-50.6362,-113.588,-37.9984
3.23929,-59.4505,16.4176
1.44842,-59.757,16.3989
-53.0961,-113.87,-36.358
-71.1381,-130.34,-53.4073
-39.2477,-96.1824,-22.8472
19.0348,-38.6253,33.1809
19.8565,-42.0254,33.4558
-33.0895,-98.0397,-18.6028
-54.6595,-118.376,-40.5221
-32.601,-92.7292,-19.8898
18.5751,-38.582,33.5441
16.7686,-39.4005,37.7133
-41.7374,-98.5125,-17.3036
-71.0535,-129.177,-47.2904
-49.4194,-108.225,-28.063
4.01103,-53.4563,22.8384
1.37289,-53.8528,20.5615
-54.7724,-107.822,-33.9757
-76.035,-126.048,-58.0158
-50.7472,-97.9933,-36.1345
6.52495,-40.4815,21.7164
14.4862,-33.8934,29.0187
-34.6522,-84.0835,-23.6086
-61.6942,-112.007,-52.7157
-52.3293,-102.511,-42.963
-6.94759,-55.2709,4.12338
5.76922,-40.9561,17.7813
-30.065,-75.7528,-17.0003
-54.5586,-98.4203,-38.1722
-49.0577,-91.5899,-31.1148
-5.31011,-49.239,9.53667
3.75555,-42.5466,15.6209
-39.3074,-85.7526,-26.1994
-61.1128,-106.881,-47.3221
-42.1344,-87.7439,-32.5385
8.62553,-35.2073,15.0258
13.8669,-27.2375,22.3551
-32.1455,-72.3667,-20.5457
-51.9252,-92.5781,-40.1128
-37.7208,-77.2678,-26.6606
3.85281,-33.032,14.8231
6.29471,-28.5314,14.6516
-33.5643,-67.4866,-28.5127
-47.6831,-81.4603,-42.009
-35.0875,-68.72,-26.1882
1.64109,-31.524,14.9855
5.3462,-26.0695,21.8678
-26.9842,-55.1662,-12.0365
-35.8164,-63.615,-24.8767
-24.7506,-55.8175,-15.9213
3.5829,-28.501,12.8355
0.400561,-28.1056,9.26365
-30.0163,-53.8779,-24.9075
-31.3811,-53.7282,-30.5223
-22.4724,-45.6997,-21.592
1.05076,-22.2858,6.38972
3.04073,-19.4614,12.1769
-23.6242,-44.7557,-13.7072
-27.0611,-47.4156,-16.8508
-15.7091,-36.8217,-5.17198
9.7643,-11.6021,17.5221
7.27774,-12.7454,10.3881
-23.2104,-40.6038,-20.2399
-36.9981,-48.5025,-31.9547
-32.9317,-35.9568,-29.2699
6.95071,9.62591,9.46539
26.7763,30.3433,30.1868
8.11449,11.6886,10.4116
-1.31531,5.39587,-2.61038
-4.36053,8.64537,-9.26128
16.7257,35.1017,11.0653
21.5423,40.5253,18.4855
-6.42888,9.5747,-6.86172
-21.2002,-6.12492,-20.613
-21.4487,-0.550283,-20.5974
13.3043,42.89,13.2818
36.9437,70.3924,34.6577
25.5253,57.0641,23.3991
16.549,45.0344,19.01
4.8937,32.85,11.0373
14.4224,43.9066,19.6627
19.0376,50.3057,21.5023
7.1273,40.0248,8.18202
2.29035,37.9281,3.55096
-7.40403,32.7433,-6.48883
5.54956,48.4319,4.42411
13.3839,54.3738,9.60476
2.48363,40.3718,-2.79516
3.47743,41.6162,0.124357
3.49191,45.3513,5.12979
24.6903,71.1312,30.7306
29.8407,80.5069,35.4264
1.99479,56.2402,1.78572
-5.35068,50.2319,-11.5673
-7.4954,47.9707,-17.5033
-1.86104,53.9086,-13.3322
-2.98052,53.8942,-10.4672
-11.4082,47.6932,-11.5601
-4.85724,56.0823,-0.394185
-16.6551,45.9319,-11.2837
-26.1889,38.1044,-20.9338
-22.4585,41.2052,-18.6629
-9.9061,52.8375,-12.2181
11.9049,75.5943,3.11365
10.2869,74.3159,2.2924
7.598,73.119,9.49173
5.60983,76.3425,19.0107
-0.524597,74.6615,14.5244
9.46236,84.5254,19.0866
12.138,85.3433,18.3234
15.4868,89.7606,21.519
13.7135,93.2998,21.7323
2.12225,88.5836,11.9627
-1.24634,89.203,8.10272
-11.0108,78.4645,-3.46479
-8.17088,78.2368,0.0783992
-6.29715,79.6848,6.11169
-12.3312,76.8318,1.31536
-5.74122,88.0391,4.6652
-4.08807,92.5913,3.03246
6.80434,104.489,11.4308
6.49522,106.657,11.4793
-15.02,88.3918,-4.86947
-27.2257,78.5115,-10.6384
-30.744,76.2264,-14.6705
-12.5989,93.3778,-3.95573
1.53998,106.652,7.36382
-0.70381,106.951,9.23095
1.21388,113.476,15.5712
-4.80299,109.983,10.0495
-1.25223,112.252,10.0494
-1.63679,110.84,6.79539
-7.55678,107.215,0.577351
-0.187494,116.831,8.1091
-7.89495,108.739,0.934265
-8.06981,107.057,1.67353
-2.33257,112.738,8.2239
-3.669,114.504,10.1894
1.67745,122.86,21.1233
-2.81812,117.875,17.7369
0.190466,119.632,15.719
6.51404,126.799,16.0386
6.57025,129.435,12.1541
8.58724,134.223,11.7812
-4.26807,123.556,-3.07357
-5.87707,122.608,-4.74687
1.73701,127.821,5.7787
6.24973,128.212,13.7928
17.8995,137.409,27.6849
12.9647,135.105,23.9667
12.2146,140.99,24.0408
12.9894,145.729,24.0343
5.84174,138.185,12.8016
7.30539,138.735,9.08852
2.03443,133.733,2.84203
7.66244,141.033,12.1285
13.1077,148.121,20.2761
8.06444,143.219,15.7199
9.17334,145.52,19.5277
3.91595,143.712,17.4503
9.47897,151.095,21.9211
12.2001,153.025,21.906
3.02429,144.458,9.70272
8.48378,152.365,12.2741
8.17353,152.896,12.7927
8.51091,152.219,17.1525
7.66127,150.833,18.9003
2.79599,147.263,13.2717
6.60119,153.448,17.0879
-0.167218,148.729,11.4436
4.48386,156.253,13.3647
9.76681,165.258,14.0723
9.61193,167.214,14.0027
20.755,177.251,29.2557
9.35767,162.182,20.487
-6.66452,143.728,2.88899
-13.5637,137.692,-9.68632
-14.0385,140.247,-15.8008
-1.00537,157.32,-2.2198
-1.07367,159.601,3.16813
-0.983545,157.985,8.81218
-2.40756,153.507,10.6536
-6.25731,149.112,4.50829
5.53876,161.67,11.1006
5.8393,162.19,10.3992
7.42341,164.482,14.4874
5.77126,164.148,12.7668
0.657311,159.989,3.97961
9.49132,169.016,9.30174
3.31796,162.234,1.53697
0.320756,157.909,0.602297
1.81792,156.969,7.11013
1.04641,154.134,9.88381
6.47878,160.835,17.5153
-3.6597,154.311,7.75469
-4.68728,156.597,3.08682
2.80911,166,6.30031
8.75959,171.308,11.7224
19.3426,179.767,26.6403
7.29734,166.768,17.8631
3.76202,163.976,10.8234
6.74206,168.526,8.75983
1.17125,163.702,1.31811
10.7903,171.492,11.9541
9.27094,167.047,13.3626
5.04299,163.235,11.0395
-1.60589,160.779,3.67214
-9.01177,156.712,-5.30897
0.841139,166.84,5.22222
1.73797,166.824,6.51171
6.64672,171.534,7.20563
4.12974,170.05,1.40278
-12.9732,154.071,-13.61
-8.53037,157.42,-6.50097
0.0156177,163.911,2.99839
8.47084,172.393,12.6626
3.26442,166.866,8.53995
-10.5883,150.833,-4.75476
-2.87353,157.674,3.32074
-6.98515,154.537,-2.60561
-13.191,149.47,-12.432
-15.1915,147.647,-15.9056
-15.6874,145.732,-13.4928
-7.06007,152.257,0.560732
-19.1827,139.15,-8.82131
-18.9532,139.47,-12.717
0.27976,158.921,-1.98301
11.409,171.751,4.29987
15.6782,179.244,10.4607
-1.28439,163.014,-2.92165
-4.48748,156.784,-3.16504
8.06319,165.833,13.6921
5.93515,161.862,14.0272
4.55026,158.644,9.95168
-3.76051,148.751,-1.9157
-7.49105,146.451,-6.72945
-8.68404,148.193,-8.34775
-10.0114,148.246,-11.0652
3.18425,159.102,-2.01514
3.22977,152.93,-8.9052
2.37507,146.564,-11.4079
3.05119,145.418,-3.23258
3.28793,145.594,2.00097
7.83158,150.145,2.27752
-9.32357,132.977,-20.5705
-26.5635,115.542,-37.589
-37.1115,102.269,-40.7364
-37.9598,99.8089,-38.041
-21.9866,124.127,-32.2163
-16.3688,141.361,-35.7479
-6.75004,153.428,-20.1781
3.21397,158.797,1.20481
3.10739,151.687,5.50396
3.48815,144.795,5.4058
-5.24268,134.341,-4.45888
-2.71237,142.161,-3.08488
-4.95489,148.666,-1.22454
-12.6165,147.408,-0.670311
10.0198,166.327,24.1366
42.8328,187.279,50.1352
75.6622,208.312,71.094
84.4709,208.566,70.7729
68.0715,194.542,48.3098
49.0234,193.551,19.6058
32.7769,191.461,5.69753
58.5831,213.406,54.8694
111.874,256.962,123.239
157.646,294.575,162.842
185.032,316.764,187.222
178.751,309.185,188.692
172.819,302.462,187.991
175.455,304.916,190.318
181.206,309.835,194.156
189.26,315.165,203.531
168.969,290.496,185.753
143.661,254.277,153.621
132.315,229.417,131.028
143.042,235.872,141.855
167.064,259.803,173.232
167.475,255.338,173.216
165.158,246.661,157.743
159.856,239.554,134.687
141.014,223.185,118.675
113.292,194.277,113.757
98.7997,176.841,93.2455
134.096,214.157,97.4274
160.786,246.268,118.254
156.779,243.848,129.459
153.733,229.285,147.526
129.856,189.721,151.392
109.924,166.017,143.058
106.104,163.135,119.886
111.756,161.497,90.9311
124.963,166.669,81.5101
118.684,161.968,83.3948
119.224,166.21,102.725
119.705,162.576,103.344
113.726,144.807,91.6892
117.031,135.944,102.057
108.203,117.444,101.803
106.185,105.084,95.7969
114.82,104.576,92.6959
141.048,121.664,111.726
177.168,142.071,145.571
180.554,126.813,146.133
175.761,115.035,133.722
169.89,113.554,112.59
166.516,115.229,97.0271
178.868,129.144,107.573
177.296,119.218,108.956
177.042,106.23,118.022
182.555,110.404,132.396
197.464,133.573,147.84
220.355,167.249,173.245
207.402,167.395,165.042
169.226,137.03,125.768
115.023,78.9158,62.8577
63.431,18.4569,1.77789
19.2004,-28.3275,-43.4756
-54.0852,-96.1424,-114.134
-161.281,-199.262,-216.451
-344.577,-384.521,-387.927
-627.548,-672.114,-663.882
-998.863,-1048.93,-1052.39
-1452.6,-1504.6,-1537.73
-1937.6,-1987.64,-2035.9
-2428.78,-2481.24,-2516.3
-2881.39,-2934.82,-2950.27
-3267.56,-3311.24,-3327.27
-3657.33,-3691.37,-3723.82
-4068.33,-4103.38,-4140.08
-4466.29,-4508.75,-4532.25
-4749.63,-4798.03,-4810.02
-4828.18,-4877.35,-4888.89
-4732.1,-4778.13,-4791.27
-4508.37,-4552.56,-4560.76
-4249.48,-4291.94,-4305.42
-4015.06,-4053.49,-4091.3
-3806.46,-3845.66,-3898.48
-3636.66,-3675.86,-3728.15
-3498.25,-3521.32,-3582.61
-3426.93,-3427.29,-3502.14
-3405.31,-3402.38,-3474.39
-3361.82,-3370.22,-3436.34
-3282.54,-3290.58,-3363.31
-3147.01,-3141.7,-3219.48
-2986.12,-2970.02,-3043.1
-2832.08,-2813.73,-2882.17
-2664.41,-2650.95,-2716.43
-2466.47,-2461.35,-2523.52
-2223.28,-2222.25,-2285.54
-2004.68,-2001.54,-2068.04
-1880.39,-1871.45,-1939.78
-1844.46,-1828.1,-1897.69
-1818,-1797.82,-1864.01
-1705.37,-1689.03,-1746.43
-1608.62,-1606.02,-1654.09
-1624.62,-1632.62,-1679.55
-1608.33,-1602.04,-1665.98
-1378.74,-1345.26,-1432.14
-966.969,-923.728,-1013.34
-670.014,-633.8,-708.823
-628.758,-593.532,-665.726
-626.048,-582.926,-665.49
-440.166,-392.144,-479.127
-100.211,-49.5226,-138.186
119.34,173.55,74.7028
126.45,184.633,69.9508
128.384,188.153,69.3246
276.655,334.772,226.066
530.28,592.3,488.234
686.327,750.211,645.966
674.785,718.928,631.113
646.833,669.403,601.03
747.439,775.257,697.74
990.364,1030.98,936.11
1205.27,1242.95,1151.52
1287.07,1313.97,1229.38
1312.19,1327.49,1240.58
1370.15,1367.11,1285.9
1504.08,1481.23,1417.48
1634.99,1606.76,1550.15
1700.4,1674.02,1613.29
1726.28,1688.33,1635.38
1732.55,1677.17,1635.49
1774.2,1714.68,1666.63
1848.14,1798.82,1735.72
1919.1,1884.99,1813.49
1958.28,1934.54,1862.8
1916.76,1897.99,1827.82
1858.52,1842.61,1774.02
1876.61,1862.33,1796.25
1966.17,1954.57,1890.15
2034.84,2024.72,1958.74
1984.92,1970.66,1899.34
1869.66,1845.07,1774.46
1813.84,1779.12,1716.23
1871.95,1836.97,1779.23
1951.42,1925.56,1869.32
1896.02,1877.73,1816.43
1739.26,1720.25,1651.95
1634.78,1609.68,1548.03
1666.89,1634.12,1591.89
1741.18,1702.69,1672.24
1696.98,1660.89,1615.94
1566.01,1537.55,1463.49
1478.89,1451.07,1370.32
1509.21,1472.23,1411.3
1583.1,1534.45,1495.16
1542.36,1484.64,1462.62
1403.56,1338.95,1329.46
1313.84,1244.56,1235.89
1361.42,1291.7,1269.4
1460.05,1393.03,1352.62
1439.74,1375.91,1327.15
1317.64,1252.35,1208.48
1228.68,1156.97,1128.67
1259.45,1188.01,1170.55
1356.73,1290.47,1268.44
1367.68,1296.03,1273.23
1288.03,1202.56,1190.03
1242.57,1150.94,1140.85
1316.36,1230.29,1210.47
1427.23,1343.99,1318.57
1428.98,1337.9,1318.14
1353.54,1255.07,1237.89
1315.22,1220.23,1195.16
1372.59,1286.97,1258.56
1464.7,1378.55,1360.99
1469.85,1371.67,1365.22
1404.77,1299.19,1291.44
1357.74,1250.96,1239.51
1387.12,1279.69,1270.49
1461.09,1357.07,1347.21
1471.33,1370.69,1356.41
1422.63,1322.83,1304.99
1379.78,1281.91,1260.84
1392.39,1291.12,1278.65
1437.05,1328.3,1333.31
1417.82,1309.92,1317.78
1349.4,1248.52,1250.5
1293.47,1193.91,1200.26
1295.18,1192.23,1200.12
1332.27,1229.11,1222.25
1309.17,1204.32,1189.75
1233.11,1124.47,1125.26
1166.19,1060.91,1074.15
1154.17,1056.21,1061.62
1173.12,1075.61,1071.4
1130.21,1024.91,1025.71
1042.05,930.525,944.113
971.623,860.093,877.887
947.144,834.91,849.408
947.43,836.307,848.571
906.246,804.246,813.559
844.02,751.734,756.05
785.448,696.201,694.138
745.343,652.676,649.326
733.348,634.064,637.764
700.259,593.702,606.977
654.143,544.594,564.732
608.15,503.671,525.463
564.522,468.544,489.406
543.435,451.395,467.283
530.978,434.377,442.226
521.513,416.637,424.209
499.013,388.558,404.362
484.073,371.86,395.412
496.563,383.718,412.23
483.82,369.961,403.033
464.926,350.44,385.737
464.901,348.531,382.308
482.378,363.426,396.147
509.625,391.61,425.023
499.862,384.847,417.829
490.681,377.723,413.37
502.311,392.474,432.521
515.912,410.376,448.773
539.398,438.974,470.909
550.766,456.514,477.701
570.08,479.893,489.922
591.322,502.543,511.07
584.513,497.591,518.69
578.064,493.1,530.245
580.17,494.964,534.294
597.44,512.387,540.907
613.567,527.35,547.59
616.091,523.64,547.695
627.135,532.798,564.165
625.476,542.223,570.01
635.057,562.437,585.055
655.071,576.78,605.413
641.838,554.283,585.854
628.177,544.467,566.946
620.114,547.86,561.823
619.591,554.202,567.669
620.079,553.962,571.717
603.341,533.797,554.959
594.088,521.969,544.899
593.985,521.615,547.574
611.496,539.116,569.51
615.992,543.76,577.342
579.65,514.11,541.485
554.166,497.906,512.092
544.165,489.806,501.536
536.829,479.34,500.283
524.712,465.21,490.841
492.081,432.421,453.834
455.448,395.355,414.536
418.378,357.15,382.268
408.451,348.342,378.364
423.501,367.871,393.083
417.2,364.403,383.735
393.946,336.655,364.24
364.846,304.406,344.541
358.379,306.485,339.907
365.989,324.667,335.962
359.967,322.19,318.229
356.201,318.175,319.022
345.446,306.46,320.783
342.394,303.031,321.633
345.608,304.283,325.325
330.432,284.807,313.467
320.044,271.831,305.426
318.591,270.514,303.651
332.447,288.814,315.805
349.105,314.376,332.406
341.828,310.678,324.412
337.735,302.355,315.934
339.164,301.302,310.864
352.643,312.37,321.167
366.376,321.323,343.417
352.867,309.355,346.171
348.039,312.364,352.12
353.035,324.283,357.565
357.648,332.615,358.938
358.539,333.512,357.251
350.432,325.302,344.94
348.07,326.908,340.027
340.012,320.989,332.145
335.22,313.609,325.097
335.054,313.548,321.111
326.11,307.988,312.374
326.133,308.541,319.064
326.466,307.705,325.797
332.886,314.787,333.205
341.689,323.037,342.008
327.047,304.227,326.776
311.068,283.754,306.195
300.31,273.64,291.018
309.774,290.63,302.664
330.73,318.475,329.164
329.188,317.358,328.019
328.482,313.116,323.396
333.945,314.632,330.235
354.298,332.19,358.011
389.928,364.721,398.419
409.689,381.68,416.54
415.439,386.955,418.523
417.219,389.148,416.594
438.2,412.242,434.802
474.766,454.437,473.364
499.162,484.359,500.829
522.489,508.678,522.628
539.736,522.514,538.326
559.196,537.431,562.074
580.646,556.72,588.035
582.955,558.861,588.024
588.376,561.81,590.016
596.998,564.775,602.168
608.841,572.97,622.144
611.356,578.349,630.078
582.094,555.986,599.62
549.216,526.423,565.02
523.49,495.938,544.31
508.66,472.931,536.014
497.287,456.268,530.212
467.359,423.167,507.687
435.387,386.634,481.524
408.077,353.565,455.938
380.336,321.799,426.388
351.076,292.399,392.118
313.909,260.54,350.242
277.169,230.238,319.643
252.949,202.852,311.819
257.383,195.208,323.084
267.855,198.396,326.827
254.464,187.136,310.297
233.537,170.174,294.395
210.391,148.859,274.57
194.445,134.559,257.281
178.768,120.704,238.887
153.814,95.5991,210.958
136.976,76.5921,190.133
126.21,64.5016,174.679
124.35,62.79,174.227
122.309,61.4651,183.991
106.37,46.6643,180.493
83.3764,25.6917,160.832
62.9533,8.60202,137.404
69.4079,17.7773,137.676
86.1187,34.699,146.299
84.722,32.3418,140.758
83.6929,32.302,141.146
87.9928,39.2596,147.06
103.169,56.294,160.68
119.02,73.3803,176.067
123.924,79.7025,183.831
129.697,88.933,191.753
122.762,88.8251,184.698
101.972,76.1097,160.765
67.8539,48.5859,123.073
32.9134,16.027,86.6324
20.2813,1.41083,72.9194
12.3785,-8.74866,65.9933
-2.94865,-22.9387,52.6459
-32.0272,-49.933,21.4964
-65.3969,-84.6162,-17.8652
-82.5163,-101.94,-38.3067
-102.084,-115.212,-54.7942
-124.173,-129.182,-73.0218
-149.039,-149.909,-99.0107
-181.895,-181.549,-137.284
-205.508,-204.287,-165.91
-229.366,-228.639,-191.009
-251.195,-253.055,-210.63
-276.372,-280.832,-229.834
-305.202,-310.5,-252.165
-320.184,-324.587,-266.265
-335.814,-339.488,-287.239
-347.614,-351.56,-308.351
-356.001,-359.891,-326.172
-367.896,-371.104,-341.391
-371.571,-373.263,-340.789
-373.299,-372.763,-338.962
-367.634,-365.997,-333.877
-359.252,-358.03,-322.73
-360.546,-359.407,-319.02
-358.758,-357.35,-316.687
-355.319,-356.258,-317.006
-340.147,-346.605,-306.922
-321.969,-333.028,-291.238
-317.918,-330.732,-287.432
-315.883,-330.829,-286.454
-317.77,-336.408,-286.86
-308.78,-329.707,-273.167
-297.593,-318.426,-259.392
-299.305,-320.241,-259.614
-296.161,-318.861,-253.366
-288.146,-312.723,-244.409
-272.859,-298.386,-231.852
-265.657,-291.97,-226.277
-274.111,-302.054,-234.566
-274.054,-304.196,-234.747
-268.38,-300.018,-229.706
-257.638,-290.58,-221.593
-251.871,-287.688,-218.409
-260.466,-299.656,-226.971
-262.314,-301.071,-228.166
-256.108,-290.4,-221.654
-239.416,-271.204,-205.587
-229.678,-262.54,-198.327
-238.482,-272.062,-209.147
-247.82,-280.825,-216.984
-250.194,-282.936,-217.539
-233.472,-266.48,-202.616
-231.387,-264.616,-203.271
-253.215,-286.853,-228.204
-265.44,-298.379,-246.14
-278.547,-308.307,-261.594
-282.48,-309.541,-260.547
-286.371,-314.324,-260.291
-316.689,-348.04,-291.767
-354.024,-387.977,-330.677
-391.313,-425.6,-367.876
-412.096,-445.784,-388.326
-424.028,-457.384,-398.785
-450.398,-484.604,-422.864
-476.297,-512.908,-449.598
-503.076,-540.101,-480.858
-511.732,-543.966,-491.328
-517.061,-543.173,-492.629
-546.525,-570.011,-517.987
-572.573,-595.57,-544.147
-593.505,-616.187,-568.768
-598.012,-621.006,-577.33
-606.457,-628.904,-584.542
-644.375,-664.843,-616.896
-675.132,-694.367,-644.251
-696.38,-716.092,-666.399
-708.109,-729.023,-681.32
-725.69,-748.688,-702.347
-777.45,-804.559,-758.632
-835.204,-865.274,-820.222
-882.432,-910.85,-863.934
-907.444,-933.784,-878.646
-932.168,-960.204,-894.558
-985.67,-1015.93,-944.762
-1038.33,-1069.61,-1000.38
-1079.45,-1113.09,-1051.49
-1092.21,-1129.7,-1076.43
-1107.27,-1148.14,-1098.34
-1159.02,-1201.28,-1147.72
-1209.96,-1252.33,-1189.8
-1275.49,-1317.28,-1247.56
-1356.13,-1396.68,-1325.85
-1437.47,-1477.97,-1409.71
-1515.78,-1557.04,-1492.24
-1537.97,-1579.24,-1517.24
-1500.87,-1542.78,-1481.08
-1430.56,-1473.7,-1410.56
-1367.71,-1410.74,-1348.95
-1386.91,-1429.23,-1374.79
-1496.71,-1540.18,-1493.1
-1632.94,-1680.5,-1630.95
-1719.02,-1769.97,-1709.67
-1831.24,-1881.11,-1812.7
-2060.29,-2107.39,-2039.51
-2255.09,-2301.13,-2239.33
-2300.94,-2346.82,-2292.33
-2223.13,-2267.9,-2220.57
-2077.84,-2121.53,-2079.17
-1924,-1968.53,-1925.13
-1775.5,-1821.76,-1771.15
-1664.64,-1713.14,-1655.79
-1593.54,-1645.12,-1585.53
-1549.96,-1603.61,-1543.09
-1549.05,-1602.11,-1541.08
-1565.73,-1616.22,-1556.79
-1598.88,-1647.52,-1591.22
-1646.67,-1695.75,-1644.01
-1693.11,-1742.77,-1696.75
-1745.34,-1793.74,-1749.77
-1774.34,-1822.1,-1771.5
-1772.17,-1822.43,-1760.78
-1737.73,-1791.78,-1724.79
-1681.05,-1736.93,-1671.79
-1639.41,-1695.16,-1630.3
-1596.76,-1651.32,-1582.74
-1548.42,-1599.91,-1529.57
-1491.52,-1539.99,-1471.75
-1439.05,-1487.9,-1422.7
-1441.72,-1492.96,-1430.48
-1524.83,-1577.66,-1518.58
-1716.29,-1770.71,-1712.53
-1962.67,-2018.81,-1954.65
-2149.82,-2206.21,-2133.24
-2222.1,-2277.37,-2202.26
-2148.89,-2201.83,-2134.62
-1954.87,-2004.89,-1945.83
-1690.88,-1739.31,-1680.19
-1419.62,-1468.01,-1408.43
-1205.12,-1254.2,-1198.2
-1005.27,-1055.93,-997.89
-782.023,-835.347,-767.68
-551.893,-607.5,-533.946
-345.366,-400.958,-330.121
-196.596,-250.491,-182.829
-79.3085,-131.049,-62.8378
31.5627,-17.8048,49.5035
140.362,92.6148,157.817
238.738,190.143,256.556
301.156,250.463,317.422
345.262,295.183,356.683
394.002,346.749,400.012
450.854,404.152,454.327
505.968,455.53,514.619
533.996,478.799,553.553
557.227,501.185,584.159
592.348,538.907,619.105
623.749,572.115,645.524
655.21,602.88,672.477
679.182,626.285,694.974
700.215,649.854,716.034
726.323,679.661,741.442
759.152,714.335,773.354
795.931,751.587,811.849
816.533,772.217,832.879
829.133,783.791,840.582
846.855,798.657,854.375
870.751,820.17,880.549
893.383,843.747,907.578
902.833,854.164,919.035
911.775,861.887,929.399
927.909,878.716,946.869
946.749,900.434,963.919
966.123,920.253,978.194
976.971,929.194,984.029
983.222,934.906,989.232
983.29,935.817,994.01
975.962,929.061,994.74
973.41,926.049,996.124
969.838,920.814,991.047
962.784,913.029,982.679
948.463,898.926,966.801
933.265,881.606,949.062
926.81,872.524,940.678
921.891,868.554,932.537
918.688,868.272,925.804
902.654,853.349,910.91
872.681,822.325,887.734
854.391,803.365,877.473
847.854,797.044,874.19
839.951,788.363,863.227
816.57,763.107,832.786
782.147,727.937,788.764
763.666,709.926,765.337
761.807,708.235,770.52
763.576,710.065,783.81
743.981,691.196,767.776
704.887,654.565,723.22
686.041,638.806,697.49
690.875,644.8,697.714
696.195,650.184,698.618
676.721,630.721,676.775
635.765,588.605,639.115
603.011,553.439,610.563
590.911,537.601,599.155
589.012,530.932,598.796
569.701,509.138,583.246
531.316,473.241,546.417
505.648,452.923,518.665
502.497,454.142,512.122
507.068,459.616,514.267
486.963,437.227,493.853
440.014,388.733,449.293
409.207,358.349,421.335
407.842,356.811,420.273
418.344,366.178,430.048
405.144,351.985,416.456
361.891,307.765,369.737
324.607,268.97,325.245
312.949,256.519,310.771
321.099,266.14,323.985
316.206,262.93,325.179
288.507,234.272,301.79
269.729,213.047,285.038
270.253,212.235,281.689
277.458,218.297,279.725
263.772,201.265,260.67
225.446,160.022,228.082
201.315,137.345,213.95
203.873,144.483,219.141
222.557,167.684,232.706
228.58,175.482,234.659
206.923,153.279,213.955
182.137,129.599,191.392
169.548,120.157,178.36
168.923,121.531,175.821
159.285,111.154,166.263
138.415,87.1486,146.624
135.296,80.8226,144.772
149.985,93.2204,160.937
161.343,104.294,173.845
150.045,97.3365,162.964
119.746,72.0465,128.371
102.189,54.9318,106.22
107.631,58.5665,113.651
124.986,75.0572,135.264
125.391,74.9389,137.103
97.9083,47.3553,108.936
75.1458,27.4306,83.3695
75.5099,32.1042,80.9609
95.7322,52.9726,103.401
103.936,58.4586,115.142
85.1957,38.4046,95.4995
71.8027,26.6996,81.7897
83.0536,39.0158,96.8794
110.509,63.5514,125.914
119.669,70.1466,129.199
98.6058,50.7524,100.994
84.3793,38.1419,88.8883
95.2599,49.0921,107.396
118.091,72.0105,132.514
125.877,77.6379,139.755
109.381,56.5278,124.933
98.7882,43.6139,114.555
107.722,54.9305,121.797
129.134,80.3928,142.142
132.765,86.2185,140.801
104.53,57.7104,104.485
85.8438,37.946,86.7711
102.131,52.2385,112.948
139.74,85.4248,157.258
154.617,95.8917,174.551
132.656,73.297,155.5
115.059,58.966,139.566
122.183,69.4603,144.535
139.92,87.8074,159.532
141.738,89.6247,160.141
122.849,71.0847,137.737
113.469,60.5135,122.436
124.418,69.9403,130.35
144.682,91.2936,152.861
148.819,97.4421,161.728
129.786,77.2685,147.37
121.197,66.6453,142.324
132.22,78.991,152.043
147.939,97.8987,162.218
147.653,99.4493,158.327
134.565,85.7849,145.486
134.873,84.4927,147.118
146.664,95.8478,158.398
156.319,106.478,164.834
151.319,102.817,156.314
133.608,87.209,140.247
131.518,87.6017,144.814
150.697,107.304,167.351
164.015,120.379,180.382
162.007,118.481,179.821
156.059,110.469,173.993
148.04,98.8161,160.921
142.297,90.5136,148.456
148.051,95.5963,152.82
148.357,96.7166,156.041
140.389,89.0629,147.861
140.994,88.5883,148.143
149.488,95.6918,162.514
160.983,105.492,181.506
155.768,98.6482,179.699
133.956,76.665,157.755
119.057,62.6364,139.971
121.409,65.8963,136.589
136.162,81.6549,146.631
144.994,92.2387,155.593
146.082,96.2158,156.814
141.009,94.047,145.76
143.289,96.3704,140.159
169.215,117.809,167.494
197.892,140.43,209.028
226.294,165.92,249.676
260.476,200.595,286.012
292.509,234.032,313.752
330.222,274.214,347.72
366.898,313.972,382.03
404.903,352.086,417.218
442.972,387.282,452.914
471.164,415.149,480.513
513.135,461.364,517.745
557.263,508.766,551.469
589.293,539.077,581.373
608.429,554.412,610.481
613.183,555.938,624.298
615.642,556.729,628.523
591.259,534.485,602.231
553.645,501.051,563.739
527.024,475.706,537.683
496.683,442.978,506.976
471.841,414.886,481.951
443.095,383.96,454.136
410.983,351.966,421.945
384.259,328.649,393.026
347.306,296.472,350.397
318.882,270.463,317.131
299.056,250.455,300.872
280.25,230.6,288.508
265.824,214.666,274.4
237.524,185.433,242.81
211.896,159.674,216.711
188.941,137.129,195.704
172.174,122.377,178.701
171.463,124.114,175.985
154.321,107.869,161.298
132.596,86.0696,146.15
121.855,75.3567,137.108
119.226,72.4507,130.176
113.028,64.6724,122.126
86.8924,36.4038,101.349
72.5672,21.5431,92.9301
75.3046,26.6289,94.3199
80.2761,35.977,93.4287
86.2167,45.7492,95.1876
81.9658,42.6993,92.0498
87.37,46.7087,102.258
94.0994,50.8992,109.473
92.1652,46.0685,102.649
97.7481,50.2153,108.275
101.624,55.8759,118.31
121.559,77.6765,140.296
142.461,98.7645,157.802
148.042,105.009,158.688
154.865,111.942,160.06
151.316,105.829,154.077
152.05,103.638,158.996
154.746,107.606,168.35
153.629,111.106,170.906
160.576,119.699,178.178
155.463,111.167,171.421
147.493,99.5141,161.414
141.799,94.0333,154.515
131.509,87.6354,142.698
124.324,86.2489,132.531
101.212,67.127,108.113
76.1945,40.9173,87.2691
60.6878,22.1556,76.8009
49.272,9.35022,67.2894
46.0335,5.00004,66.4703
26.4862,-16.4077,48.4352
3.05501,-40.7665,21.5668
-12.1932,-56.055,1.27275
-21.304,-64.216,-10.0152
-23.4007,-63.2996,-11.8921
-42.5574,-79.7676,-30.4466
-60.2447,-98.4105,-46.5297
-63.3175,-105.163,-46.7027
-61.7171,-106.539,-42.6218
-54.5814,-99.9701,-34.2922
-64.3417,-109.027,-45.0812
-81.9232,-125.624,-65.8644
-94.9055,-136.452,-82.3304
-105.531,-144.823,-92.167
-102.989,-143.031,-83.3726
-107.093,-150.16,-84.512
-112.265,-156.913,-94.0942
-116.697,-160.921,-102.019
-128.543,-173.086,-110.252
-131.51,-177.284,-108.118
-139.596,-183.371,-118.372
-150.689,-188.718,-135.195
-161.241,-195.65,-147.341
-168.791,-204.296,-153.049
-163.402,-199.662,-142.958
-168.57,-202.926,-144.806
-175.463,-209.37,-153.796
-179.306,-213.94,-159.992
-191.021,-224.5,-173.269
-192.294,-224.683,-177.11
-196.374,-229.327,-183.046
-199.788,-233.202,-184.594
-199.646,-232.651,-178.342
-210.902,-243.384,-184.293
-218.264,-250.254,-189.921
-230.606,-262.684,-208.141
-241.316,-274.606,-232.529
-254.169,-287.449,-253.166
-295.462,-326.592,-287.941
-352.826,-382.868,-331.454
-424.863,-455.952,-393.034
-501.66,-533.62,-466.839
-568.874,-601.14,-538.389
-627.513,-659.768,-608.061
-672.633,-704.206,-663.034
-720.531,-752.054,-710.084
-767.334,-800.317,-748.888
-800.882,-837.268,-777.911
-834.98,-874.958,-816.318
-862.766,-904.396,-853.341
-890.787,-933.281,-884.933
-924.942,-966.996,-914.257
-959.945,-999.959,-943.609
-1003.52,-1041.38,-984.845
-1039.89,-1075.84,-1022.64
-1056.26,-1091.09,-1046.51
-1042.88,-1076.28,-1041.75
-1005.36,-1035.8,-1003.51
-961.134,-989.326,-952.109
-903.465,-931.622,-890.197
-835.293,-863.331,-823.777
-793.141,-819.451,-788.031
-874.159,-899.462,-872.008
-1113.18,-1140,-1107.4
-1337.91,-1367.73,-1327.62
-1354.07,-1386.21,-1340.83
-1162.11,-1193.57,-1148.8
-895.113,-923.803,-886.346
-656.682,-683.469,-653.49
-478.443,-506.277,-475.581
-379.734,-411.633,-372.147
-343.244,-376.948,-330.685
-314.339,-345.119,-301.144
-261.005,-289.462,-254.101
-197.648,-225.704,-197.29
-170.799,-198.244,-168.834
-171.076,-198.612,-163.87
-156.521,-185.93,-148.254
-113.381,-145.881,-108.374
-57.4299,-91.7174,-56.2413
-30.1571,-63.4275,-28.8667
-36.9639,-68.2196,-32.852
-43.986,-74.3276,-39.7452
-30.8352,-61.4999,-29.9336
-4.27767,-36.0881,-7.27312
5.83161,-27.4808,2.86982
-3.50508,-38.702,-1.03292
-14.8611,-52.9412,-6.74351
-19.6917,-59.6361,-11.5009
-5.90473,-43.1139,-1.49297
4.76727,-26.6433,8.84476
2.53827,-25.6875,9.13394
5.76978,-23.3535,9.79219
15.3134,-16.7934,12.2536
22.7719,-13.5118,16.5326
17.063,-23.1004,12.899
7.39049,-34.4427,5.01947
3.6749,-38.5403,2.77464
3.04749,-39.2931,4.50498
4.07137,-36.4823,5.44772
-3.71067,-40.4409,-6.43884
-15.0053,-49.2646,-22.5175
-17.976,-53.5429,-23.6908
-10.4954,-49.2344,-8.4311
9.76088,-30.8692,16.3372
16.6382,-24.5282,23.5487
4.08639,-37.6084,12.4103
-8.45333,-49.5534,1.98262
-10.6808,-50.1751,-2.45366
3.34521,-36.6016,3.07953
10.7849,-31.3834,1.68996
4.46497,-38.9659,-7.51782
-2.13467,-44.5545,-10.9445
-1.17406,-40.9709,-5.02015
8.4797,-30.7468,7.48269
9.37096,-33.2835,8.96173
-0.982368,-46.9591,-3.2288
-9.60261,-55.1943,-13.8494
-9.5668,-52.6144,-12.6155
-0.211243,-41.0239,-2.66186
3.73531,-36.0026,-3.00372
1.8298,-38.004,-8.9255
0.470968,-40.6326,-6.60505
-0.568558,-43.4139,-0.369944
4.16039,-39.2204,7.9985
5.37052,-36.6772,9.68144
4.01146,-35.7684,6.54905
0.964769,-37.7434,0.608079
-4.77838,-45.0232,-7.2342
-4.83338,-46.9394,-7.29939
-2.6766,-44.9603,-1.71737
0.423164,-41.136,5.28921
0.169661,-39.8967,5.04481
-4.7447,-44.564,-3.57805
-15.9658,-58.7526,-17.473
-28.4099,-73.6721,-29.3974
-28.7649,-71.2416,-30.4143
-29.5991,-66.8713,-34.4653
-33.3482,-68.7237,-39.5504
-33.5443,-68.7262,-35.3714
-36.943,-72.5092,-32.5148
-34.9487,-72.8727,-29.9275
-38.2857,-78.9209,-35.8869
-52.3525,-95.2666,-50.8108
-63.4783,-106.754,-62.7967
-76.6879,-117.614,-78.9244
-82.4578,-120.76,-86.9914
-87.9807,-125.311,-88.7993
-95.3763,-134.025,-88.709
-94.159,-134.956,-84.1092
-95.1684,-137.482,-87.1543
-96.2916,-139.371,-92.0418
-107.51,-149.784,-106.354
-123.891,-164.552,-124.28
-127.664,-167.827,-129.872
-127.889,-169.288,-133.913
-123.947,-167.874,-130.603
-124.395,-170.556,-124.971
-128.12,-173.632,-121.942
-126.849,-167.376,-119.247
-134.943,-168.866,-130.43
-134.367,-165.093,-132.284
-124.433,-156.506,-121.352
-117.962,-152.205,-113.791
-113.41,-147.896,-112.914
-117.885,-151.805,-122.662
-110.658,-145.414,-114.911
-95.6816,-133.049,-95.7529
-89.3943,-129.592,-88.2623
-88.2703,-129.411,-88.5596
-90.8083,-130.715,-90.9622
-81.4083,-119.145,-81.6412
-67.1908,-102.993,-70.7342
-53.6225,-89.1606,-59.3389
-35.7755,-71.848,-39.2327
-30.138,-66.027,-28.81
-22.7781,-59.4473,-17.2996
-9.87418,-49.1142,-4.99203
0.00214592,-41.2514,0.97468
13.2527,-28.063,12.508
20.3241,-19.6804,17.4595
32.2798,-6.39464,24.249
41.8512,2.52971,33.3233
40.9292,-0.394198,38.9917
44.2053,2.83189,48.4299
49.5579,9.94976,56.7105
60.6143,21.8089,67.602
62.1632,23.6902,64.0794
53.3789,16.337,47.6823
53.276,17.749,43.3896
56.9603,21.1137,48.3093
64.0286,27.0979,58.3271
63.9716,28.0154,60.5204
60.493,26.3144,59.3125
65.05,30.4567,67.4071
60.8063,24.4533,67.55
58.7204,22.066,66.1398
58.8265,23.6225,61.464
54.6082,20.6271,50.6866
54.4224,20.9146,47.2974
55.5402,22.9541,51.4389
69.7867,38.5036,68.9627
71.9964,41.9347,67.2059
60.7581,32.4736,51.4461
63.6876,36.991,57.5726
61.6912,35.0874,60.1648
63.4855,36.3845,64.3048
68.2701,40.6491,73.1019
64.9071,36.4163,73.2129
68.3545,39.5954,76.1268
67.9853,39.7304,73.7049
72.5056,44.3383,78.6023
84.1084,55.6334,91.754
93.5792,65.7743,100.374
112.544,85.7866,117.877
126.642,99.4013,132.057
146.088,118.145,150.823
167.466,139.933,169.85
176.427,148.516,176.969
190.321,160.423,191.078
205.113,173.068,206.243
238.429,205.152,238.173
285.138,251.259,284.12
322.733,288.082,323.854
353.511,318.726,357.636
363.932,330.744,367.885
367.195,336.721,368.918
362.083,333.916,364.091
337.07,309.747,341.527
309.975,283.398,314.721
273.011,247.476,275.251
242.032,215.948,245.631
219.43,191.525,228.538
188.786,158.972,198.248
165.273,134.56,170.125
136.067,106.546,139.292
107.648,79.38,112.477
77.9435,49.2167,84.1855
39.5644,10.4866,46.2856
13.4643,-15.2216,18.6529
-10.8589,-40.053,-8.37997
-24.7143,-54.7139,-23.1061
-37.6286,-67.5001,-33.7793
-67.8365,-97.4414,-58.9151
-87.6317,-116.119,-72.4042
-105.621,-131.184,-85.9951
-122.285,-145.83,-102.768
-132.978,-157.324,-118.315
-143.301,-168.944,-133.347
-137.32,-163.816,-125.255
-132.117,-159.525,-112.813
-119.69,-147.321,-94.952
-105.127,-132.578,-80.7317
-103.821,-131.394,-82.4373
-84.3056,-113.805,-62.9651
-65.435,-99.7616,-42.5197
-55.6442,-95.4869,-34.3057
-45.4859,-89.0581,-26.654
-40.332,-85.3869,-18.5333
-24.7906,-68.9333,1.78709
-12.2685,-54.4528,12.6759
-3.59657,-46.1785,18.3408
5.5813,-39.9301,31.3473
6.2024,-39.4319,37.0695
14.8916,-25.3646,46.8838
15.5377,-18.9112,47.3569
8.27913,-23.7143,37.6506
7.77615,-23.2217,31.334
0.494927,-29.7547,19.0236
-2.0315,-32.5121,14.4427
-11.3324,-42.5658,4.02008
-20.82,-52.1777,-3.19095
-17.7497,-48.7177,7.06125
-23.6619,-53.1251,4.02844
-32.4843,-60.0635,-9.92973
-46.5503,-75.2496,-29.108
-53.3885,-85.2513,-36.8629
-48.6585,-82.007,-32.688
-51.9323,-84.2709,-39.0052
-48.6094,-80.1414,-36.7506
-48.9263,-82.892,-32.3217
-54.4438,-91.8112,-33.5608
-51.6993,-89.3633,-33.7972
-53.4244,-88.9934,-40.4999
-53.3733,-87.6358,-40.1769
-79.3383,-113.112,-64.5376
-138.735,-170.985,-127.594
-190.619,-221.108,-185.764
-218.44,-248.264,-215.079
-204.57,-234.747,-197.708
-168.543,-199.005,-158.763
-132.21,-160.949,-122.278
-100.09,-126.199,-92.8504
-82.8611,-108.379,-79.2503
-65.7098,-92.8809,-62.6661
-53.8211,-81.918,-49.5314
-45.137,-70.7153,-42.2244
-28.926,-51.6648,-29.3431
-19.6634,-44.1205,-20.6486
-14.9697,-43.3465,-11.6365
-17.3738,-45.5979,-9.13452
-21.5789,-45.9412,-12.138
-10.7084,-32.7275,-1.24108
-1.89898,-24.6929,7.76579
-0.350938,-25.0685,7.99335
2.51458,-24.1367,8.36442
7.30009,-20.6973,9.50838
9.61165,-18.2203,9.67733
5.18304,-21.6872,7.38115
8.27675,-17.8469,12.8277
14.6306,-11.2055,19.0854
20.4958,-5.25694,25.6922
25.6347,-0.0180351,32.9445
23.8439,-1.76829,30.4205
23.72,-2.34085,25.5171
20.8415,-6.35797,18.583
21.6809,-5.84285,20.892
25.4304,-0.325887,30.0796
17.7065,-5.02125,25.6287
14.7721,-6.41678,20.1438
24.4566,2.14523,24.7098
30.8967,7.59441,30.1191
22.5868,-0.47747,25.7071
11.5851,-11.8905,18.7432
14.296,-10.2698,22.9664
18.3768,-6.95538,26.0722
16.333,-8.40132,19.8244
10.6392,-11.8644,7.99823
7.75458,-13.1558,3.10916
13.9878,-8.12805,14.0449
12.7937,-13.0547,18.4558
14.1044,-14.8323,21.6628
21.7841,-6.41398,27.3269
21.2833,-3.86206,21.5788
14.0692,-9.43777,10.2751
-2.26274,-26.7931,-4.34625
-7.41621,-34.1688,-5.88004
-7.72279,-35.1422,-7.28089
-16.534,-43.2265,-18.5623
-16.0766,-43.5539,-15.9855
-10.79,-40.2669,-6.39519
0.193511,-31.0733,6.86576
8.53708,-24.5063,14.523
0.824282,-33.059,3.65301
-10.1085,-42.8304,-10.3721
-19.1182,-50.626,-19.7781
-14.3248,-46.5976,-14.0472
-2.56005,-36.0848,-2.37319
-2.74515,-37.1348,-3.63252
-8.94894,-43.8859,-10.4859
-16.2379,-50.8698,-16.0669
-7.73479,-42.6859,-3.27339
0.367043,-36.8305,9.17523
-8.76045,-47.8159,0.960433
-12.5397,-49.9143,-7.60305
-6.16742,-40.5482,-8.35622
14.6852,-19.5288,10.2826
33.3505,-2.28852,32.6217
30.5561,-5.25966,33.1895
19.0503,-15.1874,20.3677
6.77584,-25.0231,4.10803
6.26577,-23.2102,3.0268
16.3172,-12.1771,18.9722
24.8755,-4.70324,33.4787
34.4458,2.91792,42.3657
38.2925,3.80478,42.4159
48.9281,10.6414,51.4613
66.6743,26.365,70.1602
77.2849,36.4498,82.6224
87.3894,45.2691,90.3381
97.0692,52.8468,92.8866
121.646,75.3982,116.108
147.774,99.7713,147.943
155.37,105.576,160.249
158.932,107.112,169.22
160.653,107.284,179.793
169.937,116.652,194.447
179.8,127.477,202.335
176.727,125.186,194.597
171.1,120.553,184.891
163.675,112.966,175.395
167.295,114.849,180.364
174.54,121.956,192.062
165.411,115.402,188.977
152.965,106.676,179.535
139.49,96.7708,163.216
135.92,95.0157,154.923
135.518,93.2699,149.614
123.038,77.8717,131.144
110.729,64.8943,115.575
98.1704,54.064,104.093
92.3427,48.6298,99.3302
85.9004,40.1674,92.437
69.7787,22.1907,75.4594
57.6452,10.3501,62.4938
49.8269,4.32219,54.6567
49.0712,5.17925,54.2513
46.1263,2.62127,52.6509
38.7816,-5.79995,46.9664
42.2524,-3.07246,49.9958
37.764,-6.00635,43.4216
29.197,-12.0792,30.9821
25.7579,-14.4734,22.6307
20.7525,-20.5918,15.7528
22.7857,-20.4506,20.1492
22.0573,-21.3292,22.9525
25.1924,-16.007,27.2904
28.8604,-9.48304,28.3259
25.3168,-11.8866,21.4751
32.8384,-5.85257,30.6735
41.1939,0.607238,45.062
42.7215,2.09209,50.4276
39.1393,-0.0271665,46.268
36.148,-1.844,39.8089
44.8593,7.63507,44.087
48.8701,12.4496,46.5832
52.6219,15.7879,52.1231
61.4178,23.1306,63.179
68.1161,29.202,71.3822
81.2125,43.1865,82.9741
87.7169,50.5702,84.5829
95.8624,57.8012,89.4376
111.61,71.648,107.377
128.178,88.266,127.957
153.229,115.609,153.965
174.316,138.074,174.965
198.311,161.542,199.664
231.848,193.475,233.372
277.417,237.223,278.076
349.985,310.368,348.956
437.992,401.5,435.507
552.953,518.52,549.483
719.574,685.686,716.035
928.666,895.473,927.264
1092.09,1058.7,1094.17
1077.09,1042.74,1081.14
901.913,868.148,905.732
668.105,635.657,671.229
445.89,412.975,447.197
293.378,259.076,291.758
210.204,176.603,206.904
174.765,143.995,169.794
142.921,113.664,137.955
82.422,51.3869,82.8392
21.807,-11.8973,28.1697
-21.8596,-56.576,-14.0791
-44.2127,-79.1226,-38.0728
-60.461,-94.7244,-56.1062
-88.2115,-119.995,-85.4264
-105.907,-135.474,-106.348
-108.559,-138.155,-112.841
-102.02,-132.243,-106.968
-107.014,-136.381,-109.524
-134.687,-163.55,-135.189
-158.152,-189.085,-158.222
-172.539,-206.404,-173.02
-172.618,-207.363,-175.559
-174.287,-206.542,-182.177
-189.892,-218.424,-200.19
-195.126,-222.618,-200.355
-193.32,-222.606,-190.111
-185.811,-217.507,-179.855
-181.772,-215.42,-180.815
-194.11,-228.152,-198.887
-205.475,-238.445,-211.362
-211.745,-244.105,-216.61
-203.296,-236.542,-208.491
-186.865,-222.012,-192.041
-185.636,-222.426,-188.82
-190.961,-228.188,-192.384
-196.134,-232.38,-196.999
-182.498,-217.031,-183.57
-163.339,-197.283,-165.064
-166.601,-201.052,-168.137
-172.392,-206.858,-173.469
-166.926,-200.686,-168.326
-146.988,-180.297,-148.314
-146.612,-180.134,-146.931
-171.183,-205.378,-170.954
-176.109,-211.731,-177.141
-167.937,-204.05,-170.909
-152.729,-187.037,-157.495
-140.084,-172.702,-145.991
-143.524,-175.806,-147.676
-142.785,-174.292,-143.946
-140.911,-171.646,-141.712
-129.491,-161.515,-131.329
-111.156,-145.39,-111.803
-109.293,-143.709,-107.428
-108.182,-139.841,-105.736
-109.012,-137.699,-106.856
-99.3017,-127.431,-97.5583
-82.3686,-111.05,-83.2498
-81.5796,-110.714,-84.5726
-74.5309,-104.988,-76.5774
-66.7653,-98.9539,-67.4448
-58.7912,-91.2805,-59.1225
-66.5378,-98.0409,-66.9124
-136.922,-168.072,-137.597
-263.857,-295.437,-265.775
-421.532,-453.002,-423.81
-592.915,-624.11,-592.808
-818.151,-850.592,-815.907
-1130.58,-1165.55,-1129.03
-1471.43,-1507.53,-1472.33
-1792.83,-1828,-1797.24
-2056.11,-2091.05,-2063.99
-2246.85,-2282.68,-2255.51
-2369.02,-2404.95,-2376.17
-2396.14,-2431.69,-2402.06
-2353.01,-2388.13,-2358.25
-2256.94,-2291.43,-2260.38
-2118.9,-2152.52,-2120.14
-1969.18,-2001.82,-1969.54
-1808.23,-1841.69,-1809.84
-1656.95,-1692.94,-1661.57
-1510.97,-1547.7,-1517.83
-1376.8,-1411.17,-1384.21
-1295.04,-1326.13,-1302.48
-1259.98,-1289.13,-1266.23
-1276.3,-1305.17,-1278.55
-1329.26,-1359.49,-1326.65
-1395.81,-1429.25,-1390.82
-1483.21,-1519.87,-1478.13
-1571.28,-1608.2,-1566.33
-1651.46,-1685.25,-1647.26
-1694.77,-1724.65,-1692.58
-1700.04,-1727.68,-1698.7
-1716.92,-1744.1,-1714.4
-1745.41,-1772.48,-1743.24
-1775.93,-1802.36,-1775.65
-1785.75,-1811.25,-1784.34
-1774.19,-1798.31,-1769.44
-1759.7,-1781.96,-1752.71
-1721.78,-1742.81,-1713.51
-1654.83,-1676,-1646.6
-1544.75,-1566.85,-1539.96
-1409.91,-1432.95,-1410.1
-1286.95,-1311.5,-1287.96
-1146.31,-1173.17,-1144.71
-982.705,-1010.98,-979.424
-781.496,-809.054,-777.424
-550.082,-576.086,-547.497
-342.794,-368.19,-345.523
-139.531,-166.18,-147.092
97.0938,68.0906,91.2876
407.508,376.833,409.284
781.752,750.927,789.936
1166.91,1137.14,1176.42
1539.77,1510.66,1546.82
1781.03,1751.09,1785.18
1773.37,1741.78,1776.35
1546.07,1512.43,1549.88
1220.14,1184.7,1225.24
949.052,913.551,953.131
815.009,780.294,813.994
846.668,812.393,840.24
1007.82,974.157,1002.11
1218.26,1184.62,1218.08
1471.26,1436.91,1475.33
1755.3,1720.7,1760.04
2035.14,2000.6,2038.31
2222.61,2187.68,2223.56
2249.48,2214.4,2249.33
2189.29,2155.02,2189.68
2109.77,2076.35,2110.5
2059.94,2026.75,2060.19
2044.05,2010.59,2042.03
2009.62,1976.5,2003.06
1968.41,1936.93,1958.74
1928.57,1897.43,1919.92
1901.75,1867.4,1897.69
1885.73,1846.45,1887.1
1835.51,1792.93,1839.24
1768.81,1725.25,1770.95
1693.21,1649.6,1692.73
1614.93,1571.9,1613.11
1521.89,1480.77,1519.06
1367.02,1328.78,1363.31
1185.85,1149.23,1182.24
988.03,950.875,984.727
793.97,755.534,793.054
632.963,593.156,636.746
476.727,435.747,483.11
350.483,309.125,356.168
251.809,210.501,256.054
180.396,138.726,183.21
141.776,99.2451,141.731
97.1501,53.8613,94.375
69.7453,26.1221,68.554
58.7215,15.1261,62.4976
53.8208,10.0959,60.2757
67.8434,23.2377,71.4931
69.2074,23.2199,65.9522
70.4194,23.11,61.4782
73.2227,25.3229,64.5294
77.9443,31.0082,73.5738
98.6304,53.5032,96.2565
104.31,60.3322,100.015
114.544,71.2457,110.593
127.805,84.3814,128.496
139.287,93.923,143.466
160.361,112.935,164.484
162.852,115.494,165.78
169.488,123.164,170.821
177.215,130.842,175.107
173.061,126.363,166.941
173.73,127.362,166.41
164.447,117.908,158.778
144.224,96.2096,140.427
78.5919,29.1803,76.4709
-30.4398,-78.7992,-30.1566
-128.099,-173.329,-124.71
-214.95,-258.094,-208.589
-278.452,-321.849,-271.368
-333.358,-377.984,-329.269
-374.025,-418.312,-373.863
-373.996,-415.943,-374.277
-371.377,-412.327,-368.63
-365.325,-407.381,-359.384
-369.483,-412.297,-362.004
-385.959,-428.378,-378.206
-383.89,-425.355,-375.347
-375.306,-416.819,-364.622
-345.733,-387.979,-332.818
-315.586,-356.71,-302.181
-302.14,-340.152,-289.863
-273.493,-307.663,-262.025
-246.205,-276.699,-235.329
-210.974,-239.643,-200.201
-174.639,-203.566,-162.866
-158.527,-187.627,-145.844
-137.329,-166.045,-122.67
-115.337,-144.337,-99.6922
-82.9764,-112.33,-71.9627
-53.6648,-82.2305,-49.5296
-39.7352,-67.0343,-39.0949
-27.5389,-54.8907,-25.423
-56.1792,-84.9427,-48.8192
-136.395,-165.309,-124.745
-257.647,-283.52,-247.607
-387.523,-408.951,-383.177
-472.628,-492.15,-472.252
-512.539,-533.494,-513.048
-520.372,-543.684,-518.769
-524.749,-550.067,-518.671
-521.62,-547.983,-513.011
-474.384,-500.805,-466.789
-407.389,-433.172,-401.037
-342.067,-366.185,-335.062
-297.383,-320.271,-289.745
-269.253,-292.721,-261.999
-231.662,-256.408,-223.769
-203.571,-228.805,-195.181
-179.162,-203.843,-171.911
-165.854,-190.529,-158.942
-156.444,-181.632,-148.703
-120.303,-144.392,-111.279
-86.6141,-109.048,-75.2881
-69.4193,-91.8955,-55.7029
-81.776,-105.425,-67.0287
-117.174,-141.558,-103.277
-132.763,-156.939,-120.478
-131.856,-155.233,-121.636
-125.086,-148.555,-117.136
-142.653,-168.371,-134.458
-198.742,-227.141,-189.986
-257.65,-287.078,-253.151
-305.112,-333.913,-306.074
-326.867,-354.601,-327.208
-354.384,-382.3,-348.771
-409.577,-438.721,-398.379
-463.714,-493.231,-450.411
-513.522,-541.8,-501.519
-540.458,-566.476,-531.024
-559.184,-582.988,-552.829
-590.831,-614.05,-588.871
-615.727,-640.794,-616.643
-624.411,-651.548,-623.898
-603.438,-630.356,-598.857
-576.245,-601.514,-568.245
-571.593,-595.013,-563.449
-572.648,-594.211,-566.659
-558.762,-579.675,-555.41
-519.32,-541.537,-519.143
-483.025,-507.644,-484.444
-461.254,-487.73,-460.979
-436.389,-462.776,-431.963
-407.415,-431.607,-399.271
-362.818,-383.035,-355.823
-329.079,-345.243,-326.704
-313.858,-328.659,-314.038
-295.604,-311.726,-295.407
-276.39,-294.43,-275.016
-244.19,-263.24,-241.962
-227.982,-246.848,-225.444
-242.313,-261.018,-240.272
-275.707,-294.633,-274.903
-328.712,-347.707,-328.06
-375.955,-395.162,-373.423
-418.87,-437.816,-414.815
-440.5,-458.14,-437.124
-428.856,-445.61,-425.631
-401.999,-419.721,-396.665
-339.543,-358.724,-333.942
-263.9,-282.447,-260.415
-183.149,-199.793,-179.58
-71.9157,-88.2709,-66.317
55.5939,38.3603,62.0048
206.543,189.465,213.682
357.42,341.007,367.301
482.339,465.734,494.128
545.574,528.311,556.041
502.193,484.997,510.843
400.746,384.283,407.782
259.431,242.747,264.397
95.4052,77.321,100.78
-65.9687,-85.146,-57.9874
-220.048,-240.008,-211.17
-312.462,-334.098,-304.64
-361.102,-384.651,-354.798
-380.51,-404.455,-376.906
-363.856,-386.491,-361.809
-360.804,-382.245,-355.025
-369.349,-390.851,-357.927
-398.54,-420.219,-384.967
-444.131,-465.286,-431.517
-478.004,-498.531,-467.372
-516.224,-536.83,-507.062
-534.016,-555.473,-525.616
-544.345,-567.033,-538.753
-558.912,-582.805,-557.294
-556.59,-581.106,-556.339
-550.589,-574.522,-551.564
-517.057,-539.369,-521.255
-486.598,-507.858,-491.01
-462.464,-483.81,-461.803
-398.944,-420.224,-393.58
-322.622,-343.584,-316.756
-231.58,-252.782,-226.989
-144.702,-166.471,-140.3
-61.4066,-83.8607,-56.1412
49.9633,27.1161,56.2511
161.863,139.475,168.376
278.976,257.076,284.526
387.926,365.86,393.808
485.36,462.646,492.61
581.441,557.456,587.185
624.986,598.872,628.252
633.06,605.482,638.598
624.828,598.156,635.173
608.133,583.466,620.116
609.686,586.643,621.588
603.253,581.321,615.617
599.628,577.697,611.595
586.125,563.052,595.879
554.935,531.296,561.387
531.041,508.095,534.611
497.066,474.847,499.675
477.324,454.741,481.318
462.674,438.254,468.842
436.169,409.91,444.179
414.864,388.578,424.704
382.774,357.197,393.667
364.474,337.964,375.843
344.765,315.032,358.853
309.626,276.229,328.459
296.091,261.888,317.329
283.243,251.833,303.152
285.203,256.994,303.031
294.963,268.236,310.343
293.731,267.999,304.493
309.917,285.361,315.717
325.275,302.488,328.179
347.79,327.103,350.092
369.005,347.641,372.736
379.02,353.752,385.526
399.396,369.836,409.295
407.638,375.341,419.317
417.935,384.75,429.789
431.582,398.061,444.977
438.27,403.769,452.646
454.719,418.167,469.286
459.892,421.032,477.365
462.424,422.861,483.078
457.651,418.856,478.019
441.786,403.393,458.735
449.166,410.051,462.986
456.014,415.643,469.663
458.677,417.078,471.99
445.91,404.352,457.739
404.242,364.655,418.326
363.374,325.047,382.429
312.504,274.274,332.495
271.007,234.729,286.688
238.923,206.143,251.161
204.477,173.43,218.026
189.831,158.037,204.391
176.676,143.661,187.447
181.267,148.011,188.23
200.018,168.215,208.395
212.592,183.457,224.437
236.786,209.385,249.805
251.69,224.346,263.698
271.752,244.285,281.828
295.663,268.965,302.954
297.875,273.258,301.472
304.887,282.972,306.249
305.591,285.753,307.599
302.321,283.381,307.162
301.713,281.933,308.794
303.869,282.096,308.831
317.025,293.145,318.971
309.953,283.591,313.923
291.245,262.704,299.838
263.334,234.695,273.575
230.043,203.239,237.964
217.415,192.615,221.986
204.636,180.701,207.346
198.404,174.472,200.617
192.434,168.463,194.612
165.738,142.085,168.09
143.965,120.691,147.615
119.857,96.5747,125.06
92.0749,68.8957,95.9245
66.2314,43.3956,67.3879
46.9496,24.0106,48.4398
43.9036,19.9792,47.6625
23.6913,-1.25843,28.7455
-4.74183,-29.7768,1.9374
-35.1808,-61.6519,-25.0398
-74.8551,-104.923,-61.269
-106.889,-136.915,-92.3045
-139.893,-163.936,-127.342
-157.2,-175.068,-147.729
-167.716,-183.398,-160.896
-187.299,-202.3,-183.694
-187.56,-199.529,-187.022
-175.547,-183.073,-176.877
-155.419,-158.614,-157.919
-136.482,-134.225,-139.612
-127.521,-118.881,-130.826
-109.003,-95.5098,-112.627
-90.5348,-74.8485,-95.8656
-61.8713,-44.9985,-68.8265
-25.11,-5.71216,-31.7853
11.5631,34.9415,4.71644
57.0725,83.8793,48.2814
86.3954,115.67,74.5984
113.544,146.084,99.134
141.719,178.322,127.317
157.4,196.691,144.024
174.556,214.47,161.835
183.372,223.284,173.125
198.905,239.628,191.446
225.554,268.187,216.715
243.505,289.315,228.872
255.413,304.734,236.906
250.707,302.21,234.19
242.566,295.974,229.114
236.424,292.835,223.212
234.118,293.286,218.25
247.983,308.246,226.632
246.633,306.989,220.242
241.118,301.006,214.285
247.883,305.742,224.238
262.228,316.683,242.165
289.848,341.235,271.435
313.672,363.086,292.43
344.095,392.396,316.531
370.608,418.526,339.308
367.334,413.815,337.196
337.994,379.504,310.064
269.801,303.812,242.215
187.606,216.021,159.477
117.253,144.264,89.9662
63.6622,90.5324,38.3664
33.0439,57.8428,9.06013
-4.49957,16.5934,-29.5166
-44.996,-26.2192,-73.1512
-90.9858,-70.7339,-121.478
-133.572,-110.577,-163.7
-133.623,-110.674,-160.901
-120.609,-100.634,-143.88
-108.981,-93.569,-128.491
-98.4375,-87.54,-116.179
-94.1675,-84.3377,-113.53
-93.5457,-81.2145,-115.453
-118.899,-104.797,-141.872
-155.932,-141.959,-179.542
-192.668,-179.419,-216.998
-233.392,-221.004,-259.403
-264.643,-251.635,-292.355
-292.729,-276.791,-319.48
-303.352,-284.465,-327.671
-298.951,-281.132,-320.45
-291.522,-278.941,-309.905
-273.024,-264.093,-289.228
-264.459,-254.522,-280.081
-256.526,-244.398,-272.585
-249.961,-237.78,-266.182
-257.162,-246.039,-274.176
-264.041,-252.822,-283.206
-282.363,-270.183,-302.433
-310.633,-298.479,-329.867
-341.627,-331.868,-359.431
-368.948,-363.064,-383.43
-387.626,-384.335,-397.355
-413.005,-408.525,-422.235
-435.746,-426.616,-452.923
-458.956,-446.056,-486.034
-474.163,-459.715,-504.98
-457.815,-441.278,-487.211
-434.001,-414.356,-459.197
-406.887,-385.14,-426.304
-388.47,-366.472,-404.18
-382.272,-360.756,-398.929
-371.754,-350.628,-392.407
-373.624,-352.792,-396.931
-374.458,-354.614,-398.203
-377.97,-359.586,-403.565
-387.057,-368.826,-414.65
-382.444,-363.272,-407.33
-372.936,-354.483,-392.145
-360.335,-344.501,-376.11
-364.277,-350.414,-379.889
-373.645,-359.841,-390.721
-368.535,-354.102,-387.206
-373.257,-360.054,-393.007
-373.45,-363.075,-393.965
-376.075,-367.473,-397.589
-386.915,-378.786,-409.56
-383.369,-376.54,-404.603
-377.455,-374.357,-394.476
-355.064,-357.137,-371.036
-333.366,-338.105,-352.632
-325.377,-328.387,-345.14
-311.516,-311.845,-329.027
-304.852,-305.022,-322.828
-284.9,-287.24,-303.309
-267.03,-271.34,-282.576
-267.016,-271.094,-279.989
-261.909,-264.719,-276.284
-255.656,-257.874,-274.015
-232.581,-234.174,-253.423
-216.76,-217.463,-236.592
-224.837,-225.746,-242.443
-229.369,-231.52,-245.942
-232.481,-235.486,-246.373
-218.299,-220.698,-228.135
-203.701,-204.377,-212.292
-203.325,-202.382,-211.274
-197.723,-195.333,-204.073
-194.866,-191.477,-201.022
-174.534,-171.397,-181.781
-155.991,-153.771,-164.1
-155.424,-153.785,-163.944
-150.313,-148.402,-159.151
-143.248,-140.89,-150.614
-109.853,-108.682,-114.463
-70.9016,-72.1397,-73.8866
-57.1341,-60.5191,-59.4106
-57.5487,-63.4537,-60.7601
-65.0336,-73.9334,-71.225
-54.4672,-66.3431,-63.8759
-57.1418,-71.8192,-67.9243
-98.0934,-113.923,-107.108
-145.137,-161.065,-149.916
-192.031,-208.99,-192.345
-224.916,-243.402,-222.983
-262.109,-282.157,-260.893
-299.407,-320.595,-301.038
-305.23,-325.995,-310.869
-298.353,-317.996,-307.618
-273.564,-293.487,-283.77
-250.609,-271.428,-258.835
-240.255,-261.044,-246.651
-222.721,-243.643,-229.08
-213.145,-234.5,-219.157
-203.947,-224.741,-207.251
-204.659,-224.664,-204.829
-223.777,-243.762,-224.131
-243.423,-264.418,-246.754
-272.942,-296.494,-277.931
-302.912,-328.883,-305.518
-348.96,-375.364,-347.724
-423.07,-448.376,-423.829
-491.731,-514.734,-502.657
-541.114,-561.434,-560.548
-554.731,-573.57,-570.395
-563.098,-580.981,-567.215
-582.087,-599.142,-578.635
-586.088,-603.888,-581.91
-582.006,-601.16,-580.18
-558.438,-577.893,-559.39
-543.554,-562.695,-547.4
-551.472,-570.281,-557.503
-544.576,-563.353,-550.964
-526.491,-545.376,-533.027
-492.671,-511.252,-500.079
-454.234,-472.486,-461.085
-422.776,-441.696,-427.034
-386.793,-407.095,-388.997
-352.19,-372.806,-354.585
-294.111,-314.002,-299.482
-225.063,-245.202,-234.405
-162.993,-183.985,-171.847
-89.2041,-109.584,-92.9324
-7.92261,-26.4747,-8.39261
91.5325,74.1838,89.5465
180.57,162.825,176.28
259.581,239.867,256.063
363.399,341.355,361.406
470.393,447.573,468.542
587.412,564.925,584.691
703.763,680.894,698.179
826.054,802.614,817.225
997.391,974.784,988.023
1197.35,1176.84,1189.88
1429.51,1411.49,1423.82
1700.64,1684.68,1693.71
2002.13,1986.7,1991.42
2331.92,2316.36,2320.68
2586.89,2572.15,2580.5
2654.28,2640.66,2652.14
2542.47,2529.58,2539.08
2386.05,2373.62,2379.59
2286.68,2273.61,2280.4
2214.1,2199.25,2208.96
2168.42,2151.8,2163.07
2146.56,2129.07,2141.11
2106.34,2089.13,2100.3
2000.72,1984.32,1993.32
1801.92,1785.66,1794.13
1596.84,1579.75,1589.14
1448.02,1430.75,1439.89
1341.79,1325.65,1334
1240.46,1224.94,1234.47
1082.56,1066.36,1077.04
911.836,895.381,902.883
789.082,773.659,775.452
713.183,698.95,698.377
660.692,646.857,648.555
591.608,577.175,583.11
541.434,526.232,535.632
514.038,499.383,509.223
486.57,472.724,481.733
463.619,448.349,458.472
407.299,389.677,401.272
352.851,334.453,345.901
331.272,312.961,323.26
318.575,300.059,309.389
304.854,285.699,295.472
259.144,239.513,249.696
215.312,196.158,205.308
201.448,182.938,191.847
194.799,175.753,187.11
192.181,171.767,185.56
163.136,142.535,154.855
127.533,108.417,116.395
110.649,93.0016,98.3849
99.2541,81.2034,89.6302
92.1724,71.2779,86.7994
58.7915,35.0464,55.0531
27.7274,3.86117,22.7917
18.6171,-4.34597,12.2468
10.4846,-12.8108,4.60094
2.97908,-20.4608,-1.00837
-30.8254,-53.3513,-33.7712
-58.7322,-81.1626,-60.8754
-56.9596,-81.6313,-58.1854
-44.0051,-70.9866,-46.2955
-17.2412,-43.8656,-21.8632
-8.93873,-33.6107,-15.2169
-8.57115,-31.4886,-15.2641
1.11385,-20.7083,-4.63834
0.832483,-20.5551,-4.14592
-4.12027,-25.9922,-9.81867
-31.0224,-53.8779,-38.3761
-51.0148,-74.5444,-58.9136
-49.3957,-73.1931,-56.1678
-54.1836,-77.3874,-59.7714
-54.6131,-76.6004,-57.9354
-67.7948,-88.6777,-66.8144
-77.7737,-97.035,-73.8776
-78.9014,-95.5556,-75.7634
-89.6977,-104.146,-87.477
-93.0192,-107.23,-89.852
-110.127,-124.688,-106.891
-133.76,-147.053,-130.627
-157.797,-169.495,-153.685
-194.434,-205.721,-191.343
-216.214,-227.365,-216.653
-242.498,-253.041,-245.689
-276.546,-286.33,-279.531
-326.153,-335.91,-326.807
-426.503,-436.5,-424.297
-560.693,-570.089,-557.406
-719.267,-728.309,-718.481
-853.257,-863.804,-854.088
-939.261,-952.908,-938.024
-1006.82,-1023.08,-1004.45
-1043.17,-1059.4,-1042.4
-1053.2,-1066.57,-1053.76
-1038.73,-1049.11,-1038.65
-1031.92,-1042.15,-1031.34
-1072.37,-1084.25,-1073.51
-1132.03,-1144.78,-1135
-1214.89,-1227.81,-1218.1
-1319.88,-1332.6,-1321.73
-1435.27,-1447.35,-1434.3
-1538.95,-1550.88,-1536.04
-1568.01,-1580.76,-1565.68
-1535.09,-1547.26,-1533.88
-1462.37,-1472.02,-1460.07
-1380.34,-1388.07,-1375.15
-1326.28,-1331.09,-1319.59
-1262.51,-1262.66,-1257.4
-1175.11,-1172.41,-1173.09
-1059.17,-1055.41,-1059.45
-938.045,-931.639,-939.534
-842.103,-832.37,-845.605
-740.726,-730.041,-748.339
-631.05,-620.372,-642.461
-504.543,-494.241,-514.708
-377.738,-369.49,-382.174
-289.397,-282.57,-291.635
-203.646,-196.148,-207.713
-103.613,-96.2802,-105.142
12.7536,18.2671,16.9402
122.24,126.327,129.457
198.635,201.626,207.231
289.845,290.274,299.286
409.915,406.243,419.315
555.05,548.932,564.398
697.47,691.653,706.417
822.978,817.55,830.896
987.239,981.068,993.962
1204.17,1196.69,1209.73
1489.88,1480.67,1495.32
1782,1770.23,1788.68
1898.8,1884.22,1908.93
1806.26,1789.27,1822.93
1646.85,1626.9,1667.61
1572.85,1549.37,1590.23
1616.56,1591.14,1627.37
1736.86,1712.15,1743.7
1922.11,1898.84,1928.98
2100.3,2076.96,2108.65
2173.06,2148.01,2181.15
2079.75,2053.3,2086.96
1863.32,1836.75,1871.02
1638.61,1611.19,1646.75
1408.27,1378.58,1416.52
1161.1,1130.53,1170.3
928.316,899.818,938.207
736.38,710.199,745.983
599.996,573.601,608.689
464.644,437.036,471.918
322.763,295.632,329.367
220.261,193.859,227.578
172.279,144.843,180.212
178.69,149.827,186.166
176.432,147.791,182.17
145.452,118.642,148.785
117.724,92.6751,120.075
111.054,86.4525,114.065
141.301,115.883,144.423
149.957,124.378,152.53
120.238,95.6736,123.036
89.2142,64.62,91.7221
72.0232,46.482,72.0401
78.7583,53.3854,76.3189
65.5261,41.8015,63.912
28.613,7.21222,29.8775
2.39194,-17.273,5.70639
-1.2605,-21.0557,2.90142
19.3828,-1.33664,24.0528
8.50257,-11.9694,13.199
-31.3981,-51.0274,-28.8257
-59.5616,-79.0413,-61.2209
-76.3772,-96.0891,-80.0662
-70.9059,-90.068,-71.173
-82.0084,-99.7781,-78.9035
-116.183,-132.943,-115.228
-145.046,-162.435,-147.797
-162.258,-181.683,-165.952
-152.704,-173.161,-154.875
-152.78,-172.988,-153.052
-171.493,-192.33,-172.445
-192.333,-213.894,-195.364
-209.238,-229.471,-210.934
-199.744,-216.676,-197.613
-196.671,-209.349,-193.592
-209.15,-217.617,-208.257
-219.112,-225.381,-220.866
-227.537,-233.974,-232.275
-217.343,-224.665,-223.816
-216.873,-226.105,-220.752
-225.181,-238.03,-224.243
-224.024,-240.325,-221.561
-224.229,-241.452,-223.235
-214.281,-230.595,-214.357
-216.355,-232.163,-217.18
-220.281,-236.528,-221.974
-212.179,-228.836,-216.151
-207.476,-223.389,-215.299
-190.711,-205.693,-198.819
-184.257,-198.506,-187.483
-190.23,-201.847,-188.123
-194.283,-202.879,-189.87
-203.758,-211.55,-200.707
-195.031,-202.935,-194.919
-183.136,-192.033,-184.84
-174.811,-186.476,-176.898
-170.414,-183.395,-172.156
-182.416,-193.013,-183.692
-180.903,-189.532,-182.143
-183.216,-193.323,-184.231
-188.715,-201.559,-187.842
-185.256,-199.848,-181.43
-186.612,-202.026,-181.505
-175.277,-191.292,-172.251
-172.377,-188.356,-174.13
-174.885,-190.137,-180.536
-163.714,-178.78,-168.491
-154.124,-169.866,-154.845
-140.429,-156.571,-139.491
-137.649,-153.45,-139.648
-135.115,-151.068,-140.243
-120.207,-137.356,-124.065
-116.813,-135.438,-117.211
-110.413,-130.471,-109.45
-109.051,-130.07,-108.859
-108.136,-129.364,-108.321
-103.303,-124.235,-103.061
-110.92,-131.462,-110.02
-106.375,-127.139,-104.491
-104.26,-125.038,-102.022
-103.321,-123.202,-102.712
-96.4179,-116.543,-100.073
-98.3198,-120.331,-104.646
-84.7132,-107.347,-86.6887
-74.3692,-95.7698,-69.2536
-72.9989,-93.9239,-65.4205
-65.0413,-87.0747,-59.3164
-67.8593,-90.7423,-64.7206
-66.7279,-89.0569,-65.0835
-66.9644,-88.5736,-66.0111
-62.3422,-84.6653,-61.7988
-47.9181,-71.768,-46.2624
-51.1833,-75.3676,-47.265
-51.2799,-75.2484,-46.8213
-49.7178,-73.9145,-47.722
-43.752,-67.4848,-43.8375
-32.5102,-55.9982,-31.8831
-39.5501,-64.35,-39.6924
-43.3981,-68.9704,-46.0367
-45.2885,-70.3499,-47.2083
-40.8903,-66.7523,-40.476
-31.7162,-59.0116,-29.9926
-40.9197,-68.0599,-37.8538
-41.2363,-67.695,-37.8861
-40.7119,-67.0908,-39.919
-42.6351,-69.7214,-44.0758
-33.4532,-61.4609,-33.3514
-32.6507,-60.3251,-29.9383
-25.7513,-52.4068,-21.8813
-23.7817,-50.2209,-18.6579
-23.8057,-50.1871,-16.7629
-14.1257,-39.2862,-6.83735
-16.1373,-39.6962,-11.1074
-17.1806,-40.4039,-14.3591
-30.518,-54.6126,-27.8711
-49.6753,-74.8505,-46.4391
-54.03,-79.5671,-51.7418
-60.3797,-86.0095,-60.2031
-59.6318,-85.3486,-60.052
-65.2167,-89.5787,-65.4493
-74.7637,-97.2417,-77.1333
-71.2873,-93.2447,-76.5341
-73.8791,-96.1878,-79.1601
-68.3372,-91.9784,-71.1238
-65.7854,-91.0772,-67.3618
-73.4209,-98.3019,-75.6224
-78.1941,-101.291,-79.0314
-85.8239,-107.554,-82.9191
-75.9729,-96.1478,-70.449
-69.1644,-87.6333,-64.5773
-69.5883,-87.2064,-68.0005
-64.1533,-81.8147,-64.4286
-71.9118,-90.9127,-73.1962
-73.5879,-95.2213,-77.4042
-71.3818,-95.6091,-78.7615
-69.2157,-94.9823,-77.0584
-62.5099,-88.3816,-67.2754
-68.9387,-93.3813,-71.2153
-69.399,-91.7712,-69.7502
-69.7625,-91.5634,-67.6768
-67.4964,-90.256,-64.0575
-51.4751,-74.5376,-48.4016
-58.1617,-81.0426,-56.3805
-68.6666,-91.4805,-67.0729
-72.273,-94.7559,-70.5548
-72.7054,-95.2386,-73.542
-60.9962,-83.9613,-64.7852
-58.3431,-82.1129,-62.5641
-55.0321,-79.8547,-58.0349
-56.2388,-81.1159,-56.7059
-59.43,-83.8855,-57.9205
-45.4344,-70.1461,-44.769
-38.3121,-62.7238,-39.3065
-39.8623,-61.5976,-40.6398
-44.4357,-63.4025,-43.5965
-45.2476,-64.8194,-44.6125
-35.2123,-56.5032,-37.2299
-32.903,-54.3554,-35.8493
-20.0813,-40.355,-20.9047
9.44324,-8.14091,10.112
41.7352,27.5172,41.5815
74.2636,62.8523,72.7125
95.1292,86.4837,92.8313
120.819,116.193,117.59
147.9,147.957,142.55
179.044,181.603,172.09
221.646,223.591,214.481
244.001,244.385,235.522
255.912,254.866,245.862
271.255,268.095,262.57
291.611,285.619,286.774
313.389,305.571,311.525
313.26,306.508,310.256
305.41,301.592,298.477
292.458,290.704,282.967
274.053,272.738,265.24
264.803,262.982,259.832
248.298,244.627,247.298
234.787,226.677,234.505
214.696,201.544,212.81
180.78,166.445,175.972
162.385,150.589,155.33
153.138,143.6,146.799
151.463,141.766,146.468
141.944,130.801,137.089
119.183,108.539,114.051
100.148,91.4681,95.1032
78.8854,68.8099,74.727
67.8762,52.1541,66.0806
59.2732,37.9754,60.1068
43.8814,20.5052,44.9524
32.8122,9.59091,32.7314
15.2946,-8.71706,13.9565
12.788,-13.5938,9.93762
27.3951,-1.39917,23.9731
38.0338,8.40604,35.9349
42.5203,13.1757,42.5592
28.6649,-0.639104,29.1496
18.9571,-10.1348,18.7907
13.3414,-15.1487,12.4103
4.36214,-24.0993,1.61308
6.67088,-23.1793,2.07912
6.81609,-24.7875,1.10765
11.2857,-20.9584,4.82661
12.5384,-19.7046,5.48049
3.97396,-27.7217,-4.31311
2.158,-29.3342,-7.45517
-3.10452,-35.3389,-12.5896
-6.29096,-38.2739,-13.8968
-12.7723,-44.21,-17.7012
-28.7439,-61.0731,-31.685
-36.8762,-70.2301,-38.936
-49.2254,-81.8819,-52.1381
-59.9824,-89.9702,-66.0878
-72.8003,-100.709,-81.7504
-92.6008,-120.961,-100.165
-103.622,-133.618,-106.973
-120.271,-150.748,-122.913
-135.764,-163.887,-142.5
-153.502,-177.704,-163.646
-175.278,-197.173,-184.623
-185.796,-207.89,-191.01
-200.507,-223.9,-200.633
-209.358,-234.132,-205.991
-212.619,-238.338,-208.661
-221.278,-246.112,-218.818
-222.59,-245.11,-222.367
-226.357,-246.866,-228.468
-220.702,-238.48,-222.939
-206.791,-221.763,-206.825
-201.731,-216.624,-201.396
-198.419,-215.49,-198.339
-200.543,-219.623,-199.522
-188.156,-207.843,-188.013
-172.09,-192.338,-172.94
-168.021,-189.347,-167.18
-162.297,-183.171,-160.078
-168.405,-187.58,-169.153
-172.257,-190.651,-178.174
-168.81,-187.808,-176.089
-165.459,-186.279,-170.213
-153.482,-176.37,-155.453
-150.782,-174.418,-150.073
-152.142,-175.72,-148.371
-154.871,-178.311,-150.36
-163.154,-185.053,-162.104
-162.463,-181.951,-165.646
-165.213,-184.142,-169.407
-163.497,-183.845,-165.84
-162.618,-184.041,-164.183
-169.442,-190.766,-172.914
-165.975,-186.357,-170.506
-165.175,-184.205,-168.34
-159.505,-178.215,-161.253
-154.531,-173.807,-155.9
-160.865,-180.347,-162.901
-162.317,-181.687,-166.528
-165.842,-185.032,-172.392
-160.387,-179.203,-166.651
-149.961,-167.68,-153.099
-146.325,-162.256,-146.605
-130.182,-144.889,-130.034
-119.581,-134.014,-120.803
-120.889,-135.513,-122.943
-123.392,-138.895,-124.159
-123.874,-140.415,-123.209
-115.271,-132.204,-115.568
-112.846,-129.674,-116.429
-110.298,-126.775,-116.588
-107.879,-123.938,-114.064
-110.427,-126.187,-114.629
-106.916,-121.914,-108.083
-105.733,-119.167,-105.317
-103.851,-116.487,-105.332
-107.69,-120.692,-111.511
-118.398,-131.029,-123.269
-120.166,-131.791,-125.217
-122.447,-133.262,-126.527
-123.182,-132.7,-126.24
-120.966,-129.964,-124.274
-120.54,-130.939,-124.551
-115.763,-127.066,-119.139
-115.467,-125.425,-118.034
-110.293,-118.659,-113.11
-103.267,-111.721,-105.392
-107.932,-117.009,-107.7
-111.051,-120.17,-108.051
-107.019,-116.645,-102.908
-93.2988,-104.33,-90.517
-87.6014,-99.3903,-86.3473
-92.5459,-103.761,-92.0324
-89.2168,-100.053,-89.0035
-84.0628,-95.9888,-83.0711
-74.2989,-88.4013,-72.388
-61.5044,-77.3413,-60.6401
-59.2843,-74.7156,-61.0224
-65.3188,-79.0511,-68.135
-70.3181,-83.0503,-71.4548
-64.6699,-77.2784,-63.6267
-57.0207,-70.3355,-54.8998
-52.2845,-65.9747,-49.885
-51.4126,-63.8227,-49.3751
-60.562,-71.8553,-60.6272
-56.2027,-67.9637,-59.4061
-41.3672,-53.8131,-44.1663
-30.3529,-42.457,-28.3798
-22.8516,-33.8065,-16.7748
-23.2328,-34.1571,-16.5465
-17.7365,-31.121,-12.5654
-16.446,-32.7133,-13.6406
-17.892,-34.9174,-18.5354
-11.1452,-27.453,-15.0225
-4.71025,-21.1129,-9.21476
-0.646266,-18.2156,-3.87598
-8.86687,-27.402,-10.9771
-8.21233,-27.0743,-9.55764
1.27691,-17.4679,0.188288
-7.69207,-26.2497,-9.62832
-11.5049,-28.9818,-14.4137
-9.57766,-24.0494,-12.4473
-6.99833,-18.2297,-9.40029
1.80193,-8.27191,0.726466
0.373203,-11.1099,1.51837
2.03919,-11.5046,3.61258
2.60785,-11.6384,1.6301
2.48277,-11.8737,-0.545392
10.0576,-4.93441,8.98797
10.4937,-4.64392,13.1967
19.0444,5.7344,23.1629
28.4791,17.326,30.471
40.3612,28.4811,38.6854
50.1751,35.3428,45.8238
35.1465,19.0152,30.3788
30.7919,16.022,27.7317
35.4319,21.3084,33.7214
37.6904,22.1354,35.426
46.1922,29.7187,43.2502
46.4414,31.1189,43.771
50.6286,37.207,48.0603
46.8234,34.1644,43.611
37.4051,24.6455,33.451
45.7251,33.2335,40.1822
45.013,33.804,37.0711
45.4153,35.4324,38.0013
44.1114,33.7497,40.2606
31.6938,20.9651,29.9821
29.7624,20.2963,26.9571
25.0983,17.4448,19.1257
29.1551,22.3216,21.0342
33.0438,25.2277,26.5687
28.4954,18.0406,25.4896
27.9299,14.4655,26.2767
19.8358,4.03011,16.0036
21.7309,4.56991,13.9821
20.1815,2.57988,10.1591
11.5092,-6.95523,1.51206
14.4699,-4.91989,5.7536
8.19691,-10.2102,0.824476
6.13902,-10.4813,-1.28977
4.69116,-11.6635,-4.1168
-1.76557,-18.5223,-12.2495
6.04604,-10.4528,-4.64261
9.89591,-6.62347,1.04201
18.3544,2.04921,10.9664
19.348,4.25093,11.2727
13.9102,-1.30984,4.88742
25.9725,7.79931,16.7455
17.0816,-3.84379,7.59966
2.78218,-17.5273,-6.18314
-2.74243,-20.2748,-11.1585
-8.77705,-24.2114,-17.9283
-0.641057,-15.0373,-11.3008
0.0961856,-13.0178,-12.1524
2.70144,-9.89868,-10.4952
5.90264,-8.51903,-7.77539
-0.906611,-17.6972,-14.9248
0.995605,-16.3375,-11.2956
-2.1338,-18.2997,-9.79124
2.58481,-11.5612,-0.436267
10.1232,-1.72923,8.57842
5.9756,-4.62754,2.51272
13.8273,2.05443,8.13801
14.2355,-0.539798,7.55954
11.6245,-6.49265,3.69223
5.05198,-14.9904,-3.76112
-6.14239,-24.8232,-13.9184
2.55929,-12.8155,-4.35104
0.273539,-13.7322,-8.0571
-3.23765,-18.0717,-13.2928
-0.444942,-14.0919,-9.89068
-7.74601,-17.2808,-15.2536
-9.23536,-15.2807,-15.8445
-13.6447,-18.6035,-21.2433
-9.32843,-14.4148,-18.5694
-2.47445,-8.07566,-11.5585
-12.2639,-18.9307,-20.0755
-12.457,-20.0737,-20.0123
-12.6969,-20.8021,-20.86
-9.70798,-18.2698,-17.2388
-4.1477,-12.9043,-9.13652
-9.05366,-17.5623,-12.0965
-2.02808,-10.8584,-5.42608
-2.14986,-11.9222,-6.73498
-3.83704,-13.7412,-7.529
-3.1548,-11.7657,-4.91772
-11.3702,-17.8278,-14.0096
-8.45545,-13.1551,-12.8881
-10.5914,-15.0113,-13.2987
-11.0962,-16.7109,-10.6238
-11.4057,-18.7222,-10.4463
-23.4122,-31.157,-23.6755
-18.4932,-24.7843,-19.616
-9.75971,-14.7556,-12.1914
-0.420475,-5.4756,-4.30489
4.36506,-1.75977,0.397016
-5.87846,-13.9445,-8.73308
1.27301,-8.76314,0.180229
0.150796,-10.7244,0.554893
-13.3795,-24.3924,-12.4467
-12.5214,-23.9913,-13.0875
-5.86877,-17.5032,-9.6952
7.87149,-2.97727,3.22624
10.4329,0.658943,8.12126
11.6505,2.18398,11.3908
17.7286,6.83552,18.226
15.5249,2.18114,15.5221
15.6434,1.37028,13.3255
6.909,-6.31512,2.21341
-0.275834,-12.1257,-4.06327
-4.25439,-14.3824,-5.48061
-17.2193,-24.7022,-17.9454
-11.0867,-15.734,-12.5377
4.06708,2.20185,1.65935
10.8806,11.9792,7.1527
10.8405,13.6398,6.3634
1.19391,3.15507,-3.77169
-0.261007,-0.109468,-6.2228
-5.28742,-5.07035,-12.224
-9.38264,-6.36871,-15.7392
-5.87364,0.0751841,-10.1531
-13.221,-6.49492,-16.5338
-20.1907,-14.5217,-24.3167
-26.1696,-22.4248,-31.5671
-19.5436,-17.0064,-25.7401
-4.31756,-1.64012,-10.5701
-2.98923,-0.827784,-9.24084
-4.09766,-4.1695,-10.5906
-8.42297,-10.6818,-16.1365
-5.18557,-7.49353,-14.9686
6.09337,5.37009,-2.9948
7.59615,8.51076,3.50625
15.3075,17.4981,16.8852
18.243,20.5969,22.3616
16.7766,18.287,19.7657
17.5669,18.6533,17.4101
8.2252,9.88596,5.61758
4.42855,6.16466,2.38586
-1.60807,-1.75969,-1.17819
-2.61116,-5.73959,-1.01986
3.87077,-1.9967,3.36522
-1.3156,-7.80214,-5.67346
-5.457,-10.193,-10.4308
-11.0189,-14.6699,-12.9958
-12.2075,-15.5577,-12.7531
-10.1575,-12.4701,-11.8002
-16.8523,-19.1055,-20.0154
-10.098,-14.7771,-13.7331
1.17193,-7.44186,-2.02369
-1.20576,-12.9703,-5.2999
-8.05534,-21.2102,-13.7576
-11.6864,-26.0202,-18.2982
-7.36156,-23.1393,-14.6719
-7.24544,-23.6122,-14.5968
-4.22126,-20.3161,-10.8367
0.59027,-15.0106,-5.48948
-2.45961,-17.6078,-8.59925
-0.736284,-14.7739,-6.36722
-5.94071,-17.5244,-10.0101
-8.16155,-17.3526,-10.3956
-4.18608,-12.4468,-4.24631
-7.15499,-14.8797,-5.98325
-8.48651,-15.3598,-8.99421
-10.0895,-17.0641,-13.3199
-4.97639,-12.8055,-9.18009
0.990555,-6.95627,-2.3539
-0.0499339,-7.96477,-3.34033
-6.29146,-15.1578,-11.759
-15.0959,-25.5872,-21.731
-7.85355,-19.4598,-13.703
-2.55321,-14.2625,-7.48015
-6.06755,-17.4283,-10.287
-0.836011,-11.4099,-4.32707
-3.98441,-13.961,-6.88541
-3.53408,-14.3485,-6.93436
1.144,-11.3507,-2.99498
1.34709,-12.6104,-2.40542
7.64623,-7.66527,4.70957
0.136571,-16.1977,-1.59377
-2.70595,-19.8822,-3.32175
0.382278,-17.4021,-1.14056
-4.12787,-21.2074,-7.2694
-2.52842,-18.2136,-5.54135
-3.32024,-18.461,-4.83908
5.50067,-9.86156,4.21545
3.75189,-11.03,1.02249
-9.78949,-22.646,-12.2384
-4.96006,-15.3566,-5.7604
-5.21407,-12.9187,-5.60082
1.80261,-4.02333,1.0121
11.3031,6.1627,9.57578
5.3268,1.57196,2.19548
12.153,12.0432,7.77504
21.0466,26.1953,16.1803
35.6968,44.635,30.9303
49.4123,60.0992,44.2738
51.0275,63.4917,45.3966
65.8963,79.8429,59.7809
73.3619,87.751,66.4349
83.0123,97.6337,76.21
94.5901,110.427,87.368
91.6486,108.803,82.288
94.5014,110.75,86.1006
90.6613,104.42,87.8038
96.1331,108.224,97.8746
101.253,113.007,104.573
83.1237,94.8668,87.9163
70.4607,81.8275,76.023
53.5183,63.8016,56.8705
38.6021,47.4742,39.4311
26.4895,34.3008,28.2134
7.67591,13.6427,12.6134
2.77998,5.92483,9.05051
-13.3829,-12.5835,-9.27285
-26.2656,-27.5767,-23.7777
-29.3705,-33.1439,-25.1566
-43.197,-49.2207,-37.8482
-45.5622,-52.4269,-42.4374
-58.9507,-64.1477,-58.5951
-73.5754,-76.6803,-73.4041
-77.275,-81.1335,-75.6421
-83.4953,-89.822,-80.2887
-82.0475,-90.4356,-76.4831
-90.5304,-100.447,-83.4061
-91.8951,-101.999,-85.7719
-87.9626,-96.818,-83.344
-101.383,-108.979,-97.1143
-114.627,-122.566,-111.063
-142.366,-153.13,-141.415
-167.816,-182.218,-169.431
-181.48,-197.452,-184.038
-194.113,-208.998,-196.482
-184.656,-198.707,-184.117
-176.309,-192.185,-171.05
-157.893,-176.609,-150.827
-144.595,-164.537,-139.837
-161.048,-180.982,-158.929
-151.593,-172.684,-149.965
-129.062,-151.89,-126.761
-110.316,-133.13,-106.512
-100.331,-122.225,-95.4798
-109.965,-131.765,-106.986
-108.33,-130.493,-108.383
-109.664,-130.944,-110.37
-109.241,-127.984,-107.584
-98.7258,-116.202,-93.1487
-99.1391,-118.7,-91.4855
-90.4774,-112.997,-84.7067
-87.4083,-110.958,-85.981
-85.8422,-108.858,-88.0047
-74.0774,-96.8462,-76.2948
-71.103,-94.1549,-70.4052
-59.8673,-82.2706,-56.3799
-62.1618,-82.7081,-58.514
-71.0386,-90.2357,-68.1517
-71.8429,-91.3948,-67.932
-83.1844,-103.342,-78.458
-87.9669,-107.168,-84.1726
-104.373,-121.511,-101.45
-118.855,-134.381,-116.399
-112.93,-127.434,-111.157
-108.235,-121.314,-106.636
-94.3236,-106.116,-92.705
-92.3614,-104.288,-91.1639
-92.6934,-105.221,-91.2542
-78.759,-90.9389,-76.101
-71.3902,-83.6614,-67.5693
-54.637,-68.3546,-50.7226
-53.0927,-67.9871,-50.4812
-59.6456,-74.7667,-57.9399
-53.2547,-67.7334,-50.6334
-51.0189,-63.6634,-46.8222
-38.2743,-49.2317,-33.7087
-39.4573,-50.8355,-35.5697
-46.0766,-59.3331,-41.2817
-40.7949,-54.9628,-33.1729
-38.3318,-51.1917,-28.4116
-26.2773,-37.2448,-16.2304
-30.525,-41.0646,-22.2697
-37.6489,-48.8979,-31.4227
-29.9892,-42.7569,-25.6108
-29.5468,-44.1214,-26.507
-17.6102,-33.0412,-14.3974
-15.2688,-30.1851,-11.8168
-15.1827,-27.8558,-13.2294
-4.29913,-14.7471,-4.38658
-17.2275,-27.8,-16.7663
-22.6435,-34.6026,-18.5134
-22.0679,-34.2853,-15.1189
-24.2659,-35.0685,-16.7646
-21.2414,-31.6068,-13.2107
-26.8313,-38.6351,-17.9047
-16.2718,-28.2263,-6.34989
-3.50997,-14.1281,6.48379
1.24541,-9.29832,9.28749
4.866,-6.76959,10.3379
-0.879292,-12.4996,2.3817
5.21604,-4.99589,7.33692
7.44395,-1.69407,11.7119
8.10756,-1.66209,16.4987
21.6798,9.826,31.6738
23.0988,10.2066,31.0048
28.3823,16.5512,33.2581
28.5515,19.0151,30.8267
24.45,18.1942,24.4141
33.0247,28.6786,32.1373
31.9619,26.4133,31.1554
32.4673,25.2975,32.9762
24.1699,17.1545,28.5527
18.7264,11.8598,26.4394
31.3309,22.5221,39.1577
34.2947,23.2429,40.6235
39.8508,28.8322,45.6767
35.6747,25.7596,42.6377
28.3536,17.9493,35.9018
32.0123,19.3792,38.6463
20.9874,7.08216,26.977
17.8488,5.88549,23.4448
17.9958,8.96604,21.4726
20.6109,11.1439,22.4388
35.3836,22.6404,38.9779
28.8632,13.9166,34.5302
24.0365,8.82362,29.6202
26.7774,11.6548,31.3278
29.4741,14.3365,33.5889
37.1458,22.7955,41.779
34.9766,21.8367,38.7826
41.3073,28.6182,42.4285
42.5708,29.9707,42.338
36.3234,24.7466,38.1741
37.8246,28.1441,43.7331
36.8694,28.0604,45.2032
47.014,36.3586,53.9487
55.0976,41.3434,58.7827
54.8222,40.6363,56.5916
52.6588,40.5312,54.1271
40.6386,30.1333,42.696
40.6227,30.897,43.3589
46.1947,36.2654,48.2154
48.5641,37.2262,48.4252
48.6328,35.8767,47.4789
38.9633,26.1871,39.4801
43.3976,31.2661,46.1508
44.3143,31.8188,47.6784
36.1347,22.9142,37.5649
35.0378,21.7916,33.4476
32.7558,20.0668,30.2568
40.4159,28.9403,38.5124
37.5706,27.2901,35.7848
31.2551,20.904,30.2706
41.835,30.2666,42.6022
48.7015,35.6434,49.9586
61.1482,46.3453,62.3237
69.3406,52.8291,71.4322
70.7328,54.2634,72.6517
77.389,62.9027,77.7416
67.7804,55.2137,66.5309
56.3448,44.2542,54.4235
53.1465,40.8901,51.9368
54.5285,43.2859,52.8522
54.721,44.8889,52.347
44.0995,33.44,43.5038
43.4097,30.4075,45.1257
45.5377,31.6695,47.805
54.0043,40.7916,54.7633
62.7609,50.2146,61.2293
46.4006,35.7511,42.7886
31.3911,23.7775,27.2989
24.4401,17.0698,22.6741
28.3916,18.5591,29.1658
33.6144,22.4751,34.9841
13.4938,1.85824,13.6823
-5.48196,-18.2068,-7.13766
-9.66155,-22.4051,-12.1864
1.39249,-10.2116,-1.19156
19.4123,8.30953,17.858
21.2985,9.52352,20.7823
19.1603,6.11003,18.1578
10.4964,-3.25911,9.59991
5.75346,-7.56882,5.66984
13.846,0.985869,12.972
14.6059,1.13866,11.4308
18.0575,3.84382,14.626
15.4132,1.99111,16.0107
12.7578,1.0168,17.7658
13.3137,2.09979,19.4872
1.74631,-10.4911,6.56022
-0.898683,-14.507,0.824942
-2.78222,-17.6372,-4.5264
-7.09959,-22.4219,-10.0276
-5.16558,-18.977,-6.92346
-6.13408,-18.0336,-6.67739
-9.18484,-20.4969,-9.07634
-19.7855,-31.8302,-20.633
-23.7159,-37.3979,-28.4406
-21.6677,-36.2445,-28.3678
-24.0908,-38.4122,-27.5288
-14.5504,-28.5493,-14.8124
-14.0531,-27.8313,-14.9222
-18.3321,-32.1855,-20.5782
-16.7388,-30.9608,-18.7939
-24.7609,-37.8067,-26.349
-24.9726,-34.865,-25.2337
-24.7694,-32.8901,-21.3714
-16.9898,-26.0426,-11.0557
-8.05578,-18.3094,-4.89761
-13.8764,-24.7828,-17.2481
-10.8474,-22.3791,-18.163
-12.8856,-25.1105,-17.8225
-12.7285,-25.5806,-14.0159
-7.6715,-20.4455,-8.49537
-14.4746,-26.9451,-17.0896
-16.3695,-28.7576,-22.6578
-21.8626,-34.4453,-32.2593
-26.8399,-40.4408,-39.6265
-34.1646,-48.9797,-45.5703
-52.0106,-67.5836,-58.7307
-51.2602,-67.1622,-54
-51.9301,-67.4501,-52.6953
-61.3027,-74.9135,-61.1044
-70.5784,-80.9833,-70.4472
-79.2675,-87.6788,-80.4892
-70.2918,-79.0219,-72.2812
-71.863,-81.7724,-72.0965
-79.5354,-90.0879,-78.1747
-83.8258,-94.3273,-83.4153
-92.4407,-103.1,-94.2486
-93.5766,-104.887,-96.7078
-108.727,-120.93,-111.77
-124.278,-137.355,-127.84
-136.946,-150.629,-140.964
-160.178,-174.203,-161.898
-168.361,-182.395,-166.195
-175.992,-189.85,-171.723
-184.399,-197.935,-180.078
-197.442,-210.443,-193.832
-221.059,-233.07,-218.385
-218.268,-228.957,-216.219
-205.792,-216.365,-204.645
-179.946,-192.104,-179.749
-151.046,-164.729,-151.444
-167.815,-182.219,-168.724
-208.06,-222.441,-208.559
-255.136,-268.099,-254.003
-275.439,-287.108,-272.981
-273.075,-285.778,-271.187
-273.248,-288.188,-273.11
-245.085,-261.119,-247.9
-223.778,-239.414,-230.778
-213.161,-227.846,-221.321
-193.144,-207.365,-197.665
-178.151,-192.592,-178.799
-149.693,-165.134,-149.209
-133.93,-151.41,-132.891
-128.303,-146.586,-124.751
-113.141,-129.68,-106.783
-99.711,-114.132,-93.6925
-63.936,-78.1897,-60.499
-39.9751,-55.7352,-37.8089
-29.0844,-44.9028,-25.6039
-8.01732,-20.5707,-2.45399
1.26273,-6.68002,7.96011
20.7118,15.6429,27.3929
30.8697,26.3163,35.1924
40.1974,35.9218,40.4931
68.7639,66.734,66.3301
92.8942,94.7411,89.9725
127.587,132.861,125.859
146.944,154.028,147.231
157.631,166.097,159.39
179.946,190.017,182.718
191.547,202.307,194.783
210.973,221.816,211.76
218.398,229.545,215.648
222.755,233.824,220.631
238.95,249.518,241.174
241.14,251.853,247.151
262.005,273.116,269.036
275.007,285.276,280.246
273.794,282.354,276.127
285.541,291.914,285.347
282.472,285.186,282.261
280.995,278.748,285.5
267.862,261.015,278.53
245.562,236.394,257.648
229.122,220.007,237.732
191.011,181.905,197.357
157.781,147.382,165.559
137.737,125.959,146.634
137.496,124.957,144.055
142.898,129.483,146.196
108.28,93.5448,111.448
78.3518,63.4658,84.8257
63.2876,50.0608,72.8922
52.295,40.3411,61.6689
48.3754,35.4871,56.0207
16.0987,1.02204,23.1585
-6.24331,-22.0266,1.77793
-8.47676,-22.8017,1.67095
-10.7747,-23.3485,-0.0814968
-7.89656,-19.4309,0.821197
-17.0362,-28.4169,-10.055
-16.1891,-28.7599,-10.3955
-17.3084,-31.8689,-13.6346
-29.7055,-45.4587,-27.6834
-37.414,-53.2342,-34.7649
-58.9719,-74.5242,-54.8386
-78.1502,-92.7906,-73.328
-96.5607,-109.612,-90.6375
-113.943,-125.88,-105.811
-116.833,-129.163,-107.517
-126.407,-139.929,-118.785
-127.183,-141.076,-123.132
-124.409,-138.017,-122.459
-125.478,-139.423,-121.772
-117.834,-133.282,-110.044
-117.903,-134.172,-108.459
-108.99,-123.345,-101.987
-105.655,-116.728,-100.845
-113.717,-122.822,-107.713
-112.668,-122.071,-103.986
-117.827,-129.058,-108.544
-117.628,-130.374,-110.725
-127.544,-140.082,-123.833
-146.544,-157.733,-145.159
-149.563,-159.735,-148.696
-154.638,-165.001,-153.2
-156.264,-167.471,-155.107
-164.704,-175.968,-163.938
-177.018,-187.109,-176.067
-172.906,-182.088,-172.867
-177.682,-186.958,-180.12
-181.907,-191.2,-186.508
-185.3,-194.873,-189.571
-188.738,-198.92,-190.58
-181.239,-191.123,-180.835
-178.614,-186.984,-176.975
-165.913,-172.637,-164.742
-162.099,-168.166,-162.779
-167.179,-173.122,-168.855
-155.791,-162.609,-157.555
-150.928,-159.083,-152.602
-143.387,-150.447,-144.355
-134.437,-138.471,-135.296
-127.647,-129.642,-129.848
-114.603,-116.516,-117.475
-115.503,-118.521,-118.465
-114.091,-118.452,-117.797
-113,-118.803,-116.832
-115.545,-122.72,-119.417
-107.968,-115.72,-113.477
-106.194,-113.313,-114.26
-95.8618,-101.686,-104.705
-92.0244,-97.0435,-97.7092
-94.5478,-100.063,-95.6373
-84.3328,-91.3022,-83.1073
-83.8247,-91.9303,-81.844
-75.2936,-83.1336,-72.8514
-63.9089,-71.1927,-62.3961
-64.4397,-72.2281,-65.5196
-66.5713,-74.4882,-69.4705
-73.4089,-80.3045,-75.9448
-65.6066,-71.2574,-66.9718
-61.0629,-65.8504,-62.5042
-69.3674,-74.1702,-72.9862
-72.023,-78.2946,-77.705
-80.602,-89.6794,-86.0558
-73.2424,-84.734,-76.5814
-62.0473,-74.4102,-63.991
-64.4828,-76.2823,-67.4474
-68.6302,-78.3471,-72.2169
-77.8342,-85.1728,-80.2136
-69.0364,-75.0277,-70.9679
-62.0145,-67.6483,-64.8234
-68.0568,-74.5471,-71.8165
-66.9344,-75.7273,-70.8803
-66.3931,-77.5613,-69.3354
-58.6116,-70.2219,-59.2881
-61.8291,-71.9353,-59.2557
-72.3438,-80.286,-68.4126
-65.9418,-72.4468,-64.0813
-62.7979,-69.0136,-63.7397
-55.6205,-61.8265,-58.5566
-54.5185,-61.4833,-59.2448
-62.0705,-70.4399,-67.9976
-60.7559,-69.5834,-65.8759
-66.0513,-74.916,-69.0441
-63.2307,-72.5053,-63.9361
-63.0199,-72.9413,-62.1224
-66.3207,-76.7015,-66.3524
-61.0789,-70.9924,-63.1768
-68.1602,-77.3706,-70.6367
-66.7139,-75.6552,-68.6698
-57.0524,-65.5022,-60.3
-43.7645,-50.1689,-47.6079
-29.3157,-32.5725,-28.4695
-42.7366,-44.8185,-36.8788
-62.5196,-65.9143,-56.091
-85.5988,-90.8973,-79.811
-110.463,-116.975,-105.531
-112.628,-119.664,-109.262
-104.1,-112.197,-102.338
-75.8565,-85.0846,-75.6157
-49.3132,-58.7118,-48.8121
-41.3702,-49.6261,-38.5302
-45.4627,-51.6621,-40.9591
-80.3536,-85.6534,-76.4829
-112.789,-118.247,-109.543
-134.261,-139.378,-129.188
-158.52,-163.473,-151.792
-187.483,-193.109,-182.66
-233.196,-240.12,-232.246
-269.19,-277.598,-268.98
-297.407,-306.321,-295.048
-323.763,-331.931,-321.654
-334.911,-341.963,-335.384
-341.469,-347.038,-343.357
-327.343,-331.498,-327.547
-304.918,-309.624,-301.357
-284.188,-291.191,-278.691
-255.085,-264.115,-250.655
-246.176,-255.826,-243.355
-242.35,-251.636,-240.303
-234.112,-243.68,-232.712
-215.829,-226.325,-214.869
-178.427,-189.561,-177.165
-154.147,-165.851,-152.565
-142.521,-154.768,-141.283
-143.253,-156.21,-143.464
-141.298,-155.355,-143.78
-121.086,-135.83,-124.553
-106.691,-121.856,-108.79
-89.639,-104.942,-89.5125
-76.4588,-90.7067,-75.8498
-66.8281,-78.9912,-68.7815
-50.2156,-59.9767,-54.0343
-49.2369,-57.9726,-52.0404
-41.8887,-52.5063,-44.8573
-32.2383,-46.7666,-36.9985
-28.5195,-45.8765,-33.6289
-14.4278,-31.1181,-17.7416
-7.76741,-22.3701,-8.65425
0.557938,-13.8202,-1.08223
1.80081,-13.5875,-3.61765
0.0645478,-15.8674,-7.92576
10.3968,-5.74245,2.19792
9.22236,-5.77122,2.67156
5.32194,-6.39608,1.46449
-5.04498,-14.1654,-6.73795
-18.1801,-27.0331,-19.4089
-20.0282,-29.5551,-22.6763
-29.7886,-39.4763,-34.9257
-30.1565,-39.3279,-36.887
-25.7514,-34.4688,-31.628
-23.8457,-32.3056,-28.0276
-13.2377,-22.2632,-16.8179
-18.4785,-28.697,-22.997
-19.9103,-29.8148,-27.6294
-15.2937,-23.6294,-26.677
-11.822,-19.5118,-22.9439
0.421253,-7.45861,-5.47783
-0.0261218,-7.71329,0.435646
2.28764,-5.03113,5.83938
5.81947,-1.66599,8.76273
7.77908,0.609356,9.12505
20.0751,14.3452,20.7001
20.7709,15.7963,20.4578
27.6874,22.0832,25.1218
41.5971,34.7295,37.5194
45.8708,37.1492,41.1784
52.1422,42.0353,46.656
53.9415,44.5747,48.9227
62.3799,54.8029,60.23
70.1566,63.1265,72.0103
76.2798,68.3027,80.3523
89.3385,79.8508,92.7876
88.8462,79.0545,90.1965
88.4776,80.5276,87.5918
80.6593,74.935,78.2472
70.7825,66.1977,67.1462
73.2065,68.2531,68.1986
66.5655,60.2405,61.1261
62.1208,55.3029,57.6126
56.4679,50.7208,54.0234
57.1481,52.9217,55.8587
71.0463,67.5424,68.6482
74.0514,70.3403,70.0806
79.461,75.605,74.424
83.4035,79.7652,79.2646
88.8821,85.3353,87.6883
101.934,98.4906,103.178
99.7615,96.8553,101.215
102.291,100.709,101.668
106.765,106.668,104.114
113.23,113.764,110.598
126.688,127.565,125.434
124.688,125.329,124.428
125.798,124.47,125.589
128.632,124.32,128.696
137.273,130.987,138.339
156.264,150.207,158.234
164.804,159.808,165.964
169.245,164.264,166.634
166.821,161.048,161.11
182.512,176.365,178.407
212.775,206.461,211.991
216.439,210.13,216.344
222.682,217.163,221.06
236.948,231.834,234.358
261.069,255.343,258.403
296.683,290.288,293.784
317.015,310.818,313.663
353.43,348.926,349.085
401.463,399.487,396.236
458.764,457.976,453.59
536.31,534.352,531.714
625.821,621.975,621.965
777.782,773.269,774.076
960.607,957.241,956.695
1066.37,1065.67,1062.62
1020.19,1022.53,1017.08
842.642,847.337,840.802
659.178,666.585,657.459
534.667,545.785,531.335
492.073,506.587,487.698
512.812,530.069,508.928
519.025,538.964,517.005
494.084,516.07,494.373
432.158,454.991,433.555
373.762,396.692,374.351
364.573,387.194,361.835
372.285,394.634,365.854
384.232,406.439,377.674
372.065,393.748,367.744
355.625,376.289,351.473
349.266,368.587,341.375
319.006,336.685,307.77
301.195,317.601,292.156
281.758,297.722,277.047
256.977,272.719,254.154
249.629,265.107,247.492
225.316,239.768,223.943
196.381,208.799,195.64
158.113,169.031,157.135
120.263,131.278,117.695
111.797,123.752,107.829
102.083,113.241,98.4685
94.1669,101.935,91.4889
68.5171,72.9588,64.8939
33.0425,36.0614,27.4413
20.8438,23.9198,15.5909
5.38188,8.69496,2.44745
-1.20935,1.02465,-2.64648
-28.2692,-29.272,-28.8283
-64.6789,-70.5689,-64.094
-61.6725,-71.7709,-61.7648
-63.0095,-74.0146,-65.2333
-70.2465,-79.8158,-72.3415
-90.1535,-99.2534,-90.2649
-111.467,-121.445,-110.044
-107.039,-117.342,-104.904
-112.602,-121.527,-110.98
-116.277,-123.318,-116.192
-123.976,-130.82,-125.9
-133.687,-141.912,-136.761
-121.282,-131.21,-122.579
-120.697,-131.774,-119.581
-115.876,-127.048,-115.415
-111.947,-122.545,-115.018
-111.562,-121.328,-118.159
-86.4627,-94.9347,-93.0145
-78.8122,-86.1727,-82.4971
-73.0249,-80.8977,-74.1735
-59.5993,-69.3805,-59.9775
-46.9604,-58.1033,-48.4575
-18.2821,-29.795,-20.1722
-8.58784,-20.2134,-8.8445
-4.26688,-16.0385,-3.26674
5.20037,-8.045,5.69527
17.1807,0.848839,16.2872
43.2689,24.4543,42.215
59.5528,40.9874,59.8557
82.6825,66.3149,83.884
113.538,98.7239,114.849
150.758,136.463,151.41
195.735,182.214,194.941
191.182,178.701,188.785
157.3,145.252,154.046
127.927,116.376,124.984
111.243,101.34,107.929
124.585,115.955,119.088
135.391,126.47,127.689
154.015,144.939,146.156
174.563,166.701,168.219
190.352,184.204,185.945
228.934,222.934,225.503
246.323,238.807,241.296
227.542,219.179,220.532
188.773,180.43,182.24
155.761,147.493,150.264
146.289,138.508,140.21
122.895,115.737,115.686
103.252,96.2426,96.2014
98.6091,91.6131,92.7541
101.233,94.3103,96.4025
123.834,115.902,120.692
129.549,119.911,128.009
132.524,122.503,130.434
154.698,145.556,152.229
203.346,195.936,203.78
290.869,285.532,296.551
368.916,364.462,377.91
431.581,427.595,439.85
474.958,472.465,481.482
503.015,503.035,509.215
534.465,537.524,541.158
529.828,535.812,536.266
509.892,518.04,514.916
500.422,509.205,504.774
488.813,497.996,494.149
464.912,476.013,471.427
401.479,414.466,406.739
334.253,347.838,335.609
284.451,299.067,283.493
245.008,262.007,244.352
217.188,236.262,216.263
162.718,182.288,160.705
108.686,126.705,107.083
78.4561,93.9938,78.6795
64.0089,78.2087,65.4258
61.3611,73.7456,63.1987
34.4167,42.9641,36.2658
5.03015,10.1524,6.65387
-13.683,-9.90626,-10.7357
-21.7535,-17.8382,-16.348
-14.4574,-10.0353,-8.31145
-33.6355,-29.384,-28.4261
-58.499,-55.2427,-54.3353
-69.287,-67.7636,-66.6838
-74.8704,-74.4178,-74.4111
-70.7749,-70.4321,-70.7658
-86.6034,-87.7459,-85.4915
-102.545,-106.024,-101.545
-109.497,-114.064,-110.591
-113.68,-117.972,-117.438
-109.936,-113.921,-114.886
-134.347,-138.398,-139.138
-161.79,-165.699,-164.629
-171.712,-175.736,-170.844
-167.046,-171.065,-164.416
-150.569,-153.748,-147.627
-164.925,-167.763,-161.43
-190.547,-194.443,-188.429
-212.631,-218.436,-213.207
-240.746,-248.91,-242.906
-260.636,-271.003,-262.825
-288.945,-300.925,-290.649
-305.222,-317.669,-307.558
-312.504,-323.925,-316.876
-322.729,-333.035,-328.115
-309.539,-320.3,-313.064
-298.31,-310.624,-299.428
-281.004,-293.817,-281.132
-260.134,-271.667,-259.591
-255.196,-265.788,-254.344
-254.138,-265.65,-254.864
-267.269,-279.148,-270.583
-266.741,-276.574,-271.216
-255.131,-262.86,-259.637
-257.132,-264.559,-262.377
-254.919,-264.029,-261.59
-255.079,-267.435,-262.495
-236.706,-251.318,-241.989
-205.771,-219.801,-206.135
-196.348,-208.039,-193.421
-187.9,-197.002,-184.997
-171.315,-178.307,-169.072
-131.21,-136.951,-128.823
-87.7735,-94.4041,-86.5518
-63.8993,-74.1129,-66.0538
-38.2276,-51.8469,-41.4201
-19.9644,-34.4462,-20.6923
-1.18219,-14.3629,-0.144918
6.23015,-5.36289,6.94525
-0.519425,-11.8522,-0.961035
6.12157,-5.11126,4.46631
12.1488,2.3776,9.15479
22.3343,14.4851,18.1929
25.8441,18.3251,20.6898
13.0172,4.35246,5.75716
9.2005,-0.263462,0.66304
11.3126,1.78179,5.72111
25.0235,15.8569,24.4092
31.4925,22.8444,33.5901
17.9066,10.3567,19.1427
11.632,6.05547,9.6925
6.78748,2.25364,2.00587
10.8938,5.634,6.03108
9.0726,3.35101,7.04182
-7.44362,-12.2367,-7.61038
-13.7241,-17.4264,-15.2454
-19.6458,-22.9482,-22.9711
-16.1992,-19.1584,-20.2101
-14.7454,-17.3578,-18.4019
-22.7592,-25.6476,-24.5943
-18.9803,-22.7553,-19.6801
-15.8177,-21.1045,-18.0886
-6.19019,-12.6321,-9.65799
1.15069,-5.1945,-0.43775
-2.49345,-8.949,-2.09547
4.49882,-2.7544,4.81491
9.76209,2.81785,9.41852
23.8375,18.8046,22.6759
37.3531,34.4002,34.7149
32.3755,30.6583,26.8045
31.9812,30.6841,21.7583
32.3898,31.2455,19.0196
43.5939,42.1142,32.285
52.9857,49.3273,47.5445
49.7409,42.8875,49.0399
52.3185,44.2565,53.8205
50.0314,43.9347,52.8524
56.4108,53.4761,59.3573
66.2009,65.3547,68.7793
64.1322,64.3744,67.197
65.9371,66.3775,69.2788
67.2313,66.7963,68.797
79.635,78.8664,77.3878
92.882,93.0327,88.1321
90.5533,91.2085,87.3966
93.7467,93.2014,95.013
97.0709,94.6629,101.159
108.032,105.003,111.369
113.625,110.834,115.798
99.2136,96.5634,101.942
81.807,79.9481,85.598
55.4534,55.4719,60.0435
33.765,35.3034,37.9909
6.11524,7.90957,7.98177
-34.7016,-32.3324,-35.5925
-61.7167,-58.515,-63.1498
-79.7911,-77.2903,-79.4576
-85.8096,-85.4071,-84.4153
-94.7707,-97.3343,-93.4942
-117.776,-123.452,-116.608
-132.832,-140.262,-131.048
-144.124,-151.198,-140.952
-140.272,-146.09,-137.668
-139.339,-144.061,-139.42
-158.303,-161.067,-160.623
-168.276,-168.639,-171.689
-175.362,-174.572,-178.92
-172.559,-171.653,-175.604
-168.606,-167.164,-171.084
-172.637,-169.945,-176.085
-165.063,-161.806,-170.355
-156.872,-154.128,-161.686
-143.717,-142.039,-146.526
-135.774,-135.467,-137.516
-139.594,-140.309,-142.227
-132.588,-134.577,-137.872
-125.06,-128.938,-132.313
-113.918,-118.094,-121.114
-113.866,-117.018,-120.395
-136.185,-139.719,-142.771
-151.608,-156.437,-156.966
-164.581,-170.29,-167.641
-167.383,-174.276,-170.951
-174.02,-182.723,-179.544
-202.578,-212.262,-207.979
-229.054,-237.583,-232.5
-248.474,-254.968,-250.264
-252.593,-258.195,-254.535
-264.543,-270.78,-267.219
-295.062,-302.339,-298.083
-314.883,-322.334,-318.278
-331.313,-339.104,-334.75
-339.938,-349.312,-342.495
-350.026,-360.413,-350.152
-374.028,-383.037,-371.473
-390.129,-396.542,-385.829
-404.288,-409.872,-399.822
-409.09,-416.093,-408.061
-419.913,-428.312,-423.441
-453.791,-461.743,-457.497
-487.126,-492.306,-486.853
-521.406,-522.923,-517.681
-534.382,-533.546,-529.1
-533.905,-532.631,-528.064
-542.498,-540.529,-538.386
-542.116,-536.418,-540.56
-540.463,-529.568,-539.732
-533.198,-519.052,-534.22
-527.189,-511.753,-531.16
-534.861,-517.752,-538.883
-539.497,-519.904,-540.368
-536.661,-515.277,-536.866
-516.718,-493.692,-521.957
-492.141,-466.228,-501.266
-472.169,-443.204,-478.131
-447.779,-418.155,-447.549
-431.893,-403.79,-427.925
-412.729,-386.631,-406.647
-400.723,-376.703,-392.911
-403.376,-379.461,-396.477
-404.26,-377.689,-399.832
-416.801,-388.734,-413.432
-429.771,-403.195,-427.248
-446.296,-421.807,-445.814
-464.706,-442.616,-467.174
-470.284,-450.834,-475.065
-473.934,-455.568,-476.603
-470.965,-453.135,-468.51
-475.072,-459.114,-470.756
-473.631,-460.477,-471.834
-448.961,-438.695,-450.53
-428.415,-421.123,-432.682
-406.111,-401.065,-412.83
-392.253,-387.623,-400.274
-381.673,-377.441,-389.741
-350.114,-348.221,-357.819
-320.227,-321.53,-326.57
-283.245,-286.883,-287.204
-253.316,-257.778,-255.398
-230.503,-234.455,-232.895
-188.531,-192.204,-193.667
-147.41,-152.333,-155.77
-91.888,-98.2059,-102.735
-38.7636,-46.2831,-51.134
-3.08579,-12.783,-14.3846
34.0139,22.5959,25.3002
60.6075,48.9389,52.9715
93.5765,81.2398,85.4679
118.151,103.683,108.534
126.256,109.362,115.119
140.472,121.91,128.508
146.298,127.501,133.496
152.495,135.226,141.094
145.159,129.157,138.454
123.901,107.474,120.53
112.512,94.7357,108.334
96.675,77.5263,90.177
97.7416,78.4338,90.0276
103.337,84.6266,96.601
97.6959,78.5444,93.9605
93.5756,72.0686,92.2823
74.5553,50.3664,74.5984
53.1609,29.1224,55.3686
15.2666,-5.88644,19.0559
-35.1999,-54.0166,-33.2978
-69.1235,-88.4198,-72.2351
-98.576,-119.206,-105.644
-106.45,-126.064,-112.869
-106.346,-123.738,-110.396
-110.357,-127.108,-114.098
-99.5529,-116.728,-103.199
-95.9671,-112.292,-98.9535
-89.0116,-103.558,-93.107
-81.7912,-95.7151,-87.4998
-79.0901,-92.7028,-85.2045
-63.6238,-76.5512,-70.3933
-49.5858,-63.0755,-56.5618
-21.0068,-34.9196,-27.1464
4.90773,-7.16448,-1.62561
10.8812,1.42118,3.32093
13.3537,4.8745,6.08306
10.6657,1.04392,5.22806
21.566,10.3577,18.9037
25.7377,13.2622,23.9922
12.4781,-1.29903,8.04039
6.64752,-7.53583,-1.15004
-0.939084,-14.2083,-9.22776
0.533252,-11.5667,-6.11091
-2.05756,-13.8339,-8.2742
-14.9117,-26.5566,-22.2246
-11.1638,-21.9116,-18.6134
-3.83404,-14.0402,-10.0392
13.5533,2.74865,8.18799
26.8739,15.227,21.5678
28.7721,17.2373,22.7986
37.5792,27.8796,28.9072
42.8001,35.925,31.8727
58.6143,53.9168,49.3296
72.3255,68.2592,66.5705
78.8563,73.5052,74.8493
96.8446,89.081,92.3244
115.709,105.714,108.885
149.139,137.756,137.901
182.758,171.302,169.407
203.134,191.976,193.182
224.775,213.088,218.463
233.86,221.766,227.891
247.872,236.409,240.876
259.858,249.051,251.94
264.797,253.437,255.428
285.588,272.889,274.13
301.897,287.941,290.411
314.708,299.549,306.053
316.887,301.121,311.414
322.36,307.11,318.861
335.089,320.856,331.354
311.868,298.467,306.634
280.757,267.271,274.463
248.887,234.754,240.835
212.455,199.144,202.025
194.508,183.438,183.258
180.654,171.663,170.979
192.175,184.755,185.437
219.291,211.385,214.435
225.375,215.766,220.346
221.51,212.668,216.115
212.083,204.943,206.972
221.026,213.512,215.245
234.126,224.814,227.456
234.078,222.708,228.958
238.218,226.419,235.67
228.858,218.529,227.061
223.74,214.149,220.773
212.024,202.306,207.489
184.909,174.998,179.133
167.699,156.957,160.526
138.285,126.937,130.445
109.497,99.0795,100.912
80.8088,72.1366,70.3559
41.2148,32.7563,30.4498
8.96532,-1.26491,0.00987111
-27.2321,-38.6888,-35.1172
-53.1802,-64.0298,-61.9089
-74.6024,-85.6339,-84.3126
-103.528,-117.459,-112.52
-124.402,-141.847,-132.37
-157.423,-176.563,-166.303
-194.402,-213.383,-204.979
-241.264,-259.309,-252.909
-290.508,-307.187,-302.624
-315.314,-330.509,-327.392
-348.06,-361.458,-359.2
-378.054,-388.834,-387.126
-408.765,-417.639,-416.427
-459.631,-468.531,-467.646
-518.949,-528.553,-527.974
-607.533,-617.993,-617.691
-702.211,-714.847,-713.609
-785.677,-800.962,-796.313
-862.403,-878.492,-870.101
-919.214,-934.653,-925.257
-985.726,-1000.32,-992.323
-1061.03,-1073.94,-1069.29
-1160.85,-1171.38,-1170.84
-1289.58,-1298.6,-1300.33
-1398.55,-1407.78,-1409.08
-1494.7,-1505.76,-1504.12
-1548.34,-1562.07,-1556.24
-1552.63,-1568.74,-1559.54
-1539.47,-1556.46,-1545.17
-1505.29,-1521.29,-1510.12
-1483.29,-1497.36,-1489.99
-1460.54,-1472.55,-1470.03
-1428,-1437.97,-1438.04
-1407.1,-1415.55,-1416.78
-1376.13,-1384.82,-1385.86
-1345.89,-1356.52,-1355.51
-1313.72,-1325.97,-1321.87
-1282.97,-1295.36,-1287.12
-1269.73,-1280.14,-1270.09
-1244.62,-1251.23,-1244.85
-1211.25,-1215.07,-1213.4
-1153.2,-1155.75,-1156.12
-1070.93,-1072.43,-1073.51
-995.533,-996.539,-997.569
-912.926,-914.117,-914.103
-833.856,-835.357,-835.097
-746.68,-748.399,-749.516
-662.783,-665.275,-667.293
-612.761,-616.448,-618.787
-566.857,-570.976,-573.528
-520.572,-525.264,-526.29
-462.209,-468.459,-468.311
-400.071,-407.24,-408.382
-356.578,-363.244,-364.632
-305.832,-312.521,-310.304
-258.016,-266.482,-259.792
-205.551,-215.644,-208.161
-150.666,-161.326,-155.987
-114.982,-126.232,-122.872
-77.939,-89.8341,-87.0629
-54.2614,-66.7572,-62.0271
-29.3316,-42.8529,-33.8353
1.64437,-12.4508,-0.732378
17.9571,4.80459,15.6549
41.3445,30.0535,38.1132
66.5855,56.8922,60.8503
109.947,100.492,100.896
170.979,159.996,160.358
221.375,208.229,211.876
281.955,267.672,275.016
344.087,330.021,338.641
403.79,389.718,397.577
457.315,442.171,448.458
492.102,476.255,480.562
528.423,512.879,517.369
541.134,526.238,532.255
546.863,532.849,538.721
571.945,558.97,563.333
592.901,580.583,581.784
620.892,608.821,605.908
646.211,634.695,629.286
676.963,665.301,661.794
718.58,704.703,708.14
746.973,731.178,740.497
769.402,753.946,762.968
773.42,758.939,764.218
763.191,748.862,751.574
744.601,729.597,732.669
703.745,688.088,693.528
664.631,648.862,658
628.475,613.623,625.127
603.205,591.489,600.254
596.201,588.564,591.804
576.598,571.72,570.724
562.406,558.308,555.718
554.848,549.219,547.431
540.683,533.049,532.392
531.922,524.529,524.335
527.248,521.514,521.97
534.114,528.496,530.651
536.504,529.77,533.74
530.736,524.549,528.232
523.391,519.275,520.747
511.738,509.188,508.24
506.663,504.213,502.351
494.73,491.203,490.604
477.333,472.718,474.117
454.535,449.409,451.654
410.801,405.173,406.52
367.235,360.258,361.9
328.171,319.493,323.566
283.238,273.958,278.231
233.126,224.656,226.164
178.938,171.189,170.294
135.156,126.587,125.971
96.7205,86.4702,90.3724
67.6787,56.0676,68.3935
39.5307,26.0966,47.1201
-14.1951,-30.459,-5.51258
-75.71,-94.8867,-70.5385
-134.276,-156.524,-132.119
-181.971,-207.784,-181.567
-218.382,-248.069,-220.037
-253.623,-286.982,-257.412
-278.95,-315.208,-284.826
-309.053,-347.437,-316.714
-343.834,-383.068,-350.118
-375.803,-415.33,-377.306
-429.89,-470.51,-429.32
-500.478,-542.09,-501.912
-572.094,-614.191,-574.772
-636.515,-679.409,-639.886
-694.069,-737.723,-698.057
-754.841,-798.291,-757.8
-810.129,-852.239,-811.326
-862.567,-903.124,-861.297
-902.062,-941.964,-898.633
-926.234,-966.345,-922.463
-955.54,-996.514,-951.963
-992.228,-1034.8,-989.276
-1030.59,-1074.59,-1029.87
-1046.78,-1091.25,-1048.52
-1038.7,-1082.99,-1040.42
-1019.68,-1062.78,-1019.59
-984.546,-1024.52,-984.352
-935.153,-972.079,-938.439
-865.275,-902.064,-872.981
-787.266,-825.333,-793.892
-719.179,-757.169,-719.802
-641.465,-677.772,-638.617
-550.344,-584.267,-548.219
-444.733,-475.989,-444.798
-336.832,-366.031,-339.073
-259.559,-288.47,-262.926
-204.114,-233.482,-207.566
-157.291,-186.504,-160.311
-103.58,-132.226,-105.282
-44.4039,-72.4234,-44.7032
10.5077,-17.0993,10.1648
71.7642,44.6378,70.7701
119.196,92.7224,119.326
151.541,125.363,154.625
185.561,159.296,191.02
218.311,191.961,223.875
243.105,217.169,247.679
262.094,236.814,265.401
295.71,270.735,295.835
329.937,305.011,326.242
344.7,319.851,338.336
362.473,337.491,354.31
390.878,365.651,382.609
426.769,402.131,420.406
454.779,431.49,452.158
468.487,445.96,469.718
490.497,468.795,492.952
512.155,493.272,513.543
526.658,511.466,527.114
517.234,504.165,517.731
478.744,465.456,479.679
441.749,426.867,443.402
406.599,390.945,408.112
381.078,366.913,379.477
368.531,356.978,363.632
360.362,350.428,356.68
355.79,346.133,356.085
339.377,329.337,343.199
311.837,300.871,316.085
262.534,250.413,261.874
179.546,167.782,172.538
83.6437,74.3677,75.1
-27.8128,-35.1047,-32.7779
-150.507,-157.859,-151.164
-283.079,-291.045,-280.839
-418.659,-427.008,-415.016
-523.243,-532.273,-521.173
-598.846,-608.69,-600.155
-645.697,-655.514,-648.55
-689.545,-697.538,-691.973
-761.602,-766.579,-762.688
-833.722,-837.351,-833.553
-869.003,-874.434,-869.458
-823.891,-831.474,-827.426
-694.516,-702.537,-700.87
-509.605,-517.599,-513.55
-279.589,-287.319,-277.125
-76.3619,-84.0515,-69.7811
-28.0733,-37.3821,-21.518
-200.92,-211.49,-196.611
-483.992,-493.574,-481.917
-704.578,-713.249,-702.775
-822.617,-832.005,-819.008
-836.164,-847.001,-831.387
-760.32,-771.648,-757.715
-644.1,-654.379,-646.689
-536.216,-545.578,-542.233
-484.402,-493.95,-487.976
-448.072,-458.186,-447.448
-397.253,-406.764,-394.834
-350.911,-358.651,-347.227
-297.869,-304.235,-292.527
-245.442,-250.863,-239.976
-172.343,-177.239,-168.578
-65.1482,-70.2444,-62.4422
43.4245,38.3043,45.962
138.601,133.924,140.197
201.886,197.84,203.791
259.578,255.935,264.914
319.995,315.627,327.98
340.881,335.223,347.071
333.4,327.868,335.537
312.354,308.927,312.677
320.254,319.208,321.95
371.698,371.297,374.049
423.159,422.42,423.875
473.216,472.62,472.082
506.5,505.056,503.832
542.907,538.916,540.835
608.041,601.777,609.977
676.426,669.749,682.507
742.406,735.877,749.268
778.072,771.146,782.577
795.411,789.181,798.414
831.105,826.301,834.282
870.74,866.472,871.192
903.914,899.74,899.171
899.132,894.844,892.404
871.48,866.333,867.008
863.241,856.421,860.818
870.952,862.296,868.45
905.603,896.527,904.721
927.325,920.076,930.232
927.328,922.564,931.843
949.07,945.466,952.163
974.557,969.843,974.278
1003.41,996.952,999.158
1031.07,1025.22,1025.22
1058.06,1053.93,1053.72
1103.61,1099.41,1102.62
1156.81,1151.38,1159.44
1218.4,1211.86,1223.34
1258.11,1251.25,1264.51
1259.61,1253.46,1265.14
1252.2,1246.57,1252.83
1240.8,1235.3,1237
1234.52,1228.46,1231.12
1218.05,1210.37,1216.24
1186.13,1178.53,1182.38
1166.12,1160.71,1161.5
1143.13,1138.96,1143.37
1119.88,1116.38,1125.14
1098.58,1096.15,1102.12
1075.26,1073.14,1072.7
1068.99,1067.11,1064.67
1073.66,1072.07,1072.94
1088.56,1085.66,1090.8
1097.37,1093.1,1099.76
1094.5,1091.11,1094.35
1098.83,1096.9,1094.7
1107.66,1105.65,1101.88
1124.75,1122.33,1120.09
1128.74,1126.41,1124.53
1108.05,1105.43,1105.24
1092.52,1089.3,1095.52
1089.95,1086.12,1097.81
1098.15,1093.46,1105.23
1100.38,1095.01,1105.59
1080.64,1075.31,1085.1
1056.44,1051.49,1058.85
1043.55,1039.65,1043.56
1045.95,1044.37,1047.86
1045.39,1045.41,1052.33
1040.3,1039.14,1048.33
1046.65,1042.73,1051.65
1055.25,1049.02,1057.31
1062.81,1056.07,1063.93
1060.07,1054.62,1062.32
1054.91,1049.57,1058.26
1068.55,1061.02,1073.23
1100.66,1091.76,1107.72
1137.29,1128.84,1146.02
1152.92,1144.58,1161.94
1160.31,1151.89,1169.15
1186.53,1179.35,1195.18
1230.61,1224.85,1237.56
1270.09,1264.96,1272.53
1347.77,1344.14,1346.11
1640.47,1639.43,1638.92
2686.36,2687.51,2686.92
6779.47,6784.86,6779.54
14184.7,14196.5,14189.6
19299.2,19310.7,19320.9
18644.5,18647.5,18679.5
14858.9,14853.4,14892.7
10877.4,10867.6,10901.4
7737.16,7726.53,7751.63
5844.37,5835.7,5853.79
5232.82,5227.74,5240.81
5105.02,5103.11,5114.78
4409,4407.34,4421.48
3055.5,3050.82,3068.34
1929.66,1921.45,1941.02
1682.89,1673.27,1693.26
1863.01,1854.21,1874.15
1565.63,1557.15,1577.33
680.552,671.267,688.95
-43.6764,-52.5226,-42.1033
-45.538,-53.1815,-50.4488
272.302,264.268,265.661
95.4222,85.8522,94.2237
-661.414,-671.813,-655.501
-1281.7,-1292.18,-1273.82
-1214.41,-1224.56,-1208.39
-808.981,-817.63,-804.663
-817.289,-823.167,-813.14
-1335.39,-1339.69,-1332.19
-1747.31,-1753.3,-1747.6
-1578.42,-1586.59,-1580.66
-1138.03,-1145.66,-1139.12
-1079.32,-1085.58,-1078.32
-1479.66,-1485.79,-1475.51
-1800.85,-1806.81,-1793.04
-1624.64,-1630.26,-1615.23
-1216.66,-1222.25,-1209.51
-1148.34,-1153.24,-1145.11
-1483.48,-1487.24,-1482.85
-1752.52,-1756.03,-1753.27
-1597.16,-1600.42,-1597.76
-1235.77,-1237.36,-1234.87
-1159.94,-1159.89,-1158.85
-1438.3,-1438.1,-1437.87
-1670.41,-1669.93,-1669.46
-1536.71,-1535.26,-1535.64
-1224.39,-1224.02,-1223.81
-1154.91,-1158.54,-1153.5
-1377.54,-1385.79,-1374.4
-1560.33,-1570.47,-1555.6
-1440.26,-1448.71,-1434.65
-1176.01,-1182.16,-1170.09
-1121.38,-1126.38,-1114.39
-1312.95,-1317.12,-1305.93
-1469.47,-1473.01,-1464.21
-1362.81,-1366.63,-1357.88
-1115.99,-1121.41,-1110.13
-1041.01,-1048.32,-1034.54
-1187.66,-1194.69,-1180.78
-1322.05,-1326.66,-1315.8
-1248.54,-1250.86,-1244.05
-1064.24,-1064.9,-1060.81
-1013.02,-1012.68,-1010.13
-1118.38,-1118.52,-1116.77
-1206.35,-1208.24,-1205.31
-1137.99,-1140.92,-1135.59
-992.043,-994.585,-987.68
-951.987,-954.558,-946.756
-1026.96,-1029.94,-1023.58
-1088.33,-1091.39,-1088.16
-1030.54,-1034.92,-1029.74
-910.704,-916.915,-905.888
-872.609,-879.517,-865.683
-920.878,-927.845,-914.91
-961.886,-968.598,-957.381
-923.787,-929.31,-919.801
-840.343,-844.407,-837.485
-810.497,-814.54,-808.796
-839.491,-844.206,-835.729
-872.438,-876.31,-864.603
-855.83,-857.386,-846.239
-802.654,-803.308,-794.475
-775.974,-777.688,-769.737
-782.836,-785.467,-778.829
-812.145,-815.673,-812.375
-817.101,-821.803,-820.575
-789.024,-793.475,-791.381
-783.404,-785.908,-782.42
-791.518,-792.704,-788.098
-800.656,-802.635,-796.733
-802.64,-806.447,-799.722
-795.465,-800.305,-793.507
-803.491,-809.292,-800.919
-806.781,-813.663,-802.7
-808.643,-812.892,-806.802
-818.988,-817.861,-823.807
-826.198,-822.879,-833.739
-833.163,-830.979,-836.417
-813.337,-812.144,-811.043
-792.12,-791.129,-788.041
-795.02,-794.369,-793.36
-802.136,-801.029,-803.537
-807.98,-804.834,-811.062
-781.982,-777.117,-785.466
-758.85,-752.984,-760.864
-776.414,-768.914,-775.638
-797.684,-788.019,-796.367
-794.787,-783.488,-796.225
-747.115,-736.752,-749.788
-703.778,-697.13,-703.713
-713.906,-709.708,-710.107
-737.81,-732.842,-733.713
-735.584,-729.171,-736.035
-687.648,-680.422,-693.19
-648.534,-640.736,-655.766
-667.509,-659.34,-673.146
-697.382,-689.071,-701.847
-697.383,-688.045,-704.548
-644.768,-633.536,-653.88
-593.684,-582.641,-599.779
-604.612,-595.94,-607.09
-635.313,-627.84,-636.875
-630.059,-622.164,-632.694
-561.429,-553.34,-566.15
-504.467,-497.013,-510.609
-529.039,-523.724,-533.853
-576.004,-573.863,-577.267
-570.768,-570.41,-569.698
-492.132,-490.971,-490.974
-426.451,-424.029,-427.147
-446.629,-444.625,-451.064
-495.153,-494.473,-501.944
-503.038,-503.54,-509.142
-448.002,-448.75,-451.661
-404.949,-405.788,-405.542
-435.852,-438.202,-434.513
-483.835,-487.09,-482.223
-492.062,-494.34,-491.857
-437.399,-439.454,-440.548
-392.378,-394.787,-398.168
-423.756,-425.005,-428.837
-472.164,-471.55,-474.854
-477.381,-475.141,-477.766
-425.583,-422.196,-423.715
-386.762,-382.717,-384.009
-418.052,-413.184,-416.276
-460.8,-454.704,-460.44
-455.937,-448.695,-457.926
-393.185,-385.4,-399.154
-345.7,-337.541,-353.5
-371.852,-363.499,-376.397
-411.739,-404.717,-411.862
-408.143,-403.274,-405.742
-346.721,-342.381,-341.673
-302.101,-296.253,-295.157
-336.205,-329.744,-331.056
-384.576,-379.79,-383.118
-387.163,-383.235,-389.084
-327.603,-323.339,-332.538
-276.17,-271.855,-282.76
-301.507,-297.3,-307.27
-352.893,-349.63,-355.093
-362.318,-360.296,-359.995
-304.406,-303.443,-299.872
-252.773,-252.223,-249.989
-276.954,-274.987,-278.113
-321.3,-317.179,-325.48
-329.803,-323.394,-335.185
-278.296,-268.986,-281.43
-217.593,-206.176,-215.097
-224.863,-213.215,-219.809
-259.067,-248.015,-257.01
-257.086,-246.909,-259.199
-202.663,-193.951,-206.167
-158.312,-151.221,-160.376
-182.177,-176.076,-183.455
-216.279,-210.777,-217.576
-203.311,-199.188,-202.955
-145.03,-142.392,-142.945
-111.953,-110.116,-112.291
-152.781,-151.862,-159.325
-200.782,-201.337,-209.674
-200.144,-202.758,-204.251
-153.494,-157.862,-152.528
-113.671,-119.733,-111.211
-119.064,-126.999,-116.037
-111.881,-120.445,-109.415
-55.4139,-63.951,-56.712
35.6506,27.4254,30.7104
110.78,104.254,105.768
116.388,110.908,111.707
86.8219,80.0986,82.1824
80.4415,73.2694,77.9564
125.275,119.333,124.232
174.143,169.059,171.618
158.719,154.412,154.466
106.786,103.159,102.658
76.8296,72.6487,72.9238
95.1756,90.505,90.3363
124.517,121.043,120.073
115.167,112.788,112.564
88.3302,85.4968,85.1157
83.2929,79.7831,76.2373
111.627,107.466,102.291
137.875,132.406,131.55
126.04,119.339,124.343
101.29,94.9197,101.138
88.7379,84.74,87.5968
98.6498,97.3802,96.3244
107.083,106.357,105.071
78.3516,76.4388,77.9411
39.3694,37.5594,40.3986
18.0575,17.2707,18.7838
30.0489,27.8874,28.5106
53.2745,47.2926,48.4347
48.3551,40.6975,40.7842
33.6614,28.73,27.4493
28.1853,25.6065,27.0724
37.6952,34.6447,41.0499
43.6153,39.9019,48.402
22.1929,17.414,24.9281
-4.45755,-10.9777,-5.00603
-16.7042,-23.7002,-19.4455
-3.19128,-8.87811,-7.53336
13.6375,10.4295,8.42643
-1.45836,-1.73181,-7.30572
-19.2601,-17.5878,-25.8665
-17.8836,-17.2858,-23.1084
1.50352,-1.35206,-0.678042
15.0637,10.0494,14.6243
-2.70748,-6.91352,-3.60338
-22.4105,-24.9584,-25.0271
-25.6512,-28.0318,-30.4263
-9.26158,-12.2275,-16.8708
8.14768,5.28591,-3.02982
2.64429,0.310935,-10.8852
-4.80495,-6.29647,-15.6302
-2.97504,-2.70007,-6.96482
12.4002,14.5582,12.3793
30.5405,32.9101,30.5642
29.7649,31.4971,30.0662
25.8982,28.0209,25.9095
24.287,27.1394,22.4524
36.801,39.2168,33.624
58.509,59.7639,54.4917
59.0533,59.1228,54.4791
53.2159,51.6455,49.2019
44.9803,42.4543,41.0768
45.6008,43.9929,41.599
57.8587,56.7332,55.3253
59.1266,56.6107,58.0233
59.7376,56.1196,59.162
56.2612,52.9275,54.0544
53.4848,50.5261,46.6664
56.4531,53.0866,46.8242
49.977,46.1616,42.0768
48.6497,45.1074,42.3545
47.5773,44.5199,39.9168
39.8101,37.0446,33.5736
29.9588,26.9924,30.3402
12.7383,8.49344,17.6434
7.15005,0.856726,11.1616
1.45516,-6.24796,1.42386
-9.07561,-17.117,-13.4916
-19.9432,-28.8801,-26.7031
-40.106,-50.796,-46.4886
-47.9781,-59.9364,-50.4067
-53.8492,-66.7579,-51.7656
-55.682,-69.5027,-53.3064
-42.0682,-55.6549,-41.9329
-28.881,-40.8632,-30.3644
-16.5711,-27.4228,-18.1621
-21.3453,-33.4522,-20.8549
-37.7345,-52.4597,-35.6711
-46.6594,-63.2671,-46.3617
-52.2286,-69.5963,-55.598
-41.7944,-59.3207,-48.0468
-31.591,-48.7564,-37.2043
-32.8512,-49.5386,-34.2593
-33.3793,-49.6768,-31.363
-38.0177,-53.154,-36.2756
-38.5958,-53.352,-39.0173
-47.6813,-63.0474,-49.7474
-55.8189,-70.2051,-58.7928
-49.8374,-62.2917,-52.5711
-48.4944,-60.0167,-49.1111
-45.2389,-56.8274,-44.1965
-44.5234,-57.0531,-44.906
-41.0723,-55.5526,-42.9063
-37.5903,-53.7399,-38.5668
-53.9386,-70.0643,-54.6681
-70.5656,-85.6149,-71.2
-88.5529,-102.511,-88.1723
-106.179,-118.91,-105.813
-108.672,-120.419,-109.555
-107.932,-118.925,-110.244
-99.5277,-109.815,-101.127
-99.1624,-109.88,-97.8717
-109.634,-121.305,-106.703
-117.993,-128.598,-116.726
-132.136,-139.828,-135.397
-133.926,-140.096,-141.726
-128.62,-136.346,-136.152
-119.82,-130.717,-121.549
-110.212,-123.199,-106.98
-113.447,-126.001,-109.191
-110.452,-120.932,-106.056
-112.612,-121.723,-108.522
-118.528,-128.274,-116.293
-109.271,-120.278,-109.265
-99.3992,-110.355,-102.995
-86.9871,-97.3318,-95.5361
-89.0673,-100.168,-98.4322
-113.467,-125.376,-117.901
-127.341,-138.28,-125.242
-120.274,-129.638,-114.04
-101.685,-110.366,-95.488
-101.386,-109.736,-98.39
-115.281,-122.186,-118.329
-120.157,-125.788,-130.186
-117.582,-124.349,-128.271
-105.231,-114.355,-108.206
-100.599,-110.763,-97.1136
-101.146,-110.009,-99.5168
-98.643,-105.2,-101.5
-99.0097,-104.559,-102.448
-96.0359,-101.68,-99.7188
-99.2372,-104.537,-107.246
-103.294,-107.591,-114.899
-101.392,-104.624,-109.72
-98.9502,-102.049,-100.168
-90.4905,-94.2899,-87.8898
-92.0383,-96.7208,-90.2786
-99.5071,-105.571,-100.113
-97.1483,-104.708,-99.2916
-90.4822,-98.551,-94.7091
-81.7079,-89.1818,-89.2977
-88.893,-95.108,-96.8361
-97.9354,-102.738,-101.85
-93.9711,-98.1072,-94.0461
-88.914,-93.3274,-88.8081
-82.9266,-87.3278,-84.0371
-89.3393,-92.935,-89.9783
-96.1988,-99.4794,-98.049
-88.281,-92.5101,-93.4932
-77.6184,-83.4021,-81.5082
-75.3868,-81.3587,-74.135
-84.5404,-88.5754,-82.2113
-82.9257,-84.7605,-83.5224
-73.4593,-74.5364,-74.6856
-71.9698,-74.8826,-72.3909
-68.3782,-74.4583,-69.7863
-68.7355,-75.9875,-69.5217
-65.5826,-71.8222,-63.6353
-61.0406,-66.5799,-58.0824
-63.9223,-69.7033,-63.3269
-63.878,-70.1372,-67.851
-72.2493,-79.9644,-79.1792
-69.7958,-79.2804,-75.6572
-60.5703,-69.5338,-63.35
-65.7669,-72.9991,-66.0391
-69.2624,-76.5249,-68.0792
-73.6693,-81.8669,-73.0752
-65.2077,-73.3709,-67.4774
-55.4034,-63.1645,-61.6503
-64.1635,-71.6377,-73.9325
-72.2333,-78.4393,-81.1521
-80.5663,-85.2668,-84.9602
-76.9071,-81.9918,-79.5015
-66.3313,-73.3122,-69.4667
-66.5749,-75.1908,-66.9756
-63.9386,-73.2457,-59.8337
-66.9551,-75.9134,-62.094
-64.0828,-72.5989,-62.9236
-61.4014,-70.3411,-65.2179
-78.1179,-86.6371,-85.019
-85.1496,-92.3056,-93.4689
-79.7268,-86.0888,-86.5507
-62.7149,-67.6861,-63.8286
-48.9988,-53.3366,-45.8345
-52.4093,-59.9444,-50.3919
-54.3924,-65.1443,-56.524
-59.4427,-68.3955,-64.2538
-55.7635,-61.4741,-60.7453
-48.6299,-54.7538,-54.7237
-55.8575,-64.6247,-65.0681
-57.5712,-69.1337,-68.1933
-55.5695,-69.8171,-64.1479
-45.2988,-59.6891,-51.7204
-43.47,-54.0533,-49.2487
-62.3414,-68.29,-67.9244
-67.2261,-71.4175,-73.5048
-67.4588,-73.1725,-74.9986
-61.81,-69.3024,-69.7684
-55.9189,-63.1172,-64.4215
-59.4097,-65.4802,-68.9967
-53.7623,-58.8037,-61.9879
-59.7084,-63.711,-63.966
-65.9668,-69.9875,-68.3925
-68.8767,-73.5751,-72.7916
-79.6764,-84.6106,-84.8725
-71.3483,-76.9208,-75.9678
-62.4541,-68.9571,-67.2715
-58.7427,-65.1647,-66.708
-57.5581,-64.3963,-67.7986
-64.2238,-73.5783,-72.41
-56.4568,-67.4965,-61.3125
-54.0691,-64.0493,-57.6945
-54.8546,-62.0614,-58.595
-56.0615,-60.5445,-59.2591
-62.6842,-67.0649,-64.8695
-50.168,-56.0251,-52.9374
-45.8398,-52.4287,-50.8695
-42.9864,-50.3848,-49.4848
-42.2384,-50.9494,-48.331
-57.8745,-67.0801,-62.5653
-54.0261,-62.1667,-56.9128
-56.5846,-64.0866,-58.4563
-66.4918,-75.8307,-70.464
-66.0937,-77.3777,-74.3925
-60.3671,-70.8259,-70.5434
-33.8927,-41.4144,-43.8459
-29.2338,-33.546,-40.4817
-47.4866,-50.4099,-59.792
-54.7013,-58.9386,-65.6195
-54.3425,-61.4319,-62.2841
-36.2915,-46.7775,-40.2809
-36.7566,-49.295,-37.3949
-55.5472,-67.1637,-55.8037
-64.1632,-72.7803,-65.7054
-65.3987,-70.7615,-68.5144
-47.0172,-50.3614,-54.0948
-49.9109,-53.1052,-60.0346
-70.1261,-75.107,-76.3282
-74.9034,-82.2034,-74.5248
-68.1269,-76.9512,-66.4954
-41.0624,-52.1223,-42.9165
-35.7064,-50.4458,-41.1449
-49.9675,-66.9277,-59.3737
-52.7987,-68.007,-66.0485
-54.0807,-65.1159,-67.407
-43.9446,-51.9208,-56.0562
-48.2895,-56.4158,-61.1969
-62.4361,-74.0542,-75.9503
-61.0226,-76.6748,-72.8886
-51.38,-67.7243,-60.0946
-24.1001,-38.4616,-32.0887
-20.6841,-33.3459,-31.6914
-41.1031,-52.8603,-51.9925
-51.6774,-63.3741,-57.747
-50.065,-63.6478,-55.2581
-26.9892,-43.8046,-38.3675
-25.0383,-43.7167,-41.8243
-34.6047,-52.5089,-49.4726
-31.9609,-47.7171,-43.924
-38.7642,-52.0134,-54.4297
-36.0933,-47.0568,-56.5883
-39.5913,-50.6345,-59.1216
-45.3592,-59.0971,-60.4136
-39.854,-55.1636,-51.3967
-42.9444,-56.4926,-52.7782
-33.4631,-45.3769,-42.4349
-30.0626,-44.8232,-38.1212
-32.9858,-53.2877,-39.4762
-28.8727,-51.2808,-34.2938
-35.7768,-54.9399,-41.1278
-32.6604,-47.0334,-37.7673
-35.8723,-47.0208,-41.3198
-32.8102,-43.5164,-38.5655
-15.584,-28.4317,-19.9781
-23.72,-38.6286,-27.0727
-34.1259,-49.4412,-38.4984
-44.6842,-59.0187,-52.0814
-44.7562,-57.2045,-55.0089
-24.8481,-36.5821,-34.8461
-18.9497,-31.8744,-26.5995
-20.6751,-35.1826,-24.8499
-38.0132,-54.6937,-37.9659
-49.6625,-68.3286,-48.3856
-40.3721,-58.5373,-42.6183
-38.6226,-54.6009,-44.8068
-26.9008,-41.4601,-31.2381
-28.5922,-42.4718,-27.169
-37.8812,-49.6507,-34.1072
-35.7941,-44.8711,-32.3618
-42.4804,-51.4285,-38.7258
-33.1159,-43.2,-30.5219
-30.6582,-39.9407,-32.6835
-41.4146,-47.9877,-48.1346
-43.5171,-47.2203,-48.2735
-44.2316,-47.2164,-40.4128
-26.9532,-31.7727,-15.6302
-26.5486,-32.6328,-13.8424
-50.6753,-56.5898,-43.6145
-61.5866,-68.8284,-63.1994
-56.0707,-65.654,-60.7594
-25.66,-35.7629,-25.5735
-11.024,-19.5857,-5.05566
-14.0122,-19.9187,-5.58354
-16.6785,-21.068,-9.00208
-32.8476,-38.1953,-28.9144
-28.4829,-34.9366,-29.5541
-26.4391,-32.7592,-30.24
-38.3672,-45.1353,-41.7143
-47.3294,-55.5832,-48.5753
-55.8788,-65.1978,-54.222
-34.9304,-43.9797,-31.1797
-20.7004,-27.6829,-17.9468
-38.5695,-43.0665,-39.468
-65.919,-69.6741,-68.6746
-88.4304,-92.0707,-87.3879
-66.7472,-69.6121,-59.9886
-40.1688,-44.0064,-33.4539
-46.71,-53.2216,-44.0884
-64.9671,-72.3221,-64.6135
-80.7537,-86.6173,-83.3603
-61.5811,-65.0302,-67.7873
-42.9292,-44.7799,-48.1749
-44.057,-46.8039,-43.7671
-47.3497,-52.9825,-41.1723
-54.6911,-63.5011,-46.9247
-34.7527,-44.8851,-28.7361
-16.8206,-25.4974,-10.8426
-19.6341,-25.9321,-13.1237
-31.2164,-35.5059,-27.6617
-55.0785,-56.8792,-57.0403
-49.5309,-49.935,-55.0781
-35.8935,-37.8549,-38.5205
-38.073,-42.1438,-32.2509
-41.6504,-46.3531,-29.7137
-53.2366,-56.0675,-41.7651
-37.3026,-36.1456,-29.423
-13.3255,-9.46598,-8.44335
-4.28494,0.0863224,-1.74383
0.641637,5.07125,-0.100879
-2.26709,2.26129,-5.08077
21.5117,25.7147,20.456
45.307,49.5024,48.2234
55.887,61.345,63.776
70.1079,76.6273,82.008
73.8899,79.9457,85.4108
94.0013,98.1975,101.374
115.108,115.536,118.798
129.286,126.705,132.937
142.463,143.272,150.293
131.874,141.454,144.448
127.903,144.472,140.111
125.374,139.895,135.851
131.011,133.583,146.29
150.934,143.187,172.797
135.662,128.092,159.019
118.614,116.746,139.686
108.449,112.505,124.707
91.5366,101.212,100.929
77.9622,89.1449,82.1244
55.8217,60.6389,62.3543
54.6438,50.5825,70.5181
58.6735,51.0749,80.6412
50.3481,44.8177,69.3322
42.1836,39.189,55.1701
23.3376,19.6524,34.1865
18.972,13.5855,30.1839
14.3551,10.2781,24.8283
-1.55573,-2.98596,8.53542
-7.34625,-9.28513,4.22848
-24.3174,-30.9086,-12.6355
-37.0728,-49.2004,-27.0804
-43.9497,-57.8823,-34.9274
-46.6793,-58.6465,-39.5765
-39.0846,-49.4813,-34.995
-49.6448,-60.7215,-45.0492
-56.3171,-68.8773,-47.6545
-60.7713,-73.4167,-49.9493
-63.1947,-73.9027,-54.1468
-55.0879,-63.7552,-49.1689
-65.6419,-73.6011,-62.7766
-71.0329,-79.0958,-71.0825
-71.1892,-79.5325,-71.9682
-72.1638,-80.1375,-72.1039
-63.6205,-70.4421,-64.9341
-68.9968,-75.6318,-72.6166
-69.5618,-77.5806,-72.4792
-68.0064,-76.4219,-68.3371
-66.9856,-72.869,-65.8425
-52.8924,-56.142,-52.9008
-56.5311,-59.9963,-61.7689
-64.4904,-69.5887,-74.7623
-72.5549,-78.8837,-81.5853
-75.5049,-81.8266,-79.8394
-63.7099,-69.1347,-65.1251
-64.8639,-71.655,-65.6969
-62.7059,-73.2777,-63.9365
-62.0994,-74.7374,-64.501
-61.7842,-74.1628,-66.3087
-49.8446,-62.2628,-56.6425
-57.5699,-71.1196,-67.2331
-68.9295,-83.5707,-80.9807
-74.0801,-88.9102,-84.5736
-68.551,-82.7846,-75.9252
-48.6575,-61.9709,-56.1654
-50.1733,-62.0574,-58.8033
-56.6687,-66.6146,-64.6402
-63.343,-72.3956,-71.4588
-64.1772,-74.3178,-73.8123
-44.9967,-56.812,-55.5413
-39.6243,-51.4691,-52.3073
-41.4737,-51.4702,-58.3494
-50.2987,-58.0789,-69.5223
-51.8219,-57.8732,-69.4744
-36.5787,-42.0511,-50.4142
-42.9261,-49.4331,-52.984
-48.2439,-57.1496,-55.7073
-49.749,-61.7909,-57.954
-54.5863,-68.525,-67.3736
-44.6332,-57.8175,-60.5338
-46.2643,-57.663,-60.0391
-52.8957,-62.9247,-62.2149
-59.7896,-68.6184,-68.6389
-58.4803,-66.599,-72.7453
-39.5962,-48.148,-57.9678
-39.5883,-49.563,-55.2908
-42.2341,-54.1439,-52.0143
-44.4459,-57.6994,-49.736
-44.0211,-57.1872,-47.3977
-32.7232,-44.6768,-36.9153
-44.4742,-53.1139,-51.4851
-51.5199,-55.2403,-60.6441
-42.063,-43.2946,-51.4329
-29.7566,-31.9639,-38.5645
-13.851,-17.9896,-22.5817
-17.4174,-22.165,-27.3298
-21.3246,-23.9611,-31.4772
-24.7165,-23.4779,-32.3845
-35.9794,-32.2982,-40.1871
-33.5959,-31.1942,-34.7613
-30.8774,-31.1978,-31.4928
-27.8225,-27.771,-30.5513
-34.7036,-31.761,-38.6172
-42.313,-38.7201,-46.0302
-28.6858,-27.1608,-33.7549
-22.0047,-21.177,-31.3158
-19.2997,-17.1143,-31.5893
-19.2988,-16.8931,-29.1421
-16.9334,-15.8996,-22.8694
-8.34762,-8.51448,-12.9725
-13.3304,-14.4127,-16.0269
-16.462,-18.356,-15.974
-19.588,-20.8385,-19.1057
-22.2851,-20.7238,-23.5834
-18.2994,-15.21,-18.6807
-22.5552,-22.6636,-22.0532
-21.2281,-25.2394,-22.903
-21.3301,-25.4166,-25.2489
-18.3648,-20.7222,-23.4528
-3.35486,-5.31661,-9.2609
-7.27015,-10.7927,-14.0998
-16.9536,-22.5391,-25.314
-26.0577,-32.5372,-34.8257
-24.7285,-30.5093,-30.893
-9.23999,-13.379,-9.20975
-10.1147,-12.0857,-3.49165
-13.2911,-13.9908,-5.65417
-18.7523,-20.8076,-17.8407
-22.9501,-26.3983,-31.6129
-21.784,-24.9013,-33.3631
-35.726,-38.2532,-40.6821
-46.1987,-48.0324,-44.4454
-49.7922,-52.2815,-48.7692
-42.9694,-47.1673,-48.3464
-25.6762,-29.6964,-39.7194
-23.6008,-26.669,-41.3192
-17.606,-21.409,-26.594
-10.3522,-15.9012,-5.29241
-6.57122,-13.6697,4.57997
4.51653,-4.12926,13.8622
4.22473,-4.55367,11.5146
-0.472804,-6.27285,4.24894
-16.1353,-18.3829,-16.3766
-28.0941,-29.3076,-30.3044
-18.6695,-20.9734,-17.8322
-13.9176,-17.8511,-11.9251
-12.0439,-16.64,-13.1315
-21.3352,-24.5795,-23.6502
-31.0982,-31.4561,-31.8773
-26.7005,-24.3326,-27.1779
-31.6423,-27.9583,-33.3592
-33.4088,-29.8163,-35.5517
-31.9375,-29.9669,-32.0749
-26.5195,-27.3559,-24.2472
-13.5656,-15.7975,-10.8533
-23.0318,-23.474,-21.58
-33.8929,-31.3713,-33.7571
-34.9542,-31.5365,-34.7376
-25.3823,-24.105,-24.1209
-2.78971,-4.53831,0.108688
2.28169,-0.509831,5.02821
-2.94042,-4.8107,-4.87275
-18.2037,-19.02,-24.1496
-31.0994,-31.0946,-34.9299
-25.6812,-25.4403,-24.4992
-25.7773,-26.605,-22.7017
-22.5744,-24.8974,-21.7794
-17.9523,-20.5668,-19.6489
-18.5609,-19.8307,-22.5771
-16.2252,-15.863,-22.9513
-21.9551,-21.5132,-27.7152
-24.457,-25.3522,-25.5701
-28.368,-29.8786,-26.6668
-29.1063,-29.778,-28.3611
-17.5388,-17.3116,-17.8851
-15.7894,-15.3312,-16.6898
-12.7666,-11.5583,-17.4838
-16.8298,-14.3991,-26.5606
-23.0961,-20.4542,-32.3026
-20.0951,-17.5634,-22.9541
-21.4598,-19.6724,-19.1609
-12.4759,-13.0394,-12.2304
-10.6263,-13.15,-17.7662
-15.0049,-18.3552,-25.9882
-11.9319,-15.7196,-18.9701
-12.8495,-16.072,-14.9473
-3.57079,-5.33285,-5.73125
-1.93808,-2.69984,-7.81717
-9.83939,-10.6688,-18.9953
-7.6237,-10.3026,-17.2663
-6.85882,-11.7501,-17.4213
0.653058,-4.67513,-11.707
0.745364,-5.87878,-8.80621
-5.2829,-13.7495,-9.66656
-2.25821,-9.30024,-5.78509
-7.53829,-10.7514,-13.1892
-11.0629,-10.5463,-15.8824
-16.7536,-14.48,-17.6643
-17.3229,-15.2435,-17.3327
-7.75756,-6.65492,-11.0655
-5.5776,-7.22393,-11.7508
-1.00641,-6.8721,-6.80363
-8.36331,-17.6685,-12.4986
-17.136,-27.1192,-22.278
-13.8433,-21.8406,-22.5729
-18.4389,-23.9595,-29.7576
-14.3493,-18.1515,-24.318
-8.35064,-12.742,-13.3152
-4.07816,-11.5772,-6.02782
-0.85938,-10.0545,-4.97125
-16.9867,-24.8707,-22.7407
-22.1021,-28.5455,-25.0876
-16.6957,-22.7918,-16.0969
-11.5285,-17.3436,-10.5053
-9.20441,-14.374,-10.908
-18.1199,-23.119,-22.5507
-12.4583,-17.5852,-17.7217
-2.11342,-7.27116,-7.34214
2.72729,-3.23693,-3.80713
-4.92572,-12.0827,-12.6819
-22.4592,-31.1422,-28.249
-18.1935,-29.5033,-20.8434
-15.4849,-29.891,-14.9734
-14.5388,-30.075,-9.60991
-7.1998,-20.9064,0.89732
-14.1528,-26.4511,-8.19152
-12.2968,-25.6904,-14.18
-14.3512,-28.3759,-23.7395
-18.0314,-29.5428,-27.2736
-8.01388,-15.9432,-9.95855
-8.63572,-14.7284,-2.6129
-5.89108,-11.8695,2.76764
-12.4637,-19.4554,-7.31828
-19.4378,-27.7478,-20.0585
-12.7126,-22.0277,-18.6031
-11.3879,-21.5698,-20.8293
-0.651881,-11.8001,-11.0562
-9.38403,-21.5946,-16.6729
-21.1244,-34.2067,-21.6631
-11.739,-24.6696,-7.29498
-17.447,-28.4568,-13.5961
-17.0305,-25.4049,-17.0476
-17.6443,-24.4363,-20.4716
-19.3102,-26.276,-23.5686
-8.6665,-16.3642,-13.6648
-11.7226,-18.8624,-13.9899
-8.59013,-13.7336,-5.35486
-12.0274,-15.8552,-5.98573
-16.868,-21.8306,-11.3907
-4.48796,-11.7057,-0.957836
-6.08596,-14.0117,-7.25213
-3.9443,-10.185,-10.0739
-9.9477,-13.8231,-15.3313
-16.0229,-18.3999,-16.0997
-5.26012,-7.20885,-0.834173
-9.34481,-11.954,-3.38833
-8.33902,-13.0642,-4.8528
-11.6695,-19.6217,-13.4192
-13.2839,-23.1921,-18.6743
-0.216,-9.1907,-6.52105
-2.02931,-8.35935,-7.9034
5.34782,0.858257,0.778966
7.71766,3.48206,3.53509
-2.439,-6.28658,-5.70127
-7.24414,-10.7262,-6.71112
-24.9909,-29.3887,-22.1606
-22.4174,-28.2243,-22.2894
-11.956,-17.7473,-15.9352
-8.24026,-10.9191,-12.4998
-3.93696,-2.46831,-6.12564
-21.1315,-18.5652,-24.2722
-22.6954,-21.9543,-29.3842
-19.3527,-20.9535,-26.9785
-17.9342,-21.7279,-24.285
-3.44973,-8.70871,-10.4065
-6.65691,-11.6523,-13.1259
-10.5243,-13.991,-12.9471
-20.0593,-22.8873,-18.9388
-25.7757,-30.0392,-23.843
-12.3707,-17.9878,-11.5338
-15.2078,-20.5592,-16.3183
-11.9626,-17.3368,-12.9754
-9.81156,-16.5712,-9.01866
-14.1349,-22.3619,-13.5064
-11.8414,-20.8725,-10.6339
-23.6522,-33.3631,-18.7709
-15.873,-25.4939,-7.88029
-15.25,-22.1124,-6.5366
-27.9076,-31.4055,-20.4416
-14.8372,-17.5996,-9.94799
-11.0449,-13.9357,-7.6009
-3.29875,-5.39919,0.99541
0.596314,-0.806601,5.22725
-4.79138,-6.42976,-1.34512
9.46569,6.66366,13.0923
18.5056,14.4133,24.3905
32.0535,28.0927,41.1827
42.9825,40.2116,55.0741
49.5476,46.8972,61.7483
73.5477,70.5134,84.0953
88.3008,86.8801,98.2675
113.267,115.668,123.668
143.73,149.864,154.828
162.816,171.644,174.001
183.354,192.723,193.913
187.842,193.492,198.359
203.91,205.716,215.135
221.506,225.128,232.858
225.826,233.935,236.599
231.716,241.976,242.325
222.069,232.981,233.128
227.77,239.325,238.015
236.742,247.823,243.791
232.497,242.259,236.05
236.411,246.102,237.729
225.674,236.367,227.16
217.189,227.832,223.695
207.448,217.329,220.51
191.318,201.87,205.898
188.731,199.616,200.852
172.685,180.713,182.356
167.135,171.797,174.637
163.199,167.632,169.387
142.196,147.357,151.124
128.784,131.654,144.785
106.927,105.893,128.137
96.9328,92.9921,116.949
87.3009,80.2649,103.066
69.186,57.9501,83.2171
61.9647,46.7703,77.3592
39.5519,22.7091,55.113
23.4771,7.21257,38.0937
10.3513,-4.80574,27.6017
-5.73481,-19.2595,14.7439
-3.53163,-16.3913,15.5398
-14.7044,-29.782,1.84609
-26.1169,-44.4877,-9.20743
-39.7629,-59.9475,-23.9958
-57.1547,-76.8266,-47.7445
-57.8642,-75.5585,-54.2827
-70.8358,-87.0887,-66.8095
-76.7286,-92.8524,-67.2606
-83.5859,-100.23,-68.982
-91.6691,-108.751,-75.9173
-78.2743,-94.5637,-64.5164
-79.6314,-94.1918,-69.7482
-81.8143,-95.3516,-76.9829
-88.536,-103.316,-87.2625
-102.811,-121.463,-101.997
-102.383,-124.26,-102.258
-111.497,-133.421,-113.226
-109.595,-130.865,-110.056
-104.4,-125.709,-101.191
-109.858,-129.458,-104.621
-106.119,-122.58,-100.339
-116.017,-130.616,-110.834
-114.667,-128.319,-112
-104.909,-117.397,-105.271
-103.731,-115.137,-104.768
-100.59,-110.546,-98.3401
-112.488,-120.63,-106.319
-109.033,-116.946,-102.998
-100.49,-110.621,-98.6725
-101.575,-114.242,-104.463
-95.5388,-109.08,-99.1942
-103.555,-116.619,-103.441
-99.694,-111.461,-96.57
-90.2656,-100.388,-89.7161
-91.328,-101.3,-95.1809
-82.2654,-94.8633,-84.8439
-85.745,-100.933,-82.9925
-83.451,-97.7958,-77.8693
-81.361,-93.3585,-75.8328
-86.6612,-97.7891,-81.3309
-74.8306,-85.8143,-70.7051
-75.8268,-85.5769,-75.0475
-73.6064,-81.7514,-75.0681
-74.5767,-83.0242,-75.8187
-85.653,-96.1025,-85.7466
-81.1377,-93.4237,-80.3116
-89.3917,-102.762,-89.3484
-95.5737,-109.508,-96.4259
-96.0252,-109.529,-95.7134
-95.0136,-106.46,-93.8465
-82.1819,-91.1984,-82.635
-87.5437,-95.0489,-90.2364
-85.2813,-91.9475,-88.4742
-76.0873,-82.6005,-78.5044
-71.2113,-77.6436,-74.6457
-46.5774,-53.0282,-52.4324
-40.0059,-47.2078,-46.6705
-42.1954,-49.0412,-48.083
-48.8046,-53.8874,-52.8645
-67.6716,-71.0817,-69.897
-70.9211,-72.6952,-72.3507
-77.6889,-78.1688,-78.5492
-72.8824,-73.3072,-74.2407
-62.7152,-64.9838,-66.5319
-64.3249,-69.3947,-69.7659
-61.8458,-69.1828,-65.1244
-71.2174,-80.965,-69.3819
-71.3266,-84.2197,-65.2604
-64.5541,-79.7723,-57.0066
-69.9024,-84.0992,-63.5962
-72.4399,-82.2839,-69.6099
-82.4673,-88.3561,-83.3836
-80.6563,-85.2128,-83.9575
-72.3996,-77.0415,-75.5723
-77.4196,-82.3357,-78.8775
-74.901,-80.1758,-77.1496
-75.0421,-81.6746,-81.6287
-65.4412,-74.2363,-73.675
-54.656,-63.3584,-57.8775
-51.9062,-59.0886,-47.9876
-37.128,-45.4246,-29.1412
-36.8324,-46.3978,-30.4116
-38.4998,-46.0954,-37.755
-38.8348,-44.0645,-41.7621
-47.0459,-52.2217,-51.4959
-45.0545,-51.7283,-52.2996
-51.4698,-59.089,-60.0035
-58.1304,-63.4637,-63.8854
-59.0751,-61.0046,-61.6508
-52.2781,-54.7772,-57.0016
-26.8764,-32.5187,-36.5738
-12.5696,-20.0135,-22.4786
1.84953,-6.19325,-4.97674
10.7601,1.59599,3.69467
6.07787,-3.83193,-4.13801
14.6315,6.21891,3.84278
15.2798,9.45218,6.50751
18.549,13.7702,10.2159
18.4687,12.0223,8.04127
7.80965,-1.74146,-5.44479
12.3762,1.80121,-2.9126
9.77156,1.0713,-7.3853
10.1498,2.48503,-7.69017
12.7739,3.24164,-1.84185
7.62701,-4.41088,-1.38985
12.1086,-0.048382,6.58301
5.56525,-3.88341,-2.05579
5.85208,0.153454,-7.37934
12.7173,9.2551,-3.30901
1.81291,-2.08456,-13.3996
-1.93947,-7.4915,-16.3463
-4.91523,-11.9298,-21.3399
-1.81475,-10.0452,-20.8739
3.71405,-5.45341,-11.4216
2.1382,-7.69794,-5.59813
8.1764,-2.26951,1.25816
4.2944,-7.4465,-6.16015
4.94076,-9.28517,-7.09195
7.60868,-7.14587,-5.83499
2.67103,-8.64679,-12.6664
7.50592,-1.00394,-6.67567
5.80002,-3.71512,-4.25991
2.17711,-9.002,-4.21516
-5.69469,-16.2109,-10.0739
-15.8065,-23.9571,-18.7569
-6.0056,-11.6608,-7.10062
1.80726,-1.66823,1.29849
-0.956281,-3.34572,-4.51433
-6.2042,-10.5697,-14.4714
-4.93964,-12.9364,-15.7005
2.19704,-7.8704,-7.28552
-4.70579,-16.1162,-12.5196
-5.10383,-18.3853,-13.335
-1.60161,-15.0622,-10.1415
-6.21569,-16.6886,-15.5213
-10.2247,-17.6947,-19.2861
-19.2535,-26.691,-22.9358
-13.4583,-22.5927,-11.258
-7.53552,-17.6793,-5.76167
-11.9299,-21.3604,-14.2241
-12.7298,-20.6087,-16.4898
-17.5245,-23.7089,-20.4623
-13.5975,-17.6226,-17.1048
-12.2287,-14.7257,-16.5563
-12.7677,-15.5904,-15.8414
-5.05519,-9.62733,-6.41207
-8.60216,-14.9719,-9.76529
-8.1914,-15.0425,-11.9787
-4.37537,-10.6936,-10.9815
0.30338,-6.13147,-4.39506
9.97875,2.1222,9.33412
3.9552,-4.80878,3.91008
3.97514,-3.50643,2.89764
5.09506,-1.17502,4.95905
-1.48058,-9.22765,-0.684134
-0.793228,-10.0022,0.169814
-4.31216,-12.6822,-3.82415
0.443436,-6.93122,-1.56414
1.40697,-5.23859,-1.58675
-0.380222,-6.00518,-2.01064
8.41799,3.36668,5.71437
7.27709,2.66311,3.63029
6.53411,2.49014,6.73294
2.85718,-1.57345,7.16459
2.07431,-2.82492,4.25624
11.9282,7.88277,9.60846
8.10443,4.56636,6.37667
10.8487,7.38826,12.799
14.4614,12.1558,18.78
6.68136,6.1207,11.0834
1.93352,2.78124,4.78767
-8.20433,-6.90936,-7.59027
-5.38208,-5.43648,-8.33691
-2.13435,-5.00897,-7.24344
-3.02185,-7.51803,-6.0371
8.63905,4.51503,9.21273
14.8021,10.6986,18.4784
16.0053,11.8551,20.3087
1.11361,-2.5228,2.4804
-8.15495,-12.8863,-10.0693
2.0724,-5.24017,-0.891644
-1.65821,-10.6081,-3.22455
-0.981973,-8.59906,-1.03105
-0.621219,-4.52492,-2.16197
-3.09667,-5.3259,-7.89178
-0.347195,-5.14917,-6.62643
-11.7278,-19.6711,-18.5025
-3.18605,-10.8028,-10.534
8.56577,4.36245,1.44958
6.65477,5.47208,-0.756797
11.9565,11.3013,3.59213
6.20649,4.14996,-1.88661
13.7462,9.0534,7.14735
19.0829,11.9475,14.6855
10.2877,2.55636,8.71436
7.64262,1.76312,8.41265
-6.22602,-8.77332,-4.50355
-7.02741,-8.27012,-6.13304
-1.73619,-5.29501,-3.78994
2.62981,-3.57416,-4.06612
15.7365,9.52874,3.69299
9.50784,4.68588,-5.6602
8.74328,4.54419,-4.44299
12.6906,8.07738,4.08105
11.8465,7.6722,6.61749
19.238,17.2009,15.9274
11.765,10.6862,8.25262
9.53825,6.76243,2.70874
4.35305,-0.445647,-5.79336
-4.98791,-9.91393,-15.2459
3.54082,-0.725822,-4.80477
2.53003,-2.19824,-3.6686
4.41615,-0.180589,-0.00161658
2.09413,-0.159196,-0.971138
-3.08392,-2.39743,-5.11609
5.61561,7.90103,4.83732
-0.173471,1.82122,-0.097819
-5.13108,-4.41749,-6.60067
-6.29751,-7.23766,-9.07545
-5.71453,-8.481,-7.237
1.2348,-2.20793,1.47664
-8.59972,-11.1913,-6.00674
-7.09911,-9.11996,-2.46309
-0.236375,-3.21955,3.31667
1.80258,-2.9652,1.13986
8.57057,2.89,2.99919
-3.21654,-8.59202,-10.3504
-2.94134,-8.45165,-7.67643
1.4264,-5.02956,-1.04462
-0.876153,-7.99236,-1.88431
8.3495,1.49308,9.57206
6.96751,1.24324,8.46262
8.21066,3.20553,6.58119
4.7884,-0.859913,0.825225
-0.301618,-6.37781,-3.54817
12.1424,7.81694,10.5714
14.6378,12.4149,12.9494
17.8028,15.6078,14.0271
16.7081,13.7091,13.0796
11.1649,7.95426,9.40686
17.5123,14.3787,14.1487
13.7014,10.467,8.02176
17.6067,14.5423,13.269
17.6704,15.5863,16.6729
9.56209,8.39119,11.9922
13.3793,12.2006,17.1574
9.18686,7.38084,10.8888
10.673,8.49291,9.93219
7.60384,5.97325,6.10173
2.96781,2.98833,1.3695
13.7387,15.3862,12.6538
12.3562,13.388,12.0127
14.0202,12.0006,14.4411
14.4519,9.88375,17.6264
9.88483,5.43907,16.3464
14.4694,11.1233,20.4753
3.6831,0.656852,6.928
4.54864,1.41573,6.48206
15.0087,12.304,16.0483
16.6056,14.6872,16.0391
21.1961,18.5296,21.3872
12.5442,6.9274,17.8122
10.4398,2.71956,20.7048
8.09558,3.4301,18.2391
10.8294,11.7129,17.2929
35.1153,37.8797,38.3893
48.6101,51.7256,50.1701
67.4452,75.1108,67.5494
86.0453,100.574,85.2988
96.944,115.731,96.8611
119.369,140.602,120.1
136.878,162.003,137.135
162.131,193.026,160.087
182.54,218.571,177.385
189.654,229.12,183.717
204.719,246.933,200.623
209.967,255.082,207.072
217.442,266.144,213.946
216.478,268.335,212.668
208.8,262.068,204.781
211.822,265.211,205.146
198.31,251.069,188.87
190.255,242.268,180.65
181.128,232.591,173.134
163.076,213.515,157.799
154.327,204.576,151.636
131.226,182.446,129.994
110.417,161.238,109.265
94.4898,142.687,92.2595
75.703,120.219,71.4632
64.8116,106.628,58.4097
47.7836,88.836,40.8857
42.1664,83.0561,35.7036
29.0798,68.7002,21.7881
3.02072,40.2616,-4.3729
-6.73795,28.974,-12.2404
-21.6532,14.4867,-26.9092
-31.5437,5.02977,-37.6111
-46.5081,-12.1594,-50.693
-64.9443,-34.2124,-67.0957
-59.7013,-30.1548,-63.6604
-55.8779,-24.9627,-63.3888
-52.922,-21.3846,-61.9249
-61.428,-31.498,-71.5538
-79.9942,-52.627,-91.6345
-86.393,-61.0389,-94.7462
-98.1936,-74.0438,-98.9959
-101.07,-77.6282,-97.1433
-100.679,-77.795,-96.7412
-105.871,-83.7975,-103.27
-105.578,-83.9931,-104.205
-115.492,-93.9591,-115.244
-112.383,-91.6536,-112.624
-111.006,-91.2962,-111.052
-117.972,-99.0113,-117.838
-112.443,-95.3049,-115.2
-120.255,-105.475,-128.23
-119.908,-107.041,-128.514
-116.573,-105.507,-121.548
-120.436,-110.642,-124.052
-113.42,-104.934,-118.319
-121.759,-114.766,-127.722
-133.509,-126.358,-139.226
-138.864,-130.853,-142.621
-133.003,-125.322,-134.696
-110.141,-102.919,-112.681
-110.69,-103.6,-116.952
-116.971,-109.976,-125.921
-117.221,-109.982,-127.936
-117.893,-110.159,-131.429
-109.003,-100.693,-122.176
-109.71,-101.826,-118.693
-102.093,-96.0267,-108.255
-108.518,-103.925,-114.922
-127.781,-123.722,-135.547
-119.306,-116.07,-128.223
-119.506,-117.188,-129.583
-119.779,-117.296,-130.711
-113.741,-110.152,-124.873
-112.653,-106.935,-123.746
-102.63,-93.4695,-113.623
-100.821,-89.3152,-111.895
-91.1361,-80.6885,-101.292
-84.626,-76.5374,-92.2736
-95.0361,-87.8069,-100.227
-90.7422,-83.594,-93.9165
-89.8979,-84.2003,-92.5416
-83.8966,-81.0206,-87.2613
-77.1387,-75.9187,-80.619
-78.8518,-76.5823,-83.175
-64.9982,-61.0649,-72.2179
-72.9101,-69.0053,-83.7448
-82.8094,-80.1397,-94.8997
-76.3018,-74.815,-85.7243
-76.8065,-75.8327,-82.9921
-70.3687,-70.4836,-77.206
-72.219,-74.7885,-81.9297
-67.7979,-70.64,-76.8318
-60.3556,-60.1564,-65.4559
-69.1879,-66.6452,-71.6693
-70.8299,-68.4844,-72.2116
-76.8792,-76.2005,-77.9157
-75.407,-76.1581,-77.8535
-63.5726,-64.4531,-68.0762
-64.043,-65.199,-69.3207
-65.2861,-67.8276,-70.0812
-72.9349,-74.7233,-78.4586
-63.3428,-61.11,-72.212
-43.0581,-36.8198,-56.7292
-41.9337,-32.605,-60.712
-36.3307,-25.0956,-56.4683
-37.5594,-26.5401,-52.5851
-34.8937,-25.4867,-42.7869
-28.5023,-21.8333,-32.066
-33.8213,-30.5344,-37.088
-28.7951,-27.3768,-33.9899
-30.9561,-29.7469,-37.4973
-32.5507,-31.688,-39.2471
-29.0054,-28.7169,-34.5416
-32.8051,-32.4902,-37.0495
-30.97,-29.032,-36.0045
-41.5872,-36.9099,-48.6066
-46.2229,-40.0639,-54.9522
-40.7878,-35.0533,-51.3519
-45.1733,-40.7225,-56.2307
-37.2912,-34.1081,-45.1732
-35.9478,-32.8815,-40.7119
-34.7376,-30.1983,-39.9296
-30.9271,-24.9102,-37.1466
-37.0513,-31.1257,-44.4735
-33.4608,-28.3649,-43.6149
-38.9541,-34.4144,-50.7699
-39.6658,-36.0531,-51.0991
-36.2865,-33.3788,-46.5199
-45.0905,-41.2933,-52.3294
-41.0036,-35.7194,-44.0634
-41.8255,-36.0705,-43.0111
-41.5839,-36.2999,-44.7272
-36.4957,-32.0592,-44.4338
-41.7701,-38.1094,-54.3791
-36.0079,-33.1416,-48.409
-35.1215,-34.0317,-43.1437
-32.3898,-34.0705,-38.0801
-27.0877,-31.1569,-34.2661
-31.667,-37.5568,-41.8324
-26.183,-33.2202,-40.0379
-33.8762,-40.0317,-52.5892
-40.5153,-44.9512,-61.7948
-39.4415,-43.2948,-56.2584
-47.8957,-52.1749,-57.1971
-44.9645,-50.3481,-51.1218
-46.8034,-52.9777,-53.9693
-44.8836,-50.9581,-53.3875
-39.8707,-45.4073,-48.7807
-51.4086,-55.5426,-60.4427
-51.6363,-54.2315,-61.9002
-53.1983,-54.5839,-65.4989
-48.4477,-48.1761,-62.0099
-32.5432,-31.435,-46.4782
-37.0421,-36.3348,-51.2251
-38.221,-38.1876,-51.5076
-38.6425,-39.3533,-49.4148
-40.1038,-40.8223,-49.6235
-37.0478,-36.1379,-47.1189
-36.2072,-32.6704,-46.2033
-22.1371,-17.3856,-32.1029
-18.2706,-15.068,-29.717
-20.5149,-20.4503,-32.8641
-14.8964,-17.7302,-26.7566
-10.8381,-14.7667,-21.9652
-0.334226,-2.79096,-10.1172
-4.30629,-3.89064,-12.4862
-15.1159,-13.9241,-21.8036
-18.8375,-20.0155,-24.3808
-24.7073,-27.4722,-30.1315
-13.1145,-14.9872,-17.5998
-7.59736,-8.61432,-11.0128
-23.3814,-23.6378,-29.9452
-28.6274,-26.8596,-40.1435
-19.8752,-16.4225,-32.3771
-13.4322,-9.98362,-24.065
-25.121,-21.9135,-34.4099
-30.3117,-27.5207,-39.0175
-23.7096,-23.9724,-33.2476
-26.4931,-31.5769,-37.1874
-31.3038,-39.8939,-39.8863
-45.4191,-56.2517,-50.0951
-54.5199,-67.4484,-57.5081
-56.7596,-70.631,-59.5768
-63.374,-76.1752,-65.3457
-56.6609,-67.6877,-57.0867
-51.0434,-60.7917,-49.9552
-53.8576,-62.7074,-52.7592
-56.3039,-64.9047,-57.2401
-58.7693,-68.2585,-62.4556
-52.9903,-63.8867,-58.6921
-49.7571,-61.2204,-56.3118
-46.419,-56.9727,-53.8799
-42.0758,-51.7128,-50.6679
-45.4535,-55.151,-52.9905
-42.9962,-52.8914,-46.0293
-45.6889,-55.9357,-43.9095
-49.4837,-60.5928,-46.6752
-53.8667,-65.6294,-52.6632
-62.1277,-73.8279,-62.3565
-55.7005,-67.2531,-57.5149
-51.4306,-63.1478,-54.1846
-49.3011,-60.5717,-50.2898
-48.998,-58.3704,-47.2858
-60.4613,-67.451,-58.6176
-62.6659,-69.6763,-62.6915
-59.4693,-69.2779,-60.7114
-57.6111,-68.8238,-58.9575
-54.7304,-64.9157,-55.86
-50.4802,-60.2964,-51.7098
-38.045,-48.4319,-39.5415
-36.6085,-46.4738,-39.4331
-39.8681,-47.5849,-45.7662
-40.5186,-46.3358,-47.9818
-46.7369,-52.4098,-52.7886
-44.0894,-50.7861,-48.6632
-47.5083,-55.5841,-51.9708
-56.2931,-65.2951,-61.0067
-62.2599,-72.0201,-67.6606
-70.6108,-81.8105,-78.8498
-70.7382,-82.1722,-82.3458
-72.3176,-82.1705,-85.1165
-71.5184,-80.2425,-83.356
-64.4384,-72.371,-72.7149
-65.3418,-71.8724,-71.0706
-70.2292,-75.6828,-78.6843
-74.465,-79.2685,-87.702
-67.4766,-71.1996,-82.9552
-56.7963,-59.7557,-71.2509
-53.3018,-56.3204,-66.1582
-42.2796,-45.7829,-54.3288
-31.3514,-35.9207,-42.7934
-23.2745,-28.6718,-35.6329
-23.8332,-29.7768,-38.4562
-27.9564,-35.6712,-44.1251
-17.1951,-27.3296,-33.5029
-10.3195,-22.1455,-25.6944
-4.37226,-16.795,-18.9512
-1.18724,-12.9036,-15.8564
-6.05696,-16.2584,-21.0206
-8.46421,-16.6713,-22.0053
-15.3251,-21.468,-25.3414
-16.9947,-21.9277,-25.4254
-19.0689,-24.1355,-30.1017
-22.3314,-28.0449,-37.8238
-18.3387,-23.3974,-36.8157
-23.7964,-28.4763,-40.6903
-25.471,-32.2664,-37.8391
-29.3771,-37.7866,-39.7571
-44.0077,-51.5427,-56.4483
-48.6568,-55.3666,-64.2875
-59.0409,-66.2127,-76.0641
-67.7878,-75.2669,-83.6334
-74.2045,-81.4057,-87.606
-83.8654,-91.4896,-95.7431
-79.9516,-89.0401,-91.9457
-86.6647,-96.8251,-98.858
-99.0527,-109.127,-111.672
-108.979,-119.163,-123.548
-115.595,-126.751,-132.401
-116.93,-128.496,-134.655
-139.128,-149.838,-156.064
-151.556,-161.039,-166.699
-150.295,-159.298,-164.248
-156.581,-165.647,-170.136
-156.564,-164.79,-170.595
-164.728,-171.239,-180.892
-169.274,-174.206,-188.067
-170.322,-174.473,-190.878
-177.809,-182.907,-197.662
-173.885,-181.609,-189.988
-179.647,-189.708,-192.43
-185.105,-195.457,-197.376
-189.681,-198.648,-202.757
-206.303,-213.392,-218.988
-208.875,-214.738,-219.956
-216.843,-222.789,-228.298
-220.258,-227.009,-234.285
-216.313,-224.292,-231.801
-220.979,-230.788,-236.043
-218.512,-229.714,-233.112
-231.082,-242.362,-244.687
-238.969,-249.964,-249.097
-230.503,-241.893,-236.585
-228.062,-239.716,-232.55
-223.667,-233.938,-228.897
-228.974,-237.418,-236.01
-228.663,-236.892,-237.186
-223.999,-232.12,-232.204
-232.15,-239.022,-239.046
-227.991,-234.186,-234.185
-223.959,-230.771,-229.911
-222.912,-230.633,-229.537
-230.671,-238.064,-238.939
-247.782,-252.833,-256.608
-243.24,-245.501,-251.018
-234.743,-235.474,-240.785
-218.084,-218.956,-221.716
-201.246,-203.275,-203.295
-197.818,-200.012,-200.667
-186.924,-187.346,-191.215
-189.13,-187.019,-192.923
-190.139,-185.901,-191.541
-176.901,-171.566,-176.685
-164.96,-159.511,-165.831
-140.858,-135.044,-144.453
-119.314,-111.677,-124.357
-96.89,-86.4456,-100.938
-74.5602,-62.0074,-77.1884
-57.548,-44.077,-60.2692
-17.1257,-3.21523,-21.2931
19.7819,34.5471,13.3215
50.122,65.8697,40.9671
73.4436,89.3043,62.7683
75.8357,91.9056,66.1229
91.1366,108.188,83.5631
103.767,121.693,96.3946
114.388,132.982,105.373
129.752,148.612,120.678
131.719,149.548,124.358
137.397,152.408,131.811
135.274,146.094,132.023
132.995,140.103,132.179
136.7,141.858,137.571
122.888,126.96,125.702
107.425,111.009,111.624
86.1052,89.6351,88.7579
73.8214,76.5435,73.0559
78.4223,80.8414,75.7232
68.8292,73.1612,67.3712
64.8986,71.0388,66.5356
63.152,68.2168,65.9327
62.1437,64.4287,62.7216
65.9668,66.0269,63.3604
57.4929,56.4343,53.0714
53.5811,51.723,49.531
45.3612,42.9307,41.6919
36.9422,34.9363,31.8509
37.6863,35.9679,32.9116
36.0364,33.1395,34.6169
45.6399,40.7689,46.1791
47.7758,42.2209,47.8684
44.4849,40.6072,44.5795
48.6897,47.0749,49.5266
40.504,40.6144,41.5414
39.4836,40.322,40.4753
39.0746,38.9111,39.7952
36.5302,36.0048,36.2286
40.0684,41.0737,38.1304
36.8749,38.5737,32.6499
48.1176,49.0856,41.6616
55.4772,56.7229,47.7323
49.8204,52.9835,41.1099
44.653,50.0304,35.0765
32.0813,38.9817,22.7307
31.8971,39.6594,24.826
35.7567,43.8411,32.2771
38.256,45.589,36.9514
43.2037,49.2392,40.5247
38.0771,43.4072,32.0705
42.9346,48.2099,36.1014
41.8878,46.3181,37.3891
35.5071,37.2725,33.2221
46.0267,45.6865,44.2919
54.632,55.0516,51.541
67.9299,70.206,61.7578
71.6414,74.9145,62.7352
67.9697,71.0638,59.0572
71.3092,72.975,63.4985
69.0711,69.3514,60.8195
76.4676,75.8633,67.7644
79.036,76.3692,70.8002
74.7715,69.5253,67.8631
76.4903,70.4235,72.0656
76.252,70.8227,72.8816
87.564,83.4673,82.5198
86.6728,83.6542,79.0611
75.3679,72.1163,66.0968
78.2168,74.0655,68.7005
76.4742,71.3081,66.8745
80.171,75.0139,69.2511
77.904,74.8142,65.6651
71.9918,71.3942,62.1513
81.1258,81.2717,76.7074
84.3399,83.6683,83.2484
84.6485,82.7771,83.1835
77.0726,74.4038,74.2805
73.0409,70.3378,70.4216
81.91,79.0784,79.8242
83.5762,80.452,80.0931
90.0854,86.7386,83.8868
89.0464,85.1418,81.4694
80.7132,77.0776,74.9451
82.9641,80.1992,81.1801
80.2876,76.4792,80.7111
82.9773,76.8264,81.4381
79.6924,72.491,73.1026
72.81,66.1048,62.2771
78.257,72.7369,67.9885
77.4216,72.9477,69.1325
79.3092,75.2248,72.5468
72.2051,67.8023,66.455
65.9148,60.3005,60.3321
72.441,65.6254,67.5681
68.3857,61.5759,65.5049
72.4937,66.1767,71.0931
75.8666,69.3989,74.5202
73.0234,66.1095,70.6644
78.885,72.338,74.9344
76.1171,70.5636,70.9524
73.4301,68.428,68.9307
68.1605,63.2086,66.1869
65.3239,60.1545,65.5378
74.437,68.8938,75.2839
73.4338,67.9046,73.9842
71.8268,66.1133,71.792
63.1681,56.025,62.0256
61.8996,53.0258,59.603
77.6592,67.748,74.5323
76.3049,65.6547,70.7451
71.1746,60.0516,60.6908
64.2014,53.1969,50.4046
61.1652,50.93,50.4362
64.2754,54.695,59.9137
51.7001,41.0286,50.5193
45.7961,33.5698,44.9369
43.6645,31.9739,42.0817
43.2582,33.1631,40.0586
50.5406,40.8606,47.1799
46.1046,35.5084,44.3512
53.6288,42.7201,53.4848
58.0566,49.3083,58.5572
45.3582,39.7712,45.5719
45.0635,40.0253,44.7924
45.1009,38.5579,45.0075
50.8979,43.442,52.29
57.8272,50.3043,60.1407
58.2823,51.2338,58.9668
61.4136,54.9917,59.6079
58.0706,52.1558,55.3271
60.1541,54.9286,58.7014
60.8695,57.0308,60.8678
55.8097,53.4917,54.3307
53.405,51.5451,49.128
42.8971,41.2771,37.2587
38.9862,38.9866,33.7546
37.8342,40.012,34.2294
33.3173,36.5809,29.8813
41.8871,44.8411,36.8235
41.7259,43.179,35.3283
32.0722,31.7314,25.4752
26.2717,25.8251,21.3368
23.4578,23.975,20.4021
26.2408,25.8382,23.1742
26.1117,24.47,22.6722
30.7581,29.5814,28.6051
33.8682,32.1262,33.63
33.675,30.4617,33.5966
36.973,34.421,36.0688
34.016,33.1376,33.5755
35.3778,34.9769,35.3439
38.0098,37.0621,36.5784
35.5732,33.8594,31.6611
33.2975,31.5486,27.0019
28.3679,27.5056,21.0663
27.6965,27.7929,20.9947
28.0194,27.7669,21.4803
28.2577,26.7682,20.0579
31.2851,29.7307,21.6994
27.2062,26.6667,17.3336
28.8471,28.7372,18.9785
33.1618,32.3496,24.5545
28.5441,27.0716,21.825
20.7717,19.6077,14.8226
10.2243,9.84942,3.11767
9.81754,10.3395,0.490474
12.9436,14.951,3.25971
13.5398,17.0811,5.44417
12.5146,16.0743,5.50549
4.42742,6.81995,-1.85202
6.36448,8.30102,1.19407
11.6978,14.3729,6.93274
9.10067,12.5436,2.61433
7.37944,11.1575,-1.84859
4.05124,8.28971,-5.69519
9.6536,14.7122,2.52427
16.4213,21.7914,12.2329
10.4227,15.7863,7.67064
6.93752,12.968,5.59042
6.76762,13.0669,5.95812
13.4607,19.3843,10.6104
13.3789,19.3336,7.81748
5.40496,11.4922,-2.16443
8.2409,14.1615,-1.39394
9.57257,15.4474,-2.17467
17.1861,23.5366,3.79686
26.841,33.8496,13.3687
23.3406,30.5257,12.5561
14.3393,21.4833,7.95712
6.26562,14.4215,2.40821
8.94172,19.1707,3.49165
10.3614,21.227,1.67993
5.35108,14.8642,-4.30773
6.54346,14.753,-0.491383
4.59658,12.2313,1.07593
7.30328,15.1826,5.29591
11.0732,19.9131,8.38194
8.77492,18.2994,4.44758
12.1843,21.4869,7.35271
9.5897,18.1313,5.24724
7.72799,15.2187,4.01711
8.7354,14.5568,4.80567
10.2532,14.3291,3.60612
17.3559,20.3045,8.09285
17.4328,19.6998,8.93096
20.2445,21.8429,14.7996
27.0792,29.0364,24.4588
27.0962,32.0631,25.4311
27.6238,36.0971,25.7925
25.3198,34.5785,23.3241
19.9013,27.7135,17.3528
16.3371,22.8094,13.8974
16.3646,22.2355,14.9785
17.4331,23.2022,15.8116
12.8151,19.2708,8.55611
13.2557,20.4504,6.49733
15.7369,22.4223,9.63234
16.8284,21.8494,12.1843
17.374,21.2196,12.0545
13.584,17.7732,7.91853
19.0369,24.1202,16.8087
21.9119,27.0081,24.527
15.8669,20.3473,19.202
6.11786,10.4358,7.20405
-5.86871,-1.46968,-5.46529
-1.67327,2.22255,-0.757871
13.0561,16.3771,14.7447
27.4146,31.7812,30.0937
37.5944,44.8683,40.2737
36.3813,46.0109,38.4545
34.8383,45.0717,37.4667
34.7496,44.9518,38.9368
38.5451,48.3962,43.1621
47.7309,56.5039,51.6761
47.5967,55.1743,50.6663
44.4512,52.9265,46.1024
41.2769,52.8132,41.5218
48.9056,62.0584,47.7996
65.2178,76.6791,62.1443
65.4196,73.5798,60.54
61.6822,67.5191,57.5019
58.2367,64.0545,57.9807
52.9327,60.2054,57.0251
52.7423,61.2931,58.9303
54.2088,63.0339,59.1358
58.9589,67.5165,61.0658
53.9968,62.0987,55.3502
41.9058,49.3921,44.4951
44.8878,52.4663,49.3006
54.6665,63.2687,61.1324
63.3857,72.539,70.2068
63.5801,72.0495,67.0966
62.1397,69.5844,60.4569
71.9956,78.1384,67.0942
82.6464,87.0311,78.5053
92.6671,96.1328,92.2076
98.0056,101.723,100.238
107.293,111.061,109.265
115.013,117.719,115.642
104.796,105.832,104.162
94.3641,94.3042,91.6148
85.37,85.7962,80.3397
71.577,73.8968,65.9056
53.9674,58.3199,48.3096
45.1206,50.4551,39.2429
55.9584,60.8115,49.7442
54.6316,58.2717,48.0114
37.9067,40.5231,31.1597
27.7724,29.883,21.0367
23.5327,25.6727,17.8482
35.1017,37.4291,32.3126
43.969,45.5954,44.1079
41.035,40.5473,41.794
40.4957,37.4466,40.0901
36.4554,31.9763,34.5899
34.8758,30.9389,30.9803
28.4669,25.4202,22.6131
32.3185,28.6372,25.9711
49.5184,45.8622,44.2822
50.9571,49.341,48.0808
48.8712,47.9468,47.8063
44.0871,41.7305,42.9935
43.322,40.1688,41.6396
49.8032,46.7519,47.5916
43.5237,40.1289,39.6374
36.5395,32.4214,29.8547
27.4481,22.7016,19.007
20.3364,15.6563,11.934
23.4162,19.5374,15.8343
19.1951,15.0178,12.3955
15.8265,9.91764,9.64707
6.38921,-0.979444,1.45474
-7.6314,-15.7039,-11.5681
-14.7151,-22.5628,-19.7875
-24.8352,-30.9412,-32.1075
-33.2988,-37.6789,-42.6158
-53.8254,-58.8628,-65.8998
-77.5256,-84.7381,-91.2353
-93.4084,-101.826,-104.356
-115.523,-123.503,-121.146
-129.629,-135.996,-132.529
-141.737,-146.496,-146.511
-155.841,-160.588,-163.622
-162.455,-168.227,-170.395
-173.822,-180.06,-180.554
-185.021,-191.431,-191.931
-197.906,-204.14,-204.75
-207.22,-212.631,-212.045
-207.082,-212.839,-209.731
-211.324,-218.591,-213.239
-208.365,-216.181,-210.622
-208.883,-216.609,-211.712
-215.573,-223.496,-218.3
-217.64,-225.367,-219.646
-220.123,-227.062,-222.609
-216.415,-222.799,-220.92
-221.474,-227.669,-227.503
-231.852,-237.559,-239.526
-237.047,-242.368,-247.119
-247.734,-252.465,-258.06
-248.319,-249.406,-257.578
-240.974,-236.567,-250.224
-228.781,-221.138,-237.086
-204.583,-195.548,-211.933
-186.649,-176.689,-195.842
-168.215,-157.457,-180.612
-149.488,-137.053,-164.488
-136.061,-120.787,-151.717
-129.996,-111.792,-143.156
-135.34,-115.274,-144.848
-130.623,-110.375,-138.324
-124.348,-105.35,-131.945
-121.177,-103.629,-130.542
-117.738,-101.286,-130.932
-119.247,-103.275,-135.929
-106.372,-89.8396,-124.038
-92.6369,-76.1533,-108.322
-91.2663,-75.9199,-104.734
-93.3248,-77.6767,-106.559
-104.923,-88.0988,-117.722
-110.188,-94.0709,-122.005
-113.891,-100.212,-126.737
-121.802,-110.09,-136.976
-123.775,-112.645,-139.56
-132.076,-121.529,-145.959
-137.51,-128.6,-149.064
-144.526,-137.381,-155.023
-149.492,-142.423,-159.447
-145.18,-136.746,-154.982
-147.876,-139.571,-158.515
-148.094,-141.915,-159.076
-152.712,-147.852,-162.811
-162.208,-156.697,-171.417
-164.689,-158.072,-172.953
-170.678,-164.709,-178.061
-175.767,-172.051,-183.101
-183.478,-181.254,-190.367
-185.642,-184.102,-191.615
-172.78,-172.23,-179.079
-166.362,-165.909,-173.557
-159.33,-156.99,-167.302
-151.609,-146.223,-160.333
-143.82,-135.9,-152.613
-135.154,-125.598,-143.042
-136.53,-125.06,-141.592
-126.517,-113.346,-127.366
-104.869,-91.0941,-102.988
-79.6546,-65.0131,-78.4341
-54.713,-37.923,-57.1704
-40.9848,-21.8689,-47.7595
-24.2092,-3.3372,-32.9308
-12.1719,9.82276,-18.8995
-7.24163,15.5931,-10.8652
9.60147,33.8968,5.39397
31.1111,57.1177,23.5948
56.0103,82.798,47.4916
66.0913,92.0966,60.9584
63.2045,87.7064,63.0005
62.8475,87.7575,63.6336
49.1319,77.033,46.8264
40.1079,69.5244,35.3517
31.888,59.1647,25.6507
15.4268,39.3937,8.351
2.69959,23.7635,-2.30467
-18.5313,0.141729,-20.0457
-50.7843,-34.3521,-49.9194
-105.784,-91.6196,-102.986
-172.851,-160.035,-168.06
-221.571,-209.808,-216.645
-249.402,-241.114,-247.057
-239.104,-236.173,-239.061
-204.546,-204.755,-202.869
-166.673,-167.829,-160.187
-122.757,-126.203,-113.711
-83.1387,-90.4378,-74.8425
-37.7077,-47.6913,-29.5027
-5.69772,-16.3328,2.61326
8.9565,-2.29324,14.4538
26.8706,14.048,29.0662
38.4095,23.6116,41.0286
55.5954,38.32,61.0487
69.5481,49.5541,78.1272
71.0042,48.9954,81.7749
73.1652,49.8119,84.0968
70.645,46.0271,80.2179
74.6107,48.9775,81.7696
81.1297,54.6704,86.6396
86.3081,58.3065,91.8764
98.4271,68.9962,104.14
102.823,73.8614,107.492
113.385,85.8685,115.725
131.076,103.643,131.813
148.312,119.315,149.437
164.284,134.255,167.005
165.827,137.011,170.925
169.115,143.254,175.945
168.126,144.787,173.534
159.053,136.201,160.544
152.122,128.738,152.286
140.755,116.568,142.969
143.138,117.89,146.544
154.765,129.068,159.009
166.11,140.608,172.612
184.454,159.17,192.488
194.708,170.29,202.699
208.514,186.685,216.236
223.693,205.362,231.309
231.026,215.602,238.868
240.773,226.697,248.219
243.502,229.311,249.277
252.468,238.094,255.943
254.685,240.802,255.1
250.165,237.516,248.597
264.603,253.662,263.551
272.678,263.076,272.902
272.259,262.886,273.693
269.332,258.899,272.171
268.096,256.674,272.155
273.905,262.759,278.404
267.848,257.723,271.365
263.209,254.122,264.297
258.32,249.713,257.569
246.284,237.738,245.792
241.964,233.466,241.88
233.988,225.873,234.322
233.935,227.054,236.043
235.164,229.812,238.145
228.543,224.141,230.43
224.256,221.051,225.121
208.895,207.734,209.667
196.615,197.151,197.37
183.912,184.843,185.26
167.365,167.508,171.376
159.71,159.012,166.309
148.503,147.402,154.698
144.045,142.523,148.086
143.146,141.157,144.884
133.825,131.255,133.134
123.864,120.398,122.139
108.734,104.503,106.416
102.63,98.7203,98.1767
100.704,97.5396,96.0014
95.2869,92.095,93.5577
97.0936,93.4144,96.859
88.3717,84.2791,86.7222
77.7392,73.5094,75.5797
65.0966,60.9262,64.3167
45.9759,41.777,46.2718
28.8226,24.138,29.8641
-4.13749,-9.78769,-2.15986
-41.1501,-47.1445,-39.2732
-77.6162,-82.7393,-76.7874
-119.277,-123.413,-119.068
-153.46,-157.471,-152.86
-184.568,-189.64,-183.408
-200.456,-206.703,-200.669
-207.407,-213.826,-210.135
-217.227,-222.722,-220.488
-218.136,-221.214,-219.468
-221.916,-222.732,-221.085
-221.649,-222.433,-220.587
-220.779,-222.728,-221.179
-215.504,-218.102,-217.18
-195.561,-198.334,-197.348
-187.154,-190.343,-188.746
-177.634,-180.977,-180.605
-162.94,-165.434,-169.151
-148.947,-150.393,-158.001
-129.999,-130.619,-140.178
-130.978,-130.736,-140.343
-140.376,-139.597,-146.562
-139.724,-139.059,-142.568
-128.189,-128.222,-129.802
-108.793,-109.299,-110.928
-106.318,-106.915,-108.522
-106.48,-106.885,-106.365
-112.537,-111.426,-110.605
-124.554,-121.75,-123.792
-111.884,-109.834,-112.202
-87.3651,-88.1441,-86.2738
-51.7507,-55.3278,-49.5852
-25.1367,-29.5323,-24.5249
-17.5069,-21.0081,-18.8375
-5.86789,-9.37271,-8.21196
-2.24074,-7.17796,-4.82282
4.30472,-1.86508,2.4247
16.3062,10.2928,15.2758
24.6224,19.6298,22.6878
37.8014,33.728,33.4364
42.1392,38.6976,36.5298
44.919,41.7163,38.9168
42.4445,39.4772,35.6171
34.082,31.8603,27.0841
35.4891,34.5894,29.827
25.4244,25.8475,21.8121
15.8146,17.0405,12.9355
9.20678,10.6237,4.89366
2.76305,4.0694,-4.517
6.67359,9.39233,-3.26156
1.1148,6.15948,-9.22875
3.13501,8.90591,-6.77333
12.9954,19.2707,3.29594
16.1742,23.4708,7.7753
18.9457,25.4903,12.972
10.8447,15.4172,7.26268
9.10821,13.0728,6.16804
12.4894,17.2939,8.53119
12.0068,17.7213,7.66992
19.8812,25.9651,15.0956
15.444,21.4116,8.78926
7.94534,13.3774,-0.534255
-4.94995,-0.11327,-14.4704
-32.3631,-27.9837,-42.2632
-56.1743,-52.0294,-66.6572
-86.0396,-81.4524,-97.1117
-103.589,-98.2625,-112.698
-121.429,-116.038,-127.492
-152.372,-147.602,-156.68
-172.323,-167.55,-173.472
-193.679,-188.662,-190.955
-198.941,-195.085,-196.715
-196.322,-193.873,-198.192
-201.185,-199.067,-207.011
-187.789,-186.14,-196.778
-177.239,-177.322,-187.115
-164.213,-166.617,-171.801
-139.149,-142.715,-143.858
-112.444,-115.529,-115.826
-79.3263,-82.0588,-82.5777
-65.9045,-69.6164,-68.5438
-52.2907,-57.0525,-53.0329
-32.2956,-37.1077,-32.1044
-14.014,-18.654,-14.7872
21.4763,16.1747,19.6711
28.5747,22.0179,25.6299
13.3325,6.79265,10.1812
-1.49957,-6.31888,-3.31907
-15.9622,-19.1972,-18.0957
-5.10482,-7.0795,-9.41076
-8.06941,-8.20304,-12.4268
-27.9555,-26.6869,-29.3988
-32.2913,-31.4657,-30.9227
-21.2689,-22.1285,-18.2156
4.78308,1.324,8.24081
16.0247,10.0078,17.6349
27.892,22.3427,26.8971
61.7161,58.7555,59.2085
101.72,100.168,99.0153
152.066,150.541,150.375
188.539,187.165,187.85
229.747,229.038,229.377
293.248,292.428,292.721
359.657,357.631,357.667
447.534,444.737,442.685
536.574,533.841,530.687
613.18,609.989,610.678
644.029,639.235,645.349
596.791,590.643,599.342
524.15,518.361,526.861
443.411,439.154,445.211
367.61,365.027,368.178
304.913,302.929,305.636
242.177,238.501,244.211
199.732,193.227,202.417
156.439,147.799,157.935
115.944,106.518,115.655
85.7502,75.9439,84.4611
40.1266,29.3824,39.9315
5.1319,-5.6077,7.81214
-23.8867,-32.5911,-19.3902
-39.9961,-46.1013,-35.2515
-45.3316,-50.3614,-41.2168
-68.3889,-74.5238,-65.9111
-82.1023,-90.5203,-81.3745
-91.0358,-102.114,-91.9136
-92.9596,-106.374,-95.4123
-91.4365,-105.989,-93.9476
-102.209,-116.769,-102.574
-97.1556,-110.431,-95.2802
-91.6615,-102.838,-89.8096
-86.2022,-96.2,-85.7079
-77.296,-87.2832,-77.3487
-84.7486,-94.5206,-84.8361
-82.3783,-91.1397,-81.9524
-79.3424,-86.8154,-78.639
-72.0727,-78.669,-73.674
-65.2267,-71.3086,-69.3877
-83.256,-88.7357,-86.9599
-85.4497,-90.8244,-87.2433
-76.7869,-82.5744,-78.0942
-71.2498,-76.9753,-73.7963
-72.6285,-77.7944,-76.0969
-85.7101,-90.0304,-88.1323
-86.3695,-89.2479,-86.034
-94.8258,-96.2,-92.7475
-99.5728,-100.585,-98.7776
-91.0674,-92.5913,-93.6268
-96.8289,-98.4393,-102.557
-97.781,-99.3474,-103.338
-108.023,-109.237,-110.437
-120.029,-120.077,-120.929
-118.079,-117.526,-120.755
-122.765,-122.679,-127.873
-116.47,-117.355,-123.352
-119.512,-120.917,-127.726
-127.126,-127.92,-134.555
-130.908,-130.88,-136
-150.901,-151.192,-153.693
-153.69,-155.961,-153.416
-150.931,-155.33,-147.871
-151.214,-156.477,-146.729
-152.237,-158.478,-148.276
-167.686,-175.992,-167.22
-171.035,-182.304,-174.08
-179.991,-194.78,-183.026
-193.064,-210.879,-193.898
-194.176,-213.92,-194.287
-205.033,-225.255,-206.337
-209.143,-228.538,-211.067
-217.887,-235.885,-219.62
-220.49,-237.554,-221.99
-206.718,-224.07,-207.762
-203.719,-221.221,-204.538
-193.307,-209.335,-194.814
-190.609,-204.871,-193.407
-188.597,-202.451,-192.107
-174.458,-188.289,-177.789
-167.635,-180.463,-170.659
-152.715,-164.003,-154.808
-151.207,-161.852,-150.594
-157.167,-168.397,-153.889
-157.199,-169.035,-154.323
-173.373,-184.624,-173.662
-178.114,-187.32,-181.862
-182.137,-189.298,-187.895
-182.886,-189.565,-186.87
-170.124,-177.614,-168.871
-186.654,-195.043,-182.578
-213.854,-223.392,-211.251
-244.542,-256.377,-244.169
-274.172,-288.102,-273.966
-291.032,-305.853,-288.358
-312.838,-327.784,-308.436
-323.732,-337.768,-320.74
-340.444,-352.824,-340.793
-367.744,-378.804,-372.271
-390.594,-401.193,-398.342
-418.815,-428.541,-426.01
-446.145,-453.877,-448.704
-501.696,-508.599,-499.567
-586.567,-594.961,-582.982
-667.665,-677.597,-663.623
-743.327,-752.979,-737.849
-790.374,-798.811,-785.592
-815.965,-823.556,-816.647
-821.689,-829.012,-827.858
-794.778,-802.827,-801.259
-756.858,-765.92,-761.073
-704.276,-713.264,-706.751
-661.157,-669.264,-662.43
-627.929,-635.215,-628.369
-578.11,-585.425,-578.097
-514.563,-522.843,-515.725
-433.061,-442.279,-437.327
-374.096,-383.538,-380.03
-340.691,-349.711,-345.955
-294.071,-302.381,-300.179
-240.372,-247.911,-248.724
-180.49,-188.128,-188.844
-139.524,-149.055,-145.693
-112.337,-123.809,-115.654
-65.9046,-78.1249,-66.0224
-13.3154,-26.0265,-10.4412
46.3873,33.9171,50.9272
92.8246,83.3952,95.2507
131.179,126.91,128.799
183.108,181.815,177.349
228.61,225.983,221.234
265.375,259.721,258.348
275.947,269.353,270.634
275.169,270.614,270.138
286.711,285.18,280.606
297.31,297.508,291.248
314.271,313.804,311.65
315.486,312.346,318.308
303.87,298.347,310.201
300.058,294.336,306.973
282.526,277.718,287.659
271.094,266.303,273.665
265.413,259.729,265.685
259.633,253.331,256.459
265.676,259.152,260.557
268.697,262.842,266.62
282.514,278.329,285.186
296.703,293.376,301.35
307.181,303.478,310.496
316.138,312.008,316.439
302.553,298.832,301.249
279.017,276.092,279.425
238.535,234.612,240.845
198.312,192.006,200.363
177.672,170.512,180.105
151.715,146.094,156.236
143.998,141.013,148.519
157.707,156.054,158.07
176.946,174.603,175.204
196.139,192.348,199.237
196.968,191.942,204.195
203.225,197.595,206.661
212.116,206.714,209.38
226.039,222.067,222.844
251.669,249.464,251.48
264.799,263.895,264.877
278.998,278.875,277.961
286.726,285.425,285.878
294.483,290.282,293.852
313.8,306.562,313.359
325.829,316.026,326.245
351.746,341.684,353.145
385.834,377.233,387.746
419.435,411.179,421.254
455.116,446.6,456.393
457.075,448.856,457.77
439.841,431.814,439.969
427.585,419.925,424.417
427.666,421.759,420.393
434.836,430.872,429.567
427.387,423.704,427.361
432.201,427.835,434.852
450.178,444.857,452.891
467.912,461.145,466.475
481.261,473.199,470.667
487.845,479.274,471.286
528.079,520.186,517.93
600.312,594.091,603.746
675.518,670.667,688.389
732.581,727.819,746.142
761.896,753.791,768.052
802.183,787.82,799.024
869.725,852.161,862.45
950.752,933.268,943.151
996.911,978.516,989.345
950.9,931.989,945.309
851.847,833.09,844.924
753.872,732.942,740.413
681.539,657.583,671.475
625.511,602.417,630.465
557.682,538.529,569.658
504.882,486.219,509.226
469.671,445.545,464.039
447.62,417.226,438.937
429.949,398.082,424.198
389.231,359.715,387.128
352.032,325.907,350.3
326.263,303.761,321.116
304.066,284.432,294.213
281.844,262.787,269.377
249.318,228.276,237.39
230.91,207.424,223.449
218.469,194.287,218.458
203.777,181.55,207.724
192.247,173.46,192.238
166.835,151.146,160.361
147.141,133.83,138.578
133.697,121.663,126.387
128.325,116.168,122.55
131.438,118.011,127.886
119.203,104.239,118.432
107.011,92.2526,107.867
94.6631,81.2324,95.7534
88.5358,75.5275,89.2349
90.1076,77.2652,89.9672
75.6172,61.9838,73.7933
65.9808,50.1049,63.0945
63.1854,46.8552,61.3295
60.8164,46.6133,59.4706
60.9675,48.1662,57.133
49.3036,36.353,41.8002
44.8458,33.2148,37.7477
45.0396,36.3005,44.5989
46.4509,39.4015,52.4878
48.4232,41.2829,54.4935
35.3205,26.8793,37.6235
29.1069,18.8971,28.4067
22.3653,11.4089,20.1358
16.4839,6.99484,11.8006
21.5532,14.6951,13.2343
22.0504,15.8193,14.6693
28.9846,20.6402,27.7305
32.4405,22.0129,34.9225
34.6335,24.3379,35.1563
45.0872,37.7322,42.8018
42.5835,39.86,40.7167
37.4281,38.2678,36.6943
31.7986,32.8156,28.8011
33.2464,31.0794,25.535
45.7642,39.5529,35.955
43.9261,35.3556,35.6994
41.053,32.7136,35.7215
33.8113,27.0415,32.1291
29.3124,23.701,29.2979
39.8232,34.4565,37.4709
40.6208,34.8066,35.5797
39.7743,34.1955,34.6085
36.0894,32.4591,32.1747
30.7777,29.3081,29.0924
30.0028,28.6986,32.6209
22.7268,20.7535,27.9751
14.2365,11.7011,16.4888
-2.97945,-8.31694,-5.06366
-19.4578,-28.914,-21.6422
-34.2957,-45.5614,-34.9141
-57.1525,-67.8948,-58.9613
-64.6017,-74.1364,-66.8977
-75.7528,-83.367,-75.0961
-93.3507,-98.5112,-91.7066
-102.4,-106.008,-103.857
-113.28,-117.155,-116.946
-114.164,-119.059,-117.83
-122.222,-127.414,-125.398
-134.703,-139.053,-135.472
-142.751,-146.179,-138.669
-157.142,-160.823,-149.135
-163.806,-167.877,-155.556
-171.335,-175.053,-165.778
-168.618,-171.249,-166.834
-154.4,-154.908,-155.564
-145.399,-144.017,-147.004
-128.048,-125.883,-129.074
-122.697,-120.654,-124.352
-129.901,-128.552,-132.184
-136.276,-134.626,-137.765
-144.091,-141.529,-142.718
-131.582,-129.084,-125.166
-123.536,-121.903,-113.46
-126.727,-127.856,-119.144
-127.959,-133.016,-127.49
-129.813,-135.197,-135.118
-111.719,-113.308,-117.719
-97.8588,-95.9669,-98.7158
-93.1756,-90.3204,-87.674
-89.8509,-86.6935,-82.5632
-95.0159,-90.8414,-90.9632
-89.2117,-84.1994,-90.9158
-92.2629,-86.8458,-99.2486
-102.028,-96.2712,-111.689
-98.282,-93.0422,-106.813
-92.7551,-89.5111,-98.1368
-81.2101,-79.0584,-84.7623
-82.0691,-78.2196,-85.915
-85.6906,-79.3483,-91.3803
-74.9918,-68.9303,-83.0317
-61.6345,-58.4295,-71.334
-40.3386,-38.1572,-50.2515
-38.0808,-35.2458,-45.6886
-42.5675,-41.3055,-45.1474
-36.7353,-38.8389,-36.1706
-32.7756,-36.5832,-34.6315
-16.0329,-18.4639,-23.4405
-10.2859,-10.6851,-22.5552
-16.8288,-17.8554,-29.5793
-22.9892,-26.4994,-31.0758
-37.0657,-41.542,-39.73
-39.5863,-42.8427,-40.1577
-46.0441,-47.3311,-48.0296
-59.6765,-58.8258,-64.648
-66.7914,-64.4643,-74.7316
-71.236,-68.9628,-81.6232
-62.7302,-60.7538,-74.8242
-69.1292,-66.4593,-83.5988
-83.7071,-79.5792,-100.989
-88.7543,-83.3028,-104.345
-94.5672,-89.0109,-103.214
-83.5083,-79.1552,-86.0458
-74.2835,-71.4037,-75.8606
-72.3836,-69.173,-77.0713
-71.2796,-65.3948,-80.0681
-72.9859,-64.8711,-85.2126
-59.1995,-51.3402,-72.4828
-51.7428,-45.2869,-61.1249
-49.7735,-44.0873,-52.1771
-36.4338,-31.7935,-36.2263
-19.0301,-16.5892,-23.695
11.4468,11.6239,1.63377
29.805,27.3168,20.5666
38.091,32.2784,32.6197
56.8345,49.1082,53.8845
80.5156,72.9856,75.5605
121.021,114.232,110.298
151.406,144.286,136.463
170.093,162.506,154.835
195.882,190.336,183.515
222.865,220.773,215.527
247.923,247.798,242.996
241.793,241.438,235.621
223.75,222.333,217.277
210.338,208.679,203.97
185.954,184.052,176.98
170.169,167.571,156.486
149.373,146.961,131.276
129.579,128.186,109.02
118.3,117.905,98.5931
99.437,99.8663,84.3002
100.626,100.219,90.1076
103.073,99.5535,94.3839
97.4236,92.2683,89.377
89.2172,85.5033,81.1295
70.3486,67.7197,61.3526
67.8838,64.7698,56.95
57.6671,54.6189,43.8129
40.3155,38.3103,24.689
25.4518,24.0288,10.7069
4.29105,2.79362,-8.72289
10.5251,9.29652,-1.71411
14.1274,13.3429,3.92201
4.86456,4.54046,-2.15205
2.62641,3.41168,-3.70602
-7.44442,-4.83275,-15.2956
-8.4228,-4.82507,-17.1143
-14.8583,-12.2574,-22.4008
-20.4637,-18.3409,-26.3633
-10.0712,-6.74909,-16.7656
-3.22949,0.661059,-12.499
7.62262,11.0898,-3.61524
-1.66869,2.79215,-13.7834
-12.9805,-6.06422,-24.8114
-9.70417,-2.30808,-20.2461
-16.807,-12.0729,-25.6149
-16.6467,-15.2505,-26.1837
-26.3005,-27.628,-39.8518
-36.3966,-40.2364,-54.1393
-32.6328,-38.4118,-52.4429
-35.4402,-42.0304,-51.5427
-28.4026,-34.1487,-35.597
-30.824,-33.9441,-32.3244
-38.4659,-38.0228,-41.8625
-36.9937,-33.8671,-46.1105
-43.0131,-39.5367,-55.8326
-34.9059,-32.7959,-46.9096
-32.7028,-31.9956,-44.4812
-33.6355,-33.8136,-49.2148
-27.4243,-28.5152,-44.6484
-35.6285,-37.1084,-48.7273
-37.6808,-37.6628,-45.5452
-46.9715,-44.1792,-52.7371
-48.9826,-44.8831,-56.0669
-36.9998,-33.9687,-46.4313
-42.7635,-40.7784,-53.0153
-44.3515,-41.2986,-54.1522
-47.5155,-43.4154,-56.98
-50.0369,-47.658,-60.8144
-50.8809,-51.1432,-64.0721
-64.2405,-66.3548,-77.1695
-56.7935,-60.1333,-65.7595
-46.138,-49.3657,-50.8033
-41.8785,-44.2943,-44.9725
-38.2894,-41.045,-42.3938
-48.8809,-54.0223,-55.6969
-47.1569,-55.0825,-57.4355
-48.4665,-56.5371,-60.5766
-50.7636,-56.8301,-62.5201
-50.0811,-54.7428,-61.6124
-63.3882,-67.4489,-75.7773
-60.8056,-63.6815,-72.4112
-57.1551,-57.8745,-65.1449
-55.668,-53.9813,-60.222
-49.784,-46.7895,-52.5125
-57.1096,-53.8528,-58.7702
-56.5589,-52.6332,-57.9378
-62.7643,-57.8698,-65.5
-66.7238,-61.6612,-71.8004
-51.6527,-46.3269,-56.3858
-46.9918,-40.1666,-48.9694
-43.487,-35.4457,-46.468
-53.3789,-45.2339,-62.2676
-62.7171,-54.2966,-76.1331
-58.037,-49.6307,-69.7794
-57.667,-50.815,-62.4461
-45.3417,-40.2058,-42.7239
-57.3503,-53.1246,-50.4848
-78.8254,-75.3519,-71.6701
-71.2242,-68.6326,-69.7608
-60.1871,-58.5231,-68.2463
-40.6146,-38.3466,-54.0071
-37.5467,-33.0282,-50.2338
-47.6673,-42.1553,-56.6904
-45.773,-41.3488,-48.9852
-48.1073,-44.6348,-46.7372
-38.7984,-35.5955,-37.9183
-37.9662,-36.0392,-40.0299
-44.268,-43.3841,-47.2473
-38.1733,-36,-41.205
-41.7032,-37.0342,-47.2414
-35.4382,-28.5698,-44.9405
-36.0051,-28.3902,-47.2583
-35.9734,-29.4877,-45.1046
-20.0459,-14.4602,-25.5374
-21.1814,-14.8339,-24.8493
-15.7645,-8.74935,-19.51
-14.2389,-8.52214,-17.7776
-13.7089,-9.75655,-16.2222
-1.8477,2.41526,-3.50926
-3.80485,1.53355,-5.05752
10.4519,15.0975,10.2073
30.8321,33.7279,32.4996
42.8414,44.4651,45.7305
53.163,54.2231,56.3706
47.8475,49.4826,52.0263
58.3398,62.2915,63.1264
74.4917,83.1102,77.2403
93.6663,107.758,93.7967
125.871,142.659,125.297
144.287,162.434,143.625
170.497,192.347,169.6
190.251,215.561,190.675
208.247,234.571,212.317
239.362,267.9,245.13
255.116,288.04,257.46
277.363,313.109,274.63
291.939,328.443,286.275
294.286,332.828,288.958
301.422,343.583,298.926
295.128,339.742,295.825
296.765,341.995,299.914
292.367,338.077,297.303
280.822,328.077,286.165
278.015,327.591,281.004
257.788,309.816,256.269
245.46,299.017,240.547
230.197,284.022,224.159
209.325,262.825,203.377
199.401,251.24,195.238
174.98,224.608,173.872
159.496,208.85,161.151
144.061,193.995,147.246
129.382,179.664,131.718
125.325,177.089,125.169
103.127,156.773,101.095
89.0101,142.843,86.549
77.8306,130.022,76.139
67.7363,118.505,65.8742
67.1038,117.275,62.4818
47.3185,96.2749,39.2459
37.4171,84.6096,27.8448
30.7835,76.3132,22.5043
28.0274,72.4692,21.6344
41.2716,86.0377,34.0068
20.9181,66.4062,10.0873
-1.89953,42.4881,-14.5447
-8.43891,32.2295,-18.8908
-4.78859,31.4305,-12.5162
8.62109,42.4031,1.549
-6.32888,26.6937,-13.6606
-20.3264,12.1048,-27.2239
-25.6807,6.16646,-31.7404
-28.7182,2.73051,-34.8324
-22.3101,9.07803,-28.7031
-34.5384,-2.81773,-40.2995
-41.3863,-8.06447,-46.0874
-40.7866,-5.22361,-45.523
-41.4282,-5.60668,-48.3668
-34.3359,-0.5614,-43.8222
-44.3455,-13.4064,-55.6073
-47.2814,-18.9639,-59.0971
-43.8144,-17.3563,-52.1871
-44.6225,-18.0505,-47.2991
-40.1845,-11.7415,-40.2716
-56.6463,-26.8578,-57.4533
-64.9554,-35.4318,-66.5649
-63.5489,-35.6726,-65.9784
-61.4083,-35.5026,-65.5938
-51.8726,-27.2036,-58.3828
-67.2252,-43.0049,-76.3135
-82.0242,-57.6387,-90.7507
-91.6871,-67.0125,-96.7513
-100.693,-76.4928,-103.351
-103.556,-80.4323,-105.593
-139.298,-116.59,-141.611
-183.12,-159.973,-186.819
-217.331,-193.407,-221.938
-239.677,-215.029,-245.281
-235.135,-211.154,-243.359
-233.09,-211.816,-243.127
-218.159,-200.073,-226.403
-195.147,-178.737,-199.771
-175.423,-158.336,-177.689
-155.762,-136.619,-157.539
-167.096,-146.392,-170.054
-178.033,-157.56,-183.428
-184.707,-165.547,-192.063
-188.285,-169.455,-194.807
-168.005,-149.306,-171.706
-159.349,-141.959,-162.387
-151.261,-135.678,-157.702
-141.272,-127.027,-153.958
-135.093,-119.57,-154.165
-119.604,-100.83,-139.198
-123.022,-103.061,-134.546
-116.957,-98.8447,-118.447
-96.6381,-81.3493,-93.9027
-84.696,-70.8757,-84.0091
-64.6114,-50.529,-67.9458
-58.7135,-43.5812,-66.2795
-52.237,-35.6716,-63.8073
-34.1711,-17.3206,-47.5001
-12.1236,2.93634,-24.8934
15.589,29.0375,4.31724
25.7819,40.8675,15.7406
43.2968,62.1512,32.5698
69.444,90.2872,56.8831
86.292,107.024,72.7339
99.3422,120.002,84.6734
98.563,120.144,81.6104
103.117,126.507,85.2734
107.271,132.81,90.9968
106.119,133.556,92.1045
115.216,144.067,104.177
110.24,140.316,100.658
105.089,136.871,92.4114
100.669,133.276,82.8338
90.0295,120.645,69.8899
90.9323,118.504,72.5048
81.1672,106.98,63.8652
74.619,99.6051,55.98
76.7488,100.581,57.6498
82.8431,105.403,65.1318
93.6553,115.204,79.1373
84.3469,103.931,73.5663
77.6266,94.669,67.8064
72.0791,88.1931,60.0155
60.8571,77.8289,45.6483
60.905,78.9152,43.7174
52.2631,70.366,33.7015
49.3988,65.4304,29.5459
52.6367,63.9131,33.1322
50.1251,56.4574,32.3451
53.4046,57.1015,37.8247
46.0536,49.252,31.6614
46.2426,49.6895,30.5153
47.3967,50.9592,30.3351
39.0644,43.2896,23.432
43.2039,48.2013,31.2271
41.9908,45.9945,32.4904
41.5633,44.2011,30.3203
35.0198,38.7245,19.3108
21.7337,27.4856,3.20667
22.6358,27.9793,5.68472
18.5316,20.9401,4.82106
18.9433,19.1711,6.61874
24.8784,24.765,12.5482
32.9195,32.588,19.9343
49.3415,48.0745,35.5813
46.739,43.7207,31.9402
45.0265,40.7378,27.4661
51.1661,47.0025,29.5968
56.0574,52.5216,31.555
65.7515,62.2412,41.9249
58.3773,53.6859,39.9908
56.2553,51.0285,45.0058
58.4743,54.9113,51.0394
53.5782,51.5965,44.8441
53.7115,51.8994,42.6786
43.528,41.9514,33.0133
42.2202,41.6639,32.7935
43.7433,44.6053,33.75
37.1366,39.24,25.5315
43.3849,45.7441,29.5042
42.0963,44.0826,25.3592
37.0036,39.8835,19.1101
33.1641,37.4472,17.9015
28.4387,32.4446,15.9437
30.5946,33.8245,17.5782
18.2002,21.5002,4.3494
8.61252,11.8135,-3.78164
2.78746,4.92647,-7.31772
-1.31348,-0.218843,-10.4555
4.46732,6.18531,-5.96994
-12.5927,-8.83634,-25.3002
-29.3285,-24.1125,-42.8552
-35.3098,-30.0628,-48.4245
-42.6217,-38.0166,-56.9157
-44.6607,-40.4042,-61.7299
-58.5314,-54.2751,-77.1928
-66.6451,-63.1781,-85.4695
-68.6093,-66.3815,-87.5126
-80.6968,-78.6075,-99.3349
-92.2101,-90.199,-108.071
-106.589,-105.801,-118.564
-107.938,-108.097,-119.696
-113.479,-113.751,-127.68
-130.588,-131.371,-145.666
-127.539,-129.401,-141.307
-124.421,-126.54,-136.649
-123.697,-124.071,-136.005
-132.32,-130.059,-146.164
-143.141,-140.383,-158.181
-131.712,-131.994,-146.319
-124.856,-129.367,-137.104
-119.06,-125.224,-128.162
-117.862,-123.064,-125.812
-125.069,-129.702,-136.097
-120.57,-125.532,-135.272
-119.382,-124.623,-133.592
-116.044,-121.548,-128.485
-119.438,-125.506,-132.151
-128.52,-135.338,-142.155
-114.638,-121.977,-127.386
-101.926,-109.71,-112.289
-90.9978,-99.3588,-99.5804
-86.7565,-95.3282,-93.8404
-93.0652,-100.39,-99.256
-91.2774,-96.531,-98.5761
-95.5805,-99.7691,-104.812
-91.7061,-95.5999,-100.778
-89.5969,-93.7008,-95.6804
-107.253,-111.632,-111.004
-120.642,-123.752,-124.876
-123.705,-125.358,-129.89
-111.256,-113.596,-119.662
-103.935,-108.144,-113.614
-106.813,-111.24,-115.721
-98.0931,-100.745,-104.454
-98.3994,-99.9731,-103.309
-102.527,-104.323,-108.607
-109.797,-111.538,-116.693
-117.224,-118.443,-124.143
-109.692,-110.605,-118.205
-113.082,-113.429,-123.787
-113.279,-112.306,-124.558
-109.198,-107.519,-119.628
-109.315,-109.213,-118.393
-101.027,-104.397,-108.005
-100.591,-107.55,-105.008
-94.6118,-103.817,-97.7863
-86.5723,-96.1833,-90.2021
-88.262,-96.5917,-93.5292
-81.9497,-88.8945,-90.8544
-77.7736,-84.8776,-91.1326
-70.696,-78.6848,-86.2189
-69.4212,-78.0806,-83.5823
-76.8714,-85.1276,-88.668
-73.1458,-79.7676,-85.3084
-74.7031,-81.0084,-87.74
-67.4905,-76.1428,-77.4664
-58.7285,-70.3546,-64.137
-58.1836,-71.6207,-61.9279
-50.2117,-64.4135,-55.1337
-54.5741,-68.0448,-62.2598
-56.6834,-68.0967,-67.1302
-56.4435,-65.6147,-67.0315
-61.294,-68.1039,-70.0248
-54.9025,-60.2462,-62.4035
-53.7477,-58.5896,-61.6997
-49.2438,-52.5339,-57.6513
-45.2977,-46.5107,-51.9485
-50.6162,-50.8253,-55.7067
-44.8777,-44.8193,-51.5006
-42.1305,-42.0754,-52.133
-35.3505,-35.9831,-47.7658
-31.1284,-33.9342,-43.7705
-34.8791,-40.3138,-45.8641
-28.1466,-34.766,-35.6061
-31.4076,-38.0506,-34.334
-29.4237,-35.4582,-29.6869
-23.1868,-27.7171,-24.1005
-25.848,-28.9336,-28.8402
-23.1435,-25.5223,-28.1781
-30.6998,-32.129,-37.4843
-35.5207,-35.5804,-42.9538
-35.0237,-34.1818,-40.9677
-34.1871,-33.6167,-37.5372
-21.7413,-22.9385,-23.4011
-24.6801,-27.5031,-26.496
-29.0329,-30.7733,-32.0643
-27.9644,-26.5738,-31.7985
-30.8173,-27.0202,-36.2617
-22.7864,-18.1411,-29.9316
-21.9755,-16.5877,-27.8381
-18.6738,-12.8449,-21.9037
-20.9656,-16.0039,-22.7799
-32.173,-27.4211,-32.5826
-29.5365,-23.8547,-28.3203
-34.3554,-28.3248,-33.512
-32.4367,-26.936,-34.5786
-24.2071,-20.0898,-29.9407
-20.9286,-18.6854,-29.3701
-8.73158,-8.451,-19.0004
-10.0112,-10.9345,-21.5036
-8.46889,-7.80469,-20.3053
-0.0217683,4.02431,-11.4802
-1.30312,4.14832,-12.4283
6.99039,11.3544,-2.73502
14.9667,19.4564,7.00203
31.1683,39.1252,23.4325
44.9409,57.3939,36.8176
47.088,63.4491,38.184
63.6619,84.6576,53.0658
78.9023,104.845,66.1468
99.0462,127.545,84.1107
116.691,144.44,99.6718
122.988,149.163,104.054
136.542,163.468,117.11
138.826,167.461,120.576
140.35,169.079,122.76
145.474,173.986,128.461
144.073,173.115,129.729
143.879,172.929,131.977
128.71,156.253,114.877
118.098,142.517,101.004
113.473,133.784,98.272
103.953,121.513,94.3625
103.313,120.82,98.7371
90.2924,107.584,89.3341
77.3724,91.8122,78.5827
66.1271,76.7087,67.6651
54.0747,61.4052,52.305
58.5054,63.7141,51.7885
54.5345,59.3675,47.1495
48.1622,52.9209,43.4611
39.9924,43.176,35.8486
25.3196,26.369,18.5517
24.6749,24.675,15.5465
20.4885,20.7852,11.1206
10.0717,11.8805,0.693515
-1.65965,2.13692,-11.9214
-10.3238,-5.84018,-22.3783
-9.50273,-6.11144,-22.8064
-18.3611,-16.0468,-29.753
-18.5394,-16.1402,-25.9001
-9.17379,-6.57468,-13.3822
-5.64585,-3.81921,-8.36817
-10.2409,-9.62372,-12.9197
-28.4772,-28.3142,-32.9464
-24.0327,-23.6364,-31.8166
-9.97558,-9.43282,-20.2015
-9.52917,-9.40788,-18.7122
-8.5914,-9.47144,-14.0205
-14.5754,-15.8905,-17.7188
-12.5182,-13.0861,-17.7539
-9.54367,-9.10395,-17.6094
-19.8391,-19.0212,-27.4259
-34.7395,-34.5625,-40.6855
-42.9873,-44.0491,-48.7582
-28.4167,-29.7905,-36.334
-26.2883,-26.6908,-36.9191
-34.8683,-34.3227,-46.0746
-25.3216,-24.7908,-34.6746
-23.0466,-23.7117,-27.7661
-22.1859,-24.7735,-21.239
-29.2702,-33.1946,-25.7047
-38.4555,-42.0613,-35.9387
-31.9715,-34.4101,-32.0258
-34.9782,-36.482,-37.811
-33.4866,-34.4748,-37.9568
-33.4716,-34.0531,-37.294
-34.6883,-34.5461,-37.3251
-26.865,-25.9652,-29.7799
-32.4899,-30.9848,-35.0441
-33.0952,-30.74,-33.9716
-35.6108,-32.9457,-36.5015
-39.6027,-38.6267,-42.4725
-31.6802,-32.7452,-36.2107
-33.7775,-35.2341,-38.9675
-30.1186,-31.558,-35.1937
-28.5566,-30.6879,-32.2257
-32.2761,-35.2768,-34.1034
-27.6604,-31.591,-28.9625
-31.8436,-37.1749,-34.9438
-24.9695,-31.6689,-31.2378
-22.1689,-29.2866,-30.4291
-28.6947,-34.9393,-37.2769
-24.1812,-28.902,-32.1044
-25.9857,-29.5606,-32.0582
-20.3293,-23.136,-24.7053
-22.8703,-25.1946,-27.2409
-35.4545,-37.6961,-40.9265
-36.3944,-38.2234,-42.6515
-37.9506,-39.2977,-43.3068
-26.0777,-27.9275,-29.403
-18.6573,-21.6143,-20.7304
-20.5362,-24.0278,-23.3581
-13.0346,-16.0719,-16.7487
-13.2837,-16.1917,-16.7574
-8.32256,-12.0196,-12.1029
-12.5945,-16.5501,-16.1444
-23.95,-27.43,-26.5526
-20.961,-24.252,-24.2093
-25.5878,-28.2237,-30.4155
-21.3073,-21.7451,-27.1927
-18.9624,-17.5046,-25.6407
-20.6009,-18.4403,-28.1064
-11.1485,-8.15176,-18.8692
-13.5067,-9.79633,-19.5062
-11.5016,-7.27246,-14.4386
-13.5182,-8.61121,-15.6007
-21.1624,-15.9332,-25.9894
-19.6487,-14.8274,-27.3014
-28.0534,-24.5494,-36.5781
-28.0471,-26.4855,-36.7913
-29.6206,-29.6335,-37.2675
-33.3985,-34.3753,-38.9769
-21.3074,-22.6396,-26.1818
-20.1767,-21.6028,-26.0576
-14.8719,-17.1467,-22.6749
-14.2857,-17.3597,-23.8833
-18.7718,-21.5066,-29.3745
-12.0014,-13.9814,-23.0396
-20.0773,-21.9204,-31.9637
-22.5128,-24.3927,-36.3082
-24.8149,-25.6614,-40.3001
-33.4318,-32.7289,-47.9426
-37.5485,-36.6083,-46.7657
-47.67,-47.656,-50.0687
-32.4334,-32.8976,-32.2769
-12.8321,-14.0793,-15.2861
-11.0944,-14.9709,-18.2236
-7.34035,-13.5105,-17.8078
-15.7343,-21.5906,-26.7152
-18.1992,-23.0355,-29.341
-23.2293,-27.6791,-35.8789
-31.3682,-34.8652,-46.0461
-23.3467,-26.0301,-39.0791
-25.2463,-28.8671,-39.4042
-21.8278,-27.8,-32.5932
-22.4136,-30.4727,-30.1042
-30.4074,-38.388,-37.2704
-27.8496,-33.6692,-36.8434
-31.6855,-35.6523,-42.9209
-23.5442,-27.5659,-35.5459
-17.1368,-21.946,-28.2984
-23.0085,-27.5789,-30.432
-23.3744,-27.2218,-26.1252
-33.2904,-37.3894,-34.2644
-33.4719,-38.2704,-35.0918
-29.0181,-33.0923,-30.0776
-24.9897,-26.6082,-23.7105
-14.8807,-14.4076,-12.8375
-25.5792,-24.9028,-26.7533
-27.8696,-28.0933,-33.5079
-23.5159,-25.1518,-30.1825
-18.4596,-22.4694,-24.2323
-6.84707,-13.4994,-13.5895
-18.2515,-25.7867,-26.1567
-21.2019,-27.095,-29.2915
-23.4511,-27.2683,-31.9262
-33.2568,-36.3405,-41.8626
-22.3907,-24.6746,-30.6072
-16.7493,-16.8615,-23.1249
-10.5492,-9.76364,-13.7065
-11.3933,-13.2976,-13.9676
-22.2199,-27.1046,-27.5496
-17.996,-22.4371,-25.0122
-20.8713,-22.8009,-27.7285
-22.6698,-22.6742,-28.9223
-31.732,-31.0334,-36.8409
-42.3389,-41.6606,-47.2066
-23.8865,-23.1469,-29.2526
-10.688,-10.4826,-15.7088
4.36599,2.78736,0.0372657
9.89842,7.28367,6.94545
-2.61284,-4.76309,-4.07253
-2.77077,-3.97767,-5.6544
-12.0728,-12.0294,-18.4988
-16.1388,-15.1749,-24.8056
-16.0703,-14.704,-24.9098
-22.5009,-20.7223,-29.0247
-19.952,-18.1297,-22.6076
-24.7474,-23.5003,-25.9132
-19.6829,-18.266,-21.4305
-13.7105,-11.0989,-13.7603
-17.0065,-14.2892,-13.9719
-10.1788,-8.40858,-6.62867
-17.672,-16.2395,-16.5973
-19.805,-18.7075,-22.6206
-15.6424,-14.7041,-22.5191
-11.6002,-8.89628,-21.0624
2.34755,6.84027,-6.18542
-17.674,-13.1857,-21.7741
-33.26,-28.0986,-32.8334
-19.8265,-12.9019,-17.8028
-4.43561,2.3532,-3.56765
16.0002,20.2255,14.0765
12.5415,14.3862,8.00871
1.64441,2.41305,-4.26784
-4.5952,-3.44028,-11.3029
-10.9015,-8.03688,-17.1436
-1.0463,1.77212,-5.49285
-4.49955,-4.22216,-7.54486
-7.25426,-8.19618,-9.56185
-3.82124,-4.07466,-6.4209
-9.35976,-9.36459,-13.7467
-2.21324,-2.79098,-7.81568
-5.54103,-6.46567,-10.9427
-6.96608,-7.73895,-11.6906
-2.07131,-3.56776,-5.48414
-6.05957,-8.16876,-7.91732
-1.83993,-1.98668,-3.25448
-10.4457,-8.00903,-12.3414
-12.4101,-10.3685,-13.8173
-4.46869,-4.54434,-3.85948
-2.73729,-2.95719,-0.389443
5.32768,6.32885,8.311
-2.60583,-1.80755,-0.150969
-5.23711,-5.74034,-6.1601
0.862454,-0.032746,-5.45052
-3.31762,-3.37706,-12.0233
1.67935,1.9415,-4.42843
-2.95171,-3.58896,-5.68517
-6.35979,-7.02746,-7.52333
-7.10623,-6.18621,-8.71594
-12.3617,-9.84168,-17.0488
0.185658,4.05039,-6.57636
3.26706,8.71452,-2.11555
7.99054,14.78,4.98998
8.88704,16.3207,8.4842
-7.05845,0.652831,-4.84776
-8.41315,-0.497048,-5.84077
-11.3581,-3.3563,-11.3963
-6.08275,2.33811,-9.5366
0.577914,9.63031,-4.68145
-7.51604,1.31006,-12.4306
-6.06679,1.26466,-10.2253
-11.0768,-5.73815,-15.7258
-7.96706,-4.21543,-13.0998
-0.334583,2.11416,-4.44205
-8.63559,-7.05291,-11.0808
-5.86566,-4.22229,-7.06933
-5.75246,-3.50116,-7.0059
0.916486,3.3414,-2.08071
6.71163,8.30019,1.31858
-2.93537,-2.40137,-9.39002
1.82842,1.97921,-3.69043
6.8301,7.70432,2.03937
18.6739,21.806,13.6891
27.1965,32.8595,22.2245
23.7119,29.8447,18.0647
38.7454,44.2784,31.6813
49.1688,55.5503,41.466
60.7317,68.4816,52.7448
74.9236,83.0514,66.7681
75.0312,83.9941,67.5628
82.8328,94.2627,75.3226
82.2765,97.1413,73.5869
87.6816,106.537,79.5279
101.317,123.366,95.4593
107.562,130.451,103.166
127.38,149.914,121.922
135.927,158.554,127.681
142.319,164.856,133.287
148.088,169.844,141.274
143.251,165.267,137.992
150.667,174.912,144.017
149.798,175.755,141.406
153.786,179.225,146.66
165.694,190.228,161.713
167.637,191.877,164.566
176.198,199.069,171.265
174.941,195.621,168.864
176.556,197.507,171.671
182.559,206.655,178.693
176.04,202.694,170.843
178.308,204.631,171.297
172.59,196.901,165.471
174.301,196.979,169.017
184.102,205.669,180.323
180.612,201.21,176.188
183.397,202.712,177.899
175.62,193.533,168.907
172.062,189.478,163.347
172.691,188.912,162.338
158.96,173.027,148.674
156.047,170.026,147.473
149.909,165.24,142.055
147.358,163.159,138.576
150.412,166.508,142.211
141.717,158.879,136.115
139.684,158.146,136.375
128.724,148.322,125.868
123.09,143.332,118.468
129.669,149.674,122.483
130.015,150.15,121.363
136.845,157.796,128.367
127.651,148.507,120.083
116.397,136.961,109.31
112.714,134.119,105.368
108.418,130.856,100.698
119.233,141.776,111.156
116.044,138.226,107.08
108.724,131.356,98.9275
108.246,131.914,98.07
96.2858,120.497,85.9052
89.2125,112.309,79.448
81.1899,101.494,72.4591
88.1115,106.389,79.5656
101.561,119.861,92.609
95.372,114.306,85.0533
96.5138,114.868,83.2604
88.718,106.028,72.8589
79.5177,96.6516,63.6224
78.8876,95.9308,64.8697
75.1263,91.7784,62.4097
80.5278,96.867,67.0017
71.5801,88.2148,56.2131
68.1245,84.9067,52.0224
79.6831,94.6257,63.9402
78.6673,90.6175,63.3325
75.8255,86.2548,61.1852
62.9972,73.9067,49.9093
59.8053,71.2808,48.0935
68.5788,79.705,56.7073
66.7523,76.9721,53.4995
74.3994,83.2497,60.1932
69.3451,77.6233,55.5512
59.5784,68.8908,46.5404
58.5042,69.4525,45.8124
54.7242,66.8662,42.8803
68.1092,81.0569,58.6391
70.1128,84.2583,62.9423
60.5749,75.2311,52.8816
53.5621,67.2096,42.96
43.3199,55.5559,29.5347
48.2608,59.9213,32.6791
50.871,63.1653,35.2584
52.7051,65.8417,38.0882
52.5896,66.2084,40.4528
40.9554,54.8817,31.85
46.5441,60.5651,38.4068
51.2088,64.5091,42.6033
51.8456,63.3915,43.3515
52.9937,63.1473,44.7568
49.4375,59.4351,41.0005
61.2724,71.4988,52.7819
57.9043,68.2282,49.6978
48.7508,58.7634,40.1082
49.1317,58.0072,38.9421
48.045,54.9621,37.5175
56.9588,61.7817,48.3441
48.2616,52.2692,40.8166
40.3546,44.4988,32.0447
44.7928,47.9434,35.9722
40.6532,41.2465,31.7788
49.0535,47.484,39.9203
52.4092,50.4122,43.7914
52.5875,51.1125,44.7564
54.3149,53.4595,46.9296
45.6352,44.5864,38.1673
57.1805,54.2643,49.9892
59.0607,54.1067,52.9665
45.3223,40.072,39.683
42.3636,39.0701,35.6286
38.5248,38.8473,29.6732
46.0032,49.4175,36.5653
46.8908,51.3492,38.924
42.3733,45.8752,35.5669
41.9423,43.4014,35.3371
32.0871,32.4535,25.1434
32.5223,33.4989,25.1115
35.2104,36.9963,28.0902
36.4369,38.0692,30.5111
38.9953,39.6719,33.898
29.7132,30.1665,23.5759
25.2195,27.0222,16.6687
23.0546,25.8729,12.6216
28.249,30.4993,18.0475
39.0021,40.0844,30.6867
33.5851,33.8285,26.5631
35.2271,35.394,28.8409
38.2204,38.9378,32.024
41.2673,42.5499,34.0546
46.9343,48.1885,38.8755
36.8062,36.8193,29.1136
32.3529,29.9482,25.4155
31.4465,26.6185,24.5347
33.8593,28.5873,25.8597
38.1508,35.0021,29.1559
29.7486,29.0292,21.4212
28.6176,28.8863,22.2207
29.408,29.5187,23.5197
33.2713,32.3129,25.67
39.1544,37.6776,30.6782
27.3577,27.5672,19.9806
23.0526,25.1658,16.2285
23.114,25.6923,15.7857
21.4739,24.6298,15.0488
21.4236,25.872,17.2847
14.8496,20.6175,11.35
21.592,28.5552,17.4162
24.7875,32.6001,20.8424
25.1548,33.1918,21.8123
33.6036,41.0237,30.436
34.6505,41.0474,31.0727
40.3709,46.6411,35.9927
37.9344,45.3407,32.7275
31.1355,39.7133,25.9755
33.9014,42.5562,29.7181
27.6812,35.8455,23.1705
23.8758,32.0037,19.4926
19.6707,28.6416,18.6739
16.2907,26.64,19.4763
18.4888,29.3865,23.9385
11.0861,21.4087,15.7374
7.7057,18.2214,9.06825
-1.96348,10.4696,-3.06801
-7.32095,7.10715,-8.4339
4.38086,19.4118,4.26007
14.0339,28.5241,14.9971
28.2906,41.5619,29.8814
30.5446,41.9024,31.8367
28.0224,37.5136,29.0587
32.0334,40.9534,33.8969
22.9156,32.8021,25.8274
19.4664,30.1397,22.1656
18.0973,27.9291,18.927
15.048,24.1125,12.6211
24.571,34.3388,19.729
22.4449,34.0788,18.781
12.687,26.7524,12.8137
8.8018,24.0658,11.3612
11.997,26.714,14.1942
14.561,28.518,15.686
4.16358,18.1751,5.00036
3.41714,18.3143,5.42708
10.4926,26.3414,14.8409
15.315,31.2796,21.251
13.4008,28.0644,19.6444
5.40969,17.7916,11.9322
9.63328,20.3737,16.6261
10.7233,21.3293,17.146
3.53821,13.6845,8.75519
-2.76536,4.48331,3.1145
-4.07313,-0.0897366,3.88225
12.9625,16.1382,22.4642
25.0393,28.3652,35.4174
22.4049,25.1787,32.097
22.1668,24.576,29.1956
16.9047,19.3325,20.7973
14.5323,16.4993,17.2562
12.845,13.9173,16.8661
11.6922,12.8644,17.2524
13.9208,16.4451,19.6928
8.42955,11.1478,12.3026
11.0662,11.7165,12.1839
15.0783,13.0825,15.3662
19.1096,15.0135,20.7413
27.2421,22.0633,30.6177
25.7083,20.5367,29.6117
27.9162,22.5329,31.6646
31.4791,24.9907,35.7271
30.0511,22.8291,35.0371
28.0393,21.8393,33.4535
22.1442,18.3822,27.5893
22.305,21.1596,28.3641
20.0768,20.6209,27.7626
17.3095,18.1982,25.7857
22.342,23.9355,30.5357
19.6908,23.4497,27.591
16.9491,22.6603,24.612
9.78861,16.6227,17.3011
2.57578,10.2134,9.58862
3.56317,10.9698,9.33289
-1.55112,5.45499,3.20985
-6.18747,2.6173,-0.748869
-13.499,-1.62232,-6.39287
-19.1485,-5.00269,-11.3069
-17.7016,-2.66579,-9.94096
-17.9512,-3.58676,-11.1568
-7.91408,6.02845,-2.95117
2.82769,17.2368,5.77924
1.16594,15.7634,1.28241
-1.0487,13.4311,-3.36527
-1.61567,11.1944,-4.53157
1.25137,10.8003,-1.39695
0.737454,8.39457,-1.15988
3.87301,12.116,3.0584
14.9963,25.4262,15.0308
16.3611,29.8626,17.1338
16.612,32.385,18.248
17.0367,33.2895,19.076
22.4358,38.2825,23.9255
36.1286,50.7044,36.7144
44.9136,57.3407,45.0033
49.5098,60.1772,49.8237
45.3866,55.4478,46.353
40.7125,51.0264,42.7254
44.5565,55.287,48.4197
52.0027,62.8485,57.45
51.3208,61.7596,55.55
37.6009,47.6566,37.7981
35.724,45.4574,32.7395
43.1642,51.4117,39.6984
50.0946,56.3062,46.759
63.1655,68.5743,59.4196
60.6819,66.2498,58.1565
51.9153,56.7277,52.2178
47.447,50.1217,48.5306
37.9655,38.2633,37.3575
36.7147,34.7668,34.6877
33.8991,30.9334,31.244
31.5404,29.6732,28.0115
28.0849,27.6849,24.475
18.1984,18.2716,16.6437
16.7759,16.6766,17.4295
16.0053,15.2344,16.6207
23.8897,21.8195,22.065
23.1083,20.8019,18.903
6.42938,6.20165,2.81158
6.45639,8.27179,4.45966
8.5723,10.3422,5.7574
12.0822,13.044,6.46452
17.9278,18.4369,10.6639
15.5048,15.0128,9.64949
18.087,16.4153,14.9246
14.0823,12.6919,12.4031
10.9856,10.9673,9.79171
12.2079,12.7165,11.7905
8.64831,8.01215,8.92228
16.4344,13.9897,16.8749
17.7985,14.8624,18.0391
18.7144,16.8862,18.2232
19.2499,18.5179,18.1272
11.511,11.3594,10.8882
17.6769,17.3497,17.6997
8.06723,6.85721,7.69443
-3.27203,-4.85072,-3.95165
4.78253,3.09046,3.82445
4.41005,2.26748,2.73182
5.76095,3.70559,4.44977
3.60505,1.8489,3.94237
1.74522,-1.13312,3.45186
4.11201,-0.335364,6.0683
-4.93706,-9.00724,-3.64632
-3.30434,-6.40706,-2.85057
0.759827,-2.76999,1.1889
2.01706,-1.81165,4.16755
4.86376,1.7202,9.51587
-5.36161,-7.91116,0.647834
-5.34042,-7.19316,0.83552
-4.52154,-5.47369,0.0749563
-0.272823,-1.19185,1.66865
10.6964,9.79001,11.3647
-7.17141,-6.19836,-5.96358
-21.1912,-17.9557,-18.1343
-17.1382,-13.691,-12.8021
-5.4049,-2.56376,-1.15782
5.70324,8.69585,9.73956
0.0906177,2.73579,3.22754
3.32602,4.34917,4.7315
3.93884,4.11834,4.4736
-5.35118,-3.8134,-3.76913
-7.90577,-3.9194,-3.36321
-9.49464,-3.19123,-2.35333
0.760889,8.40834,7.44446
1.33036,8.93677,6.57813
-7.12586,-0.863435,-1.6917
1.36689,5.18605,7.17939
8.30135,10.195,13.0008
24.1525,26.0636,27.4078
26.8561,30.0943,30.9324
0.749969,5.385,7.59512
-7.53294,-2.28092,1.13946
-0.829662,4.50753,7.47932
6.85015,11.7081,14.2874
7.07743,10.6612,14.5842
6.07806,8.68903,12.6955
7.56356,10.2674,10.7485
-5.49855,-2.60488,-6.08593
-12.5008,-10.48,-13.6248
-14.647,-13.7027,-12.7977
-16.5562,-15.931,-12.1897
-9.33775,-7.95662,-5.30459
-11.8127,-8.23397,-9.82092
-14.0511,-7.66247,-13.8541
-15.2202,-6.8269,-15.9362
-21.7745,-12.217,-22.9892
-18.2574,-7.55089,-19.2967
-14.7792,-3.84096,-15.7216
-7.31967,1.55967,-8.71211
-2.86048,2.66755,-4.42866
-5.75998,-2.12831,-7.37691
-3.03827,1.56024,-4.32662
-9.42884,-2.47258,-10.1547
-14.288,-5.74768,-15.414
-16.3793,-7.35624,-18.6378
-18.0485,-8.7473,-20.5795
-14.6716,-5.48043,-15.8729
-21.9192,-14.0072,-21.8763
-23.5778,-17.078,-24.2282
-22.8199,-16.2388,-25.5621
-30.1258,-23.0227,-34.3337
-26.77,-20.6413,-29.8929
-22.8588,-17.9598,-23.0092
-18.0939,-13.1581,-15.4357
-17.187,-12.5376,-13.5982
-24.6583,-20.8536,-22.6151
-23.1795,-19.0332,-23.3965
-22.3823,-17.1774,-24.5007
-18.2698,-11.6169,-20.3809
-20.0331,-12.1425,-19.8278
-30.851,-23.1652,-28.8645
-30.0537,-22.8762,-27.5129
-26.4321,-20.0657,-24.1897
-19.1865,-14.4382,-17.9046
-19.6181,-15.9788,-18.6685
-28.9039,-25.3691,-27.9635
-25.7378,-21.6564,-24.9721
-23.9547,-18.9248,-23.5106
-22.417,-16.6461,-23.6425
-22.7879,-16.5673,-27.0273
-26.2324,-19.3654,-32.5778
-20.5109,-13.4979,-26.4204
-26.7672,-20.5982,-31.7519
-33.7952,-29.2475,-38.6358
-32.8463,-30.7663,-36.2013
-30.3507,-30.3825,-30.8985
-22.9248,-23.4712,-21.9737
-22.6949,-22.2096,-23.0622
-18.2,-16.0157,-21.2424
-18.2251,-15.2404,-23.1126
-30.3158,-28.1209,-36.0662
-33.6451,-33.2593,-39.5843
-33.4847,-34.603,-39.0158
-29.58,-30.5264,-33.8147
-28.4959,-28.5502,-30.4791
-35.6901,-36.4009,-36.004
-32.3267,-35.3263,-31.6427
-22.7874,-28.3235,-21.8127
-11.2435,-18.0567,-10.9246
-11.8464,-18.1833,-11.2035
-25.1088,-30.5491,-23.6227
-28.8816,-34.6114,-27.6762
-32.9245,-39.761,-31.8105
-29.7161,-36.4986,-26.7821
-24.1174,-30.0846,-18.8529
-29.1158,-35.3216,-23.9927
-33.1718,-40.1736,-30.8986
-36.2964,-43.5534,-36.8238
-29.09,-36.2347,-29.9899
-20.2084,-27.4572,-19.6672
-22.102,-29.3335,-20.6974
-25.713,-31.8236,-24.0318
-34.1804,-38.4145,-31.736
-34.8043,-37.7241,-31.952
-29.4654,-32.5215,-27.7317
-30.3123,-34.9334,-30.9736
-27.0174,-33.5927,-29.606
-26.9755,-34.9996,-30.6112
-21.9515,-30.188,-26.8575
-19.0335,-25.5452,-26.0327
-27.6168,-31.5739,-36.5051
-25.3235,-27.5531,-33.8681
-19.5867,-20.8653,-25.5948
-13.8816,-14.5166,-17.1937
-13.1828,-13.6125,-16.1959
-19.1314,-19.6342,-24.6281
-17.2812,-17.6856,-23.9207
-14.28,-14.4616,-18.7262
-4.21285,-3.03176,-6.65053
10.9759,15.2982,8.65592
21.7747,28.2681,19.532
34.6727,40.4331,33.551
39.1095,42.9937,37.8663
40.0086,43.2305,36.3705
33.9539,38.5553,29.0659
24.5938,31.1661,20.3469
32.6472,39.4115,27.9427
35.3242,40.8479,27.2018
34.432,39.1068,22.8371
34.9787,38.9229,24.7484
29.6324,32.4164,24.4293
27.2078,28.8931,25.9661
23.5197,24.1507,23.5841
30.1744,29.4924,30.2178
37.8985,36.15,37.1348
30.7621,30.1315,28.1541
26.1593,29.2403,21.5851
22.1731,27.7696,15.577
22.9618,26.979,15.3605
21.3766,22.5067,15.4666
9.91599,10.8776,6.31488
12.5519,15.066,9.38739
20.6503,22.7176,15.8216
32.9348,32.4577,26.4641
42.7244,40.1194,36.7235
40.0648,36.946,34.5454
38.0696,35.8255,31.1508
26.7663,25.3109,18.5615
16.0166,14.0558,8.31082
13.4397,9.46092,6.18171
11.6178,4.81881,3.13537
13.5828,4.52978,4.44295
7.64716,-2.33031,-1.19389
4.46078,-4.62551,-4.80039
5.52757,-1.7204,-4.14572
1.44313,-4.50026,-8.17433
5.36928,0.256973,-3.72154
2.27542,-2.38271,-6.24274
0.353608,-4.53968,-7.53212
5.43809,0.145043,-0.503819
6.41455,1.0669,2.31507
13.6459,8.00321,9.95469
12.4824,6.29069,9.02268
6.30036,0.478483,2.87122
-1.78884,-6.69994,-7.28214
-10.4077,-14.9521,-20.1977
-5.3072,-9.22911,-17.1835
-3.96407,-7.21233,-13.0004
-1.55641,-5.68577,-6.11549
0.847462,-5.43537,-0.883895
-8.09386,-16.5985,-9.12648
-4.59819,-14.1872,-5.49501
-1.07016,-9.74086,-1.91949
-7.77279,-15.0237,-9.62556
-8.79304,-16.1418,-12.1259
-5.71757,-14.2477,-10.3104
-1.39141,-11.4466,-6.78034
-3.8655,-15.4987,-9.53115
-5.50325,-17.2321,-11.0752
-7.99166,-18.2294,-13.4373
-9.9652,-19.1963,-15.6292
1.22618,-7.67594,-4.40821
7.21662,-1.11981,1.51094
7.50884,-0.577343,0.250085
6.96022,-1.55097,-2.56751
3.92249,-5.09157,-7.49365
-0.609778,-9.97681,-13.1991
-13.1994,-23.1856,-25.8299
-18.9261,-29.1912,-30.6446
-12.2926,-22.3341,-22.7253
-8.96603,-19.878,-19.1289
-15.6171,-27.7673,-25.4723
-25.4123,-37.3332,-32.7809
-21.3857,-31.8706,-26.1592
-15.575,-23.7949,-19.6873
-17.24,-22.7125,-21.0667
-16.2983,-19.6168,-18.8437
-20.6278,-23.324,-22.313
-19.6831,-23.5298,-22.7403
-15.0828,-20.5766,-20.2548
-15.5797,-20.9961,-21.1876
-17.4521,-21.7244,-23.2132
-22.0458,-26.0942,-28.8874
-17.2143,-20.9295,-24.1929
-15.9207,-19.0128,-22.4707
-19.5869,-23.3154,-27.1873
-15.275,-20.4408,-24.2811
-13.1098,-19.1907,-22.1069
-12.1668,-17.4105,-20.2647
-17.2847,-20.3131,-24.3028
-15.9569,-17.4774,-22.1857
-2.84136,-3.41351,-9.02237
-4.32393,-3.81743,-10.9108
-8.73894,-8.29924,-15.8669
-13.3911,-14.6422,-21.4448
-18.7167,-21.9222,-28.0587
-10.9214,-14.8624,-20.6239
-4.66275,-8.05822,-13.5735
1.56936,-0.956187,-7.48097
2.73335,0.827007,-7.32631
0.299498,-1.08252,-9.21953
4.76634,3.97128,-2.71289
7.60936,7.16992,1.56054
13.8927,13.3611,7.36507
11.4959,10.4822,3.51228
2.95122,1.70705,-5.83055
6.40757,5.98758,-2.13435
10.0047,10.0753,2.34044
13.3228,12.3784,6.89809
11.3976,9.76043,7.35419
6.36155,5.24628,5.03968
9.33852,8.60424,8.67008
8.66253,7.62792,6.62243
10.4772,9.16836,6.72186
5.61482,4.60234,0.874127
-6.07008,-6.30304,-11.5456
-6.21171,-5.8829,-12.4043
-0.315016,0.26324,-5.27847
10.5758,12.2403,8.78953
6.08823,10.0966,7.18641
-12.5513,-6.01334,-9.63069
-20.4631,-12.0838,-16.592
-19.3488,-10.4075,-15.75
-12.3308,-3.66574,-10.8192
-12.7101,-5.00726,-13.9804
-22.0235,-17.3643,-24.6197
-24.6436,-23.6961,-26.5513
-22.7259,-23.6205,-24.013
-12.7454,-13.6837,-15.4649
-7.17175,-7.73763,-11.8913
-8.64238,-8.95406,-13.9661
4.70172,5.23142,-0.725597
21.3109,22.7474,14.2275
28.47,30.289,18.7471
17.1291,19.6113,6.48874
4.36832,7.75407,-5.54089
2.80886,6.04223,-7.22189
-7.68556,-5.45216,-18.2294
-6.39282,-4.45457,-16.1692
6.81194,9.0667,-1.18914
5.60488,8.20379,-0.260788
-1.54304,1.13909,-6.22226
-4.15855,-1.87626,-9.73363
4.37152,6.15822,-3.38294
12.4958,13.6855,3.408
13.9108,14.5367,4.85371
16.3113,17.0353,7.03036
10.4374,11.7121,-0.102804
9.87118,11.4359,-1.43112
10.8512,11.9901,0.454294
3.60902,3.87532,-6.02691
0.695276,0.746689,-10.082
-0.809256,-0.552685,-13.4347
7.72962,7.43572,-5.21428
16.7161,15.6428,5.09525
15.9844,14.9859,5.54008
6.3731,5.92639,-3.71519
-7.82035,-8.59445,-17.7184
-0.288143,-2.37462,-10.0047
8.57898,5.04079,-0.955326
2.97153,-1.56777,-6.06666
1.74606,-3.07627,-6.60229
-0.283452,-5.85078,-8.6476
7.12241,0.177696,-2.73349
11.5853,3.6307,0.00580975
3.91275,-5.08399,-7.55002
5.83152,-4.3793,-4.77415
4.64057,-6.04435,-5.71754
9.5762,0.0149035,0.149808
14.3025,6.23593,5.44347
9.58138,1.95594,-1.41959
9.1877,2.43626,-5.98142
-1.25329,-6.49631,-19.9422
-2.30293,-6.89398,-21.0882
3.39645,-1.55034,-11.7902
3.31234,-3.29709,-7.57045
7.86954,-0.731594,0.0510469
2.54558,-6.14391,-3.05806
3.56342,-4.14238,-1.10851
6.0508,-1.53418,0.498815
-1.40705,-9.0702,-7.87214
2.19283,-5.48054,-3.21114
-1.78254,-10.4152,-5.87321
-8.30342,-18.4684,-14.0895
-10.91,-21.926,-20.7142
-13.5083,-24.0722,-25.8386
-4.98785,-13.665,-16.3288
-6.72722,-13.1619,-15.1906
-6.60964,-12.0304,-13.4816
-5.75143,-10.5724,-13.906
-10.5896,-13.7449,-21.1847
-5.33553,-7.07141,-17.1503
-8.50038,-10.7726,-19.5766
-8.99314,-12.048,-17.2285
-8.95686,-11.6466,-13.876
-14.9373,-17.2893,-19.503
-12.4248,-14.4769,-19.9759
-16.4563,-18.055,-26.3438
-15.067,-16.958,-24.9345
-12.1781,-14.5773,-22.1677
-16.7668,-18.5845,-27.3054
-12.008,-13.4116,-21.0794
-19.1584,-21.7308,-25.1258
-27.012,-30.6778,-31.3688
-24.9443,-28.2944,-30.046
-17.6615,-20.1839,-23.6069
-1.12239,-3.36004,-6.5996
-1.28198,-3.54325,-5.75353
-5.3483,-7.4815,-9.34595
-11.0239,-13.6234,-14.8458
-22.3615,-26.2914,-25.6591
-20.7938,-26.0066,-23.683
-21.7695,-27.7332,-24.8526
-20.0588,-26.3065,-23.7006
-19.7364,-26.2598,-23.7524
-24.5441,-31.665,-28.9771
-20.6137,-28.3453,-26.1163
-30.3143,-37.6669,-36.4325
-37.1026,-42.4917,-42.4924
-35.3033,-38.7895,-40.5211
-36.4598,-39.5512,-43.1601
-26.1331,-29.8813,-33.9662
-26.2403,-30.727,-32.9399
-26.5475,-30.9998,-30.5141
-22.4245,-26.0304,-24.6866
-23.8719,-26.1271,-26.731
-21.1073,-21.8851,-25.3279
-29.3667,-29.3059,-33.7035
-29.9598,-29.9572,-33.4509
-21.9276,-22.7877,-25.5393
-20.2761,-22.1109,-24.3549
-13.3953,-14.5148,-15.9453
-15.2862,-14.3762,-15.235
-12.4433,-10.6138,-11.307
-6.59929,-5.12412,-5.76004
-9.55518,-8.03086,-8.88478
-3.52603,-0.516854,-2.90994
-5.15788,-0.223821,-4.66828
-2.46376,2.48794,-1.97291
2.49105,5.80243,2.85522
4.66714,6.62349,5.04705
17.4435,18.8328,18.0991
8.23482,10.1919,9.1085
-1.37045,1.6994,-0.592812
2.28131,5.17696,2.87026
2.15795,3.34719,3.15286
1.57958,1.35649,3.37201
-11.5974,-11.768,-9.46717
-10.7978,-10.3185,-9.06294
3.75289,4.60564,5.54457
9.70258,10.5958,12.686
17.5861,18.0511,21.5251
6.75328,6.51384,10.3032
-6.59724,-6.81219,-4.22852
-8.68717,-7.87789,-7.60924
-9.21635,-6.81265,-9.19389
5.36195,10.2894,5.69092
10.5564,18.0438,12.5196
13.3696,21.9178,16.5543
12.6844,20.5735,16.2903
2.15181,8.11709,6.55403
7.75225,11.4788,13.1836
6.22524,7.4323,11.722
6.53524,5.74529,11.3864
9.66891,9.1982,14.5362
0.104311,1.11715,6.04318
2.41024,4.02767,8.85553
2.08395,3.86807,7.48702
2.03449,4.50986,6.1598
-2.32161,0.726898,1.33681
-19.2556,-16.6747,-15.7477
-14.4184,-13.625,-10.932
-9.44629,-11.2277,-5.03249
-3.31209,-6.72915,2.97108
3.86074,0.806191,11.4496
-6.44101,-7.6539,1.69367
-3.91658,-3.73594,5.16677
-4.48214,-4.78988,4.78356
-3.48285,-4.35381,4.78249
2.94295,2.15715,10.6039
0.324766,-1.718,7.37456
6.8128,3.02385,12.5178
0.274404,-3.15753,4.98815
-6.11145,-7.66032,-1.4678
1.5998,1.38354,6.56515
2.90912,3.41415,8.82026
3.92381,4.89356,10.8004
-8.78759,-7.96722,-2.76913
-15.5249,-14.5749,-11.4793
-8.80113,-6.10558,-5.05868
-9.05417,-4.15273,-4.36365
0.635025,6.76372,5.43497
-2.70857,4.43205,1.79082
-6.78326,0.856893,-2.20645
-0.847867,5.68338,3.93184
-9.26629,-4.31464,-4.4873
-8.13168,-3.81217,-3.72088
-10.2092,-6.16923,-5.87144
-12.6855,-9.49856,-6.90369
-11.826,-9.36831,-3.86511
-17.6369,-14.9341,-8.65444
-7.76421,-4.60568,0.592664
-6.81525,-3.18101,-0.427803
-8.62714,-3.78056,-4.30672
-6.00317,0.0122346,-2.59588
-17.6083,-11.1066,-14.0823
-15.0949,-8.76668,-11.0294
-14.8829,-9.58563,-10.0227
-14.251,-9.92364,-8.44259
-6.14678,-1.34682,-0.805209
-10.2447,-3.92492,-7.24621
-4.57841,2.08999,-3.57726
-18.1655,-12.2198,-17.8363
-34.2871,-28.6579,-33.9711
-23.2237,-17.8184,-23.3347
-18.967,-13.0049,-19.8698
-11.9644,-4.97584,-13.1743
-14.4412,-7.38888,-16.3772
-22.9924,-16.4776,-26.0329
-26.7274,-21.6165,-29.4731
-39.4495,-36.3222,-40.3043
-39.0913,-36.6764,-37.7046
-39.4122,-36.4076,-36.9176
-41.1254,-38.3545,-39.0312
-39.8769,-38.8116,-38.0917
-56.7304,-56.8875,-54.8
-59.7906,-59.6559,-57.8315
-54.6966,-54.1832,-53.0371
-52.7962,-52.9817,-52.1711
-50.927,-51.6236,-51.0641
-62.2584,-62.0247,-61.7579
-59.1674,-58.3841,-57.2715
-55.8164,-56.0147,-53.0439
-56.3028,-56.9691,-52.6454
-55.4337,-55.9857,-50.7745
-68.1229,-69.9717,-64.0721
-64.1359,-67.9941,-62.0164
-58.1509,-62.9173,-57.6169
-58.2137,-62.4892,-58.3798
-56.7533,-60.0918,-56.7289
-68.2952,-70.5557,-67.5053
-65.5351,-65.0084,-63.5891
-60.9061,-56.9353,-56.8237
-66.0361,-60.7635,-59.5781
-72.2456,-67.5541,-66.1752
-87.9212,-84.9872,-85.0573
-85.4186,-85.1138,-84.4584
-80.8563,-82.6676,-79.4562
-77.3689,-79.8876,-74.5667
-68.0589,-70.0636,-63.3934
-74.9681,-75.6136,-69.6936
-73.26,-72.4573,-69.6988
-76.2462,-73.568,-75.2657
-78.5844,-73.699,-79.1151
-67.4634,-62.8283,-68.249
-70.7082,-69.0713,-71.2355
-71.6783,-72.3453,-71.4579
-79.9966,-80.4352,-78.7101
-88.7073,-87.49,-86.919
-82.3747,-80.0849,-80.725
-86.3873,-84.2433,-84.9184
-84.6242,-82.4103,-83.8275
-90.364,-87.8404,-91.572
-100.93,-98.5372,-103.705
-99.2027,-96.5417,-101.547
-108.303,-105.508,-110.064
-109.183,-107.307,-111.307
-111.237,-110.621,-114.068
-117.598,-118.086,-120.924
-125.772,-127.104,-129.31
-152.209,-153.908,-155.808
-166.398,-168.232,-169.853
-178.501,-180.677,-181.687
-190.438,-192.535,-192.905
-188.958,-189.894,-190.136
-192.533,-192.418,-193.442
-185.63,-184.851,-187.4
-183.207,-181.363,-184.745
-184.469,-181.716,-184.626
-175.45,-171.303,-174.552
-171.636,-164.888,-170.709
-146.534,-138.282,-146.513
-125.743,-117.902,-126.808
-117.374,-109.564,-118.877
-98.4305,-90.1327,-99.4368
-92.4744,-84.9453,-92.5928
-87.1762,-80.8069,-86.3435
-87.663,-81.5976,-85.8954
-82.4846,-77.1318,-80.3634
-61.4254,-58.0257,-59.7879
-51.9941,-51.0231,-51.4263
-36.6462,-37.214,-36.6845
-28.4556,-28.7037,-28.1282
-28.187,-27.1924,-27.804
-19.3845,-17.3769,-19.709
-21.9218,-18.8262,-23.2344
-12.3626,-8.39673,-13.902
-5.54385,-1.41151,-6.54024
-19.3177,-14.792,-20.8153
-29.6469,-24.94,-32.411
-40.7522,-37.0591,-44.7497
-44.2259,-41.3607,-49.1308
-55.5032,-53.597,-60.8608
-69.2301,-69.3178,-75.234
-75.9331,-77.4727,-82.1402
-102.735,-105.445,-107.876
-128.277,-132.52,-131.449
-151.796,-156.415,-153.067
-173.941,-177.949,-174.569
-184.891,-188.086,-186.154
-200.882,-202.21,-203.538
-205.403,-205.108,-210.038
-203.774,-203.633,-209.591
-196.639,-196.894,-201.897
-173.961,-173.514,-177.501
-158.229,-155.857,-160.701
-136.439,-132.639,-139.914
-115.248,-112.53,-120.847
-96.017,-95.4182,-103.062
-64.736,-64.0551,-70.721
-38.4133,-34.6672,-42.4891
-6.06528,0.998658,-10.9341
16.0425,24.6148,9.44125
27.0081,35.8719,19.9156
45.4946,53.9173,38.4995
54.0389,60.8299,48.0285
61.4403,65.8403,57.095
67.0319,69.7988,63.4899
79.0031,81.1515,74.034
100.786,102.889,93.3793
104.63,107.278,95.6472
100.228,103.035,90.9814
84.3706,86.7674,75.9135
69.7893,72.6983,61.8016
64.2119,67.414,55.8435
37.8485,39.4133,28.3921
25.7464,25.8466,15.2986
35.0923,35.3916,24.9626
44.4238,45.1883,35.5952
40.2001,40.4331,32.4567
-5.47414,-6.70704,-13.1263
-75.6944,-77.9719,-83.2151
-163.093,-165.548,-169.619
-253.544,-255.596,-258.653
-335.044,-335.687,-338.289
-413.635,-413.004,-415.909
-459.348,-458.417,-462.619
-483.5,-482.599,-488.757
-495.396,-494.474,-502.685
-485.391,-483.977,-493.497
-478.342,-476.282,-485.694
-465.574,-463.946,-472.254
-456.97,-457.378,-464.005
-455.499,-457.206,-462.686
-441.633,-442.335,-448.536
-427.877,-426.599,-434.849
-407.684,-403.949,-414.031
-398.126,-392.39,-403.564
-399.964,-394.046,-405.954
-397.239,-392.679,-403.663
-402.435,-399.725,-407.672
-403.312,-401.328,-407.342
-412.683,-410.2,-416.393
-430.574,-427.994,-434.701
-437.461,-435.265,-442.05
-445.383,-443.124,-449.325
-449.234,-446.321,-451.856
-479.5,-475.748,-481.704
-544.478,-540.258,-547.439
-609.729,-606.01,-613.603
-674.294,-671.195,-678.431
-709.876,-706.061,-712.713
-716.551,-711.561,-717.345
-698.741,-693.308,-698.475
-650.857,-645.713,-650.357
-594.73,-590.244,-594.934
-512.963,-508.562,-514.274
-416.288,-411.673,-417.73
-317.353,-312.351,-318.7
-213.534,-207.323,-214.948
-127.159,-120.084,-128.306
-39.4317,-33.2373,-40.6268
47.6656,50.7649,46.034
128.577,128.348,126.309
207.931,207.464,205.458
263.42,265.334,262.254
318.65,322.048,319.247
371.208,373.342,372.045
418.958,419.201,419.065
473.298,473.657,473.985
506.293,507.863,508.663
528.425,530.26,531.837
537.202,538.129,540.984
534.592,534.469,538.293
527.48,527.411,530.855
490.935,491.335,493.804
448.033,447.927,449.888
407.413,406.355,408.615
371.727,370.282,372.943
351.915,350.382,352.601
324.964,323.079,324.363
306.467,305.153,305.412
291.283,291.722,290.912
277.501,279.248,277.948
279.939,281.922,281.262
276.651,278.653,278.414
279.3,281.983,280.741
276.488,279.783,277.195
273.128,275.937,273.214
285.155,287.187,285.776
281.823,284.471,283.591
279.094,283.714,280.749
276.601,283.101,276.806
267.418,275.498,266.823
262.129,271.882,263.143
245.82,256.387,249.126
241.997,251.455,245.936
246.185,253.09,249.608
241.564,246.365,244.056
233.712,237.671,235.581
215.572,218.73,217.176
221.962,223.974,222.663
238.63,240.128,237.884
241.355,243.614,239.694
244.267,247.492,242.58
237.701,241.041,236.645
237.968,242.289,238.451
241.009,247.891,243.422
246.529,255.004,249.29
259.058,266.471,260.107
257.502,262.693,256.365
260.378,264.635,258.172
262.306,266.932,260.065
265.287,270.03,261.994
283.587,287.608,278.57
283.728,286.966,277.916
275.476,278.872,269.899
261.462,266.332,257.33
244.732,251.521,242.071
238.785,246.256,236.13
223.009,230.297,219.602
216.635,224.771,213.244
207.983,217.536,205.119
190.468,200.211,187.148
180.276,189.454,176.543
155.959,164.498,152.937
132.991,140.898,130.261
110.938,119.522,107.971
88.8948,99.3273,85.5902
79.2645,90.3462,75.3746
65.685,75.07,61.4876
59.9379,67.2566,56.348
47.3734,54.7907,45.7474
31.8075,40.3874,32.198
35.4009,43.1816,36.0226
32.4666,38.1698,31.7634
36.8317,41.9539,34.9651
39.7787,45.7107,37.7914
34.4922,41.359,32.8857
40.2378,48.2404,38.083
42.3606,51.2115,37.9806
52.6732,60.83,46.453
58.7608,65.1895,54.0792
54.9278,60.3988,53.9246
59.7502,65.8805,60.366
58.5048,67.0443,58.0282
59.9745,71.4394,58.0787
59.2456,71.7181,56.6362
62.7554,74.6362,59.7342
80.4937,91.8508,78.5958
81.9827,92.7328,82.6175
84.0279,94.6055,86.151
83.7155,95.8813,86.7531
83.016,97.4305,86.5921
94.8332,109.284,96.8061
87.9002,99.7955,87.2907
83.9926,93.1755,83.0475
86.2199,93.569,86.8387
84.9086,91.4573,85.4605
86.1001,93.7673,84.8434
73.8243,83.4258,71.7781
72.1727,82.9318,70.835
78.1744,89.898,77.2692
78.5533,91.0691,76.9243
79.8731,91.7891,77.5601
66.6276,77.4163,64.0472
61.7091,72.768,58.657
62.0054,74.4918,58.4754
59.3574,72.8954,56.0414
66.9935,80.5791,65.6094
64.8679,78.0054,65.7199
67.4578,80.3587,69.0706
67.7237,80.57,69.5677
62.4853,74.1206,64.1148
69.3857,78.6886,70.6084
70.0367,78.6079,71.2177
73.2168,83.6237,73.4406
70.1354,82.4101,69.0893
59.4582,72.6176,58.7204
62.4274,77.4435,62.8316
61.0758,78.0835,61.4274
55.0597,71.7777,54.025
45.5991,60.2359,43.8585
38.6232,51.0718,37.407
39.1712,50.5424,38.4555
32.8124,44.0272,32.2609
37.6705,48.8329,36.8369
43.2383,54.3196,41.3696
45.1815,55.9817,42.0111
49.8929,60.5038,46.166
39.879,51.6735,36.6055
40.6372,54.5484,37.4741
45.7435,60.5547,41.9731
45.2923,59.9736,41.4417
48.9346,64.2452,45.9349
52.0784,68.2303,49.6727
68.9966,84.4032,65.5513
76.0286,89.4519,70.909
69.4939,81.6702,63.1085
66.5138,79.1352,60.199
57.7498,71.0912,53.2225
64.0384,77.1974,60.8007
73.5231,85.7421,70.9877
74.8459,84.9128,73.0195
78.4169,85.4845,76.1607
71.1844,76.3807,67.2313
73.6241,79.4459,68.1939
77.8766,85.5373,72.0995
72.1133,80.5467,66.2583
67.0687,74.8144,61.7803
62.7049,69.416,58.9906
72.2805,78.2926,69.6024
72.2404,77.35,68.8547
69.6497,74.7244,64.2521
79.1073,86.0993,72.6488
74.5524,82.371,69.0541
67.1643,73.6065,63.1104
56.946,62.5141,53.3103
54.1071,59.8494,49.3331
65.5406,71.3908,59.0334
61.2722,67.3268,53.8775
54.7659,61.7077,47.2468
48.6503,56.6044,41.1567
47.5519,56.5211,39.6494
54.369,64.3329,45.4923
43.6375,53.7841,33.8582
32.7929,43.3832,22.8741
19.1463,31.5138,10.1378
11.0912,24.4731,2.71482
15.5766,27.4625,6.41723
4.1797,13.6368,-5.63663
-6.63662,1.42631,-15.1324
-15.2133,-7.2021,-20.8226
-18.1531,-8.5232,-21.7004
-11.5209,0.488109,-15.0742
-17.0988,-4.02753,-21.8663
-20.1082,-7.53494,-26.6507
-24.7745,-12.9355,-32.4158
-26.4091,-14.0589,-33.1167
-18.6746,-4.45694,-22.749
-25.6078,-9.99244,-27.3031
-29.5925,-14.8909,-31.069
-38.8195,-26.3257,-41.2231
-54.015,-42.8841,-56.5949
-66.4014,-55.3594,-67.942
-88.9775,-77.7322,-88.4859
-103.697,-93.0243,-101.684
-124.451,-114.751,-121.713
-148.842,-139.387,-145.444
-168.089,-157.757,-164.794
-193.115,-182.05,-191.118
-213.261,-202.666,-213.596
-247.231,-237.743,-249.6
-278.78,-270.5,-281.542
-293.864,-286.831,-295.079
-312.838,-307.137,-312.008
-316.956,-312.327,-316.331
-323.35,-319.363,-324.345
-330.572,-326.392,-332.145
-323.473,-317.871,-324.673
-326.26,-319.207,-327.457
-325.498,-317.719,-327.431
-332.459,-324.734,-334.707
-336.455,-329.865,-338.3
-327.478,-322.028,-328.635
-338.446,-333.208,-338.602
-349.176,-343.926,-348.805
-358.592,-352.995,-358.155
-356.017,-350.03,-355.387
-343.804,-338.686,-343.964
-350.401,-347.077,-352.757
-348.349,-346.389,-352.711
-352.07,-349.854,-356.112
-364.685,-361.286,-366.729
-370.762,-367.441,-372.396
-392.559,-390.563,-395.67
-414.288,-413.388,-418.295
-445.37,-444.945,-448.467
-475.538,-474.854,-477.443
-482.063,-480.635,-484.203
-481.24,-479.39,-483.881
-458.026,-456.442,-460.814
-439.782,-438.778,-443.541
-427.024,-425.987,-432.215
-392.959,-391.192,-398.563
-352.699,-350.184,-357.355
-304.734,-301.763,-308.464
-275.327,-273.321,-278.921
-263.099,-263.982,-266.794
-253.59,-256.376,-257.038
-250.645,-252.342,-253.176
-219.471,-219.432,-221.061
-178.202,-177.45,-180.155
-138.364,-136.732,-141.835
-86.6576,-84.4623,-91.2764
-38.5456,-37.0181,-43.7758
25.2421,26.8989,20.074
79.0041,81.6655,74.878
102.597,104.77,98.9184
99.5217,100.838,95.3859
63.0678,64.7986,59.4231
37.6228,39.5773,35.4762
21.6136,22.8316,21.0867
8.27458,7.94429,9.02968
2.05248,0.161326,3.51252
-13.9594,-16.3777,-11.9184
-19.0218,-21.6543,-17.4206
-27.1463,-30.2638,-27.5497
-36.5915,-40.7133,-39.3828
-31.6825,-37.964,-36.0543
-32.4202,-40.9766,-36.0485
-20.7752,-29.5814,-21.6169
-11.8299,-19.8156,-10.5466
-4.23049,-13.2676,-3.12779
12.5996,1.58176,12.3317
13.3395,1.72325,12.4868
24.5512,13.2501,23.7543
39.8121,29.218,38.6715
56.5923,46.4927,54.8051
66.9821,56.1368,65.1963
52.2819,39.9984,51.7494
58.309,45.3254,59.0714
65.3792,52.2739,66.6723
58.4953,45.3012,60.6068
49.7803,37.4902,53.0256
27.6829,16.4413,30.7661
29.4493,18.2522,31.4037
39.1713,28.2951,40.4464
41.4713,31.5423,42.3361
46.2087,36.7024,46.8532
28.5955,19.1361,28.9753
11.7006,3.06885,11.6238
-11.7158,-19.3528,-12.1548
-34.5282,-41.6435,-35.0604
-39.8161,-45.4501,-40.114
-56.7052,-59.8019,-56.9127
-61.9332,-63.4611,-61.83
-75.3743,-76.6869,-75.3818
-94.498,-95.5598,-95.9758
-95.0553,-95.874,-98.2123
-113.232,-114.721,-117.938
-130.91,-133.141,-137.25
-152.367,-154.369,-159.945
-172.286,-173.261,-179.65
-176.518,-176.392,-181.42
-204.964,-204.493,-207.343
-236.974,-236.765,-239.428
-266.535,-266.85,-270.452
-291.079,-292.221,-295.486
-297.591,-298.736,-300.909
-321.3,-320.752,-323.458
-341.407,-339.233,-343.989
-353.524,-351.839,-356.984
-348.899,-349.085,-352.066
-317.771,-319.357,-320.336
-309.488,-311.101,-311.996
-303.567,-304.17,-305.905
-298.384,-298.688,-300.82
-293.278,-294.801,-296.475
-265.54,-268.454,-269.788
-233.336,-236.87,-238.543
-185.818,-190.152,-191.487
-159.305,-164.174,-164.857
-158.647,-161.642,-163.566
-146.115,-146.299,-150.484
-146.682,-145.968,-150.807
-145.783,-145.534,-149.131
-148.141,-149.109,-150.638
-151.36,-154.173,-154.789
-139.279,-143.367,-145.822
-147.432,-151.877,-156.545
-146.714,-150.854,-155.496
-139.263,-143.12,-146.402
-137.919,-141.763,-143.413
-128.429,-132.478,-133.057
-133.416,-138.325,-138.748
-129.782,-135.62,-135.544
-123.477,-129.113,-128.067
-114.901,-119.149,-117.634
-97.1231,-100.391,-97.9728
-106.987,-110.866,-106.509
-114.242,-119.534,-114.267
-115.154,-121.066,-117.163
-116.832,-121.565,-120.608
-109.196,-111.866,-113.468
-119.639,-121.949,-123.963
-118.612,-122.784,-123.879
-111.616,-117.25,-117.306
-104.907,-110.646,-108.712
-83.2521,-89.511,-85.0476
-80.2746,-87.0082,-82.4504
-71.5415,-77.5683,-75.1176
-57.2335,-62.0654,-61.1537
-36.6743,-40.2684,-40.4122
2.21851,-0.96721,-2.5064
23.8016,19.9251,17.6089
51.747,47.326,44.8874
80.5129,76.0266,72.8493
102.427,97.8636,93.3707
136.649,132.559,126.823
156.862,153.908,147.153
179.196,177.266,170.341
184.354,183.342,176.87
163.713,163.149,156.971
147.008,146.469,139.796
114.61,114.622,106.959
93.4415,94.3803,87.2159
70.2126,71.5303,65.424
44.4083,44.4788,38.8307
51.6438,49.3901,44.2241
56.8498,53.9788,48.0474
73.3618,72.2482,65.3189
95.6225,96.5925,90.9392
115.895,118.237,114.604
154.636,157.475,154.433
179.668,181.843,178.513
205.81,206.793,203.631
230.839,231.634,228.933
242.656,243.977,240.687
259.832,260.337,256.453
259.325,258.476,254.542
257.085,256.21,251.656
245.857,245.486,241.041
226.03,226.451,222.334
231.045,233.695,227.541
234.235,240.16,230.343
254.336,261.993,250.45
284.702,291.285,280.751
308.639,313.294,303.698
341.866,345.003,335.91
360.35,362.521,354.342
388.074,389.832,382.612
425.195,426.251,420.213
465.138,465.14,460.42
519.809,518.856,515.507
549.515,548.092,545.815
560.846,560.5,558.579
546.82,548.986,546.799
505.521,509.481,506.336
470.037,474.874,470.364
428.726,435.736,429.641
411.118,420.847,413.594
400.946,411.457,403.785
371.851,381.342,373.346
358.842,367.037,358.716
345.829,352.876,343.712
341.635,347.953,337.409
335.986,343.114,331.048
319.409,328.419,314.764
317.611,328.352,314.368
305.679,317.684,304.745
299.771,311.74,299.919
303.873,314.41,303.778
304.074,314.382,303.913
311.42,323.513,311.607
303.793,315.771,303.788
302.598,310.9,301.441
310.771,315.376,308.222
314.43,317.887,311.372
326.973,331.143,325.334
312.62,318.265,312.64
287.934,294.48,287.92
273.894,280.339,273.711
265.128,272.589,265.755
273.565,283.107,275.395
266.718,277.122,269.251
254.653,265.077,256.342
245.457,255.865,244.944
230.346,239.831,227.505
223.678,231.29,219.85
211.641,218.418,209.463
210.186,217.627,210.519
215.774,222.503,215.788
218.246,222.488,214.828
229.172,231.686,222.87
225.068,227.312,218.474
222.89,225.771,216.875
231.011,233.67,225.372
230.706,231.302,225.01
233.292,231.834,227.058
233.075,230.355,226.621
237.254,233.813,231.749
243.329,240.65,240.137
249.536,248.471,247.771
265.414,263.979,262.963
269.762,265.751,266.392
276.106,270.138,271.893
282.136,276.749,276.525
279.466,276.962,272.796
272.811,273.903,266.335
244.172,248.41,239.278
215.014,221.398,211.833
190.704,196.834,188.576
170.934,174.399,169.753
163.157,163.636,162.002
145.353,143.801,142.611
126.758,125.111,122.151
109.322,109.517,104.048
93.4265,95.974,89.0578
88.5312,92.5227,86.389
77.4159,80.997,77.0456
70.5844,73.0351,69.0033
60.5326,62.2305,56.0074
47.0489,47.8089,41.9408
48.4086,48.4568,45.299
44.8431,44.7799,43.13
43.3334,43.7771,41.4587
40.5403,42.6657,38.3114
36.4704,40.9675,34.3745
41.6251,48.0855,40.4129
41.7712,49.1923,42.0001
40.9669,48.4826,41.4319
31.578,38.28,31.4228
26.2376,31.5148,26.1657
33.8342,38.022,33.9639
29.7982,33.1263,29.5708
30.7719,33.1845,29.8173
35.392,37.0336,34.3979
38.6696,40.6607,38.4596
44.0688,47.9784,44.0695
33.2711,39.0572,33.0327
31.3304,37.7138,31.8591
30.0561,35.5093,32.3043
23.1742,26.2534,26.7122
27.8509,28.2509,31.5357
20.0083,18.9303,22.9018
14.1819,12.7193,15.5883
11.0978,9.36987,10.8935
11.4152,9.71993,10.3803
14.684,13.3706,13.6552
1.12778,-0.210881,0.0124537
0.473133,-0.663534,-1.66817
-0.841139,0.0358258,-3.54199
-7.65913,-3.69902,-9.41805
-2.5646,3.19816,-4.09255
-5.02276,0.996894,-7.88403
6.24015,12.6567,2.30261
13.7242,20.8468,9.22687
5.56991,12.754,0.0673814
10.0533,17.7588,3.75202
6.21229,15.4124,0.117474
9.11564,18.8867,3.61254
12.0256,21.0756,6.18799
10.7006,18.4596,4.00715
28.5563,34.9897,22.2785
33.6093,39.4818,28.3805
36.1048,41.7771,31.0988
37.1834,42.5228,32.526
37.7658,43.1994,34.4087
50.5316,56.594,48.5754
46.3253,52.7108,45.2503
42.9565,50.0411,41.5258
41.1671,49.9294,38.3726
38.6074,47.607,35.5992
49.1574,57.1097,47.6667
46.6279,55.1271,46.5849
44.6183,54.2667,45.2866
40.1852,49.6686,41.3512
35.7409,44.9444,36.5108
47.8162,57.3237,47.188
44.5315,54.2324,43.0311
43.2046,53.0905,42.0771
41.9132,51.6352,41.6527
40.9567,49.5327,40.7129
55.619,62.7951,53.9514
52.1802,59.1018,48.862
50.6165,58.9413,47.1318
53.1253,62.7277,51.2062
52.0159,61.4052,51.5802
61.6079,70.6615,61.2322
60.0523,69.2005,59.5351
61.1719,70.5741,61.2558
55.9467,66.2048,55.6833
36.2294,47.46,33.9273
26.5458,38.259,22.3403
17.5979,29.2972,12.3774
25.5594,36.8655,19.9188
26.8354,37.3364,21.5142
10.195,19.122,5.90011
4.21132,11.6997,1.23611
-8.20263,-0.838435,-10.498
-14.3523,-7.18234,-17.5409
-21.5735,-15.7097,-25.9393
-31.1915,-26.7993,-36.0482
-39.0405,-36.0443,-45.8213
-71.355,-70.094,-81.4472
-96.6267,-97.0033,-107.816
-120.004,-120.982,-129.26
-156.055,-156.481,-163.24
-185.347,-184.546,-191.432
-223.538,-222.26,-229.084
-254.585,-254.444,-260.02
-285.363,-287.071,-290.801
-322.118,-325.429,-327.588
-355.483,-359.69,-360.757
-413.614,-419.091,-418.282
-469.583,-477.519,-473.453
-529.645,-539.112,-532.196
-597.915,-606.591,-598.013
-650.401,-657.935,-648.553
-715.927,-723.129,-714.164
-764.149,-771.01,-763.896
-791.435,-797.538,-793.485
-818.598,-823.172,-822.715
-823.615,-826.393,-828.451
-813.585,-816.128,-817.866
-766.305,-769.939,-769.429
-691.724,-695.444,-693.757
-612.518,-614.776,-614.265
-524.182,-525.195,-526.232
-465.309,-466.072,-467.298
-418.234,-417.927,-419.581
-377.493,-375.466,-378.991
-345.955,-344.235,-349.212
-294.478,-295.285,-299.94
-259.743,-263.353,-266.355
-228.572,-234.057,-235.123
-193.806,-199.685,-200.704
-171.98,-176.738,-179.432
-134.375,-137.923,-141.326
-91.0514,-94.3058,-97.2153
-31.5193,-35.7169,-37.4674
37.4003,31.0739,31.0462
104.116,96.994,97.1579
197.776,192.839,190.677
301.35,299.362,294.758
415.356,414.93,410.34
519.948,520.174,517.204
579.919,580.101,577.676
615.42,614.979,612.024
624.744,624.507,621.092
629.281,629.711,625.886
618.516,619.868,614.812
569.878,573.083,566.091
529.861,535.072,526.691
493.22,500.457,490.675
459.381,468.285,456.635
426.832,435.906,423.241
385.189,393.234,380.235
360.825,367.338,354.347
335.52,340.337,329.177
309.155,313.13,304.415
285.93,289.951,282.5
260.353,264.235,258.362
252.393,256.628,252.218
237.307,243.704,237.375
215.388,224.572,213.901
197.189,207.39,194.257
171.044,181.231,167.725
156.672,167.455,154.112
143.332,155.006,141.178
131.87,144.744,129.004
117.859,132.136,114.691
90.5795,105.013,87.3644
72.5813,84.9622,68.7002
49.2613,59.7592,44.318
34.9064,46.5773,28.7841
30.1305,44.7441,23.4834
11.4107,28.2328,4.95065
-0.886761,16.8112,-7.16606
-15.4582,2.32725,-21.3088
-29.797,-12.3864,-34.9827
-41.9248,-25.3565,-47.2805
-61.1479,-45.0546,-67.8777
-69.6412,-53.0942,-76.5947
-83.6322,-66.4978,-88.2432
-97.1176,-79.6153,-99.2988
-101.784,-83.507,-103.596
-109.159,-89.7837,-112.684
-103.096,-82.7542,-108.182
-103.624,-82.4119,-108.729
-106.648,-85.1612,-111.617
-106.592,-86.1331,-111.486
-113.683,-94.4162,-118.496
-109.197,-89.9165,-114.372
-112.972,-92.4956,-117.702
-117.944,-96.1154,-121.053
-116.654,-94.7848,-118.687
-123.987,-102.586,-126.377
-121.184,-99.7613,-124.925
-120.141,-99.2896,-125.502
-114.916,-95.574,-120.584
-98.568,-80.5585,-102.422
-87.8455,-70.0371,-90.0463
-63.4508,-45.7023,-65.2207
-37.7736,-21.5235,-40.1765
-10.7986,3.11616,-15.362
19.5267,32.0399,13.0337
36.5884,48.9639,29.2338
60.4336,72.2518,52.3465
77.068,86.6832,67.925
86.8366,94.2563,76.6438
97.7408,105.526,87.442
100.254,110.195,90.4423
111.298,122.283,102.855
116.895,127.32,110.345
117.307,127.372,110.717
118.394,128.959,110.301
110.699,120.988,101.429
117.51,126.449,108.136
125.775,134.375,117.278
128.695,137.388,120.469
133.485,140.707,124.846
126.926,132.634,117.963
127.153,132.359,117.223
129.639,133.769,118.991
129.369,131.211,120.712
128.775,128.083,123.77
120.449,118.221,116.967
116.322,113.856,112.017
109.615,107.046,104.764
103.463,100.004,98.7717
98.5732,93.2853,94.2954
88.2411,79.4502,83.8161
84.7491,72.7617,79.4634
78.9999,66.7963,72.5914
75.5051,64.0465,66.7155
76.688,64.7354,66.2294
70.4478,57.7902,61.781
71.2338,58.6401,66.1799
73.7699,61.5435,70.3035
76.781,65.0865,72.1517
76.6575,64.8847,70.2362
62.4567,49.204,54.409
56.2161,41.3675,48.7021
63.4812,47.6051,59.2613
83.7876,67.3689,81.7189
93.9981,77.6692,91.1739
79.154,63.4273,74.6456
71.1282,56.4545,65.4343
71.3773,57.5328,64.5864
73.8634,60.3591,66.0328
74.9956,62.0162,67.5874
69.5548,57.5143,63.3432
70.4327,57.9756,64.4804
65.1914,50.4809,59.2138
57.6199,41.9221,51.6153
57.8364,43.2123,50.6564
51.7884,39.0837,42.32
48.5545,37.8602,38.0113
44.1774,34.2763,34.9949
42.4151,32.5167,35.8523
41.1526,32.0793,37.2902
31.1566,23.8254,28.5702
29.7082,23.4872,26.55
26.5563,20.5809,22.9285
26.153,21.3927,23.478
33.8752,31.4098,33.5084
35.764,35.3665,38.0101
39.0616,39.7384,43.1468
34.7617,35.3693,39.4205
28.651,28.8514,32.2699
31.1301,30.2979,33.5899
30.302,27.507,32.3144
31.9835,27.989,34.0505
26.6524,22.8151,29.2806
23.4196,20.578,26.5466
28.8401,26.9112,32.6798
24.9127,22.3289,28.7004
24.1055,19.5023,25.8588
23.8938,17.0177,23.4158
26.114,17.1424,24.6902
30.3176,19.6676,29.252
25.2474,13.8043,25.3228
21.212,9.82498,21.5048
13.3193,1.90199,12.4357
11.395,0.201998,10.0242
20.8303,10.6495,21.3381
21.825,11.9911,24.3811
24.3067,13.3211,26.7014
24.7221,12.2111,25.4023
24.5374,11.2175,22.7562
28.5592,15.0655,24.8923
25.694,12.4335,22.0845
32.1779,20.2783,30.0414
39.8922,30.7654,39.0787
44.701,37.8792,44.0234
51.4316,44.6998,50.0288
49.4383,41.6455,47.7086
45.6869,37.8599,44.4817
40.759,33.1727,39.4927
40.5769,31.1999,37.653
42.9986,31.0247,38.4599
36.7057,24.0209,31.6095
42.3111,30.2756,37.6143
61.2793,49.1384,57.8353
68.3116,55.606,64.8789
58.8336,46.7423,54.5936
49.0575,38.8018,44.4236
49.4203,40.9132,43.0728
42.3264,35.2069,34.371
33.7543,28.2962,26.1147
34.8182,30.4952,28.0808
37.5663,32.8344,31.4736
43.2966,37.1017,37.0419
37.5252,29.5625,29.8716
30.5434,21.263,21.2198
32.4284,23.0773,22.7748
37.815,28.8138,28.7633
46.9955,37.6641,37.7884
43.6074,33.3795,34.1277
40.45,28.9114,31.1484
43.4565,30.5272,34.3601
44.6718,31.4685,36.7445
50.0862,38.3338,44.6489
47.0143,36.9132,44.165
43.264,32.8432,40.7128
45.5927,33.6411,40.863
43.4828,31.0099,36.6702
41.1019,28.931,33.3338
31.0188,19.6212,23.1275
22.6558,12.8663,15.1398
19.1619,11.0882,12.903
15.7521,8.84134,11.5708
17.6819,11.5971,14.677
9.49413,3.76695,6.3714
3.20136,-3.33568,0.211911
2.61449,-5.60002,0.680799
-1.32134,-10.8584,-2.97687
-0.583778,-10.6908,-3.83145
-3.86845,-14.1876,-9.06682
-2.41214,-12.6817,-8.89208
0.474902,-9.23986,-6.16134
-10.2547,-19.1273,-16.3096
-17.6714,-25.8437,-23.6697
-26.1888,-33.5247,-32.0833
-35.8238,-41.2891,-41.0494
-36.2567,-39.722,-41.3303
-26.5049,-30.286,-32.6434
-7.97845,-13.9097,-15.6311
-2.33921,-9.69239,-10.5378
-3.60635,-10.6963,-11.324
-6.58511,-12.9941,-13.4004
-18.4878,-25.3272,-23.7576
-29.7506,-37.6662,-33.1813
-33.2452,-42.5985,-35.5777
-19.7561,-31.3306,-22.4701
-11.5187,-24.9607,-15.6222
-16.4087,-30.3061,-21.5603
-13.2856,-26.7116,-18.3285
-12.8429,-25.6913,-16.7198
-10.1411,-22.1261,-13.467
-5.59775,-16.2232,-9.71137
-7.8801,-17.7309,-13.2334
-4.11823,-14.0067,-10.8449
-8.58676,-18.0481,-16.1306
-14.1263,-22.2594,-21.6339
-15.5851,-21.9549,-22.674
-24.1158,-28.9855,-31.46
-31.8428,-35.4242,-40.4617
-46.2627,-48.0245,-55.3331
-43.8252,-43.6934,-52.2223
-24.3791,-23.2497,-31.9976
-14.9514,-13.7914,-21.5155
-11.7823,-10.537,-17.6557
-20.0561,-18.0936,-26.3679
-24.6333,-21.9599,-31.7863
-23.679,-20.9505,-30.8185
-31.1138,-29.1813,-37.5045
-34.6734,-33.6991,-41.0243
-36.2342,-36.7008,-42.9738
-27.8077,-30.3901,-34.5315
-17.3465,-20.6514,-24.1816
-19.1197,-21.9351,-26.235
-16.5181,-19.4234,-23.9505
-20.0728,-22.772,-28.0005
-20.143,-21.1865,-28.6694
-16.2773,-15.2834,-25.756
-23.21,-20.9451,-33.5357
-26.5823,-23.4884,-36.8614
-31.775,-28.4776,-41.6703
-28.9442,-26.612,-39.3647
-23.118,-21.7419,-34.3523
-27.7503,-26.8107,-38.678
-28.2015,-28.1921,-37.8854
-31.1102,-32.1856,-39.4042
-29.5506,-31.6117,-37.8111
-25.7888,-29.7247,-35.0714
-31.5826,-37.3663,-41.3117
-31.4932,-36.9269,-41.3969
-35.2567,-38.9285,-45.6651
-36.9319,-39.8813,-48.1432
-34.5759,-37.4367,-46.3157
-39.7948,-41.5905,-51.146
-42.4151,-42.9492,-53.1018
-46.6292,-47.0972,-57.2144
-38.2131,-39.1288,-48.6192
-36.9516,-37.1439,-46.7895
-51.5813,-50.3235,-60.6015
-44.6957,-42.8155,-53.2891
-38.774,-37.3042,-48.7839
-37.3051,-36.6175,-49.2467
-32.6966,-32.0284,-45.0872
-36.3367,-34.6809,-48.4455
-31.6798,-28.7804,-42.8811
-28.1383,-24.6851,-37.5681
-24.2398,-21.3811,-32.5004
-20.8771,-19.6173,-29.6527
-29.1316,-29.476,-38.9597
-25.0934,-25.4786,-34.6349
-23.5811,-23.2969,-31.6577
-23.0917,-22.9669,-28.9422
-17.2418,-16.7876,-20.1803
-17.3495,-14.8673,-18.3522
-8.64384,-4.06854,-9.32512
-21.9125,-15.857,-22.2455
-40.6944,-33.8115,-40.1091
-42.2525,-36.5883,-41.2373
-55.7409,-52.9205,-55.6665
-63.2285,-62.8722,-65.1956
-65.3084,-65.19,-68.7371
-59.4885,-57.7166,-63.1653
-46.4554,-43.7928,-50.1426
-52.9703,-50.9688,-57.1926
-60.9737,-59.0734,-65.6741
-66.9479,-63.0386,-71.4281
-66.4073,-59.6579,-70.7231
-59.0076,-50.1918,-63.3617
-65.2032,-55.106,-69.1463
-61.7626,-51.2566,-64.1665
-55.7879,-46.2564,-56.2777
-48.2071,-40.1549,-47.9691
-38.4927,-30.6046,-38.3012
-52.7021,-43.9011,-52.6547
-57.6439,-47.9926,-57.695
-56.6862,-46.205,-55.9197
-56.1393,-46.0312,-53.8806
-41.4651,-34.055,-39.2636
-38.4457,-33.114,-38.1134
-37.3768,-31.6113,-38.6335
-39.07,-32.2219,-40.8855
-45.3333,-36.8532,-46.6291
-40.5262,-30.1428,-40.5556
-37.5714,-27.4643,-37.1653
-31.137,-23.5691,-30.9401
-30.3554,-25.2797,-30.4819
-35.4517,-31.5954,-36.772
-30.9142,-26.7307,-33.3067
-35.1235,-28.9666,-37.1051
-29.5486,-21.5506,-29.4948
-18.7073,-10.8154,-17.1806
-23.3448,-17.2456,-23.2971
-22.8948,-19.3063,-25.6437
-20.7761,-18.8286,-25.4113
-11.6492,-10.1679,-16.699
-5.66248,-4.9361,-9.98617
-9.76147,-10.1809,-13.4053
-9.0062,-9.54955,-11.8616
-12.4075,-11.9706,-13.8824
-11.4813,-10.5234,-11.7112
-12.4577,-11.8043,-12.0352
-20.0846,-19.4272,-19.1689
-22.1458,-21.0921,-20.2997
-27.1433,-26.1974,-24.6693
-27.4095,-26.5071,-24.8193
-28.2472,-26.5004,-26.1658
-33.5243,-31.3763,-33.8602
-26.141,-25.0623,-29.1441
-23.7378,-24.3519,-28.2213
-28.3545,-30.0313,-34.2398
-31.0037,-32.6049,-37.6369
-34.2141,-35.1284,-40.4678
-33.1032,-32.9127,-39.0465
-34.5097,-33.312,-40.9986
-33.4845,-32.4962,-40.4224
-34.4289,-34.3976,-41.2987
-33.1696,-33.1017,-40.4862
-18.6487,-17.3602,-26.088
-8.4505,-5.86039,-14.999
-4.8167,-1.32602,-10.7884
-10.3368,-7.12153,-16.1769
-21.1698,-19.1699,-26.45
-22.4658,-21.0225,-26.5815
-17.1027,-15.3327,-20.3516
-6.89976,-4.61497,-10.145
-5.19694,-2.44985,-8.21765
-17.2978,-13.1008,-19.2004
-26.5102,-19.5199,-26.7229
-27.8699,-19.2224,-27.467
-17.2439,-9.15661,-18.5725
-11.6549,-4.69943,-14.7487
-19.2517,-12.6962,-21.8414
-20.414,-13.9393,-21.5099
-15.136,-10.316,-16.5496
-1.49112,1.02268,-5.07135
4.97516,7.23472,-0.838843
-4.01719,-0.270013,-11.9088
-11.4078,-6.06709,-20.1309
-14.3697,-8.28303,-21.7229
-7.9969,-1.70919,-13.1442
-1.57946,4.36674,-4.81646
-3.12646,1.7002,-5.42554
-5.92567,-1.45111,-8.37431
-11.1529,-5.73159,-14.1149
-5.56349,0.720699,-8.13531
0.844093,7.92023,0.510738
-9.18026,-0.420089,-7.18255
-18.2174,-8.25212,-16.1946
-21.5216,-12.0119,-21.7275
-17.5146,-8.41423,-19.664
-19.266,-9.00374,-21.3785
-28.2136,-16.2986,-29.8206
-27.7154,-15.9038,-29.5427
-23.3948,-13.2702,-26.3043
-14.4466,-5.23757,-18.5855
-12.8297,-3.02297,-16.3576
-22.2035,-11.8049,-24.0941
-25.5926,-15.3369,-26.3699
-19.8482,-10.081,-19.5347
-14.2843,-5.88581,-13.2347
-19.6028,-13.1412,-18.525
-20.8643,-15.2247,-20.5925
-13.7939,-7.99123,-14.8351
-9.47696,-3.39515,-11.3856
-0.288923,6.66137,-2.83357
1.57424,9.67582,-1.33193
-0.931826,8.24866,-3.03773
2.08607,12.637,2.0842
-3.24535,8.32962,-1.20979
-2.53201,9.91445,0.0829889
-0.104744,13.0004,1.47966
-3.83068,8.36144,-4.49694
-7.01095,3.48826,-9.33224
-8.89065,0.898148,-10.5959
-0.915928,9.11979,-0.950119
-1.34603,8.63411,-0.255622
-6.00504,2.6948,-4.8889
-5.11286,1.44841,-5.21457
-9.21298,-4.95359,-10.4931
-6.75407,-4.09563,-8.24787
-5.24953,-2.89153,-5.9419
-8.49114,-5.89217,-7.62616
-12.2492,-9.52161,-9.90391
-22.9386,-20.4877,-20.1724
-18.5764,-16.5302,-16.8516
-3.49335,-0.863526,-2.4334
5.08684,9.4431,6.86641
6.77834,13.7222,9.25049
-1.01259,8.7461,1.82248
1.35786,12.458,5.13149
4.8547,15.2123,9.56516
3.20779,11.7666,7.86906
5.68642,13.1794,10.2543
5.89196,14.6699,11.0997
11.3179,22.2517,16.9177
14.0857,25.78,18.9822
10.9368,23.177,14.945
6.38793,20.0566,11.101
1.23134,15.844,7.32063
9.20099,23.3901,14.8103
12.2273,25.9011,15.9783
3.52294,17.8924,5.296
2.9293,18.2416,3.21448
7.61518,23.3121,7.93155
17.2657,33.3851,18.4822
16.0369,31.8333,16.71
7.24265,21.6749,6.07859
5.6712,18.8235,3.9938
5.77009,17.279,4.97677
13.526,23.2505,13.1385
17.1431,25.9277,17.0562
21.6138,29.148,22.7309
25.0823,30.1544,26.7037
14.6879,17.572,15.5744
11.8007,14.4023,12.0938
7.15937,11.4041,7.42047
3.03162,9.66109,3.15555
10.2935,18.6209,9.06957
9.37953,18.4051,6.40304
8.00488,16.7017,4.39193
0.276404,7.48228,-3.2462
-6.58087,-1.09396,-10.3073
-2.36788,2.26912,-5.60424
-12.0236,-7.00513,-13.5451
-19.0244,-13.0981,-20.0283
-19.8989,-12.9874,-21.963
-8.61164,-0.763419,-11.3516
11.8477,20.3249,8.90928
7.35081,16.6374,3.98671
4.11052,14.1529,0.734067
5.558,15.7251,3.38266
3.23323,12.8038,2.1802
9.10965,17.6692,7.25609
12.7537,21.1723,8.35098
15.7346,25.6913,8.43469
3.91777,15.7531,-4.90481
-12.5049,-0.261445,-21.0866
-10.7496,0.492012,-18.1026
-4.93258,5.39271,-9.94508
12.7136,22.5293,9.85383
21.8635,30.0102,18.0184
12.5839,17.8558,5.26788
5.54491,8.63871,-4.72243
-4.51331,-2.73782,-16.4583
-1.86587,-1.46578,-14.5226
-1.69686,-1.94235,-13.9419
-7.8091,-7.57894,-18.408
-5.41625,-4.42821,-14.067
-11.4802,-9.28648,-18.6652
-12.7103,-9.5912,-19.3456
-19.9708,-16.375,-26.8762
-38.7994,-33.117,-45.8735
-42.8561,-35.2243,-50.0983
-34.6802,-27.9104,-42.3438
-14.378,-9.44687,-22.6437
-4.19916,-0.844265,-12.7053
-7.28786,-6.02173,-14.4408
-3.87117,-4.85009,-9.46371
-5.71691,-7.68502,-11.4834
-1.47518,-3.23038,-7.40549
0.772287,-0.495176,-4.72367
-0.605504,-0.875562,-6.76188
-2.28276,-0.802926,-9.6038
-22.7089,-19.2873,-30.7577
-25.9191,-21.8244,-35.2681
-17.3065,-13.4426,-28.0332
-18.4075,-12.9997,-28.7567
-17.2823,-9.75459,-25.9972
-25.8134,-19.3741,-33.2033
-26.9338,-22.9977,-33.8008
-26.4573,-22.6541,-33.4575
-29.9722,-24.2601,-37.0693
-20.0727,-12.2119,-26.6522
-22.3486,-13.1939,-27.8988
-25.9136,-15.6609,-30.4922
-25.6292,-13.9084,-29.8992
-29.6181,-17.8704,-34.0186
-25.281,-15.5753,-30.5332
-30.4713,-23.0172,-37.1961
-27.0701,-20.379,-33.4806
-16.316,-8.81075,-20.5653
-9.61211,-0.7381,-13.0157
0.0232678,10.2353,-5.2099
-10.5482,-0.0625511,-18.7036
-14.9576,-5.7791,-24.201
-12.0463,-4.10635,-19.8077
-15.3895,-8.19132,-21.1165
-5.67652,0.460309,-10.4999
-4.96659,1.30488,-10.4883
-9.80515,-2.03213,-17.1152
-15.8545,-8.30485,-24.6809
-24.9497,-19.5488,-33.2962
-22.042,-18.5225,-28.2687
-26.3145,-23.7212,-31.1936
-23.8525,-21.3358,-28.1428
-19.2336,-15.9794,-22.9155
-19.7682,-15.5233,-23.5487
-6.57329,-2.1651,-11.1929
-12.8756,-9.00056,-18.5361
-17.3875,-13.8988,-22.7323
-9.60057,-6.90899,-13.4512
-12.1276,-11.5005,-15.3044
-6.65344,-8.57602,-9.31298
-5.17715,-8.68764,-6.45251
0.952446,-3.03325,0.553603
5.7073,1.96016,4.22746
-5.61389,-8.26205,-8.89927
-6.15658,-7.52836,-9.54135
-8.13098,-7.8828,-9.93559
-7.09737,-4.1125,-7.46396
-2.71259,3.01698,-2.36979
-10.2864,-2.84602,-9.83049
-12.3953,-4.36286,-12.0492
-27.4062,-19.2338,-26.745
-41.1061,-33.3952,-41.1906
-39.8063,-33.6727,-43.4624
-38.4738,-32.9568,-45.741
-23.2227,-15.7351,-30.4981
-15.8902,-5.23366,-20.5819
-13.3829,-0.929633,-15.2969
-14.034,-2.43595,-14.0558
-24.5925,-14.8693,-24.0414
-18.8289,-10.3489,-18.8657
-12.0443,-4.30649,-12.9833
-4.01349,3.70617,-4.5637
1.0865,9.32721,1.90755
-7.47501,1.25915,-5.8349
-2.14041,6.88785,0.0771784
2.13275,11.5703,4.37319
6.84723,17.5923,8.79816
11.8136,23.0808,14.0705
-0.532307,9.065,1.73396
-4.18066,3.76439,-2.72143
-7.50225,0.566087,-7.25177
-7.11277,2.14202,-7.23138
-3.23436,7.30289,-2.26353
-3.96595,8.06913,-1.11285
6.15604,20.8812,10.8138
2.41227,20.3312,8.25733
-2.24318,16.7868,4.62627
-0.80614,17.2146,6.70018
-8.7963,8.41299,-1.68242
-6.3558,11.5461,0.24981
-7.98137,11.1233,-1.80296
-5.63909,13.8239,-0.237533
5.03742,23.7005,10.226
4.95184,22.0323,10.9084
12.2252,28.6347,18.9865
14.6918,31.25,21.5062
23.7986,39.7245,30.8875
36.3277,52.166,43.4169
25.6223,43.0033,31.0376
24.018,42.0014,27.984
22.741,39.3606,26.4438
21.8164,37.7173,26.2674
23.6494,40.4549,30.1741
12.3088,30.0062,20.4473
12.2337,29.4272,20.3742
11.9619,27.9825,19.2954
7.8813,23.7609,14.8043
2.9609,18.8566,10.9014
-7.65795,6.73832,1.9628
-1.98092,10.3916,9.06377
4.03874,14.7281,16.1761
4.85781,14.2935,17.4146
3.05943,12.9899,15.3639
-10.382,1.45466,1.59813
-11.4338,1.94682,1.13451
-10.9769,2.89037,1.58646
-8.8187,4.06169,2.1616
1.33695,11.9614,11.3505
-0.472147,8.29157,9.93801
-8.57565,-0.192566,3.38157
-29.0617,-20.6214,-15.4375
-33.4378,-25.2991,-19.5905
-15.1426,-7.24263,-2.43318
-5.22376,3.22612,5.45859
5.16106,14.9792,13.9614
1.91556,12.5269,9.75475
-5.00719,5.12656,1.97992
-3.45394,5.62311,2.34683
-9.85567,-0.968517,-5.52303
-6.62968,3.51742,-2.97072
-6.93778,4.40244,-2.10904
-6.52002,5.24257,0.0268006
1.70916,13.1962,8.70181
-12.004,-1.53541,-6.1783
-18.9073,-9.35591,-14.3728
-13.7167,-4.27659,-9.58055
-7.7905,2.29847,-3.31136
-2.74597,7.79576,2.66398
-8.89322,1.97393,-2.79391
-6.71344,5.78413,-0.697485
-7.07368,7.04698,-1.59163
-9.6957,4.14335,-5.25992
-7.93484,4.63557,-4.66861
-11.3123,0.217891,-8.41232
-5.54386,5.85854,-2.1939
-1.64683,10.0959,1.67432
-1.35711,10.29,0.718973
0.757323,12.1265,1.48528
-2.49332,8.62337,-2.74207
-0.539574,10.5624,-0.77304
-8.51237,2.76238,-7.5097
-18.0388,-6.28599,-15.8336
-18.4812,-5.79292,-15.418
-27.3787,-14.2529,-24.3125
-27.0633,-14.2434,-25.1562
-25.4745,-13.8928,-25.0581
-22.0167,-12.3553,-22.2791
-14.0611,-5.768,-13.5607
-20.2131,-13.2852,-18.6112
-19.9029,-14.805,-18.3841
-15.1604,-11.0461,-15.0453
-10.8038,-6.68917,-11.5431
-6.13236,-2.54929,-6.08462
-8.24497,-5.74566,-7.77563
0.735633,2.92566,1.34848
9.18554,12.2279,10.957
7.23866,11.336,9.52544
-0.930769,3.20746,1.26436
-14.4802,-10.9468,-12.2743
-9.52375,-6.6889,-7.6128
-0.892298,0.530963,0.401539
1.38476,1.23112,1.37504
2.15883,2.07384,1.33949
-7.5796,-6.17233,-7.39321
-8.85552,-6.90569,-6.96973
-10.5662,-9.75783,-8.3264
-14.4526,-14.1923,-13.0845
-14.6167,-13.0118,-14.375
-23.517,-21.0689,-25.2134
-26.6998,-26.06,-30.4822
-32.0587,-33.7974,-37.3232
-35.6762,-37.6101,-42.2853
-23.913,-24.8337,-30.8646
-13.9327,-14.2371,-19.5566
-2.14789,-2.69872,-5.46125
-2.28354,-3.68946,-3.70094
-9.43643,-10.7359,-9.99077
-7.13655,-8.06505,-7.23557
-9.76953,-11.393,-9.74573
-4.38764,-6.14774,-4.55367
-4.08339,-5.27182,-5.00971
-8.79226,-9.60594,-10.4306
-6.80269,-7.63787,-8.71958
-9.08375,-11.7852,-11.9473
-1.25952,-6.59206,-4.47164
0.650619,-5.2885,-1.23737
-4.7378,-9.96707,-5.17816
-2.79309,-6.96098,-2.0501
-5.87383,-7.82295,-4.66971
-2.82992,-3.06914,-2.76365
-0.272332,-1.39912,-1.57607
-6.82738,-8.99391,-8.73088
-12.9946,-14.3519,-15.3082
-19.2178,-19.2988,-22.4225
-15.6596,-14.9231,-20.1219
-11.5292,-10.4892,-16.8917
-6.12952,-4.59099,-11.3005
-0.23563,2.05496,-4.32855
-4.46117,-2.60375,-7.76854
-2.62356,-2.23111,-5.69247
-3.73705,-4.01562,-6.78724
-0.922905,-0.484171,-3.97383
6.47516,7.34065,3.84415
1.37415,0.547335,-0.530227
-3.33126,-5.90105,-5.06297
-11.3575,-13.5233,-13.3309
-13.6065,-14.8328,-15.079
-7.66531,-8.4466,-7.60126
-8.42893,-8.79057,-7.05591
-17.9747,-16.9328,-16.4753
-40.3354,-37.2213,-39.5181
-47.8712,-43.5245,-48.6725
-33.0061,-27.9291,-35.5783
-17.9071,-12.432,-20.9379
-5.71363,-1.02342,-8.47689
-8.56888,-5.20339,-11.3079
-11.8452,-8.69964,-15.1626
-12.5547,-8.46854,-16.7134
-18.1714,-13.0982,-22.6498
-10.278,-4.39451,-14.3766
-6.41835,0.101003,-9.90208
-4.66469,2.22888,-7.9268
-11.1231,-3.67374,-14.0644
-27.5152,-19.6265,-29.9181
-22.2511,-14.579,-25.3063
-9.40839,-2.3348,-13.7054
8.49453,14.7417,4.14044
18.2022,24.2109,14.7443
8.20898,15.0256,5.50491
4.43597,11.4315,2.39279
0.183268,6.26515,-0.0225192
-0.0681085,5.91252,2.13831
-0.00236131,7.33375,2.083
-9.51936,-0.54598,-10.8144
-8.68399,1.30049,-12.9114
-10.0421,0.771805,-13.9481
-8.42802,3.4613,-9.96293
-9.73902,2.46938,-9.06864
-27.2605,-15.4263,-25.302
-31.697,-19.1066,-29.3272
-27.9475,-13.8028,-26.11
-13.6487,0.791431,-13.3238
1.11104,15.6513,0.355153
6.70535,22.6639,6.57544
12.2132,29.5675,12.4499
-5.87893,11.8444,-5.76444
-16.1149,1.13094,-15.4505
-6.88103,9.16497,-6.28425
-3.44244,10.9405,-3.15883
5.38347,19.095,5.57861
3.82952,17.747,2.20692
2.38663,15.1941,-2.2815
3.55812,14.5816,-2.35615
-2.73562,7.48334,-8.35668
4.52501,14.3071,-1.33243
-0.204709,9.1849,-5.98608
-2.70783,6.62632,-7.4715
6.31306,15.0611,2.18583
2.10666,9.67282,-1.41812
2.58927,9.52143,0.0297703
-7.3019,-0.0751625,-9.55788
-11.1458,-3.07768,-14.0387
-6.85252,2.00849,-11.0208
-14.5822,-5.54702,-19.9234
-10.1885,-2.32979,-16.1315
-14.9383,-9.7188,-21.0962
-19.1733,-16.4648,-25.2156
-14.9299,-12.809,-20.7727
-18.725,-15.6662,-24.6207
-10.0818,-6.10743,-15.8937
-12.1646,-7.74759,-17.4353
-13.8393,-9.39071,-18.1675
-4.98961,-1.34611,-8.61058
-8.55521,-6.13451,-12.7403
-2.20444,-0.0387385,-7.71127
-5.68705,-3.36838,-12.3085
-4.82095,-3.54831,-11.9092
6.41515,6.97548,-0.764571
-3.98871,-1.98244,-10.7514
-4.14225,-0.419746,-9.16905
-7.06527,-3.13212,-10.8276
-10.3833,-7.32553,-14.3704
-4.05147,-1.46939,-7.82718
-8.04136,-4.42119,-10.8592
-1.44261,3.14519,-3.28257
-6.89281,-2.4733,-7.96546
-18.9115,-14.4468,-20.0866
-15.9062,-10.7977,-17.9296
-20.6102,-14.7913,-22.942
-16.7615,-10.1144,-18.4443
-19.5989,-12.3326,-21.2918
-26.5332,-19.4304,-29.211
-21.9688,-15.0832,-24.7017
-28.8071,-21.6979,-30.8877
-24.6966,-17.0073,-27.046
-23.3663,-14.4423,-26.9103
-25.3781,-15.7559,-29.5984
-19.8589,-10.9389,-23.3836
-25.8577,-17.6052,-28.5046
-19.628,-11.7954,-22.1185
-18.0246,-11.5545,-20.3871
-15.7173,-10.9594,-18.0945
-2.66684,1.4945,-6.39193
-8.26483,-3.46463,-13.7484
-7.51024,-1.75627,-13.0189
-8.70419,-2.88787,-13.3483
-11.6941,-6.69958,-16.005
-4.10141,0.813555,-8.37525
-9.93039,-3.82905,-14.4285
-6.56821,0.189482,-11.384
-9.61631,-3.84314,-15.0792
-20.0284,-14.8421,-26.0438
-17.7077,-11.4663,-23.383
-23.8302,-16.1873,-28.867
-19.1646,-10.4253,-23.8276
-17.9001,-8.69446,-23.3069
-17.7758,-9.55063,-24.8773
-9.30921,-3.07886,-17.1399
-14.7409,-9.72482,-21.543
-13.459,-8.64105,-18.5147
-20.8224,-15.631,-24.8645
-28.5559,-22.0309,-32.5914
-20.601,-12.6753,-24.7749
-22.4844,-14.1689,-26.7582
-16.5101,-8.08829,-20.5901
-17.1487,-7.73039,-20.8707
-19.5685,-8.76443,-24.0725
-10.4889,0.354525,-16.2645
-19.3244,-9.77694,-25.3692
-18.6062,-9.27898,-23.7719
-18.4485,-6.72632,-22.6061
-23.1543,-8.38371,-26.7548
-18.0673,-2.96388,-21.1133
-24.6383,-11.6495,-27.6444
-22.5995,-11.0884,-25.9468
-23.3054,-11.8289,-26.3569
-24.9449,-12.7683,-27.2214
-17.22,-4.73465,-19.2685
-20.8579,-9.72442,-23.6832
-12.794,-3.48324,-16.0989
-9.59605,-1.53008,-12.3949
-14.878,-7.83665,-16.8356
-9.9694,-3.48123,-11.4893
-13.7108,-7.34386,-16.4667
-7.05445,-0.795659,-11.8928
-7.71504,-1.64372,-14.0065
-14.4613,-7.88606,-21.1324
-9.09586,-1.15338,-14.6547
-17.3726,-8.54926,-21.9185
-17.8052,-8.74863,-21.9844
-21.7238,-12.4965,-25.2848
-21.2011,-12.6217,-25.2766
-4.79603,1.78042,-11.5086
-7.62732,-3.64203,-17.1023
-5.83327,-3.98133,-16.0674
-6.83531,-6.1602,-16.2798
-13.6338,-12.9216,-21.8119
-11.5179,-10.927,-18.6483
-16.6269,-17.5994,-23.4844
-5.83942,-7.3712,-11.7771
1.10176,1.03218,-3.31557
0.0181034,1.44247,-3.93874
7.07582,9.23683,2.81704
-9.12075,-6.6543,-14.7062
-14.9023,-11.9047,-21.12
-9.68049,-6.05474,-14.2634
-9.45183,-5.79732,-13.4455
0.802016,4.00481,-4.65174
0.537498,3.66255,-6.01816
4.06062,7.68583,-3.16606
3.32227,7.01893,-5.1771
-1.76143,1.45901,-11.1499
4.05943,7.48328,-5.06846
-0.322052,4.4202,-9.16851
1.11666,6.9459,-7.63178
2.64694,8.41265,-5.18563
-1.53803,3.81972,-8.22915
-0.821179,3.75331,-7.67549
-7.82938,-4.5554,-16.5012
-0.0790905,1.84483,-10.2726
11.2689,12.0708,1.77814
4.42936,5.07969,-3.21091
-4.52065,-3.60525,-10.0737
-11.95,-11.3762,-15.9093
-1.88034,-2.44697,-6.48698
11.2029,9.65459,4.76032
19.1691,18.9835,13.0274
18.8569,21.7744,15.8503
-4.78268,-0.11115,-5.33052
-15.3333,-10.8428,-16.616
-15.9793,-11.4477,-19.2137
-15.6991,-10.0252,-20.1455
-12.1404,-5.59112,-16.7213
-20.6994,-14.0055,-24.1461
-23.5418,-17.1032,-25.8373
-25.305,-19.4084,-27.2673
-24.0592,-18.3418,-26.2278
-12.7636,-6.51224,-15.166
-9.80483,-2.65995,-11.8833
-13.2618,-5.58574,-15.4508
-21.8139,-14.8309,-24.6645
-17.9668,-12.6777,-21.6126
-4.46981,-0.179388,-9.28599
-3.22779,1.48106,-8.17231
2.25331,8.08875,-1.00938
2.39239,9.13707,0.835958
1.92239,8.34546,0.13363
5.51273,10.8948,2.14157
0.662505,5.73063,-3.10781
4.46845,9.90718,2.18038
-1.34271,4.54724,-1.74229
-6.87108,-0.122899,-6.51768
-2.0465,6.31282,-2.62649
-3.65484,6.10253,-5.7757
3.30909,13.2163,0.0502562
-0.162035,9.2937,-3.71041
-8.95371,0.211206,-12.3308
-10.5264,-2.13177,-13.7281
-17.2086,-10.1567,-19.7666
-15.0356,-8.31106,-17.2813
-21.591,-13.3757,-23.8602
-27.2535,-17.0163,-28.7948
-15.5438,-4.65902,-16.2611
-9.75903,0.471497,-10.4578
-2.22863,8.0011,-3.67049
-2.40323,8.57474,-4.57455
-1.59905,9.97503,-4.10656
3.11432,15.2679,0.360389
-4.13155,8.70805,-6.67582
-0.778762,12.5418,-2.78874
-0.445631,11.895,-2.29608
-0.0429547,9.63709,-2.37602
3.2122,11.0678,0.238104
-5.66203,2.67728,-8.98345
-5.54668,3.68398,-10.139
-10.0809,-0.591227,-16.6547
-14.1691,-3.64373,-21.2497
-7.84227,4.12179,-13.3461
-14.3799,-1.85832,-17.74
-19.8766,-7.71557,-22.4418
-25.9308,-15.4307,-28.9394
-24.9948,-16.8166,-28.3698
-18.4061,-11.6524,-21.4712
-26.5253,-20.0328,-28.6304
-24.5493,-18.3789,-26.0101
-19.9335,-14.856,-21.8621
-15.3172,-11.1893,-18.7349
-13.7695,-9.8376,-18.9426
-17.1999,-13.0527,-22.7835
-3.00177,1.50675,-7.19159
-0.723919,3.87584,-2.77042
-0.197164,3.70004,-0.858359
6.21111,9.15538,5.41723
-0.70722,1.78975,-2.04673
7.95491,11.0361,6.70103
13.2048,17.452,12.4495
10.7242,14.8541,10.2084
8.65944,11.2997,8.1279
-5.13336,-3.59288,-5.24793
-0.599033,0.803525,-0.32385
0.425851,2.21319,-0.0628837
-5.58176,-3.61111,-7.29706
-9.56115,-8.25464,-11.1362
-29.1098,-28.3993,-28.7335
-27.7929,-27.1887,-25.5203
-21.4764,-21.0864,-19.1026
-17.2409,-16.6616,-15.6193
-16.5222,-15.0542,-15.8642
-36.2376,-34.1315,-37.7763
-31.8936,-30.3907,-35.9394
-21.5874,-20.9273,-26.1419
-11.4177,-10.7373,-14.4068
9.75,9.88426,8.25506
16.0493,13.5128,13.8255
21.147,14.9498,16.3235
8.26168,0.100676,2.08575
-3.03484,-11.1396,-8.38824
11.0572,3.15908,6.1537
12.2151,3.9664,6.87692
13.2082,5.05183,8.14432
4.50297,-3.35603,0.16057
-4.69052,-13.6334,-8.77314
2.44112,-8.09608,-2.21833
-5.97198,-16.5075,-12.1295
-5.99171,-14.8104,-13.3288
-10.3819,-16.9125,-17.8827
-17.6019,-22.2101,-24.9471
-12.722,-16.4985,-19.8751
-21.2321,-25.4252,-27.8672
-13.8484,-18.908,-19.8456
-6.45636,-11.6404,-12.3228
-6.21926,-11.4131,-12.614
1.90311,-4.74855,-5.06926
-1.77709,-9.92468,-8.88802
5.50952,-3.01682,-1.91745
3.49655,-5.23978,-4.67806
-4.20696,-12.4199,-12.9229
5.05256,-1.72677,-3.50786
-2.29766,-7.69203,-9.90351
-4.67129,-8.73789,-11.7024
-9.11586,-12.129,-17.2219
-15.913,-18.9167,-25.4804
-12.0905,-16.151,-21.7843
-20.3349,-25.5828,-29.0807
-13.9399,-20.0457,-22.0571
-12.4984,-19.1371,-20.9472
-16.932,-24.2468,-25.913
-8.05816,-15.7761,-17.279
-9.43624,-16.1488,-18.5205
-0.44736,-6.23442,-9.21497
-2.72088,-8.55191,-11.9313
-14.3617,-19.8006,-24.3025
-5.58975,-10.7404,-15.2192
-4.19237,-10.3811,-13.4497
0.58302,-6.75754,-9.25422
-4.28619,-11.2484,-14.8566
-10.7127,-16.4895,-21.4084
0.83878,-4.65838,-9.73209
-0.847016,-6.084,-11.6414
5.40987,1.61584,-5.49796
2.73,0.286637,-8.14055
-7.44339,-8.79916,-18.0701
-1.24596,-0.965288,-11.2845
-4.54414,-3.52328,-14.5553
-0.231269,0.283138,-10.2903
-2.75399,-2.05094,-12.0571
-9.01005,-7.47399,-17.9639
-4.08282,-2.18119,-13.8381
-14.7762,-12.9222,-25.1823
-12.4346,-11.3533,-23.0791
-6.77997,-7.28714,-18.4268
-2.96955,-4.64808,-15.791
9.45178,7.6485,-4.06632
0.611758,-0.0594741,-13.3932
1.05319,2.37922,-12.7352
0.842147,3.10656,-12.7468
-3.28344,-2.65484,-16.9907
5.85302,3.20865,-7.21958
1.05093,-3.52157,-11.0827
5.65934,1.38625,-5.38623
5.45324,2.07619,-3.57926
-1.45972,-4.17732,-8.43504
0.382207,-2.04431,-5.92573
-10.763,-13.4333,-17.6712
-8.2546,-11.5055,-15.8494
-7.83535,-11.1734,-15.0994
-10.1396,-12.2864,-16.0798
1.20938,1.27854,-3.36949
-8.29973,-6.36948,-12.0654
-13.9923,-11.9076,-17.1766
-20.394,-20.0065,-23.5959
-23.9634,-25.7336,-28.2912
-8.54187,-11.0006,-14.1909
-11.8377,-12.6337,-17.9546
-11.9799,-10.3123,-17.1388
-13.9378,-12.0348,-17.3784
-16.769,-16.82,-18.6914
-7.40992,-8.96234,-8.74071
-8.87106,-10.5726,-11.3159
4.25478,3.22879,0.24479
10.2851,9.77204,5.96715
5.36699,4.81221,1.35945
11.639,11.6883,7.59116
3.97951,5.2902,-0.626241
6.79986,8.5953,1.50297
5.21292,6.61802,0.0724281
-3.6081,-2.69567,-7.90681
5.41907,5.72849,1.63677
-2.16272,-2.31102,-6.13246
-7.45147,-7.95501,-12.2476
-11.9469,-14.0547,-18.152
-14.5267,-18.3644,-21.7382
-2.12025,-5.16614,-8.83469
-5.22049,-5.96468,-10.6532
-2.52268,-2.68306,-7.11513
-5.81038,-7.11645,-10.2194
-12.801,-14.2874,-17.5417
-4.58743,-5.54454,-10.8131
-8.79466,-10.2931,-17.4786
-4.24299,-6.6434,-13.86
-5.34651,-7.94952,-13.9026
-11.624,-13.9383,-19.4469
-0.51251,-2.46433,-8.33176
-4.89971,-6.7065,-13.3296
0.0802039,-2.0253,-9.395
3.252,0.85878,-7.08755
-6.19812,-8.10952,-17.3633
-3.7348,-5.2224,-15.1715
-12.4311,-14.2538,-23.493
-8.64593,-9.61449,-19.2191
-4.65976,-3.08272,-15.3826
-8.45626,-4.8093,-20.3574
-4.31246,0.313891,-17.7874
-16.5659,-11.3732,-30.7394
-17.2686,-11.4069,-29.8433
-17.843,-10.8289,-27.3695
-29.3167,-20.3529,-36.2579
-29.5501,-18.8814,-35.3554
-34.5823,-23.9825,-40.9697
-23.6335,-14.2095,-30.637
-12.7139,-4.67282,-20.0216
-8.23542,-1.40661,-16.8352
4.89818,10.9914,-5.14571
-3.88813,1.58603,-14.8345
-4.6559,0.0517182,-15.9646
-4.77066,-0.7387,-15.928
-11.2728,-7.3759,-21.8999
-3.29353,0.92117,-12.8716
-7.67244,-3.19383,-15.1969
-5.37763,-1.0954,-9.85206
-7.45615,-3.85891,-10.0943
-12.3072,-9.68594,-15.6162
-0.753707,0.540992,-5.41191
-6.51755,-5.82599,-11.8314
-8.32403,-6.39201,-13.4897
-11.7883,-8.43189,-15.9475
-18.7246,-15.2549,-21.8164
-11.8595,-9.07584,-14.0138
-21.0229,-19.8652,-22.6127
-13.828,-14.3177,-15.9123
-3.98987,-4.2976,-7.29074
-9.14361,-8.66326,-13.7984
-1.74868,-1.62174,-6.72684
-10.1679,-10.2593,-14.1148
-10.8146,-9.78813,-13.9276
-3.64591,-1.91126,-7.29212
-4.95196,-4.06669,-9.92275
0.688162,0.143587,-4.54859
-4.99657,-6.74472,-9.14478
-3.26111,-5.78691,-6.82173
-2.93423,-5.80542,-7.04914
-7.64066,-8.75428,-11.6266
4.22947,6.37954,1.83883
2.10549,5.22027,0.128654
-0.381309,2.05732,-3.98627
0.711912,2.59337,-4.69321
0.600787,1.1218,-5.59012
11.7029,10.5993,6.28449
0.653027,-0.566046,-4.10632
-11.6155,-11.3457,-16.8003
-14.5893,-12.4589,-19.7775
-18.2388,-14.52,-23.0374
-9.99805,-5.86238,-15.348
-10.9156,-7.76551,-17.9344
-2.00077,0.279742,-10.2019
7.3636,10.0332,-0.463526
1.847,6.17126,-5.31366
1.71693,8.10242,-5.90175
-6.33872,1.18916,-15.1653
-4.36483,2.73315,-14.7627
0.719302,6.65972,-11.4221
-4.25062,1.94212,-16.7561
-3.85291,4.63552,-14.0584
-10.7585,-0.144918,-18.242
-3.20535,7.47808,-10.5691
11.3435,20.5197,2.95717
4.38182,11.7999,-4.06976
-5.07159,1.81307,-11.999
-11.159,-3.31735,-15.7093
-4.93517,3.11075,-8.72263
-0.738285,5.7742,-4.99123
1.23767,5.56321,-2.8827
10.3343,12.8503,6.47557
1.14199,3.09975,-3.25985
-3.65411,-0.532014,-8.61189
-5.74509,-0.218832,-9.92186
-8.42811,-1.12654,-11.2195
2.77552,9.79142,0.690121
5.03324,9.84914,2.57598
3.35339,5.51764,-0.959344
-7.86404,-6.28671,-14.3324
-13.2991,-9.10676,-21.0154
3.68498,11.2036,-4.3391
12.077,20.8584,5.40778
16.9008,25.9513,12.7261
12.269,21.517,10.2088
1.22407,9.74777,-0.64218
2.33801,9.89266,-1.34041
2.34763,9.9369,-2.43381
11.989,20.4274,7.98417
15.2524,24.1551,12.4823
10.6078,19.722,7.94302
11.5721,21.0945,7.79086
1.36616,11.011,-3.39016
2.09892,12.2231,-3.18002
2.60413,13.7798,-2.48274
-1.0594,10.4729,-4.72859
5.98302,16.6135,3.9568
8.20113,17.392,6.85818
16.3399,24.606,14.3741
15.6638,23.3819,12.5658
9.06984,16.076,4.49078
13.7667,20.1419,6.97083
10.9893,17.5672,2.17708
12.2634,21.2495,3.13965
10.9022,23.023,3.56315
10.1163,22.2338,4.96397
16.1109,25.8414,12.6567
4.37347,12.603,2.29255
2.73384,10.2347,0.849087
12.1598,19.1588,9.29044
21.3161,28.9038,17.4425
29.2923,37.7246,25.6526
18.9368,26.7401,16.4781
16.2411,22.1798,13.6855
22.2386,27.4586,18.6635
28.6036,34.9244,24.4723
31.0979,37.787,26.3894
21.1357,26.1489,16.2223
25.1344,27.7752,20.7588
26.1154,27.8142,22.3848
20.3317,23.0982,16.7841
23.6845,27.8675,20.6357
13.424,18.2732,11.8992
6.21786,10.78,5.99674
6.40266,9.83665,6.50574
19.1808,22.0046,18.7224
37.2839,40.7851,36.1166
27.5389,32.2136,26.2876
21.4877,26.7387,20.621
16.3769,20.6588,16.5412
12.3182,14.9891,13.4303
22.5859,25.6611,23.7376
24.328,28.9621,25.9316
21.875,25.4506,24.8184
3.62736,4.292,7.77562
-1.57293,-2.55035,2.59119
15.4159,14.3533,17.893
13.3772,13.442,13.4037
18.291,19.8526,16.0507
23.4494,24.8969,19.726
20.8258,21.0695,17.1644
21.1356,21.0637,18.4929
9.96961,10.2785,7.68901
14.4161,15.1914,12.4739
16.9226,17.6934,16.5616
6.56067,6.39222,7.70854
-6.48838,-7.51991,-4.8064
-29.4871,-31.0828,-27.3833
-19.3873,-22.2675,-17.6971
-2.29351,-5.96991,-2.18151
2.78368,-0.190107,2.44528
13.3754,10.7686,14.5029
10.3269,7.07735,13.2289
16.0705,11.9629,18.9126
14.0242,9.17552,15.3895
6.04867,0.642368,7.17485
15.6364,8.7459,17.152
16.2049,7.18614,16.6299
20.8661,11.7088,19.4599
15.7502,8.21243,13.3089
4.6711,-1.37818,1.64321
9.56561,5.31228,6.25732
4.0136,2.09448,2.03116
7.85978,7.41142,8.05712
6.96156,6.76724,8.44561
-0.0646222,-0.330701,1.72125
6.44854,6.27911,7.45253
-0.517119,-0.427362,-1.03838
-0.527906,0.208885,-2.14846
-6.87412,-4.85966,-8.17374
-16.3465,-13.2892,-16.2965
-6.88058,-4.11003,-6.18038
-5.50397,-3.77856,-5.19108
5.25528,6.36419,4.84447
8.32656,8.8412,7.01492
-2.43302,-2.8024,-5.12857
-2.8503,-3.48567,-7.04091
-9.90699,-9.85485,-14.4099
-4.63961,-3.4899,-8.08311
-2.47429,-0.0680267,-4.87793
-6.18558,-2.30014,-8.40752
0.229157,5.54238,-1.98594
-8.25217,-1.75437,-10.198
-2.51699,4.11488,-4.61023
1.8127,7.7792,-0.994104
-4.02975,2.16015,-7.10232
2.59587,9.80497,0.065046
0.863593,8.69484,-1.07311
8.50659,16.372,6.18769
8.2899,16.0802,4.9011
-1.27691,6.5095,-4.90475
1.57571,9.30698,-1.55264
-7.76947,-0.647823,-10.7288
-8.93216,-2.93774,-11.8989
-7.35293,-2.29152,-10.0231
-8.70262,-3.98249,-11.6903
-4.30318,0.785072,-9.24099
-15.6913,-9.50314,-22.4509
-14.5692,-7.07118,-21.2292
-14.2963,-5.95448,-20.1971
-16.7516,-7.89658,-22.2292
-5.60649,3.06055,-11.097
-10.8929,-3.65995,-17.1949
-9.69983,-3.43877,-17.6379
-11.4807,-4.44717,-21.3297
-15.011,-7.50494,-26.2043
-5.01353,2.10209,-17.0427
-10.1444,-1.92962,-22.3167
-7.18203,3.89733,-19.1533
-4.5668,9.31233,-16.8898
-7.34594,7.74084,-20.2437
-1.41095,12.7697,-15.0533
-10.7842,1.34865,-25.3326
-9.65934,0.893759,-24.4891
-8.54313,1.25999,-22.8821
-14.0128,-5.57707,-27.6618
-7.86027,-1.01312,-20.6341
-13.4823,-6.51102,-24.5373
-9.50409,-2.49548,-18.4081
-12.8726,-7.08563,-20.0927
-25.3664,-19.4405,-30.9108
-21.0733,-13.3333,-24.8549
-22.8594,-13.0314,-24.918
-14.5014,-3.24208,-15.798
-11.4403,-0.789188,-13.6389
-14.2088,-5.43357,-17.3927
-3.74426,4.52655,-7.33949
-10.1621,-0.426001,-14.1867
-10.8965,0.530092,-15.4932
-11.2163,0.94634,-16.3733
-14.4475,-2.71603,-20.3805
-3.57181,7.25415,-10.243
-10.6692,0.0383068,-17.0447
-12.6793,-0.957787,-17.719
-13.8233,-0.127577,-17.5644
-16.3976,-0.74638,-20.0005
-3.79171,12.8927,-7.89936
-6.93638,10.2049,-10.9843
-5.7621,11.8992,-9.24572
-10.9536,7.05743,-13.1778
-23.3796,-5.86534,-24.1138
-18.5162,-1.61646,-18.8481
-24.9408,-7.51253,-25.473
-25.1246,-6.35532,-25.0125
-24.4488,-4.83727,-22.9577
-26.6486,-7.23986,-24.7147
-15.3604,2.99249,-14.5082
-20.8665,-3.63833,-21.1598
-18.546,-1.77071,-19.3135
-15.9274,0.708272,-17.8226
-20.5963,-4.48679,-23.8418
-8.19843,6.83979,-11.5277
-7.88264,6.59895,-10.6683
-6.47601,8.79338,-9.24418
-11.3598,5.52369,-14.6608
-17.8817,0.743876,-20.975
-5.86522,14.0556,-8.08635
-6.20392,14.265,-8.13551
0.436787,20.2959,-1.64626
1.65845,20.3573,-0.308699
-7.6248,10.874,-9.09257
-0.03924,18.9679,-1.32671
0.261908,19.522,-1.84816
10.2241,29.251,7.13046
11.8937,30.0036,8.95486
-0.395319,16.7435,-2.28242
3.78488,21.4002,2.99169
-4.43146,14.2366,-4.58061
-4.66415,14.0286,-4.35063
-6.19482,13.2412,-4.99221
-17.3283,4.12372,-15.2996
-12.9543,9.47881,-11.1526
-13.9091,8.40391,-13.1549
-6.91058,15.4014,-7.21115
-7.72111,14.5144,-9.11479
-12.7533,9.04511,-15.339
3.69425,25.4042,1.23203
5.09519,27.2764,4.40851
1.28933,24.1357,1.31577
-9.45333,14.3808,-10.5892
-18.5671,5.55089,-20.6348
-2.73624,19.824,-4.77102
0.0536839,20.1919,-1.75939
3.8357,21.9383,1.93286
2.74981,19.8568,0.561965
-3.0946,14.5852,-4.94625
8.39186,27.1238,7.963
2.22661,20.8088,3.87499
-2.3174,14.9192,1.02831
-7.08354,8.16123,-3.61121
-17.3641,-4.0182,-14.9967
-8.54107,4.5533,-7.16719
-7.48745,6.49212,-6.80688
-6.25939,7.46608,-6.41449
-10.3464,2.22837,-10.9984
-20.4887,-9.22152,-20.7746
-16.8093,-6.8409,-16.3961
-23.5303,-13.2223,-23.1269
-15.5273,-3.61182,-16.031
-7.38794,5.24965,-9.41796
-9.99353,1.90143,-13.7661
6.67046,17.2663,1.84093
-0.0265621,10.4784,-4.61295
-9.62146,1.62904,-12.8254
-8.92513,2.0711,-10.9453
-12.3566,-2.50902,-14.6059
-3.99617,4.27899,-7.39748
-9.41512,-2.01358,-13.479
-8.07761,0.530844,-11.6263
0.440548,11.2004,-1.86576
-1.83081,10.0576,-3.61671
-0.337607,10.8362,-3.4254
-16.044,-5.66509,-21.0785
-26.7539,-15.1717,-32.5385
-26.3233,-12.6561,-31.6557
-28.4188,-13.0726,-33.0855
-18.4734,-2.91043,-23.0363
-22.7252,-9.28948,-27.6911
-23.4008,-12.7749,-27.9018
-21.2377,-12.6647,-25.2622
-29.5751,-22.0695,-35.0918
-25.0373,-17.7748,-32.3553
-29.3985,-22.4586,-37.2067
-22.321,-15.9256,-29.1997
-9.92596,-3.89192,-14.9896
-8.89591,-3.1261,-13.3149
3.26294,9.79212,-1.156
2.16192,11.0741,-1.11805
2.66763,13.53,0.747231
3.95085,15.5842,2.34818
-7.15459,5.538,-9.50303
-8.01652,5.48056,-11.2849
-15.4014,-2.24228,-19.505
-9.49993,3.59405,-13.82
1.67218,15.6311,-1.81195
-8.70227,6.13645,-11.4413
-13.2283,1.33838,-15.8473
-20.8367,-8.02962,-23.6473
-15.239,-4.48583,-17.8606
-4.6593,4.11567,-6.84619
-7.40999,0.261659,-9.13816
-3.11505,5.48671,-4.36534
-9.57724,-0.161706,-11.6881
-4.75708,3.27851,-8.84508
7.99389,14.1572,1.98781
8.49335,14.8257,0.336619
13.4968,20.9136,2.82022
4.92344,11.2534,-8.47969
4.81456,9.12333,-10.5176
11.7221,16.3933,-3.8619
5.67356,12.6534,-9.72122
7.24367,15.2343,-8.40258
-2.88884,3.63492,-19.1032
-4.09311,0.781134,-21.0209
2.69637,7.27157,-14.9125
-2.68745,2.06369,-20.7455
0.904842,5.30612,-16.4881
-6.59505,-2.77448,-22.6715
-6.21791,-3.13356,-21.953
-0.597378,1.05435,-16.6942
-6.41522,-6.09541,-22.1609
-2.45239,-2.07827,-17.481
-8.68488,-6.72134,-23.7137
-7.46773,-3.52475,-22.8018
0.455261,5.5695,-14.8365
-2.38991,4.05168,-16.1499
3.73158,12.4099,-6.76541
-1.20991,8.63991,-9.57058
-0.939566,7.46307,-9.95686
5.99691,11.933,-4.54651
4.58208,9.34623,-6.54148
12.2823,16.8655,0.910434
1.08264,6.30967,-10.7343
-9.34355,-2.30007,-20.9872
-7.52875,1.49138,-18.6801
-4.49059,5.86868,-15.6368
9.06796,19.2474,-2.57284
4.85077,13.4043,-7.72068
4.2338,11.3463,-8.94587
6.57675,12.5813,-6.54905
-2.40415,1.85354,-15.5848
1.0308,4.08986,-12.1449
-6.41474,-2.73772,-19.8187
-9.34672,-4.45162,-23.2711
-2.93438,2.29507,-16.2808
-3.39286,0.715421,-15.7651
11.0437,12.7563,-1.08399
15.6041,14.852,3.60829
16.3072,13.9099,4.29734
16.0402,12.5924,3.87775
8.66348,5.0899,-2.60029
18.2523,15.7917,9.04085
17.1778,16.1481,9.91855
14.5846,13.9184,8.27869
10.9262,10.1576,4.79686
-4.07631,-3.32393,-10.1807
-2.47907,0.0164246,-8.49661
-2.3066,0.0113282,-8.11715
1.38521,2.61724,-3.88444
5.77727,5.92896,1.82635
1.27116,1.15667,-0.840038
5.6582,6.27536,4.85174
-2.48546,-1.65995,-3.63283
1.3399,1.91983,-1.06613
14.7015,15.3507,11.5049
2.18649,2.79958,-0.9736
-5.14926,-4.36686,-6.92479
-9.6889,-7.54568,-10.2291
-5.66708,-1.41854,-6.72091
4.16911,8.98265,1.65739
5.64228,8.87839,0.966324
16.1588,17.7591,9.18851
17.7265,18.9047,9.90191
19.828,22.0488,12.8766
18.7941,22.4403,13.1582
3.6969,6.94668,-1.61648
0.207818,1.57309,-5.80636
-1.94693,-1.28632,-8.77585
5.30217,7.35718,-1.35306
10.9706,14.1086,4.96884
-2.22694,0.164168,-8.53717
-1.75492,-0.323883,-8.01126
1.78422,3.25725,-3.48355
5.47319,7.23732,1.32462
7.29682,8.60577,4.98744
-0.55861,-0.12866,-1.38056
2.12449,1.80399,1.82769
-1.22407,-2.33918,-1.51754
0.164936,-2.23538,-1.24698
4.30462,-0.192979,2.21422
-1.94155,-8.0985,-2.74767
2.45802,-3.76169,3.78387
-1.33509,-7.20701,1.63833
-5.65908,-10.9826,-1.86789
-7.04726,-10.8671,-2.37725
-12.5271,-14.5977,-6.18916
-2.5187,-3.59596,5.36854
-0.910238,-2.34276,6.75752
-3.9833,-6.20746,2.26959
-3.24456,-5.37225,2.05648
-6.9242,-8.79904,-2.28077
2.18282,-0.902273,6.30216
2.19103,-2.93424,5.63457
1.14721,-4.41418,4.23584
4.62036,0.277264,8.41138
-1.60506,-5.21829,1.75951
3.61751,-0.880496,5.04741
3.84622,-1.88885,4.59372
4.99141,-0.0211095,6.68742
9.40212,6.90053,12.0746
7.23435,7.21884,10.1055
12.9999,14.5574,15.8306
3.68154,5.82276,6.83688
-8.07884,-6.29963,-4.59924
-8.61444,-8.02832,-5.19308
-11.4773,-11.5718,-8.61047
-3.97428,-3.32439,-1.39845
-5.60937,-4.26019,-3.61646
-18.7434,-18.807,-19.2829
-25.2923,-28.8692,-28.7176
-24.0423,-30.6051,-28.7851
-15.3466,-22.2777,-19.8087
-20.5728,-26.0706,-23.7216
-25.6762,-30.076,-27.2561
-24.0934,-28.6418,-24.1447
-23.5717,-28.4658,-23.2564
-16.1432,-21.3006,-16.8201
-20.3599,-26.2586,-22.0528
-21.8636,-28.3497,-24.3098
-15.9404,-22.229,-18.2179
-12.2889,-18.0495,-13.605
-7.02238,-12.5477,-7.94139
-14.6288,-20.3711,-15.4932
-19.8134,-26.1331,-20.9366
-21.4755,-28.0165,-23.7422
-22.7009,-28.9871,-26.6583
-9.72736,-16.2038,-14.098
-3.69242,-11.2949,-6.91132
0.220187,-8.26481,-2.33211
2.68162,-5.22172,0.30201
-2.64357,-9.18,-4.76551
-1.73869,-7.10299,-3.62653
-9.42818,-14.0348,-11.3205
-12.7073,-16.5709,-15.1872
-10.2897,-12.9758,-12.5374
-12.294,-13.4178,-13.0747
-6.91976,-6.6836,-7.19319
-8.02702,-6.97818,-9.4026
-6.69744,-5.49245,-9.70671
-4.97289,-4.27783,-8.61227
-12.7909,-12.3955,-15.654
-14.8503,-13.7009,-16.4881
-18.003,-15.741,-18.341
-16.1401,-13.8574,-15.9818
-12.6178,-12.1555,-13.221
-15.8713,-17.8767,-17.7517
-12.4418,-14.7334,-14.962
-18.3202,-18.6439,-20.7939
-26.7946,-25.6865,-29.9022
-31.3717,-30.6337,-34.9726
-38.0333,-37.9396,-40.7796
-39.5417,-38.8811,-42.0599
-48.6983,-47.6134,-52.7333
-49.6909,-48.4916,-54.9813
-45.5108,-42.8248,-50.4382
-48.5697,-44.4519,-52.9092
-48.4443,-44.5178,-53.0891
-55.2505,-51.6536,-59.95
-55.7996,-51.4526,-59.6695
-48.3929,-43.444,-51.53
-45.8497,-42.0756,-49.7673
-47.169,-45.2507,-52.6262
-51.9336,-50.2266,-57.1497
-44.9948,-41.9357,-48.7483
-45.8259,-41.7162,-49.085
-60.6796,-56.3445,-64.1831
-59.1215,-54.5248,-61.9377
-46.6202,-41.3635,-47.5719
-25.4047,-19.6601,-25.6299
-15.8181,-10.2002,-17.2708
-24.3474,-18.7934,-27.0848
-28.5191,-22.9265,-31.6314
-35.0227,-30.2633,-37.4017
-31.4517,-27.5436,-31.8856
-24.6127,-20.2788,-22.5822
-22.8674,-17.816,-20.0729
-22.0144,-16.4311,-20.4434
-32.528,-25.7725,-31.2122
-31.195,-22.929,-29.7801
-22.0027,-12.2255,-22.018
-16.5148,-5.0604,-17.8009
-6.09288,6.56821,-6.86068
-8.69221,4.37412,-8.06527
-13.7305,-0.0475262,-12.5777
-17.4213,-2.92586,-16.0722
-20.4694,-6.39542,-19.1563
-11.5393,0.91729,-11.8022
-10.4635,0.759888,-12.9649
-4.44831,6.65369,-9.20425
1.0393,12.2894,-6.03903
-4.96967,6.33468,-13.4808
-5.27349,5.95317,-14.5236
-5.87487,4.30152,-15.2373
3.12736,11.4028,-5.51076
3.99137,10.6507,-4.30448
-7.84729,-1.69035,-16.3779
-7.74901,-1.04395,-15.9143
-7.35197,-0.345003,-14.6553
1.58585,8.41464,-5.06728
8.88327,16.0578,3.19133
3.07922,10.9882,-2.23344
3.07587,11.7042,-3.27179
1.02493,10.0826,-6.14076
5.65943,15.1299,-1.5973
7.21496,17.157,-0.481456
2.42037,12.1611,-6.03053
8.21423,17.9815,-0.450493
4.59411,15.3227,-4.34232
7.45857,18.8448,-2.0974
14.234,24.8446,4.38739
13.7876,22.9651,3.85832
17.3455,26.5981,7.59716
11.0169,21.7954,2.17216
7.6271,19.8426,0.0593339
4.16147,17.8542,-2.50585
-4.94409,10.1284,-11.4406
-6.01195,9.38967,-12.9995
-9.69481,5.22564,-17.8088
-7.22084,7.60894,-16.3149
-5.91722,9.61591,-14.4393
-7.09389,8.66005,-14.6307
2.4292,16.1508,-5.40302
-2.11186,8.36754,-10.3488
-5.97161,3.72415,-13.3186
-4.66345,6.66093,-10.5209
-5.39019,7.3177,-10.5711
1.87694,15.4626,-3.54602
-0.266522,14.0012,-5.98428
-5.52872,9.2488,-11.8208
-14.6794,0.222351,-21.9002
-14.3148,-0.288077,-22.4066
12.8733,25.4983,4.56256
30.643,42.5885,23.4559
33.7141,45.9377,27.309
25.1081,37.8573,18.5418
11.2501,24.5901,4.75319
12.6556,26.7571,6.12198
13.0338,27.1757,6.6873
18.9528,31.7942,13.3848
23.6043,34.8093,18.6996
16.0659,26.5775,11.9435
10.8936,21.7156,7.58558
2.52087,13.8177,-0.90152
6.13551,18.2945,1.84481
13.0746,26.1291,8.00024
17.7555,30.9711,11.8126
18.751,32.2999,11.3313
-1.45537,10.7264,-10.3846
-3.89503,3.62312,-13.526
3.03352,7.13437,-5.82779
-2.60405,1.93714,-9.71084
1.88589,7.47232,-4.54865
0.884202,6.2513,-6.62093
1.37696,6.25359,-7.28754
1.70854,5.84199,-6.76917
-4.50392,-1.86074,-12.4262
2.95674,4.38051,-5.17795
4.3142,5.72437,-3.55243
9.31089,10.8903,2.69333
14.0746,15.1873,8.38118
7.19393,7.50426,2.12893
7.37905,6.45087,3.23824
-0.973381,-2.80688,-4.07128
0.207491,-1.46343,-2.23174
6.89025,5.47847,4.50137
6.2378,4.74358,3.48871
13.5544,12.6166,9.81565
8.59473,8.80117,3.45454
7.82021,7.99224,1.18019
10.987,9.48387,3.14306
4.90573,2.23227,-2.82948
3.0523,1.47081,-3.37446
-13.2877,-11.9227,-19.0286
-17.9327,-13.9211,-24.8038
-3.33493,0.567538,-12.5632
9.97741,12.4383,-0.423048
27.4579,30.4625,19.3271
25.464,31.1838,21.0515
26.4206,35.3502,23.7559
22.9595,33.6536,19.612
2.39008,12.2009,-2.39014
10.2766,17.5442,4.43014
20.468,25.4006,13.9635
22.5769,26.1516,16.1744
20.1601,23.9847,14.7003
11.6256,17.2538,7.07082
20.764,27.5235,16.6077
21.2295,27.0398,17.4453
19.2027,23.5166,15.7861
21.3946,25.5018,18.0403
13.4886,18.3656,9.87185
19.6886,25.0665,16.1313
24.0473,28.8838,20.24
28.5664,31.6227,23.0602
30.8096,31.9622,23.5155
11.5366,12.2998,3.27606
3.56275,5.42225,-5.32411
1.46488,5.00979,-7.6383
4.65733,10.0597,-4.00749
9.00846,15.9316,1.36666
5.88426,13.5747,-0.156665
16.7371,23.9446,11.8108
17.428,22.8977,11.9342
14.8365,18.8256,7.89578
19.3124,23.5351,11.06
17.2981,23.3339,8.23297
17.3783,24.88,8.34544
2.8429,10.2132,-5.73401
-6.06921,1.53914,-14.3117
-1.11996,8.03802,-8.96478
-0.161593,10.4546,-7.30444
13.753,24.8255,7.63308
12.3515,23.5868,7.20426
5.47088,17.7797,1.18458
6.54547,19.3083,2.44357
-5.81364,5.9951,-10.8469
-2.77228,8.00444,-8.45871
2.22716,11.5861,-3.55837
1.98828,8.92967,-4.27921
0.902941,5.8907,-5.74652
-8.32361,-3.38903,-14.4836
-6.22285,-0.546444,-10.7884
-13.855,-7.99676,-15.9689
-23.023,-17.0719,-23.4463
-21.236,-14.865,-22.378
-25.9258,-18.927,-29.6488
-21.3397,-12.7024,-26.5848
-24.7694,-13.3646,-29.5283
-33.9899,-19.6569,-37.8748
-31.1017,-14.3672,-33.7682
-31.3962,-14.0221,-33.366
-25.5754,-9.3492,-28.062
-27.5,-12.9132,-30.8285
-33.4868,-20.3953,-37.2606
-33.423,-20.5185,-36.0003
-35.6409,-21.5257,-36.1203
-23.1083,-8.40209,-21.9845
-25.1395,-11.7477,-23.0787
-40.1323,-29.3666,-38.032
-44.2822,-35.6836,-42.204
-43.4502,-35.1454,-40.7846
-22.8071,-12.6834,-19.1957
-11.5813,0.591337,-7.28874
-20.8224,-8.27944,-16.7905
-28.303,-15.6608,-24.3483
-34.9987,-20.9688,-30.2373
-28.093,-12.4801,-22.674
-26.3341,-11.0028,-20.8894
-33.187,-19.5617,-27.6413
-33.9144,-21.6988,-28.4093
-35.6447,-24.8928,-31.3747
-30.7536,-21.2954,-28.0675
-40.1368,-30.3417,-38.4319
-47.9714,-36.4906,-46.2508
-37.6981,-25.5116,-35.2703
-31.4663,-21.5933,-28.9383
-18.1583,-12.229,-16.3953
-15.9555,-11.9383,-14.9007
-21.1785,-15.3898,-19.6444
-16.0306,-6.91656,-13.3187
-16.3457,-6.59143,-14.446
-9.78254,-2.59915,-10.6961
-5.23953,-0.146133,-8.12175
-4.91148,-0.123356,-8.15779
-0.0781936,4.16863,-1.78474
-2.37097,0.574717,-1.48338
0.180392,2.47734,2.13323
-4.43508,-2.07064,-3.29535
-4.17616,-1.64905,-3.61564
9.36934,11.9334,10.2511
7.77081,10.4196,8.64815
7.6614,11.1891,8.67961
7.4005,12.2796,8.49621
8.90138,14.2561,8.87353
14.0973,18.9508,13.0204
8.56195,12.7062,7.60441
8.5891,12.1421,8.50432
5.79696,9.66986,6.71622
8.39079,14.0287,10.3625
20.4568,27.8238,23.4212
16.2393,24.1257,18.7678
14.9503,23.5148,16.4443
13.8037,23.8041,15.5677
16.6561,27.3323,19.2526
31.8875,41.9978,35.1971
33.2025,43.3862,37.4535
33.9866,46.353,39.4615
32.9606,47.9003,38.3238
33.4645,49.0015,36.7219
38.3596,52.7473,39.7292
33.5908,46.5602,34.1344
39.6188,51.8027,40.086
45.6036,57.8835,47.0287
45.8331,58.6168,48.4095
44.2497,57.5634,46.6596
34.866,49.114,35.8194
40.1668,55.2227,40.0848
45.5851,60.0248,45.232
42.8265,55.7149,42.2994
42.4495,53.8491,42.1576
37.0839,46.8147,36.2895
40.2135,48.103,37.5765
35.7881,42.0671,31.5856
27.8193,33.0391,23.5423
27.3825,33.1961,25.3964
18.2702,26.3719,19.0298
18.2953,28.0602,18.912
14.9315,24.8459,13.4743
9.73763,19.5727,6.89324
13.2776,23.3301,10.1894
8.66562,19.4094,6.13259
8.03982,20.1991,6.37843
0.839838,14.0955,-0.463067
-1.13597,12.0508,-2.36876
19.07,32.5646,18.6007
26.9214,41.2191,27.2019
29.5488,42.4447,29.9371
30.6094,40.5759,30.7179
25.8861,34.0051,25.5131
24.4429,30.9118,24.0249
17.5435,22.1538,17.143
23.8023,29.0061,24.1604
38.4714,46.6084,40.4434
47.3959,57.4818,49.4481
47.3017,56.9586,48.5106
33.9208,41.5448,34.794
31.201,36.3763,31.5047
34.0752,37.321,33.3391
34.9695,38.1378,32.9579
36.0538,41.1851,33.2598
33.5635,40.8035,30.8894
37.2917,46.0912,35.8546
32.4958,42.0367,33.4871
22.6932,31.2521,25.0593
22.5222,30.0756,24.0789
22.0225,30.2963,22.3253
31.2954,40.9692,31.6103
41.189,52.1895,42.2781
44.6294,56.9408,45.4072
45.5439,58.9146,45.529
37.8558,52.5118,37.7179
43.4071,59.5774,43.3827
54.9185,71.6327,54.4595
62.9361,80.3211,61.3688
68.3769,88.385,65.8276
61.178,84.8414,58.3359
56.7257,83.9703,55.4506
54.2857,83.9587,55.8237
56.0677,86.452,59.1329
62.2719,93.4247,65.9876
59.889,92.3302,63.3013
67.1433,100.63,69.0327
77.1179,111.902,78.1837
74.1416,110.676,74.6246
72.872,110.111,72.6674
75.8589,112.436,75.4588
80.6044,117.206,79.9001
74.6095,111.423,73.6215
66.9327,102.692,65.8164
71.121,105.457,69.6606
74.3092,106.599,71.5603
74.3648,104.274,69.5422
60.6148,90.5479,55.0335
48.1961,80.2291,43.6518
50.0184,83.5264,47.191
53.0774,86.8825,52.1021
61.1157,94.2053,61.0206
60.4042,92.1404,59.874
50.1551,80.5085,48.9551
45.2579,74.3483,43.8708
44.3655,72.9075,42.7958
42.6167,71.4549,40.6466
35.9804,64.7862,33.6054
36.9947,64.5541,34.081
40.0468,65.7105,37.9111
38.4799,62.2393,38.5893
45.0154,67.1771,46.1211
45.8685,66.8853,45.8203
44.5932,64.0405,42.7084
40.575,58.9935,38.7947
30.1767,49.3833,31.2832
36.4058,55.5874,39.6481
44.7493,62.1769,46.8294
49.3661,65.9681,49.4425
48.4886,65.0485,48.3097
42.3726,58.5783,43.0706
47.6839,64.2763,49.2388
47.547,65.5851,49.9738
41.4094,60.6993,44.5541
32.7938,51.8403,35.6605
24.5963,42.5526,25.9371
30.0431,47.2464,29.8949
33.1397,49.4771,33.8516
33.8941,47.9736,36.4526
35.6714,46.6033,37.7622
35.2136,45.0081,35.8382
41.1796,52.3482,42.0579
39.0182,50.7132,40.6913
35.9912,46.0311,36.8904
39.7428,47.68,39.231
42.5773,48.4242,41.326
46.5773,50.8105,45.3553
37.2721,41.4601,37.1109
29.4765,34.5797,31.2146
30.5325,36.0375,34.2429
33.4854,38.3626,38.5401
43.7819,47.9679,49.2942
42.9804,46.3808,48.002
36.5264,38.0491,40.0149
29.3059,29.0489,31.0493
19.4376,18.6896,19.5956
23.9229,24.3037,22.779
25.0186,28.4497,23.9086
19.0174,25.3997,18.8521
11.7909,18.7854,12.4081
4.95401,10.2969,5.77577
15.5844,18.8988,15.3757
21.4427,25.197,20.3037
16.5149,22.68,15.9703
7.90102,15.4821,8.41559
-0.924345,6.98822,0.383523
3.80239,11.7934,5.17764
4.54823,12.3383,5.67416
1.56372,9.19908,3.24163
-1.85545,6.03254,0.958087
-5.81727,2.80353,-1.68458
-0.65452,8.17419,5.1048
-5.01215,2.87367,1.93794
-10.0141,-2.10088,-3.13262
-5.04824,4.04187,1.29173
5.29363,13.7581,11.5444
25.9321,31.9129,32.2878
26.5459,31.116,33.1388
13.4081,19.6143,20.6499
6.51,15.6717,13.5971
-0.197599,10.28,5.38987
-0.968488,9.66175,3.94889
-4.73917,7.03813,1.96755
-4.0238,8.93158,4.08429
-4.70372,7.02567,1.44106
-9.85349,-0.804673,-6.95102
0.987005,8.28741,1.72939
8.09139,15.0582,7.95013
5.80904,13.3086,5.17781
-0.620648,8.11107,-2.17151
-7.62789,2.2293,-9.62278
5.13669,14.9441,3.78833
18.8959,28.1499,18.3089
27.7697,37.0768,26.9307
30.374,40.5968,28.714
18.3858,29.2977,16.3726
11.2142,21.7347,8.9271
1.33725,11.4315,-1.26454
-2.37889,8.07026,-4.24317
1.80412,12.7383,1.33551
-0.65228,9.83574,-0.907412
-1.9038,7.36979,-3.07478
-9.31788,-1.22337,-10.2392
-8.75748,-1.10102,-7.41653
1.40868,9.8996,4.77103
2.25069,12.2774,4.95095
3.58237,15.0965,3.87117
0.295027,11.5628,-1.21588
0.862254,9.06617,-1.95804
10.4947,16.3388,6.31457
12.8736,20.0058,8.1507
12.9206,21.7924,8.5206
4.7564,12.45,0.333983
1.84317,6.96761,-2.90358
6.78602,10.7636,2.18621
6.65511,11.9735,2.43168
9.00908,16.2803,4.78682
2.87338,10.2828,-1.33274
-1.14513,5.85312,-4.59843
3.13455,11.0592,0.495821
5.84161,14.7463,3.07564
11.0123,19.8195,7.55663
7.78345,16.2414,4.33386
5.57409,13.79,2.78232
8.04852,16.4301,6.06785
2.68854,11.3884,1.41511
1.2439,9.34313,-0.132677
-1.23948,5.92068,-3.50739
1.7657,8.7704,-2.03982
9.02971,16.3717,3.49951
5.36475,12.5265,-0.945281
4.2937,10.6816,-1.42781
2.94997,9.49595,-1.42081
7.2096,15.4874,3.13345
10.483,20.3839,5.22612
0.351652,10.5945,-5.6288
-4.39166,6.19905,-10.0002
-6.14902,5.52696,-10.8627
-5.87062,6.57908,-9.62332
-9.35238,3.34275,-12.0857
-24.1787,-11.7061,-26.1617
-31.1937,-19.2237,-33.8263
-31.9289,-20.3543,-36.5379
-22.4074,-11.6912,-29.0955
-3.06019,6.55656,-10.413
1.37107,10.5433,-4.97209
-4.92544,4.56279,-10.0909
-14.051,-4.19794,-18.4063
-11.5945,-1.9319,-15.1329
2.77155,12.3205,-0.198456
15.1124,23.8401,11.8267
26.6248,32.0903,21.7396
26.6201,27.6069,20.3727
25.6441,23.0853,19.3929
19.5516,15.8924,13.5534
8.66504,6.41452,3.01085
13.5252,12.5525,8.28871
9.07951,7.69639,3.7698
3.76522,0.849025,-1.97859
8.91652,4.47315,3.28939
1.25107,-3.70863,-3.14822
-5.51324,-10.0536,-9.14515
-7.46405,-10.7969,-11.8373
-1.99236,-4.27255,-7.68592
4.15646,2.12821,-2.43933
-5.32445,-6.40932,-11.8006
-7.63174,-6.46845,-12.9913
-8.55154,-5.83708,-12.9772
-7.36869,-5.41027,-12.0353
-3.98879,-3.71853,-9.55489
-7.55851,-8.93813,-14.098
2.41955,-0.753934,-4.67426
6.37649,1.68701,-0.183626
4.15818,-1.97037,-1.65569
7.62702,0.289959,1.31559
5.94483,-1.76256,-1.21997
7.41357,0.00405158,0.210629
1.93171,-4.1733,-4.71805
-4.36818,-7.53416,-9.76445
-5.31059,-5.39143,-9.14333
-10.7891,-9.50578,-13.5674
-6.18444,-5.21115,-8.09385
-4.14515,-4.53227,-5.23321
-1.70846,-3.44203,-2.44228
3.70722,1.48147,3.4956
-3.59754,-5.47823,-2.60935
-1.03289,-2.21079,0.934867
4.08962,2.34139,5.7826
7.21027,3.54031,7.52677
1.40643,-3.48316,0.100545
-17.4864,-22.3407,-19.4415
-14.4801,-18.8025,-15.6785
-5.15034,-8.99744,-5.14619
-2.08789,-5.10084,-0.338615
-4.386,-6.16299,-1.13842
-15.8652,-17.4708,-13.4928
-13.4858,-16.3503,-13.3994
-14.2098,-18.0384,-16.2476
-21.5794,-24.2226,-25.7621
-22.8016,-23.1017,-28.0004
-24.1112,-23.9184,-28.4517
-6.82918,-7.72722,-9.76081
-0.177527,-0.572724,-2.19505
-10.7045,-9.09846,-12.4538
-11.7408,-8.8992,-13.5167
-16.8501,-12.6002,-18.6934
-16.1709,-8.95599,-18.3857
-19.7716,-9.13874,-22.8179
-22.0226,-8.77961,-25.7581
-16.0102,-0.775197,-20.355
-21.2421,-4.94418,-26.6597
-19.1501,-4.33443,-25.6395
-17.1696,-4.50984,-23.9536
-13.8448,-1.03252,-20.4373
-2.49931,10.7451,-9.39781
-2.60013,9.42907,-10.475
1.40431,12.6042,-7.4895
2.05722,13.5391,-7.5238
2.84898,14.1657,-7.50728
11.4864,22.8526,0.390908
0.904036,14.116,-10.2819
-5.26428,10.5554,-16.3553
-2.27937,15.5902,-13.7295
3.81006,23.3182,-7.66714
11.0722,31.1865,0.465957
2.94341,22.1821,-7.03894
3.07567,21.2309,-7.29676
1.8162,19.96,-9.60464
-4.46531,14.9604,-17.011
-2.13801,18.8986,-14.8675
-6.70447,15.6041,-18.3516
-7.38363,16.3013,-17.4846
-11.9558,12.0453,-21.4738
-15.215,6.16921,-25.9456
-6.18214,11.3422,-18.1931
-9.77526,6.38574,-21.8571
-14.333,3.07232,-26.4845
-19.9035,-2.02823,-32.9073
-17.3664,-0.538472,-31.3411
-3.08426,13.5441,-17.1549
-4.45149,13.9494,-16.8578
-6.58038,14.6365,-16.2702
-16.1491,7.13659,-23.7177
-25.7638,-2.14104,-32.2293
-20.7586,2.47198,-27.1614
-19.3031,3.44834,-26.0373
-12.2601,9.52499,-19.3673
-12.464,9.43771,-20.0797
-14.005,9.48415,-21.5782
-1.5508,21.8357,-9.13667
1.06671,21.615,-7.66423
4.21982,21.3203,-5.86859
1.37289,16.9829,-8.62764
-3.22421,12.8287,-12.1884
4.97011,20.6439,-4.04727
4.31014,18.217,-5.73113
8.35756,21.1313,-2.45169
7.34771,20.9945,-4.38344
1.83452,16.3369,-11.7163
8.36073,21.2398,-7.38319
12.4267,22.6231,-4.50812
20.025,28.6209,2.5565
19.2036,26.6947,0.589492
19.4989,24.7398,-0.0562002
28.6812,31.2038,9.01571
21.9533,23.2459,2.14231
19.1228,20.5005,-1.17407
17.8808,19.3093,-2.90888
14.2595,15.4492,-6.46021
14.448,14.9861,-5.93222
3.77078,3.57324,-16.8199
5.25727,5.4782,-15.2596
6.47154,7.93497,-13.5046
-1.30912,1.09998,-21.7352
-7.98636,-5.39096,-30.1378
-19.6049,-18.1216,-42.3258
-9.41523,-9.56988,-29.3167
1.62684,0.796654,-14.1338
4.24353,3.3346,-9.64704
13.2449,11.7156,-1.2736
7.95642,5.66862,-7.52945
3.82591,1.51915,-12.4006
0.718846,-1.21741,-16.672
0.966724,-1.31449,-17.3804
10.9749,7.21844,-7.21423
6.74175,1.58529,-10.1602
9.8963,3.68877,-5.41519
12.443,4.76657,-2.58628
7.95671,-0.894981,-7.27358
14.3906,5.16173,-0.428858
12.4906,3.40088,-2.97614
13.866,6.07135,-2.50244
14.0505,8.06787,-1.52891
12.4591,6.43984,-1.86021
18.3059,10.7545,4.34305
19.5888,11.0124,5.05677
28.831,19.3447,12.5298
29.0475,18.3438,10.8723
22.5144,11.9672,4.09309
25.7457,17.1295,7.81382
19.0367,12.334,1.0819
20.0428,14.0409,1.63918
23.8134,17.1621,4.71787
20.5843,12.6112,1.45822
22.0892,13.6688,3.56574
17.9189,10.2933,-0.153144
23.4542,17.2255,6.63957
25.6889,20.4615,10.3143
23.3938,17.295,7.35488
29.4721,21.7975,10.9881
24.8035,16.9894,3.9722
24.1281,16.5334,1.72484
19.1709,11.313,-3.13939
7.50237,-0.0891499,-12.9969
4.25623,-2.98059,-14.5756
0.206257,-7.08771,-17.6584
11.1645,3.72713,-6.64965
23.7047,15.8771,5.11727
23.314,15.5574,4.90941
19.8481,13.3764,3.08716
6.72973,1.60972,-8.26567
3.43992,-1.46792,-10.511
1.48958,-3.77171,-12.6432
0.948765,-4.78474,-14.2961
11.3571,5.42482,-4.58744
9.32441,4.48383,-6.1973
11.7904,7.93324,-2.80628
12.3048,7.04031,-2.20461
9.29666,1.19242,-6.09571
18.1103,8.37269,1.86938
20.6983,11.507,3.83495
24.3656,16.7073,6.81973
22.701,15.6831,5.21957
18.1302,10.8581,1.89546
22.0385,15.8261,7.27023
15.8036,11.9518,1.38668
14.4734,11.535,-1.4596
12.6664,8.78467,-5.38635
10.188,5.12,-8.49096
18.8199,12.9514,0.42319
17.6677,11.5385,-1.65718
19.158,13.5966,-1.42286
7.45291,2.69137,-12.7454
-6.0917,-11.3097,-24.8777
7.97516,0.715273,-9.91687
15.1295,4.99098,-2.18044
20.744,8.06276,4.68636
19.4061,6.14712,4.64777
8.53508,-2.70736,-5.58588
10.6805,2.73117,-2.38833
11.2092,4.95808,-0.290676
15.4443,8.51718,4.43842
11.9975,4.24031,0.403318
1.36079,-5.8571,-10.585
6.79807,0.902493,-4.61218
5.54111,-0.0326141,-5.30764
5.81506,-0.679462,-5.18936
6.45144,-0.922083,-4.63135
6.9297,-0.705974,-2.67728
18.7716,11.0375,12.1342
3.42708,-4.43376,-1.64688
-9.60391,-17.5089,-15.8842
-4.4183,-12.4304,-12.8168
-6.77207,-14.2666,-16.0919
-4.67725,-10.9607,-13.3121
-10.4,-15.9729,-18.0967
-8.01115,-13.2575,-15.7299
4.024,-0.466061,-5.3341
5.22883,0.995436,-6.29879
4.44868,-0.500549,-7.0827
-4.21485,-9.57302,-13.8791
-4.0053,-9.54939,-12.9355
0.680533,-5.7339,-9.66916
-7.62882,-14.8896,-19.647
-7.71111,-15.5942,-19.7128
-8.10593,-17.0644,-19.227
-0.413064,-9.7873,-10.7028
10.2097,2.5028,1.17693
-0.688161,-5.00331,-8.70366
-5.75228,-6.75562,-13.7632
-8.10109,-7.66294,-17.1329
-7.82037,-7.82834,-18.0092
-5.3321,-6.27046,-14.7656
-11.3292,-12.5755,-17.7037
-6.91397,-8.06412,-10.7399
-6.31507,-6.92379,-10.5061
-10.2428,-9.19142,-15.9566
-10.3198,-7.54365,-16.0876
-11.8746,-8.6562,-16.5566
-8.2783,-5.46346,-11.681
-10.7033,-8.55394,-13.3867
-13.3311,-12.6427,-16.5612
-12.7599,-14.468,-17.0295
-15.9106,-19.4988,-21.3831
-11.6549,-15.8973,-18.5983
-14.7479,-18.8449,-22.2752
-17.8533,-20.8951,-24.2971
-14.4025,-16.8174,-19.4435
-14.991,-19.0478,-20.1421
-4.54151,-11.4961,-10.4556
-1.39494,-9.82052,-7.42692
-0.715028,-8.54375,-6.42873
7.71473,0.499473,2.97759
7.17571,-0.597734,3.30881
4.57112,-5.01933,0.179851
-1.79107,-14.2423,-6.81001
-2.25842,-16.4203,-6.20671
1.96326,-11.4543,-0.46926
-0.248245,-12.8262,-3.89007
4.02089,-9.71738,-2.69375
5.15056,-11.3908,-3.49804
7.74935,-11.4084,-1.54796
13.1967,-6.59914,4.46303
7.40588,-10.9575,0.0653503
7.06328,-8.26752,1.54639
5.55057,-6.70815,1.49477
7.07499,-4.34274,2.48902
13.2054,0.365811,6.90862
11.2506,-3.57476,4.31806
14.9489,-1.41536,8.95601
15.628,-1.845,10.967
15.5851,-2.11567,12.3965
15.4555,-1.76982,13.8434
8.76284,-8.22955,7.83174
10.1899,-6.4795,8.73138
7.7231,-7.97119,4.96253
4.91134,-9.93946,1.85853
6.40688,-7.97227,5.26154
-0.0760123,-12.6074,1.09644
-0.880446,-10.6255,2.16511
-7.20569,-16.0585,-2.53721
-12.4892,-22.5379,-6.88508
-3.00383,-13.7892,3.27698
3.6361,-5.48903,10.5578
5.75723,-0.780102,12.7209
-1.93727,-7.49315,3.8185
-1.19979,-7.27551,2.71653
7.90474,0.791876,10.7168
7.92795,0.218182,9.85206
13.2304,5.91002,13.4406
14.0821,6.17118,12.3235
14.528,4.45216,12.0408
17.6973,6.47072,16.3594
13.1917,2.27563,12.9796
16.4625,5.85571,15.6403
15.2347,5.06227,13.5318
13.7762,4.1843,12.6448
19.5703,9.7553,18.9988
9.825,-0.458976,7.78422
2.27167,-8.43014,-1.39683
-1.05316,-12.029,-4.38495
-6.42589,-16.2936,-8.43339
-8.47105,-17.591,-9.87861
-8.47546,-19.1877,-11.098
2.27534,-10.5322,-1.99896
6.06089,-7.22635,1.86816
2.47244,-9.27578,-0.251404
3.80426,-6.13101,2.51279
12.4002,2.80181,11.6514
25.6443,15.1575,24.8336
25.3657,13.1318,24.2919
22.8816,8.32643,21.346
23.7543,6.76709,22.0083
21.0226,2.47654,19.0088
26.251,7.68822,24.2388
31.6377,13.2727,31.0455
28.6511,9.98496,30.1263
19.7512,0.834751,22.3986
12.6416,-6.47907,14.5682
16.947,-2.19074,17.2269
18.542,-0.129174,17.5301
19.1865,1.56601,17.0816
17.7169,1.57818,15.5953
9.9076,-4.65326,9.30381
8.22465,-4.54966,8.92758
4.91558,-6.52929,5.13072
10.7773,-1.33007,9.43251
18.9829,4.3663,16.4049
12.7201,-4.63829,9.14625
2.91386,-15.0416,-1.30473
-5.4039,-20.6744,-9.47278
0.0117661,-11.4882,-3.82227
6.60213,-2.33657,3.72636
1.077,-7.24479,0.0907139
-6.95578,-16.538,-7.36021
-14.9363,-26.8661,-16.7352
-11.0193,-25.026,-14.4273
-6.76936,-21.2737,-10.39
-11.4452,-25.244,-13.9552
-9.7588,-22.9373,-10.9704
-9.86211,-22.7982,-11.3719
-6.73935,-19.2434,-10.4035
-5.80497,-17.5481,-11.5991
-12.4951,-23.6676,-18.8576
-14.6869,-25.2281,-20.0406
-19.8835,-28.9915,-23.8573
-18.7777,-26.0985,-21.7744
-20.0581,-26.5724,-22.29
-24.9383,-31.2076,-26.0633
-17.9283,-23.448,-17.5384
-13.1296,-18.4499,-11.414
-5.58798,-11.9383,-3.77148
3.34665,-4.50869,3.90941
4.13802,-4.73382,3.58892
4.38786,-4.65,4.31253
0.400192,-8.29422,1.48422
0.814836,-7.25621,1.662
0.686162,-7.1282,0.134679
-3.16435,-11.7382,-5.16939
0.677365,-9.48225,-2.4929
-2.15778,-13.7112,-5.98805
-1.66048,-12.7049,-5.40875
-0.539091,-8.60755,-2.96617
-3.49064,-8.76849,-4.46905
0.961476,-3.75028,0.265154
2.86087,-2.10996,2.55868
8.70083,4.03812,8.6681
2.69638,-1.2662,1.35903
-12.8508,-16.623,-15.6908
-15.5143,-19.417,-18.6881
-19.4538,-23.0567,-21.9338
-12.7134,-15.574,-13.9843
-4.91228,-6.74983,-5.56737
-8.63593,-10.4569,-9.64435
-6.99655,-10.3187,-8.42736
-12.9955,-17.683,-14.1051
-14.3244,-18.6875,-14.1382
-14.7415,-17.0001,-12.4812
-19.4562,-20.2001,-15.6076
-12.3393,-13.639,-8.35836
-16.1445,-18.3224,-12.4151
-20.1063,-22.7941,-16.2623
-23.2884,-25.8156,-18.9552
-23.0379,-23.6331,-17.8448
-13.2735,-12.0051,-8.49688
-27.3442,-26.6161,-24.2341
-37.7447,-39.1169,-35.1239
-35.0178,-38.0148,-31.9821
-32.8088,-35.7973,-29.9955
-22.9171,-25.0219,-20.2558
-26.4879,-28.8903,-23.1897
-27.3261,-31.0952,-23.5553
-24.5321,-28.5551,-20.9985
-30.3941,-32.9268,-28.1907
-24.3641,-24.5363,-23.8066
-20.9727,-18.7755,-20.7263
-12.6988,-8.32234,-12.4178
-8.30063,-2.35533,-9.06376
-18.8541,-12.027,-20.3589
-18.3089,-10.2289,-18.3755
-25.9792,-16.8422,-24.2787
-28.8883,-20.032,-27.6882
-24.694,-16.4807,-24.952
-28.3241,-20.4902,-28.6226
-23.8179,-16.6781,-23.3019
-28.4324,-21.5,-28.0481
-30.9402,-23.201,-31.5299
-28.2074,-19.3174,-29.3714
-25.6995,-16.2176,-26.3715
-14.016,-4.5599,-13.422
-19.9302,-10.0637,-17.566
-24.0958,-14.2576,-19.9219
-21.889,-13.3485,-16.6989
-28.4708,-21.2186,-23.3268
-19.8746,-13.4818,-15.6147
-15.6084,-10.2423,-12.4163
-14.2866,-10.2529,-11.8529
-20.1508,-17.7641,-18.2847
-32.1537,-30.7364,-30.0317
-15.3518,-13.3552,-12.4021
-5.07132,-2.19413,-2.41112
-0.739908,2.7113,1.13177
0.630543,4.77489,2.78672
-17.0906,-12.5933,-13.4569
-20.1597,-15.6023,-15.2389
-19.5534,-14.8536,-14.2831
-15.7241,-11.2941,-9.37212
-11.446,-7.55113,-3.3813
-20.367,-16.4148,-12.5525
-16.4721,-11.8507,-10.7848
-15.4697,-10.0614,-11.5936
-13.6668,-7.34839,-10.0955
-4.29155,2.71074,0.568949
-4.60934,2.05441,1.68792
2.15473,7.82229,8.93947
-1.31882,3.69951,4.87988
-4.55263,-0.181953,0.765426
0.776486,4.39868,5.85614
-2.60936,1.40782,1.66464
6.64308,11.8075,9.0882
5.40344,11.2595,6.3197
-3.87416,1.4175,-3.82949
-3.98812,-0.430164,-4.85214
-2.91429,0.343718,-4.01828
11.1609,17.3254,11.9726
14.5135,24.9464,17.4451
15.0995,28.0309,17.7882
23.5611,36.9174,24.5085
19.6864,33.6947,19.4159
19.7771,35.1495,19.6581
13.3973,30.0171,13.7734
17.5417,35.3408,19.078
36.2367,54.7299,39.7433
27.5776,45.8654,31.7303
19.2603,37.1154,23.3121
16.8844,35.0574,21.0012
19.2722,38.7189,22.6952
32.6299,52.6449,34.5175
34.92,53.6335,35.4289
34.9447,52.0071,35.2961
26.8962,43.5901,27.6737
20.5994,38.0539,21.4324
21.8336,40.413,22.7684
16.6498,36.7492,18.1042
21.1817,42.5512,23.05
20.6772,42.003,22.3255
15.9375,36.846,17.1522
15.0878,35.4778,16.1682
5.38149,24.5704,6.60488
6.41349,25.678,8.51995
5.11444,26.4359,8.25995
3.44899,26.1113,7.39008
10.9242,32.696,16.2922
4.75043,24.1214,11.5427
5.19858,22.1744,12.5742
10.2433,26.2882,16.9658
17.2177,33.8869,22.287
24.8111,42.1813,28.3861
19.9726,36.6969,22.7618
24.9584,40.0122,28.9473
26.7334,40.552,33.8965
23.7112,36.7243,32.8021
26.5379,38.8702,34.9858
22.9406,35.7226,29.2735
27.3846,40.6783,31.2229
29.1315,40.8346,30.9155
27.6021,36.9117,28.101
32.139,40.5364,32.1928
28.516,37.0742,28.5466
29.7013,38.5565,29.8605
22.7016,31.7346,23.286
11.4071,21.4176,12.8594
9.4687,21.9167,11.2513
7.11782,21.5873,8.02096
14.4015,29.4374,15.0221
7.09216,22.0774,8.64586
-7.85171,7.81073,-5.45034
-10.734,6.31468,-8.22659
-16.771,1.09509,-14.7808
-17.2148,0.859824,-15.2314
-21.4757,-4.20061,-19.0808
-22.6306,-6.59909,-20.1097
-13.7085,2.25373,-10.544
-15.7259,-0.00777918,-12.182
-13.3384,0.653401,-10.1271
-13.0548,-0.751451,-9.88299
-11.9261,-0.6152,-8.82001
-4.15008,6.51832,-0.8082
-9.22888,0.920408,-5.30995
-6.74182,2.18393,-3.14838
-7.03869,-0.00605043,-4.40799
-9.58023,-4.96081,-7.82674
-6.30879,-4.34767,-5.76864
-20.1484,-19.2198,-20.9825
-33.4505,-31.634,-34.3482
-43.5743,-41.36,-43.3463
-43.6766,-42.3411,-43.2682
-30.339,-30.5053,-31.666
-28.7617,-31.1769,-33.5343
-25.1319,-29.5231,-32.4359
-25.8195,-31.201,-32.3744
-34.7933,-40.3727,-39.1826
-38.3683,-43.1431,-40.9773
-44.6717,-48.5162,-46.4498
-40.6138,-44.1848,-42.66
-36.4375,-40.2601,-39.2783
-35.5276,-39.4611,-38.4479
-32.8709,-36.2939,-33.8455
-37.2783,-39.8352,-35.8272
-33.1571,-34.5024,-31.1268
-31.3839,-31.6417,-29.4783
-30.692,-30.7429,-27.9602
-27.4698,-28.5967,-23.9852
-28.5575,-32.2865,-25.6118
-24.2557,-31.1039,-22.3609
-33.5475,-41.778,-31.9449
-46.6216,-52.8781,-44.7343
-46.3758,-48.8954,-44.1751
-44.4454,-44.9725,-42.4012
-31.8656,-32.3076,-30.4952
-23.4904,-23.6918,-22.6917
-29.1798,-28.655,-29.0282
-40.8791,-39.0528,-41.29
-56.1764,-51.8316,-56.8387
-56.0267,-48.6305,-56.9031
-53.2181,-43.8447,-54.125
-48.6219,-38.636,-49.3452
-39.517,-29.2062,-39.9183
-36.9505,-26.2837,-37.2783
-26.8481,-16.2241,-27.3676
-25.8906,-15.741,-26.2481
-33.4983,-23.8981,-33.8312
-36.0926,-27.0288,-36.6856
-39.8112,-31.8875,-40.6261
-32.383,-26.2105,-33.4949
-25.6884,-20.6694,-26.8575
-24.9726,-20.2363,-26.5981
-27.051,-22.5715,-29.457
-37.5041,-32.5864,-39.7828
-40.6406,-34.3357,-41.9457
-46.8012,-39.535,-47.447
-47.4236,-39.7056,-48.5428
-36.7309,-29.0426,-38.5131
-33.7328,-27.0748,-35.8139
-29.7458,-24.1966,-32.1937
-35.6732,-30.4514,-38.1736
-42.1341,-36.4859,-44.2521
-38.3687,-32.0342,-39.9873
-34.8895,-28.7395,-36.5193
-27.3541,-22.0983,-29.1207
-27.8125,-23.1255,-29.075
-25.605,-20.2189,-26.4342
-18.3706,-10.7499,-18.6051
-23.619,-13.6909,-23.5862
-23.367,-12.6158,-24.1559
-22.1029,-12.4752,-23.6529
-17.7392,-9.59601,-19.5298
-9.94756,-2.54417,-11.2882
-18.5621,-12.5376,-19.1638
-24.4295,-20.479,-25.4829
-29.9944,-27.4385,-33.0186
-35.8107,-33.636,-41.1335
-39.0052,-36.7074,-45.666
-50.0175,-46.6579,-55.9371
-59.5167,-53.3684,-63.1034
-77.3391,-68.3063,-79.1525
-95.0623,-84.9546,-96.2033
-110.755,-101.281,-112.33
-135.968,-127.585,-139.602
-150.984,-142.531,-156.761
-173.815,-164.886,-180.1
-209.697,-201.184,-215.011
-241.676,-233.216,-245.095
-277.947,-268.675,-279.54
-302.746,-293.618,-303.478
-324.977,-317.635,-326.501
-348.77,-342.866,-352.183
-367.151,-361.463,-370.936
-390.792,-384.919,-393.025
-404.892,-398.698,-405.524
-418.429,-411.924,-417.898
-430.986,-423.811,-429.64
-438.582,-430.497,-436.882
-454.503,-446.216,-453.108
-464.572,-455.792,-463.467
-472.562,-461.319,-470.501
-472.834,-459.189,-469.687
-464.546,-451.859,-461.757
-467.783,-457.513,-466.774
-462.571,-452.831,-463.527
-454.55,-444.67,-456.248
-449.053,-439.929,-450.304
-440.253,-432.336,-440.675
-441.573,-434.492,-441.747
-434.808,-427.179,-435.182
-424.065,-415.755,-424.174
-409.629,-402.292,-409.902
-395.605,-390.082,-397.048
-399.248,-394.885,-401.164
-396.287,-391.731,-397.108
-388.243,-382.907,-387.822
-375.227,-369.613,-375.233
-355.125,-349.531,-355.826
-350.583,-344.627,-350.563
-349.286,-343.456,-348.753
-342.724,-338.272,-342.349
-321.564,-318.368,-321.379
-290.946,-288.852,-291.132
-277.99,-277.076,-278.575
-266.078,-265.163,-266.61
-258.974,-257.721,-259.143
-247.229,-246.764,-247.686
-218.303,-219.444,-219.753
-196.474,-198.617,-198.829
-174.573,-175.809,-177.328
-160.38,-160.029,-162.787
-146.199,-146.064,-148.059
-121.445,-123.546,-123.027
-101.556,-105.671,-102.837
-70.8886,-75.7908,-71.685
-43.6852,-49.2787,-44.0203
-29.7082,-35.0025,-29.6616
-18.5606,-21.6032,-17.3285
-18.14,-20.3295,-16.2229
-9.68542,-13.7698,-8.74365
-3.76788,-9.05605,-3.81978
-3.96616,-8.80161,-4.89736
-3.20445,-7.81575,-4.93676
-16.0067,-21.3393,-17.4876
-15.7009,-22.4719,-16.2665
-14.0003,-21.6211,-14.3062
-22.2769,-28.926,-22.5798
-25.7113,-31.1436,-25.5718
-33.7414,-38.9904,-34.5043
-36.369,-40.5536,-39.0665
-46.0032,-47.2186,-48.6509
-59.1539,-57.1715,-60.2725
-60.3131,-56.1221,-60.1993
-65.4514,-60.5687,-64.4759
-64.2965,-60.4002,-63.206
-65.5286,-62.9868,-65.2719
-66.2493,-63.5412,-66.9191
-58.3014,-54.1868,-58.9699
-67.3131,-61.9698,-67.5578
-77.3215,-71.1755,-77.2868
-84.4771,-78.4767,-84.7502
-76.4556,-70.958,-78.3881
-52.9042,-47.513,-56.6711
-53.9729,-48.6735,-58.2138
-61.5898,-56.0339,-65.4198
-67.4152,-61.9156,-70.9932
-72.1066,-67.6741,-76.0996
-72.9063,-70.0232,-77.7221
-82.8876,-80.3182,-88.1911
-86.0629,-82.2157,-91.8707
-94.2753,-91.4042,-101.852
-105.055,-105.274,-114.159
-103.093,-103.816,-110.772
-107.647,-106.739,-112.794
-105.554,-104.174,-109.418
-104.987,-104.568,-108.634
-107.124,-107.026,-111.162
-104.269,-102.419,-107.375
-113.163,-109.022,-113.62
-111.847,-107.388,-110.208
-108.93,-106.457,-106.409
-109.681,-109.924,-106.677
-100.995,-103.354,-97.5513
-92.431,-95.7919,-89.3631
-75.0415,-78.097,-72.9251
-65.2326,-68.0467,-63.2583
-68.3017,-71.8371,-66.1704
-65.3481,-69.4855,-63.3064
-56.4908,-60.8445,-54.7686
-32.7747,-37.4472,-31.8946
-14.8666,-19.5483,-14.5366
-8.00544,-12.1483,-7.04707
-2.51265,-6.02029,-0.993338
-6.65835,-9.46902,-6.43769
3.15885,1.07713,1.4216
12.4059,11.2915,10.0252
20.1752,20.1141,18.1709
39.2968,39.1568,37.8131
46.9236,45.8057,46.0817
56.0061,54.3215,55.9734
60.7258,58.9508,60.8661
61.1215,60.1634,60.3593
68.886,69.7084,67.3471
72.1478,74.3033,70.1422
88.2334,90.5786,85.4189
104.638,106.382,101.643
102.956,103.65,100.257
97.9325,96.8696,95.2331
95.3289,92.8574,92.5599
105.984,103.493,103.338
113.64,111.212,111.636
117.02,114.051,115.49
123.186,119.746,121.226
121.891,118.701,119.468
128.374,125.493,125.666
127.586,124.27,123.963
122.827,119.567,118.159
125.197,122.216,119.774
121.379,117.841,115.464
122.396,118.545,116.291
118.029,114.261,111.963
113.025,109.304,107.337
113.232,110.504,108.338
106.563,105.649,102.329
107.053,106.867,102.477
104.117,103.488,98.8394
102.996,102.052,97.3268
111.21,109.932,105.624
110.983,109.317,105.919
114.76,113.35,109.867
112.449,111.855,107.223
109.965,110.266,104.166
117.694,118.232,110.94
121.527,121.375,114.227
128.529,127.244,121.081
124.684,121.878,115.908
121.449,117.146,110.847
131.356,126.1,120.229
138.273,132.698,127.83
139.662,134.918,130.085
127.32,124.174,118.588
123.913,121.914,115.457
134.476,132.938,125.453
137.045,136.078,127.824
138.037,138.477,129.163
124.298,126.316,115.684
109.954,112.882,101.282
106.374,109.574,97.8578
97.7519,100.859,89.8849
98.3839,101.642,90.9215
96.2224,100.088,89.2725
95.6395,100.062,89.2161
89.8886,94.6228,82.9077
69.8479,74.3167,61.557
66.0503,69.9072,57.1252
58.9996,63.0659,50.9299
52.3696,57.1651,44.8886
51.4457,56.6264,42.9385
44.2257,49.2075,34.6714
50.0238,54.3572,40.4774
49.013,52.6586,40.5426
45.9899,49.1369,38.8144
49.2073,52.1083,42.4505
43.2082,46.0488,36.5353
47.713,50.7853,41.4555
49.4501,52.7461,43.8342
50.621,53.9208,44.9243
51.9912,54.6847,45.0566
40.8654,42.3084,33.4818
40.8682,42.7144,34.7717
34.6883,38.8213,30.0407
31.2996,35.7041,27.075
36.4253,38.9639,32.1324
36.8033,39.3401,32.8869
48.2644,52.6452,44.7223
46.001,51.9201,43.0041
43.0788,50.6818,41.2513
49.7227,59.3159,48.5797
48.1046,58.3443,46.9303
57.5195,66.2886,56.1573
60.1705,67.3296,58.7834
62.5247,69.7416,62.0373
70.9544,78.2692,72.1123
66.762,73.0767,69.7266
75.4278,81.0126,80.3183
82.0094,88.4341,87.6263
89.5142,97.8004,94.1982
103.464,112.856,107.462
106.741,116.894,111.293
114.475,125.495,119.519
104.037,114.002,108.098
95.9795,103.545,98.6135
101.362,108.437,103.966
95.3657,103.475,98.6322
100.516,109.069,103.268
97.8304,106.811,99.3359
94.5377,104.204,95.8793
100.911,110.475,103.269
96.6907,105.174,99.5484
102.065,109.021,104.05
91.8834,97.6337,92.5127
78.2802,83.6865,79.3534
88.2755,93.4301,91.6196
94.6507,99.1674,98.4254
104.703,109.156,106.711
95.3159,100.315,96.5792
82.5226,87.4791,84.9602
88.197,92.2375,91.458
86.5715,89.7453,89.5057
97.2133,99.191,99.6896
102.658,103.233,104.449
106.623,107.984,108.216
116.322,119.785,118.341
108.86,112.609,110.567
109.035,111.58,109.841
101.642,102.884,101.794
96.567,96.7192,96.112
103.536,103.133,101.87
92.0535,91.9499,89.2286
92.6589,93.0017,90.2821
92.6065,92.5643,91.696
82.1874,81.721,82.0455
68.0484,67.6289,67.3699
43.6938,43.9542,42.5445
40.5828,41.5279,41.0764
30.5204,30.3647,33.8549
13.3952,11.9303,18.6581
5.43622,4.30097,10.9711
-9.23537,-9.69232,-4.41185
-6.97066,-7.23631,-2.70551
-9.1025,-9.4532,-4.76031
-17.4574,-18.0011,-12.2526
-23.3048,-24.1547,-17.6806
-42.8039,-44.2936,-38.298
-44.5685,-46.2954,-41.5018
-47.7516,-48.2391,-44.8685
-53.3077,-52.6241,-49.5844
-48.3366,-48.5718,-44.5956
-57.2681,-59.2356,-54.2682
-53.9139,-56.4917,-50.967
-55.37,-57.8755,-52.8242
-62.05,-64.3963,-60.4111
-62.0886,-63.5609,-59.8414
-71.994,-72.0783,-67.7228
-66.0618,-65.7288,-60.8525
-67.487,-68.5336,-63.5358
-74.3566,-76.9924,-72.0524
-73.3145,-75.9736,-71.4849
-84.0738,-85.8732,-82.353
-79.2333,-79.301,-78.2086
-78.5458,-75.7069,-78.0864
-85.3019,-80.9127,-84.9367
-83.0987,-79.816,-83.1456
-89.2629,-87.5008,-89.5577
-80.78,-79.1276,-79.9616
-79.2159,-75.8484,-76.5962
-77.8323,-71.7302,-73.9487
-65.3352,-57.5061,-61.307
-77.3651,-69.5248,-74.3619
-77.7,-71.6095,-76.3661
-75.107,-72.1743,-75.6401
-77.1365,-76.7958,-78.6061
-73.4423,-73.4541,-74.4091
-90.3864,-88.4388,-90.7414
-101.528,-97.0335,-101.705
-111.275,-105.71,-111.763
-117.771,-112.616,-119.435
-114.401,-108.949,-116.61
-127.98,-120.222,-128.837
-135.232,-124.924,-133.902
-143.406,-132.874,-141.274
-142.15,-133.837,-141.252
-121.617,-115.158,-121.503
-122.707,-116.428,-121.838
-114.854,-108.609,-113.424
-109.076,-102.995,-108.559
-122.424,-115.343,-123.224
-122.543,-113.394,-123.032
-120.474,-110.341,-119.623
-105.405,-96.2778,-103.287
-97.3162,-89.0148,-93.9802
-105.529,-97.3278,-102.224
-106.128,-99.286,-104.172
-112.586,-107.323,-111.493
-112.614,-106.413,-111.082
-114.633,-105.816,-112.578
-121.305,-111.302,-120.264
-117.046,-108.292,-117.99
-121.112,-114.766,-124.131
-127.377,-123.199,-132.19
-137.982,-134.736,-143.529
-147.205,-143.495,-153.011
-143.726,-139.111,-150.348
-146.048,-139.956,-153.512
-139.264,-131.445,-145.979
-138.814,-132.016,-143.638
-147.141,-143.756,-150.836
-147.704,-146.747,-151.256
-159.169,-159.242,-163.584
-157.36,-158.713,-163.007
-151.701,-154.753,-156.98
-151.84,-155.541,-155.172
-141.478,-145.544,-143.915
-135.988,-141.671,-139.351
-122.435,-130.156,-126.302
-112.15,-120.643,-115.905
-112.351,-119.897,-116.614
-101.665,-107.753,-105.69
-95.6033,-100.642,-98.9412
-91.0006,-96.5018,-94.92
-88.1419,-96.6667,-93.1021
-86.1776,-98.4362,-91.9968
-84.1733,-97.9287,-90.1244
-94.9371,-107.723,-100.711
-90.0405,-101.576,-96.4163
-81.9762,-93.1938,-88.5692
-82.4607,-92.7646,-88.0232
-80.7623,-88.8559,-84.7176
-86.8887,-93.7473,-89.6932
-78.4768,-85.8062,-81.0193
-69.2342,-76.9062,-72.2212
-67.3398,-74.6623,-70.8846
-58.9017,-65.9293,-61.81
-54.788,-62.3837,-56.9771
-39.1215,-47.614,-41.7631
-22.0275,-30.1333,-25.1961
-17.4899,-24.2262,-22.214
-14.4665,-20.3041,-20.9249
-11.4359,-17.5694,-17.7375
0.587681,-6.07371,-5.17129
6.68771,0.206782,1.2729
12.6546,5.87277,7.73965
27.0375,18.9697,22.5873
35.4562,26.2964,31.7918
50.3718,41.8083,47.8933
48.1347,42.0615,46.6217
36.9344,33.6311,35.3672
44.648,42.7326,42.1402
53.7953,51.0576,50.1367
64.1735,60.1877,59.7097
64.0906,60.2735,59.9141
66.7522,63.3957,63.8796
78.5822,75.4558,77.8579
74.3663,71.811,75.5831
68.6003,66.4193,69.6321
65.2885,63.4097,65.3877
70.965,69.8946,70.9416
82.7501,81.74,83.1706
79.2223,77.7065,80.6523
78.2226,77.9381,80.8832
73.2827,75.2982,77.2543
70.8662,72.733,75.821
77.9543,77.2375,83.4095
71.2002,69.0785,77.2093
68.4657,66.6579,74.5461
68.5185,67.3464,74.0757
73.0325,73.4068,78.6671
77.18,79.5624,83.1627
63.5948,66.672,69.2873
57.917,60.697,62.8929
57.3363,60.0362,61.3377
58.0883,61.1861,61.3332
61.2947,64.9384,64.972
53.0989,57.0541,57.4275
48.2135,52.1092,51.8271
41.458,46.0823,44.2334
39.4294,47.2699,42.2424
46.6549,58.1198,49.9571
41.0089,53.0071,44.9913
38.0591,48.8096,41.8104
32.6908,43.838,35.8423
27.4969,40.5828,31.3964
25.0203,38.7576,30.1271
12.0084,24.3392,16.7078
10.5367,21.6826,13.2836
15.9023,27.8521,17.7385
27.5994,41.5919,30.0013
36.0493,50.8876,38.8522
25.1681,39.2295,28.431
26.1101,39.5529,30.2176
30.7364,43.1029,35.7219
29.8626,39.278,35.3957
31.2225,37.6904,36.5576
25.7016,32.1421,30.4467
27.9084,36.287,32.5137
22.2746,31.2446,27.5028
12.1479,20.2551,17.4819
10.3196,18.2932,14.8678
0.946715,9.85124,5.58721
-2.65808,7.29763,3.36142
-13.8241,-3.62726,-6.07938
-28.9076,-19.583,-20.684
-36.1113,-27.6684,-29.2564
-44.8078,-37.4292,-39.8766
-49.6027,-43.9954,-46.7797
-62.7541,-58.5485,-61.4048
-68.476,-65.2806,-67.7449
-67.3806,-65.1072,-67.5434
-72.9356,-71.3,-73.5545
-60.406,-59.2782,-61.2445
-50.6303,-49.2235,-52.2308
-42.528,-39.8918,-44.552
-26.6865,-23.4897,-29.2592
-24.646,-22.1201,-28.3315
-13.4477,-11.499,-16.8661
-3.99351,-2.20146,-5.25054
2.37537,4.12627,3.20362
14.3454,16.9547,16.1274
15.2571,19.1578,17.1339
21.056,25.2593,22.5266
17.139,20.8808,18.4296
16.9715,20.5651,18.6811
26.6616,31.0949,29.1824
19.6311,25.6705,23.474
20.1553,27.1536,24.7544
20.1076,25.5168,24.3284
19.3377,21.9172,23.2286
23.0418,25.7703,27.4712
16.4175,21.7167,22.2581
20.7949,27.2121,27.9555
20.2679,26.0285,28.0271
14.9829,20.1754,22.5227
15.3383,21.0584,22.1933
7.27411,13.6999,14.1589
12.3405,18.3615,19.5574
13.8672,18.5299,20.7264
16.1733,19.6823,23.2253
26.8372,30.5916,35.5135
24.5283,29.7936,35.5237
26.9451,33.9002,39.5313
16.6772,24.6969,28.8962
11.4226,19.341,21.7371
25.7638,33.0698,34.0183
25.5127,33.524,33.0827
27.1449,37.6429,35.8981
21.3226,34.0426,32.1019
12.3706,25.7921,24.4484
10.8107,24.2234,22.029
0.267681,12.9251,8.88201
9.41969,20.407,16.0606
12.7261,22.9662,19.2478
1.85676,13.6411,9.31821
0.286671,13.581,9.11461
-11.5604,1.3407,-1.4486
-10.5958,0.90971,-0.20691
-4.93979,4.87066,4.47022
4.19484,12.8177,12.2969
17.3036,25.4169,24.6826
11.5145,18.476,18.7575
19.6679,25.0785,26.8374
21.3194,26.0687,28.3746
18.372,22.3886,25.6146
41.2763,43.5494,47.9263
60.3477,60.9022,65.4717
74.6129,74.1324,79.2461
70.8716,70.1982,76.6724
63.1087,62.5201,69.8575
69.3331,67.9051,74.7478
61.7109,59.5455,65.0019
63.3692,61.9798,66.157
62.1803,62.247,65.3885
62.4996,62.7557,65.3433
75.7752,75.0471,76.7433
60.2711,59.7519,59.5688
51.6882,52.6503,51.9287
53.932,55.2151,55.9805
57.535,57.2254,59.8933
71.9862,70.4129,74.2709
68.9969,67.81,72.0012
70.7922,70.2414,75.0908
70.287,69.7653,74.9387
66.6986,65.8034,69.7422
74.4568,73.0132,76.202
62.7475,61.4449,65.1452
56.6547,55.7424,60.2774
53.6406,51.7091,57.803
45.9963,42.6854,50.5986
49.5589,46.152,55.2044
38.7562,35.2612,44.5265
41.9527,37.4671,46.5883
50.4166,44.9771,54.2152
39.7607,34.0481,43.2486
36.6858,30.3646,39.7035
31.0907,22.6909,32.6158
33.5012,23.5179,32.9383
37.22,28.0331,35.9338
38.4782,31.4978,38.5325
47.5966,42.6302,49.4935
41.0404,37.5827,43.3028
39.0189,37.2298,40.3955
40.225,39.4482,41.5102
36.4622,35.279,38.9337
38.9334,36.8684,42.5665
31.5716,28.9667,35.1903
30.268,27.3755,32.7029
27.9823,24.5048,28.3663
17.5277,13.3271,15.5721
15.9044,11.4147,12.7694
7.69741,3.75274,4.48557
9.84576,7.30611,6.54746
11.7441,10.3006,7.04198
1.38376,-0.732543,-5.65879
-1.01052,-5.30642,-7.86686
-11.5435,-17.4236,-15.7099
-16.3232,-22.2302,-18.376
-20.3598,-25.3682,-21.5786
-28.5443,-32.0685,-29.9714
-25.9791,-28.8031,-27.9076
-32.555,-37.034,-34.354
-36.9475,-44.3532,-38.1965
-40.9445,-50.3818,-41.9198
-47.9614,-58.0648,-49.7649
-45.3559,-55.7009,-47.8862
-52.9844,-62.9832,-54.7968
-56.5904,-65.3037,-57.8028
-60.2612,-68.2337,-61.4362
-68.9342,-77.2475,-69.7543
-65.4716,-74.64,-66.1046
-75.0414,-85.2143,-76.1811
-84.0008,-94.215,-85.1736
-87.9201,-97.3999,-88.702
-89.9598,-98.9145,-91.2929
-81.2348,-90.3813,-82.6637
-79.6795,-89.8582,-80.5632
-70.6614,-80.9933,-72.2393
-66.9383,-76.3585,-69.3561
-76.4875,-85.3993,-78.4311
-78.38,-86.8544,-78.824
-84.0649,-91.7936,-83.3125
-80.2631,-87.8215,-79.8097
-78.3594,-86.9197,-78.5942
-88.564,-98.085,-89.3284
-89.8754,-98.8918,-91.8282
-99.2437,-106.914,-103.269
-103.432,-110.456,-109.51
-109.8,-116.942,-116.671
-131.898,-138.955,-138.541
-149.066,-155.634,-155.119
-164.658,-170.57,-169.678
-160.552,-165.823,-164.485
-153.465,-158.615,-157.492
-153.529,-159.46,-158.519
-140.714,-147.915,-146.091
-133.05,-140.641,-138.512
-121.262,-126.855,-126.517
-116.625,-119.076,-120.849
-122.701,-123.468,-126.538
-106.527,-106.905,-110.807
-90.7251,-90.7204,-94.9221
-83.5823,-83.4646,-87.4722
-81.6935,-82.4989,-85.6132
-82.7781,-85.4674,-87.1839
-72.702,-77.1108,-77.4592
-65.6499,-69.9898,-70.0622
-57.4903,-60.6313,-60.8986
-56.0731,-58.9894,-57.8307
-55.843,-59.6609,-56.5044
-44.2903,-49.3214,-44.9819
-42.4927,-48.782,-43.6617
-35.0678,-42.6331,-37.6546
-28.3171,-36.0858,-32.2362
-31.0355,-36.1403,-33.5545
-26.0339,-27.398,-25.5179
-17.0629,-17.7078,-15.3945
1.764,-0.541306,2.54904
19.6577,16.0368,20.1279
24.2512,20.7389,25.2463
19.0675,17.1794,20.2945
14.3754,13.5411,15.6617
32.782,31.342,34.2231
54.3331,52.0431,56.0006
67.8028,65.4575,68.9108
75.6231,73.5633,75.317
67.5926,65.2967,66.5672
67.9121,65.0958,67.3854
67.9567,65.3552,68.7695
69.9279,68.3738,72.0219
89.0394,88.0953,91.5478
103.625,102.012,106.645
115.175,112.453,119.396
111.51,107.354,116.397
105.535,98.8888,109.367
116.414,108.142,118.666
127.599,120.198,129.122
133.132,127.216,133.759
114.338,109.141,114.019
102.467,98.6802,102.206
118.04,116.532,118.695
126.018,126.312,127.822
132.072,133.835,134.328
128.586,131.111,130.36
121.076,123.917,122.3
119.089,123.492,121.082
103.741,110.186,107.716
97.1784,104.817,102.32
91.7561,100.641,96.9168
85.8519,95.7673,90.8057
85.0548,95.0052,89.8861
73.752,84.1757,79.4132
72.8086,83.7511,79.7209
62.6479,72.4554,69.6294
51.4438,60.0705,57.2265
53.8618,63.417,58.1041
47.0023,58.6799,50.7798
53.1448,65.7168,57.0425
56.6579,67.9957,60.1107
50.1563,59.9333,52.9303
47.091,55.9766,48.5974
37.7084,45.1025,37.475
42.759,48.7224,41.5645
48.0213,53.75,46.9377
49.5947,55.7156,48.7605
56.3839,62.4438,54.5979
50.695,55.9573,47.0062
51.1379,57.5019,46.8966
45.3915,55.1268,42.2161
41.0808,52.5495,39.0911
48.3598,59.0432,47.2343
46.5177,55.4941,45.7179
54.9862,61.7048,53.7097
51.0948,56.5004,49.2809
42.3273,48.8251,41.1635
42.2273,50.9906,42.0898
25.9453,36.1895,26.3318
22.2137,32.7712,22.9952
17.6516,28.5974,18.5733
7.41365,19.15,8.53333
6.8267,18.9618,8.00331
-5.77533,6.28954,-5.7695
-10.4677,0.89159,-12.4445
-15.7631,-5.15554,-19.0968
-21.9434,-10.895,-25.4129
-16.3743,-4.39,-19.1123
-24.3271,-11.8577,-26.2437
-22.9593,-10.4521,-24.7362
-20.7672,-7.79996,-23.3327
-16.139,-1.46873,-19.1861
-0.229254,15.4751,-3.21299
-9.70174,4.77777,-12.6552
-10.8231,1.63656,-12.6728
-4.81277,6.23338,-4.75833
-4.67243,4.96937,-3.48109
3.37163,11.2979,4.66361
-2.80399,4.77641,-1.8784
-2.61127,6.60675,-1.92502
-2.25283,8.71088,-2.04711
-5.67602,6.23256,-6.9287
4.31702,17.0986,1.39628
5.10492,18.7702,1.2858
10.817,24.8841,6.18212
9.59041,23.9927,3.54138
-1.05671,14.3959,-7.57546
2.39602,18.5981,-3.22185
-3.17333,12.27,-7.9583
0.532044,14.3607,-3.24786
-2.30817,10.0341,-5.82688
-23.2716,-11.4475,-28.4146
-28.2595,-16.3484,-35.3677
-34.5303,-23.4517,-43.387
-32.8814,-23.0256,-42.656
-35.3038,-25.8264,-43.9673
-48.5953,-39.603,-55.6662
-49.5247,-41.6552,-56.0323
-55.8106,-48.5193,-62.7347
-53.0371,-45.3431,-60.9014
-47.2879,-38.6875,-55.7484
-47.7832,-38.5022,-56.078
-42.1614,-32.7651,-50.0001
-51.6354,-42.3787,-60.5786
-51.7918,-44.1027,-63.06
-41.4881,-36.4746,-52.8946
-40.3685,-35.776,-49.2527
-32.3757,-26.0704,-38.6756
-29.8188,-22.5053,-35.5696
-18.486,-11.0018,-25.5515
-4.42292,3.95035,-12.9132
1.69162,11.7362,-7.8053
12.9112,24.6233,3.03447
11.9249,25.0423,2.97419
21.4459,35.4576,14.2813
35.8191,49.8329,30.2512
38.7543,51.5024,33.9503
45.094,56.8984,40.3806
43.6112,56.2748,38.5273
52.7199,66.4841,47.0057
62.1445,75.2152,55.6064
60.351,71.7345,52.978
70.8437,81.6409,63.8846
