1674.99,1642.14,1656.26
1834.1,1800.31,1817.71
1921.72,1888.45,1908.41
1861.16,1829.88,1850.15
1803.78,1775.62,1793.72
1902.95,1878.81,1891.66
2071.83,2052.11,2058.05
2063.25,2046.28,2049.05
1819.72,1801.63,1807.88
1560.88,1539.32,1551.74
1501.23,1477.22,1494.28
1566.21,1541.93,1559.98
1497.22,1474.49,1490.73
1251.63,1230.4,1245.86
1048.65,1027.52,1042.36
1071.65,1050.58,1062.87
1226.79,1206.18,1216.3
1255.7,1235.27,1245.15
1107.25,1087.79,1096.77
992.942,975.468,981.416
1092.76,1077.18,1080.65
1311.46,1297.52,1299.92
1392.66,1380.17,1382.55
1297.57,1285.6,1289.26
1244.81,1232.45,1235.93
1398.15,1386.39,1387.19
1655.34,1645.51,1644.41
1771.01,1762.98,1761.54
1710.98,1704.45,1701.55
1673.69,1669.57,1663.03
1808.14,1807.69,1797.83
2022.74,2025.83,2014.18
2095.9,2101.78,2087.93
1987.25,1996.53,1978.82
1865.59,1879.95,1856.87
1879.01,1898.58,1870.43
1955.9,1977.41,1947.89
1885.44,1905.18,1877.26
1647.6,1666.44,1636.14
1445.06,1466.35,1428.25
1409.45,1434.94,1390.2
1421.53,1451.86,1403.06
1259.01,1293.3,1240.08
921.232,957.939,901.21
606.424,646.065,586.801
438.601,483.036,419.542
309.811,358.888,290.747
-1.74123,49.6584,-20.5369
-468.218,-415.845,-485.826
-852.928,-800.067,-871.01
-1046.21,-993.78,-1066.98
-1173.52,-1121.58,-1196.29
-1444.42,-1391.86,-1468.91
-1850.91,-1798.5,-1878.08
-2212.18,-2163.99,-2240.99
-2461.93,-2419.46,-2488.18
-2684.17,-2643.87,-2705.62
-2973.06,-2933.6,-2992.47
-3262.28,-3226.59,-3283.3
-3391.82,-3360.95,-3415.92
-3347.02,-3318.81,-3373.03
-3288.67,-3261.29,-3313.26
-3407.39,-3381.1,-3428.59
-3693.1,-3668.88,-3711.64
-3970.41,-3947.95,-3987.95
-4170.91,-4148.73,-4189.49
-4388.39,-4366.18,-4408.78
-4763.96,-4742.42,-4785.1
-5284.45,-5263.13,-5305.44
-5754.32,-5731.7,-5773.95
-6004.12,-5978.02,-6020.46
-5998.24,-5967.74,-6012.47
-5768.41,-5734.87,-5783.71
-5318.04,-5282.9,-5334.52
-4720.71,-4685.04,-4736.77
-4208.36,-4173.39,-4224.01
-3928.26,-3894.99,-3944.25
-3740.98,-3709.33,-3756.99
-3387.47,-3354.64,-3402.05
-2850.14,-2813.96,-2862.89
-2389.62,-2351.52,-2401.72
-2147.78,-2109.73,-2160.38
-1930.85,-1893.54,-1945.2
-1443.24,-1406.27,-1458.74
-761.059,-723.465,-775.155
-308.817,-270.604,-321.455
-244.602,-207.316,-258.273
-262.329,-227.573,-277.683
-25.4072,6.80937,-40.1373
379.728,409.847,367.586
581.421,610.383,571.3
485.983,517.287,475.047
376.877,413.342,362.339
499.82,539.98,482.885
741.68,782.829,726.233
801.317,843.419,788.132
645.69,689.688,631.248
531.079,576.239,512.43
646.521,691.951,625.259
866.499,912.009,845.257
926.235,971.201,905.283
822.592,866.418,800.79
778.165,821.793,754.385
915.282,960.398,890.399
1086.6,1134,1062.68
1083.18,1131.65,1061.64
962.579,1008.55,943.431
937.37,978.629,919.636
1069.23,1108.32,1052.35
1200.99,1241.71,1184.24
1175.27,1217.98,1158.05
1076.17,1119.34,1059.11
1082.7,1126.62,1066.3
1205.29,1250.56,1190.06
1287.79,1332.89,1274.62
1224.04,1268.04,1211.91
1123.38,1167.44,1110.43
1126.56,1171.86,1112.56
1210.09,1256.44,1195.26
1233.93,1280.77,1218.99
1129.51,1177.28,1116.69
1017.7,1066.51,1007.09
1013.76,1062.51,1003.14
1053.08,1101.44,1042.37
995.249,1043.53,984.94
825.783,874.101,815.687
697.894,746.832,688.589
705.358,755.985,696.224
749.993,803.23,739.644
698.904,754.438,688.647
563.771,620.348,555.011
501.155,557.954,492.157
568.652,625.407,557.929
627.906,684.843,615.747
567.777,624.948,553.668
443.442,500.202,426.965
413.374,469.326,395.312
517.961,573.844,499.942
609.055,665.826,593.5
573.434,631.448,561.205
473.035,532.923,462.346
449.886,511.402,438.765
521.073,581.926,509.754
541.021,599.982,529.806
421.325,479.443,408.695
255.369,313.672,240.632
196.538,255.849,181.834
263.572,324.412,251.644
306.643,368.81,297.121
249.799,312.37,239.936
188.975,250.889,177.269
177.577,239.262,164.701
135.498,197.037,122.136
-44.1655,16.3402,-57.5352
-359.084,-298.39,-371.208
-648.532,-585.284,-658.934
-754.167,-688.215,-764.017
-756.507,-689.396,-766.994
-923.229,-856.438,-934.248
-1327.43,-1261.58,-1339.31
-1728.97,-1663.17,-1742.85
-1919.95,-1852.95,-1935.13
-1949.03,-1880.29,-1963.1
-2000.59,-1930.53,-2012.79
-2140.66,-2070.69,-2153.37
-2209.23,-2140.66,-2225.08
-2039.71,-1971.68,-2057.7
-1673.94,-1603.59,-1690.21
-1317.05,-1243.36,-1330.67
-1105.09,-1029.6,-1118.7
-993.447,-917.596,-1008.87
-913.075,-837.412,-930.368
-886.309,-810.963,-905.094
-993.041,-917.935,-1013.85
-1204.54,-1129.56,-1227.53
-1341,-1265.4,-1363.13
-1308.67,-1231.95,-1326.77
-1246.15,-1169.66,-1260.76
-1376.42,-1301.74,-1390.4
-1722.16,-1650.42,-1738.55
-2041.05,-1972.47,-2060.28
-2136.11,-2068.63,-2155.91
-2099.19,-2031.39,-2117.15
-2186.6,-2119.29,-2201.96
-2493.23,-2425.92,-2507.58
-2851.22,-2781.5,-2866.08
-3138.21,-3064.7,-3154.49
-3457.58,-3380.62,-3475.23
-3980.69,-3901.1,-3997.76
-4725.35,-4645.31,-4740.77
-5551.35,-5475.21,-5566.77
-6420.75,-6350.98,-6438.71
-7507.04,-7442.2,-7528.75
-8920.38,-8858.73,-8945.38
-10370.8,-10311.9,-10398
-11295.3,-11238.1,-11324.8
-11403.4,-11345.5,-11436.4
-10878.8,-10817.1,-10914.7
-10054,-9987.26,-10090.2
-9131.23,-9061.25,-9165.39
-8170.68,-8099.12,-8202.8
-7231.18,-7158.52,-7262.15
-6390.91,-6317.51,-6421.2
-5693.44,-5619.38,-5723.03
-5155.23,-5081.14,-5183.43
-4743.26,-4671.16,-4769.11
-4400.36,-4330.54,-4423.72
-4085,-4015.82,-4106.05
-3783.53,-3714.71,-3802.69
-3468.46,-3401.04,-3486.59
-3093.25,-3027.35,-3110.03
-2695.7,-2629.79,-2710.42
-2370.69,-2303.74,-2384.61
-2138.54,-2071.62,-2153.41
-1912.44,-1846.78,-1928.66
-1596.67,-1531.53,-1613.3
-1232.23,-1165.33,-1247.45
-921.658,-851.433,-933.787
-677.937,-604.223,-686.563
-422.229,-345.022,-428.622
-86.4581,-7.08896,-92.0014
247.458,326.392,242.541
446.475,524.526,441.733
499.331,577.375,493.528
521.712,600.083,515.149
609.411,688.102,602.734
690.554,767.953,683.201
650.496,724.158,642.481
501.93,571.167,493.125
369.276,435.221,358.002
352.548,416.089,337.71
372.749,433.838,356.266
287.554,346.352,272.572
110.004,166.823,97.0474
-32.5408,22.8273,-45.7059
-67.9271,-13.1277,-83.3233
-88.0188,-33.3786,-105.641
-213.869,-159.454,-231.272
-428.842,-373.497,-443.807
-608.7,-550.356,-621.606
-660.733,-599.169,-672.721
-676.197,-612.414,-687.215
-789.572,-724.659,-798.847
-959.594,-895.561,-968.156
-1045.68,-984.246,-1056.24
-995.113,-935.848,-1008.77
-922.897,-863.951,-938.712
-950.985,-891.314,-967.699
-1019.54,-960.169,-1036.3
-982.808,-925.375,-999.825
-803.503,-748.817,-820.597
-614.283,-562.732,-630.44
-549.815,-500.428,-565.171
-546.044,-497.058,-561.551
-450.813,-402.16,-467.439
-229.204,-181.319,-247.047
-11.2801,36.1461,-29.8717
79.5893,126.8,59.7952
108.55,156.52,87.8493
223.982,274.381,204.647
467.103,520.457,450.702
715.033,771.057,700.882
847.616,905.677,834.512
919.652,977.897,906.064
1069.53,1126.76,1053.18
1343.35,1400.96,1324.23
1619.76,1679.96,1600.59
1760.88,1823.48,1743.74
1815.39,1878.98,1800.33
1926.53,1991.58,1911.68
2133.07,2201.06,2117.1
2311.51,2382.25,2294.6
2345.88,2417.19,2327.3
2311.3,2381.35,2289.77
2336.3,2405.48,2312.78
2436.03,2505.92,2413.44
2508.2,2579.27,2488.2
2464.13,2535.1,2447.02
2363.67,2432.87,2349.87
2328.29,2396.57,2317.64
2395.77,2464.98,2388.05
2474.15,2543,2469.49
2471.06,2536.92,2469.01
2454.35,2515.24,2453.76
2541.23,2594.92,2540.33
2713.29,2758.61,2712.33
2826.95,2864.67,2828.05
2794.77,2826.64,2797.54
2717.54,2744.38,2720.76
2732.79,2752.68,2736.01
2855.8,2867.62,2858.91
2996.47,3002.15,3000.38
3061.55,3062.78,3066.69
3083.9,3081.19,3090.13
3162.26,3156.13,3169.46
3329.17,3320.76,3336.62
3526.54,3517.84,3533.01
3678.61,3671.85,3683.94
3801.91,3797.63,3807.26
3958.75,3954.49,3964.25
4134.27,4126.51,4138.79
4234.06,4221.6,4238.35
4186.87,4171.03,4192.73
4034.91,4017.87,4041.99
3885.18,3868.69,3892.67
3787.4,3771.31,3795.77
3702.42,3684.66,3711.68
3565.06,3544.73,3573.85
3385.87,3365.14,3393.66
3236.59,3217.79,3244.13
3162.73,3146.1,3170.17
3147.73,3132.76,3154.15
3118.54,3105.08,3122.77
3035.81,3024.55,3039.14
2929.36,2921.34,2934.28
2836.77,2832.6,2843.73
2744.93,2744.94,2752.53
2607.95,2610.7,2613.02
2416.35,2418.95,2417.92
2191.49,2193,2192.97
1948.29,1949.96,1951.83
1685.26,1686.7,1689.72
1388.08,1386.58,1392.12
1097.21,1092.11,1100.69
899.099,892.091,901.221
804.923,797.004,804.798
741.617,732.541,739.821
638.423,629.073,635.035
517.179,510.737,512.467
450.524,449.278,445.373
450.188,453.745,444.609
465.723,471.57,460.006
452.191,456.8,447.723
432.958,434.72,430.472
462.43,462.064,460.186
543.899,542.483,540.265
622.933,622.117,618.958
653.1,653.909,649.384
660.569,662.321,655.947
708.066,711.179,702.861
804.7,811.23,799.983
904.617,915.591,900.474
956.967,971.395,953.501
967.652,983.724,964.287
989.948,1006.18,984.938
1040.53,1055.69,1033.79
1079.02,1092.3,1073.2
1063.58,1074.74,1060.12
1027.94,1036.87,1025.48
1034.26,1041.3,1030.04
1085.85,1092.68,1078.52
1137.31,1145.57,1128.52
1153.49,1162.79,1144.34
1152.84,1163.31,1143.69
1169.08,1182.84,1161.18
1193.56,1211.45,1186.19
1187.41,1207.75,1178.9
1129.95,1150.74,1119.76
1057.82,1078.19,1046.45
1027.5,1046.7,1016.68
1033.76,1050.89,1024.35
1027.01,1041.46,1018.21
983.78,995.385,973.666
943.749,953.718,930.879
930.791,940.257,915.212
875.978,884.284,858.146
693.394,700.52,674.742
390.259,398.458,372.003
86.8474,97.9688,68.636
-93.0481,-79.3793,-112.347
-126.19,-111.251,-147.519
-69.9248,-55.7308,-92.3597
15.2674,26.4044,-5.50699
118.904,126.845,101.889
265.831,271.951,251.445
433.716,439.505,418.595
565.154,572.511,548.142
640.086,650.406,621.995
687.744,701.071,668.059
752.496,767.277,730.767
827.54,843.126,805.82
862.454,879.438,842.431
828.606,845.963,808.197
766.384,783.153,743.587
741.558,757.372,717.13
757.717,771.406,732.781
749.006,760.772,725.022
668.485,680.081,646.681
561.556,573.403,540.971
502.861,513.859,480.806
491.705,501.432,466.573
462.409,472.073,436.772
371.717,382.594,348.548
258.206,270.256,236.246
203.689,216.394,180.812
192.773,205.99,168.134
144.418,158.202,118.688
43.1145,56.5714,17.5306
-65.4497,-52.962,-90.2138
-116.521,-103.529,-139.035
-111.639,-96.8598,-131.626
-139.311,-122.423,-158.817
-252.968,-233.627,-274.138
-396.79,-374.648,-420.106
-471.957,-447.43,-496.553
-472.5,-447.748,-497.262
-510.124,-486.61,-534.279
-646.775,-624.007,-670.662
-813.83,-790.206,-839.309
-895.57,-868.784,-924.405
-867.164,-837.131,-898.216
-841.987,-810.829,-872.651
-902.528,-871.076,-932.891
-1001.14,-968.705,-1035.42
-1020.14,-984.038,-1062.77
-937.205,-893.506,-985.234
-884.398,-833.159,-930.078
-935.939,-881.586,-977.098
-1011.63,-958.669,-1052.37
-1005.15,-953.952,-1050.04
-933.151,-878.988,-982.778
-970.777,-910.463,-1023.62
-1267.98,-1202.49,-1323.25
-1679.32,-1609.17,-1736.34
-1830.21,-1755.95,-1889.89
-1599.47,-1524.14,-1661.87
-1279.27,-1206.13,-1341.83
-1100,-1030.92,-1159.41
-992.312,-927.748,-1045.45
-826.592,-765.603,-873.211
-604.871,-545.586,-647.105
-454.181,-394.638,-494.239
-429.375,-368.383,-469.17
-442.551,-380.805,-484.494
-391.443,-330.956,-437.855
-272.813,-214.88,-322.255
-185.134,-131.395,-233.737
-166.802,-118.757,-213.597
-141.85,-97.7009,-187.501
-42.7354,0.110074,-85.8501
106.696,148.114,66.0678
200.924,240.152,158.69
187.53,225.145,142.734
139.243,175.221,95.6809
140.807,175.071,101.359
194.95,229.208,160.549
214.489,250.179,182.489
160.209,198.04,126.624
100.105,139.368,65.0366
91.345,128.789,57.3771
122.947,156.234,90.8509
137.008,167.148,103.543
122.648,151.505,85.051
119.963,147.409,80.4512
153.72,178.898,116.372
218.546,242.511,186.068
258.911,283.2,230.016
231.13,255.498,201.916
168.326,191.109,136.632
137.446,156.821,102.875
173.565,188.927,137.265
218.553,231.581,182.189
205.753,218.775,170.835
155.875,168.796,123.192
128.497,140.598,95.8588
166.682,177.785,131.976
224.412,233.286,188.328
225.921,231.934,190.043
166.696,170.749,132.822
123.668,126.58,92.3156
161.727,163.195,129.725
200.257,200.719,162.84
140.427,142.631,98.3933
-1.86038,3.85384,-42.1026
-141.524,-134.763,-177.23
-190.969,-186.595,-224.063
-159.211,-157.698,-191.481
-119.706,-121.152,-151.774
-105.697,-111.256,-138.193
-101.573,-110.218,-136.196
-52.1566,-61.0739,-89.1926
60.5664,52.781,22.6796
213.13,205.024,175.058
368.536,356.792,329.34
456.879,440.63,415.927
467.247,449.055,426.473
421.187,403.047,382.886
315.039,297.279,279.362
148.126,130.648,113.965
-75.8304,-92.3735,-109.876
-296.997,-311.359,-331.508
-433.693,-446.7,-468.609
-474.345,-488.773,-510.827
-481.737,-498.945,-520.435
-525.043,-544.036,-563.482
-579.513,-599.264,-615.718
-579.645,-599.618,-614.928
-527.16,-545.555,-562.939
-474.887,-490.56,-511.361
-493.16,-506.519,-530.492
-577.176,-588.928,-614.76
-645.418,-657.366,-682.883
-646.385,-658.915,-683.857
-607.151,-619.13,-644.549
-619.053,-631.174,-656.569
-690.609,-702.874,-727.063
-722.372,-733.564,-757.367
-648.572,-658.576,-683.643
-515.702,-524.32,-550.19
-436.941,-444.735,-469.656
-430.633,-439.007,-462.412
-406.192,-415.476,-438.089
-304.894,-315.112,-337.78
-159.988,-171.467,-193.418
-79.0619,-92.1281,-112.507
-96.974,-111.148,-131.652
-112.296,-125.807,-148.655
-37.6405,-49.0916,-74.8234
100.822,89.8966,63.8267
185.734,172.224,149.898
171.928,154.999,137.339
149.943,131.208,115.162
214.507,195.687,178.392
338.585,320.429,301.698
398.32,381.622,361.88
374.381,360.312,338.024
384.915,373.232,346.937
520.496,508.751,481.586
720.076,706.581,683.202
810.544,795.854,777.204
748.676,732.84,717.742
671.627,653.175,639.963
673.947,653.068,639.045
722.21,701.739,685.573
713.6,694.7,678.568
614.011,595.857,581.904
510.375,492.778,479.443
489.283,472.182,457
535.934,518.709,501.898
537.124,519.119,502.889
437.907,419.36,405.3
309.985,290.793,278.385
248.908,228.458,216.149
264.893,244.233,230.772
263.68,244.798,229.709
193.311,177.158,161.072
115.799,101.165,85.6566
87.7199,72.487,58.0109
89.4967,72.8125,58.1596
47.5554,28.4474,13.6223
-61.0747,-83.2641,-97.2245
-168.738,-192.03,-205.912
-222.766,-244.975,-260.004
-230.532,-251.403,-266.731
-256.984,-276.179,-291.301
-333.879,-351.471,-366.733
-409.898,-427.677,-442.375
-437.511,-456.049,-469.56
-426.17,-444.552,-456.88
-441.823,-460.349,-472.203
-515.825,-536.031,-548.113
-603.556,-626.885,-638.029
-663.566,-689.349,-698.25
-702.481,-728.154,-735.625
-779.219,-802.901,-811.925
-937.237,-958.164,-971.149
-1139.49,-1158.68,-1173.24
-1326.49,-1345.97,-1358.78
-1453.33,-1473.71,-1485.05
-1530.57,-1552.47,-1563.63
-1595.27,-1619.74,-1630.75
-1618.63,-1645.03,-1654.98
-1582.18,-1609.07,-1617.86
-1515.56,-1542.11,-1550.34
-1475.28,-1501.41,-1509.73
-1508.57,-1535.26,-1544.22
-1569.38,-1597.28,-1607.11
-1570.56,-1598.38,-1610.07
-1487.85,-1514.36,-1527.39
-1371.89,-1398.63,-1409.98
-1276.54,-1305.28,-1312.85
-1190.54,-1220.27,-1223.97
-1080.49,-1108.99,-1111.79
-950.357,-975.904,-981.963
-832.983,-855.219,-865.43
-757.23,-778.249,-791.116
-696.197,-718.496,-732.542
-618.846,-642.418,-657.575
-536.952,-559.921,-576.691
-467.201,-488.618,-506.07
-420.824,-442.011,-458.578
-379.89,-402.625,-417.704
-324.057,-349.302,-363.505
-264.419,-293.874,-305.622
-224.569,-259.73,-265.364
-201.004,-240.438,-240.2
-165.293,-206.536,-203.816
-107.84,-149.231,-146.166
-40.95,-81.2333,-78.1942
16.7923,-21.6696,-20.2099
56.5699,20.2561,17.501
94.7805,59.5265,55.2286
142.635,106.352,105.373
191.124,152.654,154.041
231.139,190.4,190.918
259.565,217.247,217.095
296.615,253.008,254.742
348.333,303.209,306.54
399.996,354.726,355.326
440.151,395.841,392.05
469.516,425.021,420.544
524.235,479.31,476.868
638.159,594.751,592.627
816.016,775.387,771
1010.52,970.74,965.029
1134.27,1092.31,1088.74
1150.09,1104.97,1104.86
1082.72,1034.54,1038.05
970.266,919.194,927.306
851.357,797.886,809.974
760.942,704.973,720.21
740.436,680.544,700.502
790.674,725.252,751.503
853.361,783.388,814.132
903.083,830.712,862.804
950.623,875.809,909.729
997.548,919.452,958.15
1015.58,935.333,978.553
959.151,879.318,923.349
833.817,756.155,798.093
706.945,631.739,671.004
654.831,580.854,618.33
712.138,637.323,674.728
823.708,746.471,786.546
878.164,798.622,842.872
819.924,740.347,785.141
710.562,632.642,673.448
654.604,577.79,616.125
638.399,562.013,601.661
563.417,486.506,528.682
396.703,318.107,361.739
228.972,150.123,192.97
192.344,115.856,156.943
247.913,174.306,213.947
232.707,160.856,199.085
105.906,35.2392,71.4553
-5.89488,-75.3189,-41.7009
39.8056,-29.8038,1.62515
197.863,125.642,157.204
273.799,199.124,234.005
202.609,127.728,166.485
134.522,60.2735,100.97
238.951,165.78,207.242
452.17,381.011,423.239
535.762,466.397,508.38
430.515,361.696,401.767
333.405,264.022,302.55
438.77,369.419,407.98
663.126,595.892,632.918
748.283,683.938,716.757
639.066,576.234,606.284
539.681,476.545,507.092
643.877,578.859,613.347
862.205,794.572,835.27
935.605,865.722,910.126
808.959,737.368,781.395
689.005,616.828,659.348
761.373,689.438,731.373
925.219,853.293,895.487
929.022,857.334,900.496
749.064,677.502,722.282
606.115,534.429,578.654
674.394,603.7,643.757
843.844,774.812,810.773
858.994,791.464,826.086
695.415,630.019,663.967
565.215,503.016,534.493
638.683,579.331,608.881
810.019,751.737,781.575
836.579,777.423,809.301
704.581,642.993,679.182
616.355,552.663,592.077
704.257,640.444,678.698
850.845,787.927,822.463
839.728,776.585,808.881
670.921,606.299,639.794
541.973,476.207,511.056
575.962,509.955,543.601
668.342,602.911,634.423
638.033,574.122,605.075
502.056,440.509,472.695
409.813,350.255,383.15
433.45,374.076,406.824
478.896,417.967,450.26
412.93,350.224,382.207
274.109,210.553,244.625
181.302,117.316,154.861
173.25,109.468,148.015
170.784,108.95,144.738
87.0245,27.6844,59.408
-36.1038,-94.4799,-64.4718
-119.908,-178.169,-148.298
-148.363,-206.144,-176.918
-174.509,-231.971,-202.158
-258.01,-315.189,-284.328
-360.647,-417.053,-387.355
-439.923,-495.745,-467.965
-517.312,-573.79,-546.201
-626.369,-684.682,-655.309
-782.206,-842.218,-811.204
-929.933,-990.698,-959.935
-1025.43,-1085.89,-1056.71
-1086.63,-1146.24,-1118.44
-1144.85,-1204.83,-1176.54
-1195.65,-1257.39,-1226.96
-1199.8,-1262.72,-1230.93
-1185.34,-1248.8,-1216.94
-1199.52,-1263.47,-1231.03
-1221.62,-1285.92,-1252.02
-1196.92,-1261.83,-1226.6
-1089.65,-1154.79,-1119.7
-967.312,-1031.89,-999.405
-927.171,-990.543,-962.021
-961.708,-1023.54,-997.235
-993.512,-1054.47,-1027.28
-957.609,-1018.46,-988.941
-909.64,-971.076,-939.317
-938.363,-1000.38,-967.488
-1008.76,-1069.89,-1037.88
-1019.45,-1078.85,-1049.05
-925.482,-984.393,-956.207
-830.925,-890.52,-862.783
-849.466,-908.595,-881.317
-936.102,-993.407,-967.161
-958.141,-1014.05,-988.938
-863.289,-918.387,-893.334
-772.391,-826.823,-800.672
-803.712,-858.111,-830.641
-894.789,-949.966,-921.062
-912.075,-969.048,-938.127
-820.064,-880.002,-845.481
-748.537,-811.767,-772.787
-809.433,-875.35,-833.987
-913.702,-981.984,-941.017
-915.405,-986.389,-946.191
-798.211,-871.513,-830.494
-715.328,-789.984,-746.526
-789.865,-865.002,-818.946
-953.692,-1028.39,-981.817
-1068.88,-1142.22,-1097.68
-1100.45,-1171.99,-1130.64
-1177.07,-1248.04,-1209.64
-1395.41,-1468.44,-1430.26
-1652.03,-1729.25,-1687.02
-1787.89,-1868.89,-1822.52
-1767.08,-1848.33,-1803.23
-1722.18,-1799.89,-1759.84
-1776.67,-1850.01,-1812.95
-1855.52,-1926.4,-1888.08
-1814.51,-1885.3,-1844.94
-1628.19,-1699.39,-1659.3
-1454.14,-1524.5,-1486.26
-1438.3,-1506.83,-1470.28
-1491.97,-1559.71,-1522.26
-1454.78,-1523.42,-1483.47
-1303.11,-1372.84,-1330.7
-1174.32,-1245.78,-1200.42
-1190.91,-1265.14,-1216.76
-1277.13,-1353.03,-1303.89
-1279.51,-1355.35,-1306.86
-1171.57,-1248.26,-1198.79
-1080.86,-1160.18,-1108.22
-1113,-1194.68,-1142.72
-1196.83,-1279.39,-1229.63
-1196.77,-1278.66,-1231.32
-1091.77,-1171.92,-1126.64
-1000.11,-1079.56,-1033.37
-1024.6,-1105.55,-1055.91
-1086.27,-1168.97,-1116.72
-1059.75,-1142.28,-1089.96
-950.908,-1031.39,-980.839
-863.651,-941.869,-893.208
-881.307,-957.847,-911.098
-942.117,-1017.76,-973.104
-921.644,-997.688,-955.47
-807.585,-884.625,-843.918
-710.832,-787.985,-745.421
-720.87,-797.901,-751.14
-781.537,-859.657,-809.045
-776.675,-856.299,-803.324
-688.206,-768.078,-714.632
-612.304,-690.672,-637.925
-624.034,-700.752,-649.162
-671.176,-747.409,-698.199
-657.568,-734.025,-687.698
-577.777,-654.175,-609.855
-514.614,-590.611,-546.604
-535.748,-611.845,-566.559
-596.607,-672.586,-626.049
-599.421,-674.239,-627.485
-527.54,-601.1,-555.053
-461.959,-535.164,-489.63
-474.184,-548.63,-501.592
-525.823,-600.924,-553.045
-530.766,-602.379,-560.084
-470.658,-537.868,-503.761
-417.895,-483.545,-452.799
-435.045,-499.065,-468.448
-484.296,-544.347,-515.525
-489.405,-544.336,-521.106
-442.04,-492.445,-477.236
-401.642,-449.339,-440.321
-414.879,-461.765,-454.836
-449.998,-497.002,-489.535
-443.415,-491.783,-483.193
-408.085,-458.891,-449.899
-394.754,-446.486,-437.479
-420.027,-471.433,-461.807
-459.177,-510.481,-499.738
-460.615,-511.445,-499.125
-410.473,-460.789,-446.337
-353.848,-405.039,-389.002
-329.625,-383.132,-367.689
-322.518,-377.28,-364.344
-288.75,-342.697,-330.649
-220.273,-273.054,-258.401
-163.803,-215.27,-198.194
-147.187,-197.24,-181.447
-158.213,-208.091,-196.448
-164.413,-215.339,-206.903
-145.053,-196.926,-188.08
-114.569,-166.471,-153.81
-86.2454,-137.528,-120.113
-78.4268,-128.822,-109.64
-71.603,-121.261,-103.109
-34.057,-84.2105,-66.3299
-0.379516,-52.3876,-33.5608
0.523401,-52.9052,-34.3803
-24.4444,-76.9713,-59.7869
-49.3716,-100.054,-82.4953
-45.0737,-95.3934,-77.7036
-28.7314,-79.776,-64.3443
-13.985,-66.9843,-52.07
10.5724,-45.9274,-26.8015
40.055,-18.1237,5.99107
71.6423,15.337,40.6704
88.8391,34.3276,58.5045
85.8369,30.836,54.7652
65.0034,7.51686,34.2303
30.6753,-30.5946,1.84014
5.23105,-56.8642,-24.3842
-27.627,-84.4896,-63.4581
-62.2945,-112.176,-102.255
-83.1997,-128.885,-120.405
-106.127,-149.159,-138.951
-118.05,-158.536,-149.086
-124.737,-164.368,-156.248
-133.482,-174.402,-166.64
-135.918,-178.051,-171.344
-141.13,-183.523,-178.462
-138.587,-181.029,-174.851
-136.893,-180.067,-169.183
-142.072,-186.795,-171.939
-132.716,-178.554,-163.907
-116.514,-162.482,-150.552
-90.9677,-135.362,-125.21
-70.0057,-111.285,-101.675
-63.3967,-101.655,-93.2601
-51.51,-88.8654,-80.9776
-36.9696,-77.5208,-67.6341
-6.07269,-51.9541,-39.0162
28.9292,-21.2598,-4.02498
46.1922,-6.3981,15.808
27.4804,-26.2136,-1.45137
-57.7585,-112.285,-87.7133
-146.534,-201.041,-177.028
-168.991,-223.658,-199.833
-130.133,-186.433,-164.717
-47.4071,-104.957,-85.9231
43.6509,-13.4204,5.82908
125.07,69.3212,90.0291
182.924,127.729,148.985
218.394,162.427,184.819
266.901,208.896,233.798
313.599,253.68,279.234
352.018,292.113,315.499
382.362,323.478,345.117
390.442,332.249,354.636
402.184,343.137,369.894
426.912,365.11,397.72
459.211,395.666,431.198
482.642,420.383,455.126
486.413,427.158,458.524
493.203,436.055,464.187
506.707,448.701,477.564
523.033,462.533,494.946
533.905,471.671,506.436
530.52,467.7,502.973
531.98,469.392,505.877
538.394,475.846,514.82
543.992,480.97,521.009
541.892,478.649,517.416
525.487,463.522,499.826
519.66,460.618,493.419
522.053,464.977,494.146
527.271,469.343,498.72
533.357,472.742,507.032
527.907,465.397,503.409
521.294,459.326,496.276
514.864,454.662,489.257
511.389,451.806,487.206
505.949,445.545,483.805
492.355,431.59,470.322
484.372,423.559,460.723
466.221,404.994,441.326
432.191,372.018,407.824
398.436,340.841,375.98
362.422,306.866,341.827
340.938,285.58,321.293
336.278,278.968,316.491
333.614,273.965,314.004
328.069,267.78,309.306
313.298,254.641,294.361
292.831,235.959,273.54
261.768,204.298,243.117
237.214,178.193,218.918
232.916,172.83,213.09
232.865,171.578,210.213
231.113,168.581,207.642
215.406,152.41,194.422
187.776,125.104,169.266
155.544,92.9195,136.915
111.871,49.118,92.3083
72.2824,9.77997,51.8614
41.1977,-20.751,18.9908
21.5563,-39.5094,-0.810931
15.075,-45.8024,-3.847
-5.03876,-66.1904,-19.911
-34.9449,-95.0528,-48.4336
-66.831,-125.383,-82.0236
-98.4968,-157.305,-116.456
-123.789,-184.569,-143.397
-145.067,-206.724,-164.771
-156.229,-215.825,-174.67
-171.213,-227.115,-187.556
-198.626,-252.402,-213.627
-234.275,-289.089,-249.171
-281.929,-337.975,-296.961
-339.979,-394.578,-355.075
-414.672,-465.456,-431.314
-513.304,-558.533,-533.377
-622.908,-663.19,-644.049
-730.433,-768.178,-749.438
-832.942,-868.067,-850.39
-928.106,-958.634,-945.712
-1018.1,-1043.94,-1038.1
-1108.68,-1132.55,-1131.56
-1198.75,-1223.49,-1222.23
-1276.01,-1302.36,-1299.37
-1337.88,-1365.36,-1361.36
-1389.86,-1417.9,-1411.67
-1443.17,-1471.27,-1461.29
-1506.29,-1533.07,-1521.24
-1573.59,-1597.77,-1586.61
-1631.09,-1653.97,-1643.01
-1663.74,-1689.16,-1677.39
-1689.69,-1719.91,-1706.31
-1731.5,-1765.46,-1747.94
-1790.16,-1827.25,-1802.8
-1915.34,-1955.67,-1923.38
-2204.58,-2247.04,-2210.45
-2686.54,-2730.77,-2693.56
-3307.91,-3355.46,-3319.1
-4013.09,-4065.04,-4030.25
-4742.38,-4798.12,-4764.01
-5416.27,-5474.2,-5437.89
-5997,-6055.48,-6015.12
-6512.33,-6571.57,-6528.2
-6993.01,-7055.18,-7008.63
-7432.68,-7499.52,-7447.59
-7823.48,-7894.71,-7839.17
-8212.87,-8286.52,-8231.85
-8652.15,-8726.58,-8673.18
-9123.32,-9198.66,-9144.79
-9535.08,-9612.33,-9558.77
-9833.25,-9911.78,-9860.24
-10092.2,-10169.7,-10120.4
-10390.9,-10467,-10418.7
-10735.8,-10812.3,-10763
-11096.7,-11174.6,-11123.3
-11449.9,-11528,-11476
-11815.2,-11892.8,-11841.2
-12225.6,-12303.9,-12253.4
-12695.9,-12775.5,-12726.7
-13200.7,-13280.6,-13232.4
-13686,-13765.8,-13716.5
-14149,-14228.6,-14177.9
-14613,-14692.2,-14641.2
-15081.9,-15160.2,-15110.7
-15560.3,-15637.8,-15590.8
-16054.3,-16132.7,-16087
-16608.6,-16689.3,-16642.7
-17269.1,-17351.8,-17303.6
-18048.8,-18132.3,-18084.1
-18924.4,-19008.1,-18961.2
-19832.6,-19916.3,-19870.2
-20712.6,-20796.7,-20749.8
-21493.8,-21578.6,-21531.4
-22132.5,-22218.5,-22172.4
-22632.9,-22720.1,-22674.8
-23026.2,-23114.2,-23068.3
-23373.3,-23462.2,-23415.1
-23698.5,-23788.4,-23740.5
-23993.8,-24083.8,-24035.6
-24258.1,-24347.5,-24299.9
-24483.3,-24572.7,-24526.7
-24685.3,-24775.1,-24730.8
-24851.5,-24941.1,-24897.4
-24915.9,-25004.8,-24961.3
-24825.9,-24913.4,-24870.9
-24579.1,-24664.2,-24623.6
-24248.1,-24330.7,-24292.8
-23884.9,-23965.7,-23929.5
-23502,-23581.6,-23545.9
-23105.5,-23184.3,-23149.8
-22702.8,-22780.8,-22748.9
-22353.9,-22429.9,-22400.6
-22082.3,-22156.4,-22128
-21903.6,-21977.3,-21948
-21870.8,-21944.5,-21914.2
-21998.3,-22072.2,-22040.1
-22297.3,-22372,-22337.5
-22730.1,-22806.4,-22770.1
-23209,-23287,-23249.5
-23677.8,-23756.7,-23719.2
-24101,-24180.8,-24143.5
-24506.6,-24587.4,-24549.5
-24949.2,-25030.1,-24991.1
-25513.6,-25594.8,-25552.9
-26314.1,-26396.8,-26350.7
-27315.4,-27400.7,-27350.8
-28389.1,-28476.3,-28424.5
-29430.6,-29518.8,-29467.4
-30451.4,-30540.2,-30490.2
-31549.4,-31639.3,-31589.4
-32696.9,-32788,-32736.6
-33835,-33927,-33875.5
-34956.9,-35049.3,-35000.4
-36151.9,-36245.3,-36197.6
-37573.5,-37668.7,-37619.4
-39121.5,-39218.4,-39167.8
-40560.1,-40657.8,-40609.3
-41835.2,-41933.2,-41888.9
-43037.3,-43134.9,-43092.4
-44334.9,-44432.2,-44388.3
-45849,-45947,-45902.6
-47544.6,-47643.3,-47600.7
-49416.2,-49515.1,-49473.1
-51559,-51658.1,-51614.8
-53893.9,-53994.1,-53950.8
-56078.7,-56180.5,-56139.9
-57861,-57963.6,-57926.2
-59331,-59433.8,-59399.1
-60762.7,-60865,-60831.2
-62290,-62391.6,-62356.5
-63764.6,-63866,-63829.9
-65076.6,-65178.1,-65142.4
-66344.3,-66445.9,-66411.6
-67683.1,-67784.5,-67753.1
-69101.6,-69203,-69175.5
-70464.6,-70566.8,-70541.2
-71501.3,-71604.8,-71577.6
-71923.7,-72027.9,-71999.4
-71741.6,-71844.8,-71817.5
-71438.7,-71539.7,-71512.5
-71572.5,-71671.9,-71642.8
-72285.9,-72385.7,-72354.3
-73183,-73285.3,-73252.3
-73722.2,-73826.3,-73793.3
-73717.3,-73821.5,-73789.7
-73437.7,-73541.3,-73511.3
-73238.4,-73340.6,-73313.2
-73166.2,-73267.6,-73241.3
-73259.7,-73362.5,-73332.3
-73860.4,-73966.1,-73927
-75135.6,-75243.7,-75197.2
-76726.5,-76834.8,-76787.4
-78236.4,-78344.6,-78300.4
-79731.6,-79842.3,-79800
-81392.7,-81506.5,-81463.7
-82935.6,-83050.8,-83009.3
-83714.5,-83829.6,-83793.1
-83488.4,-83601.9,-83570.6
-82875.9,-82986,-82956.5
-82630.4,-82736.8,-82706.6
-82867.6,-82971.9,-82939.7
-83243,-83347.9,-83312.9
-83254.1,-83359.8,-83323.8
-82996.8,-83101.5,-83065.9
-83445.5,-83549.9,-83513.1
-84747.8,-84854.3,-84815.9
-86697.4,-86807,-86765.9
-89854.4,-89968.3,-89921.8
-92858.1,-92977.6,-92931.1
-92980.8,-93100.9,-93064.8
-90131.5,-90243.8,-90220.4
-86242.2,-86344.4,-86328.8
-82412.1,-82506.7,-82494.5
-78715.4,-78804.2,-78793.5
-75038.5,-75122.4,-75112.4
-71090.7,-71169.8,-71162.5
-66725.4,-66800.5,-66797.1
-62422.7,-62494.5,-62490.9
-58851.2,-58920.6,-58911.2
-56114.2,-56182.1,-56167.3
-53621.4,-53687.9,-53670.3
-50798.4,-50864.7,-50842.5
-47597.1,-47663.9,-47635.8
-44355.1,-44420.3,-44391.5
-41437.2,-41498.2,-41475.3
-38845.6,-38902,-38884.7
-36336.4,-36388.3,-36373.7
-33874.3,-33920.9,-33908.6
-31901.8,-31943.3,-31932.5
-31104.9,-31141.9,-31130.6
-31702.6,-31736.6,-31724.2
-32942.5,-32975.7,-32965.8
-33360.4,-33391.7,-33392
-31916.1,-31942,-31957.3
-28673.8,-28692.4,-28722
-24099.2,-24109.6,-24151.5
-18428.9,-18430.3,-18481.8
-11846.2,-11838,-11893
-4745.29,-4726.36,-4781.59
2446.37,2476.47,2418.08
9633.03,9672.06,9609.78
16852.2,16897.9,16833.9
23877,23928.3,23864.8
30203.7,30258.6,30198.7
35517.2,35573.3,35518.7
40087.1,40142.4,40092.8
44327.9,44382.4,44336.2
48318.1,48373.6,48328.8
51851.6,51908.9,51865.6
54704.2,54760.9,54721.8
56883.7,56936.8,56904.4
58574.2,58624.2,58597.8
59971.2,60021.2,59997.5
61101.2,61151.6,61128.3
61815.1,61863,61843
62000.1,62042.8,62030.9
61689.4,61726.6,61721.4
61190.2,61222.8,61220.9
60812.6,60840.1,60842.6
60511.1,60533.3,60540.6
60101.3,60119.3,60129.4
59480.9,59496,59508.5
58680.4,58693.6,58709.5
57763.7,57775.4,57793.8
56697.6,56707.2,56727
55458.5,55463.8,55487.2
54148.1,54146.5,54174.9
52971.2,52963.6,52994.6
52026.8,52016.2,52048.3
51233.5,51222,51255.2
50514.3,50502.8,50536.3
49804.8,49792.5,49826.3
49103.9,49090,49124.1
48501.3,48484.8,48518.4
48062.4,48042.1,48075.8
47844.8,47820.6,47857.2
47849.5,47823.6,47863.9
48006.1,47980.5,48021.8
48219.5,48195.4,48235.5
48415.5,48392.8,48433.1
48550.7,48528.6,48572.7
48591,48569.1,48617.3
48621.8,48601.1,48646.5
48758.4,48740.2,48776.8
49008.4,48992.3,49023.2
49358.7,49344.1,49374.1
49744.9,49733.1,49761.7
50089.3,50081.2,50106.6
50353.5,50348.3,50371.6
50510.7,50506.5,50530.3
50575,50570.9,50594.8
50512.6,50509.8,50531.5
50285.3,50283.6,50304.7
49924.6,49922.6,49946
49524.4,49521.1,49544.8
49173.3,49169.8,49189.9
48825.5,48823,48840.4
48454.6,48452.5,48471
48144.5,48140.5,48162.6
47971.8,47964.9,47990.3
47962.7,47953.7,47980.8
48042.9,48033.1,48060.9
48109.8,48100.1,48128.7
48097.1,48087.9,48116.7
48014.7,48006.2,48032.4
47967.4,47959.7,47982
47967.4,47961.5,47981.2
47914.5,47911,47930.3
47722.9,47719.7,47740.1
47396.9,47392.8,47414.4
46969.8,46963.6,46987
46403,46392.6,46418.4
45721,45706.1,45735.3
45108.9,45090.7,45124.6
44795.2,44776.5,44811.8
44760.9,44744.2,44776.8
44685.6,44670.7,44701.3
44404.1,44388.3,44420.2
44000.6,43982.1,44016.7
43533,43512.2,43550.6
43045.3,43024,43065.6
42550.3,42529.3,42571.1
42013.6,41991.9,42034.3
41426.3,41404,41448.6
40856.2,40833.5,40879.2
40368.5,40343.6,40389.3
39858.9,39831.5,39877.4
39237.9,39209,39254.6
38558.9,38526.9,38571.7
37879.3,37842.3,37888.5
37212,37172.5,37222.4
36530.7,36493.6,36544.7
35864.9,35831.3,35880.9
35259.1,35226.7,35276.1
34676,34644,34692.8
34110.3,34077.2,34122.5
33578.3,33541.3,33584.6
33086.8,33046.1,33094
32614.7,32571.9,32628.3
32106.4,32060.4,32122.8
31569.9,31518.5,31583.7
30997.4,30940.6,31005.6
30359.9,30301.7,30360.5
29665,29611.3,29659.8
28983.2,28934.8,28976.2
28418.2,28371,28413.5
27942.3,27891.1,27942.8
27512.3,27453.4,27517
27150.1,27086.9,27155
26792.8,26733.1,26796.1
26315.4,26260.8,26319.5
25621,25568.5,25628.4
24682.4,24628.1,24692
23491.7,23432.3,23500.9
22103.2,22040,22111.3
20688.3,20625.5,20696.1
19360.7,19299.2,19366.6
18152.5,18090.6,18156.1
16991.5,16927.4,16995.7
15740.7,15675,15747
14452.1,14389.5,14458
13221.9,13165.9,13225.7
11993.4,11941,11997
10666,10612,10671
9278.19,9219.3,9281.51
8087.58,8023.51,8087.06
7290.55,7224.69,7289.16
6803.67,6740.98,6804.35
6338,6280.07,6340.09
5632.56,5578.08,5635.92
4662.68,4609.44,4668.58
3394.04,3338.82,3400.43
1750.42,1692.18,1753.78
-158.628,-218.123,-156.338
-2223.91,-2284.64,-2218.4
-4351.97,-4415.78,-4346.11
-6370.58,-6437.46,-6370.62
-8141,-8210.81,-8147.97
-9609.84,-9682.04,-9620.87
-10635.8,-10704.6,-10648.6
-10999.1,-11060.3,-11013.4
-10910.8,-10968.5,-10925
-10926.4,-10986.5,-10938.4
-11347.1,-11410.2,-11356.3
-12128.3,-12192,-12134.8
-13092.3,-13155.9,-13095.8
-14109.1,-14175,-14110
-15146.3,-15215.7,-15149.3
-16295.1,-16368,-16305.7
-17644,-17722.3,-17662.4
-19038.4,-19122.8,-19059
-20240.6,-20327.5,-20258.8
-21140.9,-21227.2,-21160.1
-21803.7,-21891.2,-21828.7
-22432,-22522.4,-22459.3
-23099.3,-23189.9,-23124.4
-23737.9,-23826.6,-23761.1
-24263,-24350.9,-24283.7
-24611,-24697.3,-24628.2
-24836,-24919.4,-24852.9
-25060,-25140.1,-25079.6
-25392,-25469.9,-25414.6
-25803.3,-25881.2,-25827.5
-26151.5,-26230.4,-26174.7
-26361,-26441.1,-26382.9
-26411.6,-26491.7,-26434.7
-26352.3,-26430.2,-26377.3
-26226.3,-26300.8,-26251.5
-26006.7,-26078,-26032.2
-25758.5,-25827.5,-25785.1
-25579.3,-25646.7,-25606.1
-25483.3,-25550.2,-25508.4
-25409.9,-25478.7,-25434.4
-25282.6,-25353.6,-25310.3
-25136.5,-25207.1,-25168.5
-25071.4,-25140.5,-25104.8
-25121.9,-25191.1,-25152.6
-25154.9,-25224.5,-25181.6
-25012.8,-25081.8,-25039.6
-24749.9,-24818.2,-24780.2
-24526,-24594.4,-24557.7
-24474.7,-24544.7,-24506.7
-24550.1,-24622.4,-24584.6
-24533.2,-24606,-24567.9
-24332.4,-24402.5,-24362.2
-24013.2,-24076.7,-24038.6
-23717.7,-23774.3,-23744.3
-23538.4,-23590.1,-23568.3
-23382,-23429.4,-23415.2
-23201.8,-23244.8,-23239
-23032.6,-23072.2,-23071
-22829.2,-22865.8,-22866.3
-22535.7,-22569.6,-22572.8
-22201.8,-22234.1,-22239.3
-21967.7,-22001.3,-22005.8
-21898.1,-21933.1,-21938.6
-21974.9,-22006.9,-22018.4
-22115.5,-22142.8,-22162.4
-22197,-22222.1,-22245.7
-22160.8,-22185.8,-22206.8
-22026.4,-22051.3,-22067.9
-21893.1,-21917.1,-21934.1
-21753.9,-21776,-21796.7
-21458.3,-21478.9,-21500.1
-20998.9,-21020.6,-21036.5
-20496,-20520.7,-20529.3
-20051.6,-20077.8,-20084.6
-19670.5,-19695.1,-19709.1
-19316.7,-19339.5,-19359.4
-19058.3,-19082.8,-19098.8
-18831.6,-18860,-18868.8
-18443.1,-18473.4,-18478.3
-17838.3,-17866.3,-17870.4
-17082.2,-17106.1,-17111.2
-16359.1,-16382.3,-16387
-15865.1,-15890.7,-15893.1
-15636.6,-15663.1,-15664.4
-15563,-15587.8,-15590.1
-15523.9,-15547.1,-15549.3
-15515.8,-15539.1,-15539.1
-15596.3,-15622.3,-15619.3
-15752.7,-15783.2,-15778
-15811.9,-15846.6,-15841.8
-15649.3,-15685,-15682.3
-15418.7,-15453.4,-15452.2
-15246.7,-15280,-15279.8
-15089.1,-15120.9,-15120.1
-14980.5,-15011.2,-15007.8
-15025.6,-15056.6,-15050.6
-15157.5,-15189.3,-15182.9
-15155.6,-15187.8,-15184.8
-15095.7,-15128.7,-15128.6
-15265,-15299.5,-15296.6
-15566.4,-15600.6,-15593.6
-15691.9,-15724.5,-15717.6
-15652.2,-15684.2,-15679.6
-15710.7,-15744.4,-15741
-15931.9,-15968.9,-15967.5
-16067.4,-16105.5,-16108
-15913.3,-15950,-15954.6
-15519.7,-15555.1,-15559.1
-15110.6,-15145.9,-15148.3
-14926.1,-14962.8,-14963.6
-15041.6,-15079.5,-15079.8
-15247.5,-15284.3,-15285.5
-15254,-15287.7,-15290.6
-15067.2,-15097.9,-15100.6
-14878.8,-14908.7,-14908.1
-14722.5,-14754.3,-14750.7
-14442.8,-14476.9,-14473.6
-13950.5,-13985.9,-13984.5
-13505.5,-13542,-13540.1
-13472.7,-13510.5,-13503.4
-13859.5,-13898.3,-13884.5
-14296.3,-14335.1,-14320
-14359.6,-14397.5,-14388
-14009.2,-14045.9,-14041
-13524.7,-13558.9,-13553.1
-13118.9,-13149.7,-13142.4
-12900.9,-12930.9,-12923.3
-12861.3,-12894.1,-12885.9
-12816.2,-12851.1,-12843.2
-12559.4,-12592.7,-12586.7
-12186.6,-12217,-12212.5
-12048.8,-12078.7,-12074
-12283.8,-12314.5,-12310.5
-12743.2,-12773.1,-12770.9
-13246,-13274.4,-13272.3
-13781.7,-13809.6,-13806.3
-14443.2,-14471.3,-14466.9
-15131.8,-15160.7,-15155.1
-15610.8,-15640.9,-15634.6
-15700.7,-15730.4,-15726.1
-15348.1,-15374.4,-15375.9
-14674,-14695.8,-14702.4
-13950.7,-13969.4,-13976
-13432.4,-13450.2,-13453.5
-13059.3,-13076.8,-13079.4
-12539.4,-12557.3,-12562.3
-11734.9,-11756.6,-11760
-10804.3,-10831.8,-10828
-10039.9,-10069.8,-10058.7
-9513.63,-9542.69,-9526.51
-9044.61,-9071.49,-9055.74
-8497.58,-8520.54,-8511.27
-7882.89,-7902.37,-7897.53
-7286.8,-7307.41,-7299.79
-6713.98,-6739.44,-6727.13
-6122.43,-6152.41,-6137.99
-5542.16,-5575.58,-5559.4
-4987.58,-5023.01,-5004.44
-4481.58,-4516.38,-4495.82
-4004.6,-4038.95,-4015.52
-3479.43,-3515.35,-3489.88
-2911.92,-2947.68,-2923.42
-2396.51,-2428.05,-2404.99
-2072.28,-2100.23,-2076.73
-1951.17,-1980.6,-1956.63
-1892.44,-1924.56,-1900.23
-1757.69,-1789.51,-1765.56
-1493.16,-1522.88,-1500.83
-1224.37,-1251.97,-1231.69
-1118.56,-1145.08,-1125.63
-1226.89,-1254.45,-1235.04
-1467.43,-1497.01,-1475.66
-1639.5,-1670.04,-1645.16
-1667.83,-1698.15,-1671.17
-1636.64,-1666.07,-1640.74
-1574.4,-1601.97,-1580.86
-1404.56,-1429.9,-1412.2
-1136.88,-1161.22,-1143.35
-998.792,-1023.41,-1000.88
-1142.74,-1167.82,-1139.2
-1522.62,-1547.73,-1516.46
-2007.46,-2033.72,-2004.09
-2411.71,-2441.61,-2413.76
-2676.17,-2709.42,-2679.98
-2888.2,-2922.76,-2889.61
-3144.57,-3179.7,-3143.39
-3487.35,-3522.74,-3484.7
-3845.33,-3881.09,-3842.73
-4187.08,-4224.51,-4186.23
-4550.1,-4589.42,-4551.37
-4918.37,-4957.38,-4920.84
-5255.48,-5293.19,-5257.97
-5544.99,-5581.92,-5547.13
-5886.12,-5921.1,-5888
-6377.23,-6408.94,-6378.9
-7000.32,-7028.92,-7001.88
-7692.53,-7719.08,-7692.28
-8379.76,-8405.68,-8375.33
-9060.58,-9086.2,-9052.91
-9694.25,-9718.86,-9686.46
-10193.4,-10217.2,-10187.5
-10532.2,-10556.2,-10528.8
-10663.8,-10687.2,-10663.3
-10593.1,-10613.3,-10594.8
-10406.8,-10423.9,-10408.5
-10269.1,-10285.5,-10267.9
-10369.4,-10386.6,-10363.8
-10691.9,-10711.1,-10683.4
-11078.4,-11100.3,-11069.9
-11356.6,-11379.3,-11349.2
-11468.9,-11489.9,-11462
-11512.5,-11531,-11505.3
-11527.3,-11543.1,-11520
-11553.5,-11566.7,-11547.1
-11680.8,-11692.9,-11675.3
-12020.3,-12033.5,-12014.9
-12648.5,-12663.6,-12644.2
-13464,-13480,-13465.4
-14306.4,-14321.9,-14313.5
-14966.4,-14981.9,-14969.7
-15229.4,-15246,-15223.2
-15142.4,-15160.1,-15130.9
-14950.2,-14967.9,-14939.2
-14855.1,-14873,-14847.2
-14834.6,-14855.5,-14829.6
-14737.8,-14763.8,-14734.3
-14465.2,-14494.7,-14462.8
-13974.2,-14003.8,-13974
-13404.2,-13430.8,-13404.8
-12924,-12946.9,-12921.5
-12552.5,-12574.1,-12546.4
-12219,-12239.7,-12211.4
-11789.8,-11806.5,-11782.9
-11262,-11273.2,-11261.2
-10669.7,-10678.6,-10675.5
-9933.22,-9944.21,-9937.27
-8992.89,-9007.73,-8991.23
-7832.99,-7849.89,-7827.72
-6556.77,-6572.24,-6549.19
-5298.75,-5309.81,-5289.53
-4106.95,-4111.6,-4096.75
-3006.57,-3005.79,-2996.7
-2015.52,-2013.72,-2007.88
-1212.11,-1212.8,-1205.69
-524.876,-527.559,-517.793
299.465,297.179,306.518
1379.73,1378.86,1388
2728.98,2729.11,2741.45
4287.9,4288.04,4302.91
5987.05,5986.88,6000.43
7798.28,7798.65,7808.46
9699.16,9700.38,9707.51
11694.1,11695.9,11703.9
13690.1,13692.2,13704.3
15617.7,15619.6,15635.5
17521.9,17523.7,17540.3
19418.9,19421.3,19437.2
21345.3,21349.5,21365.5
23327,23333.4,23351.1
25394.9,25403,25422.7
27599.8,27610.6,27626.5
29915.7,29933.1,29937.1
32310.7,32335.1,32329.4
34739.1,34767,34760
37197.8,37229.3,37222.4
39717.4,39756.3,39743.9
42280.3,42328.3,42308.7
44917.6,44971.4,44949.1
47657.2,47713.6,47692.1
50514.1,50572.2,50551.4
53459.7,53519,53498.4
56377.7,56438,56418.4
59205.3,59267.2,59248.9
61865.6,61929.2,61912.1
64207,64272.9,64257.1
66078.8,66147.1,66133.3
67366.9,67435,67425.8
67967.2,68032.8,68030
67769.8,67832.4,67836
66897.9,66957.1,66965.7
65675.8,65731.3,65741.5
64331.4,64384,64393.9
62983.5,63034.1,63043.8
61678.7,61728.4,61737.3
60442.1,60491.5,60497.6
59302.2,59351.6,59354
58251.2,58300.4,58300.6
57293.1,57341.8,57340.9
56416.1,56464.6,56462
55597.3,55644.8,55640.4
54801.6,54846.8,54842.2
53970.9,54014.2,54012.2
53115.4,53158.8,53158.6
52252.2,52297.3,52295.9
51376.9,51423,51418.9
50476,50521.3,50515
49535.5,49579.7,49572.2
48594.8,48638.4,48629.5
47667.9,47710.7,47699.8
46760.2,46802.5,46788.7
45891.3,45934,45917.7
45053,45095.6,45078.9
44259,44301.2,44284
43504,43545.7,43527.5
42782.7,42823.3,42806.1
42105.5,42144,42129.2
41449,41485.9,41472.2
40816.7,40852.9,40838.7
40195,40230,40215.2
39566.2,39598.9,39584.1
38926.6,38956.4,38942.1
38252,38280.4,38267
37556.6,37586.6,37572.5
36857.4,36890,36874
36171.7,36205.7,36188
35491.7,35525.5,35506.6
34798.9,34831,34812
34126,34155.9,34137
33457.2,33486.8,33467.4
32780,32810.4,32791.8
32116.3,32145.2,32129.4
31466,31492.2,31478.7
30861.1,30886,30872.9
30290.5,30314.5,30301.4
29712.1,29735.5,29722.4
29115.7,29138.5,29124.6
28507.5,28528.1,28514.9
27935.6,27952.1,27941.8
27376.2,27389.2,27381.1
26788.4,26799.8,26792.3
26181.7,26192.5,26185
25550.8,25561.6,25553
24919.9,24930.4,24920.5
24266.5,24274.5,24265
23604.5,23608.1,23601.3
23007.2,23005.7,23002.7
22473.9,22468.2,22467.9
22002.8,21994.8,21996.3
21548.2,21539.3,21542.3
21080.3,21071.8,21074.4
20642.4,20635.3,20635.8
20242,20235.8,20235.3
19868.8,19862.4,19863
19449.8,19442.8,19444.7
18974.3,18967.6,18968.9
18566.8,18561.4,18560.3
18260.9,18256.8,18253.3
17971.8,17967.2,17963.4
17514.8,17508.3,17505.9
16799.6,16791.4,16790.5
15968.8,15959.9,15960.9
15177.2,15168,15171
14528.3,14518.7,14523.2
13983,13973,13977.1
13432.2,13421.4,13424.1
12870.5,12857.4,12860.1
12313.4,12298.4,12300.2
11808.2,11793.8,11792.1
11356.9,11344.4,11339.5
10912.3,10901.1,10895.8
10462.6,10451.8,10448.2
9978.15,9966.98,9965.47
9458.33,9445.79,9445.84
8869.1,8855.07,8854.7
8139.88,8125.56,8122.44
7271.67,7257.98,7252.34
6292.45,6278.21,6272.2
5296.41,5279.79,5275.67
4323.97,4304.47,4303.72
3374.28,3352.64,3354.54
2639.84,2618.18,2619.88
2294.04,2275.33,2273.38
2305.3,2290.09,2283.64
2523.17,2509.29,2500.26
2821.83,2807.77,2797.91
3116.06,3102,3093.27
3289.27,3276.81,3269.4
3316.85,3307.39,3298.51
3238.91,3231.98,3220.41
3099.74,3093.51,3081.05
2948.48,2941.69,2929.55
2758.91,2750.88,2738.91
2553.76,2543.98,2532.45
2418.44,2407.77,2396.65
2394.55,2383.81,2373.06
2485.09,2473,2464.24
2635.95,2621.27,2614.84
2829.06,2813.14,2806.9
3051.35,3035.9,3028.61
3276.19,3262.05,3253.73
3539.34,3527.18,3518.19
3848.98,3837.48,3829.06
4195.51,4182.7,4175.91
4542.12,4527.66,4521.29
4847.56,4831.74,4824.28
5126.18,5110,5102.38
5384.74,5369.52,5363.09
5654.74,5640.67,5636.57
5939.39,5925.61,5925.42
6204.34,6190.69,6192.67
6480.04,6467.37,6467.42
6790.71,6778.78,6776.17
7146.38,7134.27,7131.11
7515.43,7502.93,7500.53
7853.4,7840.91,7838.76
8179.64,8167.93,8164.47
8490.31,8479.67,8474.15
8804.46,8794.18,8788.05
9124.52,9114.01,9108.61
9418.51,9408.33,9404.01
9696.29,9687.07,9684.33
9941.47,9932.92,9930.81
10150.8,10141.9,10139.5
10325.9,10316.2,10314.3
10463.2,10454,10452.6
10585.9,10577.6,10577.3
10671.9,10663,10665.7
10715.1,10705.8,10711
10729.5,10720.2,10725.9
10738.8,10728.1,10732.6
10788.8,10775.8,10779.4
10842.8,10828.9,10832.8
10878.2,10865.1,10870.3
10893.6,10880.9,10888.7
10876.6,10863.1,10873.2
10849.4,10835.1,10846.4
10806.6,10791.9,10803.1
10774.9,10760.6,10770.4
10781.3,10767.1,10776.1
10830.2,10815.4,10824.7
10932.5,10917,10927.8
11045.7,11029.4,11043
11169,11152.4,11168.5
11320.6,11304.1,11321.4
11482.2,11465.9,11483.4
11654.7,11638.8,11655.2
11814.6,11799.1,11813
11961.8,11945.4,11957.3
12067.2,12049.7,12062.6
12084.4,12066.6,12081.7
12039.9,12022.5,12038.2
11934,11916.8,11931.5
11793,11774.9,11787.7
11646.3,11626.8,11637.9
11479.2,11458.6,11469.9
11261.6,11240.5,11253.8
10921.7,10901.4,10916.3
10471.1,10452.2,10466.5
9967.19,9950.09,9962.59
9434.24,9419.2,9429.4
8893.89,8879.39,8888.24
8313.06,8296.3,8306.02
7700.79,7681.68,7692.65
7103.65,7084.38,7096.08
6530.09,6510.98,6523.04
5985.91,5965.24,5978.06
5432.92,5409.99,5424.43
4887.22,4863.47,4879.1
4401.81,4378.62,4393.55
3990.05,3967.52,3979.59
3661.65,3638.87,3648.31
3314.09,3290.72,3299.43
2736.24,2712.81,2723.26
1878.76,1854.53,1868.96
1024.97,998.909,1015.99
395.812,367.704,384.598
-99.0093,-128.527,-113.122
-533.674,-562.524,-549.346
-925.672,-953.043,-941.067
-1326.81,-1354.22,-1341.34
-1748.28,-1776.05,-1761.85
-2175.72,-2203,-2188.63
-2493.02,-2519.83,-2506.51
-2577.35,-2604.08,-2592.32
-2439.2,-2465.66,-2456.27
-2093.88,-2119.6,-2112.43
-1528.66,-1553.44,-1546.57
-731.688,-754.942,-747.797
185.765,163.991,171.207
1004.31,983.732,992.004
1573.35,1554.86,1564.38
1846.57,1829.33,1839.13
1949.96,1931.12,1941.16
2063.82,2042.34,2053.82
2281.19,2259.06,2271.96
2638.3,2618,2630.5
3056.8,3038.42,3049.72
3384.72,3367.02,3378.46
3436.77,3418.67,3432.92
3074.66,3054.7,3073.97
2339.34,2317.7,2340.3
1324.48,1302.92,1324.61
110.234,88.3497,108.129
-1265.99,-1289.2,-1270.56
-2812.3,-2835.61,-2820.07
-4503.04,-4525.22,-4515.83
-6260.24,-6282.18,-6279.71
-7866.66,-7890,-7891.78
-9080.42,-9105.34,-9108.57
-9759.1,-9783.76,-9789.99
-9879.42,-9900.9,-9913.74
-9601.41,-9619.89,-9636.77
-9097.02,-9115.86,-9128.57
-8473.31,-8493.71,-8499.85
-7830.06,-7850.47,-7856.76
-7217.47,-7236.02,-7247.88
-6648.43,-6665.3,-6679.45
-6066.4,-6082.8,-6093.21
-5449.72,-5466.8,-5469.05
-4899.96,-4921.32,-4911.59
-4474.03,-4501.45,-4481.16
-4126.8,-4156.25,-4134.2
-3740.86,-3767.63,-3750.69
-3256.34,-3279.91,-3266.7
-2733.37,-2755.89,-2743.96
-2245.02,-2266.88,-2256.06
-1852.64,-1873.98,-1861.53
-1562.85,-1586.28,-1569.94
-1382.96,-1410.52,-1391.3
-1383.64,-1414.66,-1392.03
-1609.09,-1641.42,-1614.15
-2006.5,-2038.76,-2009.62
-2397.58,-2429.67,-2401.27
-2640.56,-2672.69,-2643.72
-2742.27,-2775.4,-2743.34
-2761.09,-2795.93,-2759.35
-2773.05,-2808.9,-2769.99
-2766.16,-2801.79,-2765.39
-2670.6,-2704.44,-2672.79
-2464.52,-2495.69,-2466.69
-2152.3,-2182.06,-2150.81
-1805.81,-1836.14,-1799.64
-1479.1,-1510.57,-1472.85
-1185.44,-1217.05,-1184.08
-925.746,-956.955,-928.193
-671.735,-703.439,-673.494
-440.003,-472.849,-438.711
-241.593,-275.221,-240.166
-84.4499,-118.583,-87.3452
-0.519733,-35.4286,-6.8424
16.3798,-19.9335,12.0046
-38.2192,-76.3715,-37.6419
-135.537,-174.691,-131.27
-214.05,-253.106,-208.775
-258.895,-298.136,-255.733
-250.447,-290.595,-250.45
-205.187,-245.559,-207.152
-164.186,-202.319,-166.963
-156.021,-190.281,-157.956
-191.011,-222.877,-191.46
-229.944,-262.557,-230.153
-247.162,-283.144,-248.393
-213.91,-254.251,-216.224
-119.672,-163.056,-121.504
15.4022,-27.7903,13.8731
189.291,149.006,184.987
362.504,325.16,355.01
485.684,449.802,478.447
544.557,508.748,539.513
554.156,517.705,547.882
541.108,503.954,530.578
493.889,456.56,482.754
412.842,377.17,405.374
319.893,286.575,315.124
224.843,192.339,220.641
157.083,124.356,153.386
133.451,100.374,129.165
170.317,138.044,165.114
281.518,251.113,279.015
473.341,443.855,476.048
765.869,736.421,772.253
1144.33,1114.58,1150.85
1585.67,1555.01,1588.43
2061.82,2030.84,2060.08
2551.68,2521.45,2548.46
3069.14,3038.94,3067.23
3608,3576.73,3607.18
4152.34,4120.94,4149.44
4676.51,4646.98,4669.76
5162.71,5135.66,5154.93
5643.36,5618.32,5640.33
6129.48,6104.61,6132.87
6602.6,6575.74,6606.91
7045.92,7017.55,7045.44
7527.43,7498.32,7521.42
8243.87,8213.61,8237.1
9358.43,9327.73,9355.63
10998.4,10969,10998.4
13387.4,13360.9,13387.7
16931,16909,16930.9
22250.9,22235.7,22247.8
30166.9,30162.4,30157.5
40447.3,40457.6,40440
49636.9,49659.8,49652.2
52817.3,52841,52868.5
48377.8,48386.7,48457.2
38878,38862,38962.7
28225.2,28184.6,28294.8
19325.2,19267.7,19370.4
13329.5,13263,13349.7
9799.97,9727.35,9804.48
7403.13,7324.27,7406.6
5222.16,5139.12,5230.38
3427.64,3344.31,3435.55
2572.48,2491.35,2575.87
2674.17,2596.72,2675.19
2982.57,2909.72,2986.68
2602.11,2532.02,2611.81
1450.28,1376.69,1461.55
409.643,329.288,417.131
235.862,155.24,240.148
518.909,444.44,523.397
330.248,260.237,334.815
-389.457,-458.777,-386.322
-1006.16,-1075.59,-1004.5
-1496.68,-1565.82,-1495.76
-2557.33,-2626.74,-2556.34
-4413.31,-4484.5,-4412.24
-6426.25,-6499.74,-6425.97
-7937.89,-8011.4,-7939.2
-8940.07,-9011.8,-8943.57
-9893.1,-9964.1,-9899.69
-11102.7,-11173.2,-11111.2
-12549.9,-12618.6,-12557.3
-14165.3,-14233.1,-14172.2
-15988.9,-16057.5,-15997.7
-18096.6,-18167.4,-18108.6
-20266.2,-20340.6,-20283.8
-21782.3,-21860,-21808.2
-21955.1,-22032.9,-21987.6
-20910.2,-20984.1,-20944
-19408.4,-19476.1,-19438.3
-17964.6,-18027,-17987.5
-16573.3,-16633.2,-16589.8
-15041.3,-15099.5,-15054.4
-13338.1,-13393.9,-13352.4
-11652.7,-11705.9,-11670.3
-10185.3,-10237,-10203
-9095.51,-9147.61,-9108.05
-8450.06,-8504.95,-8457.46
-8097.16,-8154.84,-8103.79
-7794.33,-7852.28,-7801.94
-7403.13,-7460.15,-7411.05
-6964.86,-7020.97,-6972.21
-6558.82,-6613.9,-6564.39
-6229.75,-6284.56,-6233.66
-6098.94,-6155.2,-6101.15
-6354.61,-6413.65,-6353.84
-7160.77,-7221.05,-7158.2
-8417.23,-8476.53,-8418.39
-9817.52,-9877.87,-9825.84
-11232.5,-11297.2,-11244
-12637.5,-12705.7,-12646.9
-14070,-14137.9,-14078.1
-15623,-15688.6,-15633.8
-17147,-17211.5,-17161.6
-18433.6,-18498.4,-18449.3
-19469.6,-19535.8,-19485.5
-20338.4,-20406.2,-20355.3
-21217.3,-21286.2,-21235.6
-22347.6,-22417.1,-22367.1
-23743.3,-23812,-23764
-25191.2,-25258.2,-25214.5
-26649.1,-26715,-26674.8
-27983.2,-28049.5,-28008.6
-28749.5,-28815.8,-28773.7
-28822.8,-28887.1,-28847
-28560.5,-28621.8,-28583.5
-28357.7,-28416.8,-28377.9
-28417.7,-28477.5,-28435.9
-28874,-28937.2,-28891
-29848,-29912.9,-29864
-31206.3,-31269.4,-31222.2
-32492.2,-32552.7,-32509.1
-33100.9,-33159.3,-33120.1
-32711,-32766.2,-32734
-31704.8,-31756.5,-31731.5
-30736.2,-30787.2,-30765.2
-29975.7,-30028.5,-30004.7
-28915.3,-28969.5,-28942
-26868.8,-26921.8,-26894.2
-23710.2,-23758.4,-23736
-19977.4,-20019.9,-20001.1
-16455.7,-16493.2,-16472.6
-13568.4,-13601.4,-13577.3
-11221.9,-11251.5,-11225.1
-9251.58,-9279.67,-9252.65
-7532.75,-7561.67,-7533.55
-5942.98,-5975.33,-5942.33
-4422.39,-4458.51,-4419.28
-3014.93,-3053.2,-3010.52
-1817.68,-1858.02,-1813.72
-775.16,-819.093,-773.477
193.049,144.65,192.58
1092.42,1039.7,1092.79
1969.14,1912.36,1972.71
2768.87,2708.78,2775.22
3413.62,3351.15,3421.04
3955.44,3891.22,3963.04
4480.06,4415.67,4488.05
5026.09,4963.95,5034.57
5590.62,5531.1,5599.49
6222.04,6162.48,6230.33
6969.46,6908.24,6975.4
7862.36,7801.03,7866.37
8911.45,8852.41,8915.66
10031.2,9975.33,10038.4
11067.2,11012.9,11079.3
11750,11695.2,11764.9
11854.9,11799.1,11869.6
11476.6,11419.1,11490.3
10816.5,10757.1,10829.2
9736.03,9675.26,9747.98
8032.9,7970.15,8044.99
6091.88,6025.97,6103.32
4431.98,4362.35,4440.05
3149.17,3076.73,3151.9
2217.14,2144.12,2215.15
1581.43,1510.16,1576.87
1116.57,1048.75,1110.57
751.107,686.032,742.715
554.333,489.796,542.646
750.928,685.946,736.534
1431.54,1366.24,1415.56
2385.53,2320.76,2368.51
3321.57,3258.41,3304.05
4104.6,4043.45,4087.57
4854.13,4794.67,4838.66
5666.79,5608.12,5653.59
6414.84,6355.97,6402.83
6951.62,6891.61,6940.36
7320.92,7259.42,7311.29
7814.73,7752.89,7805.51
8625.12,8564.55,8614.67
9574.84,9516.56,9564.49
10346.2,10290.1,10338.6
10804.5,10748.8,10801.4
11086.6,11029.7,11087.9
11255.8,11200.4,11257.3
11230.5,11180.7,11227.6
11026.5,10982.2,11019.9
10722.3,10681.6,10714.7
10441.9,10405.4,10432.2
10258.2,10227,10244.8
10102.4,10077.4,10087.5
9876.13,9858.34,9863.31
9524.54,9512.81,9514.18
9114.66,9106.36,9103.65
8691.26,8684.15,8677.14
8170.13,8162.97,8154.18
7505.8,7499.89,7489.37
6825.57,6823.01,6806.64
6465.79,6466.75,6443.6
6600.62,6605.07,6578
7027.66,7035.83,7006.67
7480.94,7492.75,7461.31
7840.38,7856.09,7821.6
8172.78,8191.51,8154.07
8558.04,8578.09,8538.24
8965.63,8986.17,8944.88
9374.38,9395.32,9353.41
9790.75,9812.76,9769.35
10254.1,10278.5,10232.7
10779.5,10805.9,10759.2
11319.9,11346.8,11299.6
11862.4,11888,11841.2
12409.2,12432.7,12388.7
13006.4,13029,12988.1
13668.5,13691.8,13652.1
14309.9,14333.8,14293.4
14875.8,14898.7,14857.1
15352.1,15372.9,15330.8
15776,15796.1,15753
16157.2,16177.4,16136
16442.4,16461.8,16426.3
16626.3,16644.3,16614.7
16733.1,16750.4,16723.6
16828.4,16844.6,16819.2
16947.2,16961.4,16938.6
17050.1,17062.1,17043.1
17126,17135.1,17120.1
17169.3,17176.7,17163.6
17235.2,17243.3,17229.9
17375.6,17383.7,17371.3
17542.7,17548.3,17539.6
17726.3,17729.2,17725.6
17915.6,17917.9,17917
18108.1,18110.5,18110.8
18315.5,18316.4,18318.7
18481.2,18481,18484
18552.1,18552.8,18555.3
18447.8,18449.7,18453.5
18067.8,18069.7,18076.3
17394.5,17394.6,17404.6
16539.5,16537,16550.6
15667.5,15663.4,15678.8
14852.8,14847.5,14862.8
14130.8,14123.4,14138.4
13514.8,13504.9,13520.6
12941.3,12929.6,12946.4
12370,12358.4,12374.3
11790.2,11780.9,11793.5
11220,11214.2,11223.7
10701.3,10698.1,10707.7
10216.2,10214,10224.3
9740.72,9739.2,9746.57
9267.87,9267.73,9269.26
8827.53,8828.64,8825.51
8454.22,8456.4,8452.08
8122.89,8125.16,8123.09
7810.93,7811.65,7813.23
7507.91,7506.79,7511.36
7236.25,7234.27,7240.54
7014.6,7012.48,7019.43
6810.24,6808.41,6814.63
6607.41,6605.87,6610.82
6403.15,6401.28,6406.08
6203.57,6201.16,6205.54
6016.28,6013.97,6017.19
5814.26,5811.09,5814.95
5581.8,5575.61,5582.88
5320.77,5310.78,5323.19
5050.58,5037.39,5053.96
4779.32,4764.91,4782.02
4478.64,4464.64,4478.92
4154.31,4140.55,4152.22
3814.05,3799.06,3811.94
3470.48,3452.95,3469.48
3139.63,3120.81,3138.87
2808.57,2790.78,2807.17
2486.34,2468.62,2484.49
2176.84,2156.63,2175.23
1879.3,1857.66,1877.53
1596.07,1575.42,1593.44
1329.38,1309.22,1325.6
1113.87,1092.76,1109.07
984.841,963.014,980.151
947.769,926.308,943.899
883.916,862.635,881.116
612.759,590.521,611.235
166.386,142.959,165.449
-282.715,-307.129,-284.045
-634.944,-660.439,-637.719
-874.472,-901.085,-878.855
-987.463,-1015.11,-992.755
-934.929,-962.728,-941.5
-709.512,-736.17,-718.047
-265.458,-290.75,-273.518
483.937,458.966,480.078
1504.29,1477.81,1504.11
2528.83,2498.87,2530.29
3192.98,3158.31,3196.63
3361.3,3321.24,3366.95
3185.4,3139.17,3190.96
2915.54,2863,2919.27
2716.84,2659.85,2719.09
2604.59,2545.09,2607.44
2523.45,2461.58,2526.52
2374.9,2311.34,2376.87
2084.33,2020.52,2086.62
1690.68,1626.39,1695.12
1283.12,1217.27,1289.82
935.39,869.018,941.759
650.163,585.559,653.703
381.832,319.65,383.411
123.189,62.7538,124.831
-120.922,-180.704,-118.154
-345.782,-405.821,-341.695
-581.411,-641.198,-576.19
-849.726,-908.203,-843.628
-1097.25,-1154.24,-1090.53
-1277.03,-1332.87,-1270.12
-1391.86,-1447.51,-1386.12
-1505.49,-1561.55,-1500.98
-1659.78,-1715.81,-1654.61
-1813.27,-1869.16,-1807.23
-1933.76,-1989.96,-1928.13
-2032.59,-2089.57,-2027.28
-2150.52,-2208.44,-2144.69
-2304.77,-2363.68,-2299.63
-2456.86,-2516.67,-2453.41
-2590.47,-2650.94,-2587.46
-2729.3,-2790.56,-2727.18
-2937.25,-2999.23,-2937.16
-3260.47,-3322.35,-3261.36
-3661.07,-3721.6,-3662.08
-4074.37,-4133.16,-4075.63
-4424.89,-4482.17,-4426.37
-4686.71,-4741.72,-4688.58
-4876.23,-4929.09,-4879.65
-4985.28,-5038.11,-4991.24
-4979.63,-5033.37,-4986.65
-4810.89,-4864.58,-4816.92
-4520.6,-4573.76,-4525.51
-4201.26,-4253.88,-4205.62
-3901.47,-3953.68,-3905.79
-3660.83,-3712.99,-3665.16
-3491.92,-3544.2,-3496.93
-3396.99,-3448.99,-3403.43
-3369.6,-3419.96,-3375.62
-3370.11,-3418.49,-3373.7
-3387,-3435.07,-3389.7
-3424.15,-3472.71,-3428.16
-3503.05,-3551.28,-3507.84
-3610.18,-3658.38,-3614.12
-3676.59,-3725.89,-3680.01
-3699.95,-3749.96,-3705.44
-3696.36,-3746.46,-3706.57
-3671.6,-3722.45,-3686.12
-3613.14,-3665.42,-3628.56
-3483.19,-3536.8,-3497.76
-3305.07,-3359.28,-3317.65
-3121.63,-3175.38,-3129.94
-2951.2,-3003.14,-2955.65
-2767.95,-2817.89,-2771.83
-2505.31,-2554.52,-2511.28
-2157.79,-2206.33,-2166.2
-1747.22,-1793.82,-1757.45
-1283.48,-1328.4,-1294.34
-807.87,-852.35,-818.241
-372.1,-416.092,-382.793
-10.981,-54.0764,-22.4264
293.801,251.609,282.956
553.731,512.734,543.902
773.106,733.115,763.219
983.078,942.415,972.813
1177.87,1135.88,1169.33
1350.19,1308.67,1345.28
1486.03,1446.26,1483.81
1575.74,1538.37,1574.63
1642.23,1608.49,1642.2
1671.79,1641.99,1674.29
1641.61,1615.51,1646.43
1549.83,1527.13,1554.17
1417.94,1396.78,1420.2
1283.52,1262.68,1284.42
1133.34,1115.08,1134.88
961.147,946.652,965.119
780.859,766.279,786.647
599.183,581.148,605.644
434.456,414.434,441.469
276.067,255.626,283.577
127.451,105.166,135.356
-11.1373,-36.137,-2.93426
-142.928,-169.446,-134.124
-252.501,-279.471,-243.371
-364.572,-392.47,-356.449
-488.571,-518.14,-482.039
-613.121,-643.591,-607.192
-724.414,-755.047,-718.199
-794.814,-827.177,-788.43
-834.251,-870.734,-828.396
-855.163,-896.075,-850.419
-871.58,-915.116,-867.016
-892.783,-936.673,-887.523
-885.485,-928.374,-880.399
-856.399,-898.24,-852.347
-827.959,-869.245,-825.481
-813.196,-854.74,-812.072
-803.118,-845.426,-802.318
-764.567,-806.993,-764.563
-718.733,-761.117,-720.284
-694.197,-738.596,-696.764
-724.068,-772.632,-727.037
-823.859,-876.02,-826.71
-958.723,-1011.54,-960.072
-1120.69,-1171.86,-1119.53
-1294.78,-1344.73,-1292.91
-1451.27,-1501.22,-1450.56
-1573.01,-1623.53,-1573.48
-1632.93,-1684.33,-1634.81
-1633.78,-1685.5,-1636.97
-1582.17,-1632.62,-1584.86
-1507.68,-1555.8,-1507.71
-1444.32,-1491.32,-1442.23
-1351.78,-1399.31,-1350.22
-1207.11,-1255.95,-1207.58
-1028.26,-1078.75,-1030.27
-871.119,-922.748,-873.192
-766.634,-818.236,-767.865
-683.499,-733.687,-684.115
-622.214,-670.672,-622.266
-566.388,-614.331,-565.643
-501.9,-550.321,-500.926
-435.983,-484.523,-435.37
-355.099,-403.057,-354.82
-271.313,-319.507,-270.932
-178.29,-227.103,-177.309
-70.6612,-118.44,-68.745
35.3993,-10.4133,38.29
156.474,112.222,159.687
280.481,237.805,284.052
403.334,361.77,407.613
519.128,477.069,522.87
591.866,548.733,594.167
627.63,584.54,629.354
638.563,596.551,640.961
659.866,618.252,663.968
685.553,643.419,691.723
678.692,635.887,686.104
657.784,614.058,665.5
609.53,565.4,617.028
542.526,499.324,549.473
470.675,429.003,477.754
367.707,326.73,375.619
239.618,198.104,247.31
74.691,32.3324,81.2693
-114.129,-156.272,-108.231
-300.11,-340.235,-294.896
-500.73,-537.892,-496.217
-706.324,-741.245,-701.542
-921.212,-955.659,-916.64
-1127.32,-1162.75,-1124.84
-1311.69,-1348.28,-1311.51
-1516.11,-1552.25,-1516.74
-1726.39,-1760.98,-1726.65
-1953.24,-1986.61,-1953.55
-2183.14,-2213.29,-2184.7
-2356.8,-2381.14,-2360.66
-2495.81,-2515.12,-2500.67
-2624.4,-2641.08,-2627.19
-2774.01,-2790.67,-2775.08
-2966.05,-2984.87,-2967.12
-3214.07,-3236.04,-3214.04
-3560.79,-3585.09,-3558.95
-4005.54,-4030.08,-4002.89
-4562.13,-4586.43,-4558.84
-5224.53,-5249.42,-5220.32
-5918.04,-5943.05,-5912.65
-6582.73,-6607.76,-6576.82
-7158.18,-7184.93,-7152.87
-7631.58,-7661.59,-7626.63
-8023.14,-8057.01,-8018.03
-8325.19,-8363.38,-8320.36
-8550.18,-8592.21,-8546.68
-8684.94,-8729.16,-8682.05
-8739.35,-8784.21,-8735.2
-8749.19,-8794.58,-8743.12
-8741.36,-8788.13,-8733.76
-8780.66,-8829.43,-8772.52
-8871.24,-8922.32,-8862.94
-8975.18,-9028.79,-8966.94
-9059.66,-9115.73,-9052.36
-9106.57,-9164.88,-9100.7
-9138.84,-9199.24,-9133.63
-9128.59,-9191.12,-9122.56
-9010.16,-9074.07,-9003.24
-8704.04,-8767.91,-8697.14
-8126.12,-8189.18,-8118.85
-7257.01,-7317.84,-7249.84
-6153.78,-6211.04,-6148.03
-5070.22,-5125.37,-5065.03
-4349.23,-4404.02,-4342.97
-4093,-4147.96,-4085
-4158.34,-4214,-4149.16
-4308.78,-4364.88,-4299.06
-4407.22,-4462.59,-4396.5
-4438.1,-4492.45,-4427.08
-4410.06,-4464.38,-4399.64
-4393.66,-4448.44,-4383.65
-4444.71,-4498.6,-4434.75
-4508.39,-4560.16,-4498.03
-4425.32,-4475.59,-4415.1
-4055.13,-4104.58,-4046.07
-3391.55,-3440.34,-3383.52
-2485.06,-2532.98,-2476.77
-1382.65,-1429.4,-1373.32
-105.641,-151.231,-95.5762
1347.22,1303.44,1357.76
2923.03,2881.41,2932.7
4526.21,4486.19,4533.74
6055.91,6016.36,6063.18
7485.38,7445.18,7494.98
8842.7,8802.4,8855.24
9903.38,9863.97,9918.61
10246,10207.1,10263.9
9860.98,9821.67,9880.06
9326.59,9286.53,9344.49
9132.82,9091.94,9148.81
9209.05,9166.88,9223.81
9229.56,9185.54,9243.9
8974.45,8929.38,8989.62
8402.95,8358.05,8418.85
7562.03,7516.94,7577.41
6478.76,6431.91,6493.89
5249,5199.92,5264.5
4058.9,4009.23,4073.94
3010.14,2960.96,3023.21
2071.71,2022.82,2083.1
1110.72,1061.89,1122.04
-87.5076,-136.34,-75.315
-1814.7,-1864.03,-1801.33
-4267.36,-4319.62,-4253.75
-7168.53,-7226.18,-7157.49
-9796.78,-9858.79,-9790.94
-11593.7,-11655.9,-11592.9
-12576.5,-12635.5,-12578.7
-13060.8,-13116.5,-13064.4
-13332.4,-13386.6,-13336.8
-13535.3,-13589.9,-13540.4
-13610.9,-13665.8,-13616.9
-13449.8,-13504.1,-13456.2
-13039.3,-13092.3,-13046
-12467.1,-12517.7,-12474.7
-11796.2,-11843.8,-11803.8
-10987.3,-11033.9,-10994.3
-10025.7,-10072.2,-10032.8
-8981.91,-9026.19,-8988.84
-7971.6,-8011.9,-7976.72
-7099.03,-7136.57,-7102.26
-6406.13,-6444.2,-6409.12
-5881.34,-5921.82,-5884.58
-5463.18,-5505.11,-5465.43
-5102,-5144.66,-5102.32
-4771.98,-4815.19,-4770.59
-4411.78,-4454.39,-4410.19
-4007.07,-4048.99,-4007.24
-3609.3,-3651.62,-3611.86
-3284.6,-3327.31,-3288.17
-3048.06,-3090.36,-3050.86
-2822.21,-2863.71,-2824.39
-2548.35,-2588.63,-2551.04
-2241.29,-2280.59,-2244.71
-1977.64,-2017.53,-1979.87
-1841.42,-1883.01,-1839.91
-1833.77,-1876.48,-1829.02
-1864.68,-1908.04,-1859.55
-1771.01,-1814.81,-1767.92
-1452.65,-1495.8,-1451.83
-927.647,-969.841,-927.964
-96.2509,-137.518,-97.4981
1279.54,1240.44,1277.23
3260.45,3224.59,3258.19
5233.15,5200.34,5233.78
6193.98,6161.94,6200.05
5994.76,5960.88,6005.2
5357.26,5321.92,5369.35
4740.68,4705.25,4753.18
4076.33,4040.24,4088.09
3311.08,3273.06,3320.71
2546.04,2506.61,2553.38
1815.42,1776.38,1822.3
1183.49,1146.19,1191.59
893.057,858.456,900.877
1310.92,1278.91,1316.18
2651.81,2622.19,2654.28
4703.07,4676.19,4704.01
7032.62,7008.13,7033.76
9290.35,9267.77,9292.53
11259.6,11238.5,11263.6
12806.5,12786.5,12814.3
13777.9,13758.3,13791.3
14136.2,14116,14155.1
14054,14032,14075.6
13760.1,13735.3,13781.3
13362.3,13334.3,13381.7
12751.5,12720.9,12769.2
11840.7,11808.2,11857.3
10748.7,10715.4,10764.4
9666.86,9634.37,9682.21
8656.85,8625.46,8671.98
7616.95,7585.28,7631.16
6557.67,6524.36,6570.1
5662.32,5627.64,5672.59
5062.54,5028.34,5071.24
4744.79,4712.33,4753.1
4546.08,4515.17,4554.97
4342.92,4311.97,4353.15
4171.33,4139,4182.57
4110.76,4079.6,4120.3
4168.58,4141.89,4174.19
4195.89,4173,4198.98
4085.75,4064.78,4089.03
3892.23,3872.76,3895.83
3707.86,3690.38,3710.77
3580.31,3564.98,3582.57
3438.3,3424.67,3440.26
3227.63,3215.29,3229.3
2993.47,2981.48,2994.77
2794.38,2781.08,2796.11
2652.54,2636.64,2655.07
2495.43,2477.3,2497.36
2276.22,2257.42,2276.21
2041.87,2024.06,2040.84
1839.87,1823.88,1839.87
1697.41,1682.2,1698.29
1559.25,1543.41,1559.26
1381.4,1364.92,1379.79
1201.4,1185.19,1198.34
1057.49,1041.67,1054.28
972.58,956.243,970.333
899.903,882.852,897.089
813.456,796.188,808.194
741.477,724.364,734.743
697.354,680.203,692.027
690.139,672.638,687.398
673.851,655.94,672.399
622.981,604.146,620.916
564.112,544.83,560.001
503.527,485.491,498.472
459.096,442.545,455.912
419.082,402.405,418.496
376.346,358.759,378.155
349.855,331.568,353.729
338.448,318.64,342.33
363.699,341.977,365.638
403.474,381.634,403.746
454.827,434.411,455.028
560.837,541.661,561.944
661.96,644.498,663.962
662.639,648.23,664.828
549.36,537.396,550.8
402.366,390.505,403.583
281.843,268.766,285.309
177.229,163.173,183.233
92.8774,78.3482,98.49
7.24787,-8.55443,11.5268
-81.9039,-100.634,-78.6095
-142.072,-163.541,-142.727
-182.564,-204.907,-189.618
-180.174,-203.058,-190.012
-135.236,-159.462,-142.434
-54.9683,-80.5502,-56.7484
59.5758,32.3861,63.547
159.072,129.88,166.919
279.494,248.629,288.753
474.455,442.537,483.451
822.975,790.278,831.45
1322.66,1288.92,1330.62
1562.71,1526.38,1569.4
1103.05,1061.28,1110.2
1.80132,-46.8697,14.4243
-1289.59,-1343.54,-1270.33
-2358.29,-2413.45,-2337.78
-3058,-3110.62,-3040.7
-3397.56,-3446.65,-3382.71
-3535.13,-3581.27,-3521.07
-3718.86,-3761.32,-3706.82
-4119.9,-4158.63,-4110.74
-4800.24,-4838.4,-4792.16
-5667.44,-5707.5,-5659.08
-6657.14,-6698.54,-6648.9
-7814.44,-7855.77,-7806.14
-9086.43,-9126.87,-9076.17
-10310.9,-10350.8,-10299.7
-11275,-11315.1,-11267.5
-11882.2,-11922.8,-11880.7
-12231.8,-12272,-12233.4
-12471.9,-12510.6,-12472.3
-12687.5,-12725.3,-12685.3
-12768.6,-12806.4,-12765.6
-12531.1,-12567.4,-12528.6
-11954.9,-11988.3,-11954
-11168.7,-11199.8,-11170.2
-10317.5,-10347.2,-10319.5
-9448.95,-9476.97,-9448.63
-8593.41,-8619.66,-8590.36
-7891.77,-7917.71,-7888.17
-7506.87,-7534.02,-7503.52
-7455.8,-7483.51,-7450.51
-7576.45,-7602.17,-7568.25
-7755.71,-7778.54,-7747.06
-8009.24,-8030.92,-8003.95
-8296.92,-8318.68,-8297.22
-8536.24,-8558.02,-8541.66
-8683.65,-8705.19,-8690.01
-8791.41,-8813.43,-8793.52
-8937.06,-8960.51,-8934.08
-9095.85,-9120.78,-9090.14
-9206.28,-9233.72,-9199.06
-9219.1,-9248.92,-9211.61
-9138.96,-9166.74,-9135.51
-9015.24,-9037.31,-9018.59
-8899.84,-8917.04,-8905.66
-8876.12,-8890.45,-8879.21
-8975.74,-8987.13,-8976.95
-9160.4,-9167.82,-9163.12
-9382.8,-9385.68,-9388.12
-9566.62,-9564.51,-9573.52
-9673.91,-9667.19,-9682.14
-9722.51,-9712.1,-9731.8
-9758.17,-9746.04,-9766.59
-9831.87,-9820.99,-9838.3
-9942.68,-9934.2,-9948.02
-10035.6,-10029.7,-10041.7
-10005.4,-10001.4,-10013.2
-9782.58,-9779.21,-9791.42
-9341.73,-9338.68,-9352.22
-8652.49,-8649.32,-8665.38
-7714.67,-7709.67,-7728.35
-6523.27,-6515.27,-6536.19
-5078.9,-5068.29,-5089.44
-3412.14,-3400.75,-3418.16
-1563.09,-1551.66,-1565.13
398.324,411.138,398.41
2421.7,2436.55,2424.28
4451.07,4466.89,4456.91
6420.83,6436.7,6428.48
8347.23,8363.11,8355.12
10250.7,10266.9,10258.3
12023.8,12040.5,12031.8
13219,13235.3,13230.8
13306,13319.9,13323.6
12340.7,12350.8,12361.8
10896.3,10902,10916.7
9601.13,9602.19,9617.27
8879.85,8878.28,8891.4
8826,8825.51,8835.7
9227.15,9229.68,9238.48
9686.33,9690.66,9700.9
9902.92,9907.21,9918.47
9845.24,9848.39,9859.06
9657.88,9659.92,9670.92
9487.09,9489.57,9502.11
9310.66,9313.63,9326.97
9041.38,9043.26,9055.94
8664.96,8665.88,8676.54
8234.15,8234.81,8243.61
7806.22,7804.96,7816.39
7334.24,7328.74,7347.54
6758.92,6750.05,6774.5
6105.23,6095.51,6120.2
5471.23,5461.32,5482.61
4920.06,4910.06,4927.32
4329.95,4319.91,4335.94
3532.3,3520.62,3539.86
2526.17,2510.69,2535.72
1476.41,1457.37,1485.52
554.856,535.825,561.236
-199.693,-215.94,-195.028
-826.331,-840.515,-822.427
-1358.79,-1372.77,-1356.91
-1810.63,-1825.7,-1811.31
-2238.78,-2255.3,-2241.05
-2812.68,-2830.47,-2816.7
-3631.44,-3649.8,-3636.59
-4575.63,-4593.63,-4579.43
-5422.72,-5440,-5425.71
-6071.1,-6088.05,-6075.05
-6591.66,-6609.24,-6595.93
-7033.99,-7052.79,-7038.43
-7388.48,-7408.86,-7393.62
-7637.66,-7659.97,-7643.04
-7780.85,-7803.24,-7785.87
-7838.48,-7857.8,-7843.16
-7812.24,-7828.07,-7818.04
-7716.97,-7731.26,-7724.31
-7558.71,-7573.28,-7566.06
-7340.73,-7356.84,-7347.26
-7096.77,-7114.56,-7102.8
-6833.67,-6851.84,-6840.14
-6544.59,-6561.82,-6551.35
-6216.94,-6233.53,-6223.35
-5851.67,-5868.94,-5858.25
-5491.76,-5510.35,-5498.7
-5131.51,-5151.34,-5138.26
-4739.31,-4759.99,-4745.32
-4299.91,-4320.86,-4305.36
-3826.7,-3847.63,-3831.93
-3366.65,-3387.01,-3370.98
-2924.67,-2943.65,-2928.53
-2494.97,-2513.39,-2499.59
-2076.82,-2096.62,-2082.37
-1701.55,-1722.88,-1707.55
-1420.75,-1442.36,-1425.49
-1253.89,-1275.51,-1256.35
-1286.33,-1308.22,-1287.69
-1562.66,-1584.34,-1563.84
-1974.27,-1994.98,-1976.08
-2399.15,-2420.36,-2402.58
-2769.83,-2794.43,-2774.02
-3076.19,-3104.15,-3080.01
-3280.07,-3308.71,-3283.43
-3332.86,-3360.19,-3335.81
-3270.12,-3295.75,-3273.22
-3108.7,-3133.6,-3112.68
-2862.39,-2886.77,-2867.01
-2560.22,-2582.59,-2563.53
-2242.7,-2262.22,-2243.21
-1997.59,-2015.04,-1996.59
-1843.07,-1860.02,-1841.81
-1758.02,-1775.82,-1756.3
-1701.35,-1720.6,-1699.82
-1618.02,-1638.51,-1618.39
-1525.65,-1547.22,-1528.79
-1443.08,-1465.41,-1447.74
-1347.99,-1369.84,-1352.3
-1149.94,-1170.71,-1153.09
-864.026,-883.979,-865.713
-751.415,-770.67,-751.443
-959.526,-977.559,-957.953
-1386.47,-1403.26,-1384.48
-1863.34,-1880.76,-1862.55
-2261.92,-2281.75,-2262.67
-2536.92,-2558.29,-2539.49
-2659.68,-2680.56,-2664.01
-2671.2,-2691.48,-2675.07
-2625.19,-2646.35,-2626.75
-2498.66,-2520.73,-2498.9
-2235.17,-2255.73,-2235.84
-1714.96,-1731.69,-1716.87
-878.59,-891.572,-881.935
291.778,280.563,287.758
1812.34,1801.55,1809.82
3177.9,3166.89,3179.86
3409.31,3395.89,3416.87
2233.91,2215.33,2244.01
438.548,414.068,447.011
-1248.77,-1277.57,-1243.31
-2680.56,-2711.86,-2678.29
-3666.92,-3699.95,-3668.51
-3830.57,-3864.12,-3836.01
-2887.51,-2918.87,-2895.82
-666.39,-693.8,-675.747
2841.85,2818.83,2834.52
7296.3,7278.55,7293.35
11782.9,11770.7,11785.9
15101.5,15092.7,15113.1
16556.3,16545.9,16577
16354.3,16338,16380.7
15171,15148.7,15199.2
13478.3,13452.4,13506.1
11492.6,11464.6,11517.6
9428.72,9397.79,9449.2
7548.73,7512.7,7565.28
6128.2,6087.71,6143.06
5206.84,5164.97,5220.74
4550.55,4509.54,4562.2
3927.56,3889.02,3935.69
3266.85,3231.11,3272.03
2696.26,2662.56,2701.17
2241.98,2210.43,2248.54
1763.75,1733,1772.34
1193.71,1161.42,1202.92
532.445,500.829,538.837
-162.725,-189.184,-159.875
-915.174,-936.756,-912.572
-1816,-1835.95,-1810.82
-2808.44,-2825.34,-2801.55
-3708.55,-3719.66,-3703.99
-4299.03,-4306.19,-4298.78
-4537.08,-4541.23,-4539.56
-4591.55,-4590.39,-4594.54
-4602.49,-4594.74,-4604.6
-4596.28,-4583.59,-4598.35
-4475.1,-4460.35,-4478.39
-4188.28,-4172.45,-4193
-3817.84,-3799.78,-3824.61
-3408.02,-3387.68,-3417.01
-2950.17,-2930.21,-2961.38
-2362.96,-2346.62,-2376.33
-1622.11,-1610.59,-1636.48
-832.266,-824.119,-846.553
-68.1276,-61.9948,-81.315
625.681,629.337,614.428
1251.72,1252.8,1241.69
1796.64,1795.48,1786.33
2208.38,2204.15,2197.99
2489.68,2482.01,2481.71
2651.8,2642.06,2647.18
2724.94,2714.59,2721.46
2679.59,2669.24,2675.84
2396.15,2385.74,2392.82
1827.11,1815.46,1824.66
1004.94,990.359,1002.58
57.0661,39.135,53.9612
-890.436,-911.149,-895.313
-1764.84,-1787.38,-1772.48
-2428.98,-2452.27,-2439.03
-2797.06,-2820.89,-2808.85
-2901.88,-2926.88,-2914.59
-2908.56,-2935.34,-2921.13
-3005.13,-3032.68,-3016.75
-3222.39,-3249.05,-3232.01
-3518.8,-3545.2,-3526.59
-3795.54,-3823.03,-3803.89
-3950.49,-3979.14,-3961.73
-3952.75,-3982.67,-3966.75
-3787.81,-3819.42,-3802.24
-3527.87,-3560.13,-3540.67
-3260.02,-3290.2,-3269.54
-3016.13,-3043.49,-3021.46
-2813.48,-2839.97,-2816.73
-2626.35,-2653.98,-2630.67
-2473.33,-2503.23,-2479.17
-2388.28,-2419.64,-2394.09
-2408.24,-2438.98,-2413.36
-2541.51,-2571.28,-2546.05
-2680.02,-2710.53,-2683.87
-2753.54,-2786.15,-2757.65
-2746.13,-2779.88,-2750.76
-2667.12,-2700.3,-2671.36
-2529.55,-2562.59,-2534.72
-2276.17,-2310.81,-2283.7
-1863.76,-1900.43,-1872.79
-1251.83,-1288.62,-1261.34
-434.995,-469.726,-444.984
506.86,474.895,496.384
1512.04,1483,1502.95
2503.65,2476.94,2496.94
3455.2,3429.51,3449.6
4395.53,4368.95,4391.06
5279.58,5250.56,5276.99
6044.69,6014.21,6044.13
6630.5,6600.31,6632.03
7026.9,6997.26,7031.15
7222.28,7192.52,7229.05
7197.66,7168.44,7203.57
7061.13,7034.34,7063.54
6932.55,6907.42,6933.04
6897.45,6871.36,6897.96
6990.84,6963.68,6991.72
7098.64,7071.58,7099.92
7078.58,7051.49,7080.09
6896.84,6869.17,6898.19
6627.46,6599.47,6628.37
6346.53,6318.16,6346.73
6060.41,6031.03,6059.37
5773.62,5743,5772.3
5476.12,5443.96,5476.59
5157.87,5124.45,5160.5
4858.98,4825.2,4863.29
4651.15,4617.95,4656.42
4588.35,4556.52,4593.11
4604.69,4573.81,4608.25
4584.38,4554.91,4588.1
4470.21,4443.44,4476.49
4283.27,4258.21,4292.12
4077.57,4052.8,4085.82
3848.49,3823.82,3854.71
3583.94,3559.3,3589.97
3304.58,3279.17,3310.87
3074.92,3047.6,3080.53
2956.1,2927.7,2961.54
2920.04,2892.76,2926.07
2916.82,2891.32,2922.41
2906.41,2881.65,2910.64
2882.86,2858.16,2886.37
2883.17,2858.99,2885.88
2883.26,2859.54,2884.22
2831.56,2807.4,2831.65
2707.77,2682.94,2709.06
2546.93,2521.23,2549.67
2417.93,2391.33,2421.8
2299.91,2274.15,2305.01
2150.96,2127.43,2156.07
1974.95,1952.58,1978.87
1811.64,1788.58,1814.4
1731,1706.75,1732.7
1739.95,1716.02,1741.16
1793.83,1771.49,1795.36
1840.81,1818.93,1842.98
1867.23,1843.89,1869.29
1901.37,1876.47,1902.04
1918.87,1893.54,1918.69
1882.38,1858.07,1882.84
1782.14,1759.79,1783.25
1618.81,1597.05,1619.68
1393.65,1370.52,1394.18
1040.72,1016.05,1041.33
467.065,440.676,467.136
-482.545,-511.373,-483.722
-2028.56,-2059.63,-2029.98
-4194.46,-4227.11,-4195
-6672.28,-6705.67,-6673.15
-8996.86,-9030.07,-9000.8
-10909.4,-10941.7,-10917.5
-12448.7,-12479.9,-12459.3
-13737.6,-13768.2,-13749.5
-14826.9,-14857.3,-14840.1
-15656.7,-15687.6,-15672.6
-16160.4,-16192.1,-16180.8
-16271,-16300.7,-16294.3
-15983.3,-16008.6,-16005.8
-15463,-15485.3,-15481.6
-14864.8,-14886.4,-14878.8
-14237.3,-14259.3,-14249.1
-13540.6,-13562.5,-13552.7
-12716.2,-12737.5,-12730.1
-11839.7,-11860.2,-11854.8
-10998.6,-11019.2,-11013.8
-10199.5,-10221,-10214.4
-9384.29,-9405.33,-9397.77
-8494.3,-8512.6,-8504.5
-7609.47,-7625.31,-7616.36
-6807.21,-6822.12,-6812.27
-6081.29,-6095.96,-6085.62
-5370.57,-5386.47,-5374.81
-4608.67,-4627.66,-4613.47
-3832.54,-3854.52,-3837.75
-3086.74,-3110.15,-3091.97
-2381.94,-2405.69,-2388.07
-1680.91,-1703.99,-1687.95
-930.283,-951.843,-936.822
-178.571,-198.849,-184.333
523.644,503.575,518.615
1158.39,1137.35,1154.64
1740.29,1718.66,1736.73
2320.62,2299.65,2316.1
2861.37,2840.92,2856.68
3326.76,3306.84,3322.47
3729.55,3711.45,3725.86
4115.7,4099.5,4114.3
4535.31,4520.23,4537.63
4924.22,4910.11,4928.77
5256.4,5242.33,5260.73
5565.65,5552.29,5568.8
5880.89,5871.12,5882.25
6224.82,6220.07,6224.46
6514.88,6517.05,6514.35
6694.59,6702.85,6693.65
6783.69,6793.13,6779.78
6821.02,6830.24,6814.37
6858.58,6867.86,6853.36
6871.12,6879.15,6869
6841.94,6846.63,6840.61
6784.19,6784.83,6781.23
6707.37,6706.71,6702.2
6651.97,6652.37,6646.09
6593.37,6594.24,6587.94
6522.89,6523.41,6517.11
6447.64,6448.32,6440.07
6355.38,6356.38,6346.98
6305.18,6305.23,6297.57
6299.79,6297.62,6291.83
6311.17,6307.6,6302.38
6332.23,6328.43,6324.19
6370.63,6366.68,6363.57
6477.31,6472.71,6469.88
6628.04,6621.28,6619.35
6791.37,6781.93,6782.11
6971.25,6961.13,6963.18
7159.91,7150.4,7153.6
7367.93,7358.91,7362.33
7427.14,7418.61,7422
7209.1,7200.11,7205.47
7007.02,6996.24,7004.99
7118.59,7106.36,7117.16
7505.15,7492.36,7503.65
7979.94,7966.37,7977.34
8466.77,8452.94,8463.56
8948.79,8935.43,8948.2
9352.24,9337.83,9354.67
9698.66,9681.74,9700.91
10053.1,10034.5,10053.7
10445,10425.4,10445
10863.7,10842.2,10865.2
11286.2,11261.8,11288.4
11800.4,11774,11800.9
12524.4,12497.3,12522.3
13526.8,13500.3,13524.2
14741.6,14716.9,14742.1
15845.5,15822.1,15850.3
16561.2,16537.6,16568.6
17040.4,17015.3,17048.2
17727.1,17701.3,17734.5
18964.2,18939.4,18972.2
20994,20970.2,21002.7
24275.3,24253.6,24283.4
28713.4,28696.2,28722.1
32154,32141.1,32171.1
32272,32256.6,32301.6
29835.6,29811.3,29869.4
26828.2,26796,26858
23822.7,23786.2,23848.6
21012.6,20974.1,21035.7
18698.6,18659.6,18718.8
16677.8,16638.3,16695.6
14539.2,14498,14555.6
12201.3,12157.4,12215.9
9966.33,9920.63,9976.68
8044.87,7999.26,8050.44
6196.68,6151.52,6200.3
4094.36,4048.67,4098.78
1731.97,1684.93,1737.26
-594.173,-642.813,-591.633
-2656.81,-2706.26,-2659.73
-4521.28,-4571.07,-4529.12
-6210.15,-6260.44,-6221.35
-7464,-7514.09,-7476.87
-7945.96,-7994.64,-7959.74
-7641.89,-7687.79,-7655.48
-6963.14,-7005.04,-6974.41
-6345.71,-6384.36,-6355.39
-5904.15,-5942.43,-5915.87
-5434.11,-5473.82,-5449.45
-4780.41,-4819.96,-4796.48
-4089.51,-4126.64,-4101.51
-3597.63,-3632.96,-3604.24
-3364.34,-3399.76,-3367.96
-3194.42,-3229.94,-3197.62
-2882.91,-2917.55,-2885.85
-2486.93,-2520.85,-2488.45
-2216.31,-2250.4,-2217.62
-2135.58,-2170.04,-2137.78
-2077.61,-2111.76,-2079.87
-1917.81,-1950.84,-1919.96
-1733.2,-1765.97,-1735.6
-1666.59,-1700.54,-1668.23
-1761.17,-1796.04,-1761.19
-1849.22,-1881.77,-1848.44
-1786.57,-1814.17,-1784.29
-1671.44,-1696.42,-1667.21
-1664.75,-1688.84,-1661.93
-1804.82,-1825.67,-1805.85
-1938.75,-1951.9,-1943.31
-1953.56,-1957.36,-1961.07
-1935.26,-1935.4,-1944.17
-1986.28,-1988.2,-1994.8
-2106.93,-2109.62,-2114.09
-2167.16,-2169.19,-2172.88
-2108.68,-2111.62,-2113.86
-2008.68,-2014.1,-2014.05
-1933.73,-1942.15,-1938.76
-1919.57,-1932.17,-1922.79
-1883.54,-1902.89,-1884.46
-1754.61,-1781.24,-1754.13
-1608.23,-1638.49,-1607.64
-1536.62,-1567.56,-1536.66
-1572.71,-1605.15,-1573.15
-1610.55,-1645.82,-1611.33
-1553.24,-1591.13,-1553.88
-1452.28,-1491.15,-1451.37
-1374.2,-1412.45,-1371.8
-1358.51,-1396.62,-1355.73
-1334.84,-1373.62,-1331.54
-1230.6,-1268.93,-1226.92
-1088.77,-1125.85,-1085.23
-960.994,-998.419,-957.715
-902.155,-941.62,-899.266
-847.258,-888.618,-844.541
-719.045,-761.867,-716.578
-571.443,-615.466,-568.593
-449.471,-493.614,-444.364
-395.305,-438.703,-387.214
-374.806,-418.123,-365.289
-330.852,-374.48,-321.412
-292.802,-335.476,-283.131
-271.101,-311.723,-260.996
-293.769,-333.025,-284.083
-343.365,-382.795,-334.023
-363.33,-403.681,-352.927
-362.323,-403.116,-350.616
-341.327,-381.624,-329.586
-346.703,-386.178,-335.908
-380.675,-420.042,-370.933
-392.706,-433.487,-383.974
-397.461,-439.506,-389.726
-400.878,-442.181,-393.517
-434.481,-474.419,-426.681
-477.05,-516.967,-468.986
-487.626,-529.283,-481.313
-495.573,-538.936,-492.095
-491.113,-534.494,-487.704
-484.935,-527.841,-478.871
-468.304,-511.225,-460.825
-419.976,-462.728,-414.181
-365.113,-406.719,-362.034
-255.727,-295.38,-253.389
-201.319,-239.66,-197.546
-616.473,-655.022,-610.601
-1660.92,-1701.19,-1654.25
-2827.48,-2869.53,-2822.46
-3565.14,-3607.34,-3562.37
-3919.36,-3961.2,-3918.24
-4123.77,-4165.77,-4123.71
-4292.14,-4334.15,-4292.59
-4513.55,-4554.51,-4513.93
-4758.66,-4797.06,-4757.75
-4943.67,-4979.61,-4942.01
-4942.31,-4976.82,-4941.39
-4665.2,-4698.57,-4664.77
-4155.77,-4188.25,-4156.06
-3416.9,-3448.01,-3418.6
-2427.73,-2455.95,-2429.21
-1196.34,-1220.59,-1195.12
129.818,109.151,134.481
1230.05,1210.53,1237.3
1863.7,1841.93,1872.12
1962.59,1937.33,1970.58
1719.26,1691.89,1726.33
1432.03,1403.83,1438.67
1240.61,1212.06,1247.01
1169.24,1140.2,1176.5
1107.45,1079.18,1116.68
984.213,959.295,992.737
833.917,811.031,837.854
647.098,623.154,647.647
424.969,400.731,426.465
155.652,133.161,158.966
-175.147,-194.941,-172.709
-616.471,-632.935,-616.573
-1245.15,-1259.52,-1247.01
-1990.99,-2006.31,-1993.8
-2695.13,-2713.51,-2699.54
-3157.67,-3178.09,-3163.8
-3290.53,-3310.1,-3296.97
-3238.84,-3256.25,-3245.79
-3129.97,-3145.46,-3138.38
-3031.02,-3045.86,-3039.86
-2946.91,-2963.08,-2954.72
-2861.01,-2879.03,-2867.17
-2814.28,-2832.83,-2819.78
-2781.26,-2799.12,-2788.18
-2748.71,-2766.16,-2757.46
-2714.41,-2731.53,-2722.81
-2640.66,-2657.09,-2646.64
-2507.66,-2524.26,-2511.9
-2286.78,-2304.03,-2290.84
-2018.43,-2035.39,-2021.69
-1738.85,-1754.11,-1739.67
-1460.68,-1474.07,-1459.61
-1242.7,-1255.11,-1242.02
-1062.39,-1073.83,-1062.95
-900.302,-910.868,-902.227
-753.435,-764.246,-756.608
-606.548,-618.585,-609.501
-492.905,-506.241,-495.098
-392.779,-406.729,-394.53
-313.606,-327.825,-314.357
-271.053,-285.734,-270.367
-251.403,-266.436,-249.421
-278.331,-293.45,-276.143
-318.625,-333.62,-318.202
-347.21,-362.338,-349.123
-355.348,-371.089,-358.311
-335.008,-351.094,-337.673
-320.591,-336.459,-322.271
-287.576,-303.085,-288.656
-231.656,-247.573,-234.041
-174.32,-191.345,-178.944
-119.916,-137.02,-125.052
-100.622,-116.164,-104.737
-83.2484,-97.5694,-86.4809
-68.2804,-83.3658,-71.458
-81.3198,-98.6413,-84.9521
-107.835,-127.07,-111.608
-158.011,-176.854,-160.704
-192.422,-209.548,-193.693
-204.866,-221.941,-206.484
-217.307,-235.837,-220.13
-230.588,-249.709,-233.72
-260.562,-278.9,-263.561
-266.11,-283.232,-269.091
-245.865,-261.971,-248.57
-224.97,-240.505,-226.665
-194.779,-210.535,-195.123
-177.987,-194.654,-178.837
-145.485,-162.69,-148.431
-97.8584,-115.205,-101.636
-75.1111,-92.7524,-78.1115
-59.3177,-77.5865,-60.7325
-47.259,-67.0474,-47.5197
-22.1105,-42.7382,-21.8196
0.292885,-18.8009,1.52221
-0.98508,-17.4929,0.772958
-3.18848,-17.7506,-2.11026
-6.32448,-20.6114,-6.65879
15.502,-0.0341829,14.335
54.1894,37.2645,53.6972
84.4741,66.7103,84.4133
112.856,94.6969,111.305
130.712,112.024,126.448
161.627,143.072,155.895
204.052,186.943,199.787
234.497,217.977,232.012
262.146,245.004,259.988
274.278,257.092,271.801
281.144,264.991,278.792
297.1,281.505,295.945
310.398,293.551,309.14
314.579,295.856,311.555
307.819,288.281,303.906
317.788,298.792,314.04
333.493,314.759,330.305
337.77,318.211,335.034
338.506,318.44,335.933
335.115,315.432,333.117
363.865,345.195,363.338
423.489,406.083,424.972
495.754,479.318,498.019
598.764,582.944,600.483
769.583,753.748,771.267
881.546,864.996,883.901
598.44,580.548,600.527
-27.5528,-47.2813,-27.9066
-555.011,-575.644,-556.858
-795.474,-815.166,-795.261
-828.372,-846.723,-825.952
-798.204,-816.732,-796.019
-817.022,-837.256,-816.16
-934.683,-957.304,-934.577
-1148.84,-1173.82,-1149.45
-1350.12,-1376.17,-1352.99
-1440.45,-1466.11,-1445.57
-1394.69,-1419.37,-1399.71
-1246.01,-1269.33,-1249.89
-1004.11,-1025.77,-1007.03
-524.389,-543.901,-525.691
302.76,285.821,303.45
1307.88,1293.24,1309.39
2034.14,2019.77,2035.9
2150.6,2133.54,2153.47
1823.49,1803.26,1827.14
1383.45,1360.9,1386.43
1003.01,979.133,1003.69
712.3,689.072,709.745
469.154,447.197,464.932
250.737,228.714,246.929
12.7496,-9.82594,10.1725
-294.212,-316.358,-295.888
-724.63,-745.816,-726.398
-1361.69,-1382.96,-1363.67
-2253.49,-2276.24,-2254.84
-3454.2,-3478.26,-3454.1
-5019.05,-5044.22,-5019.09
-6961.64,-6989.44,-6965.11
-9057.64,-9090.18,-9066.53
-10737.3,-10774.1,-10752.3
-11493,-11529.3,-11511.6
-11234.6,-11266.1,-11252.2
-10289.8,-10315.5,-10303.9
-9099.54,-9121.28,-9111.46
-7920.63,-7940.38,-7932.36
-6882.43,-6900.27,-6893.22
-5985.16,-6000.95,-5992.82
-5134.28,-5148.8,-5138.19
-4288.99,-4303.26,-4290.34
-3503.69,-3517.87,-3502.95
-2960.18,-2974.58,-2957.07
-2705.39,-2721.32,-2701.42
-2527.7,-2545.19,-2525.04
-2262.79,-2280.26,-2261.44
-2028.1,-2044.62,-2026.51
-2126.83,-2143.25,-2124.28
-2685.13,-2703.47,-2681.95
-3657.71,-3678.63,-3654.29
-4908.33,-4930.8,-4904.71
-6213.01,-6237.27,-6209.9
-7460.23,-7486.4,-7458.66
-8532.01,-8558.55,-8532.68
-9287.65,-9313.36,-9290.99
-9683.07,-9707.39,-9689
-9690.92,-9713.88,-9699.48
-9369.3,-9391.37,-9379.89
-8789.68,-8810.91,-8799.76
-7925.76,-7946.2,-7932.87
-6700.29,-6720.41,-6705.32
-5091.27,-5111.19,-5096.35
-3246.52,-3265.63,-3252.27
-1270,-1287.9,-1275.82
714.042,697.199,710.243
2224.23,2208.07,2225.43
2007,1989.54,2016.38
-1561.58,-1585.56,-1543.76
-8352.16,-8387.4,-8331.66
-16253.9,-16300.3,-16238.7
-23351.4,-23405.8,-23347.1
-28758.6,-28817.7,-28767.8
-32166,-32225.3,-32186.9
-33553.3,-33608,-33581.6
-33244.7,-33292.2,-33276.2
-31773.7,-31813.3,-31805.5
-29438.5,-29470.3,-29468.9
-26372.4,-26397.6,-26401.2
-22917.8,-22937.9,-22944.9
-19633.7,-19650.5,-19657.6
-16905.5,-16920.4,-16924.8
-14584.7,-14598.1,-14600.2
-12339.7,-12350.9,-12352.3
-10091.4,-10100.7,-10101.5
-8032.42,-8041.7,-8039.58
-6356.08,-6365.51,-6359.71
-4908.7,-4918.24,-4909.73
-3424.87,-3435.1,-3425.1
-1868.5,-1879.85,-1869.06
-460.942,-473.651,-461.665
583.853,569.955,583.841
1386.35,1372.01,1387.56
2153.52,2139.82,2155.57
2887.44,2874.89,2889.69
3394.55,3382.21,3397.3
3494.3,3480.68,3498.08
3322.2,3306.51,3326.75
3145.69,3128.17,3150.59
3095.47,3077.33,3101.22
3129.48,3111.56,3136.46
3163.54,3145.49,3169.99
3306.84,3287.76,3311.26
3674.11,3654.03,3676.47
4211.26,4192.1,4211.69
4738.3,4722.06,4738.87
5084.47,5071.48,5088.06
5304.1,5292.73,5310.6
5517.72,5505.73,5525.6
5760.9,5747.64,5769.57
5981.92,5968.57,5990.9
6082.11,6069.5,6090.65
6099.98,6087.13,6107.78
6131.16,6116.05,6139.13
6220.66,6203.22,6230.74
6349.74,6332.64,6362.19
6469.63,6454.08,6482.05
6667.13,6651.86,6677.57
6761.96,6746.04,6771.26
6212.4,6195.59,6222.36
4947.83,4929.61,4957.06
3516.13,3496.54,3522.45
2401.82,2382.6,2405.68
1627.79,1610.12,1630.41
1015.03,998.203,1018.21
425.208,407.726,430.086
-248.282,-267.735,-243.238
-954.577,-975.656,-951.943
-1534.85,-1555.96,-1535.61
-1833,-1852.56,-1835.88
-1805.39,-1822.65,-1808.06
-1610.52,-1626.78,-1611.99
-1369.44,-1386.27,-1370.8
-1051.96,-1068.65,-1054.18
-529.771,-544.009,-530.949
265.446,254.511,267.781
1188.38,1178.99,1193.47
2100.63,2091.02,2107.25
2950.77,2940.69,2958.6
3740.88,3730.73,3749.05
4483.09,4473.38,4491.4
5109.16,5100.69,5117.75
5602.27,5594.62,5611.06
6028.41,6019.5,6036.86
6515.27,6504.53,6522.23
7161.06,7149.26,7166.59
7892.57,7880.28,7897.2
8598.45,8587,8603.32
9161.1,9151.26,9168.31
9442.76,9433.44,9451.95
9396.35,9385.38,9404.49
9047.5,9033.5,9052.5
8499.35,8483.76,8503.54
7855.69,7840.99,7862.98
7181.79,7167.78,7191.71
6522.61,6507.43,6533.19
5829.01,5812.41,5839.73
5059.76,5041.92,5069.28
4203.52,4183.91,4209.71
3271.21,3249.87,3273.08
2280.13,2257.51,2279.51
1163.84,1140.32,1164.6
-102.891,-127.518,-99.2184
-1436.12,-1462.78,-1432.17
-2649.94,-2678.56,-2648.57
-3479.95,-3509.43,-3481.86
-3773.98,-3802.81,-3778.34
-3584.63,-3611.3,-3589.58
-3102.55,-3127.87,-3106.99
-2484.56,-2510.82,-2488.71
-1775.09,-1801.86,-1777.86
-1040.47,-1064.42,-1039.91
-360.474,-380.351,-356.236
186.519,168.364,192.713
581.49,562.899,586.95
936.78,917.481,940.876
1337.32,1318.44,1342.16
1790.66,1773.17,1798.19
2244.67,2228.39,2254.13
2676.09,2660.62,2685.67
3120.55,3105.43,3130.59
3529.34,3514.46,3541.21
3835.65,3820.91,3849.13
4018.09,4002.8,4031.69
4112.51,4095.87,4125.38
4194.99,4176.07,4207.18
4230.64,4209.39,4242.06
4137.08,4114.71,4147.83
3848.58,3826.4,3859.27
3338.28,3317.51,3350.47
2623.88,2604.08,2638.94
1652.14,1630.73,1667.07
478.132,453.825,489.157
-669.601,-696.567,-662.357
-1575.59,-1605.65,-1570.97
-2133.33,-2165.82,-2130.61
-2392.13,-2424.61,-2391.58
-2465.44,-2496.45,-2467.56
-2474.58,-2504.37,-2477.82
-2472.84,-2501.81,-2475.55
-2409.64,-2438.08,-2411.86
-2256.21,-2284.13,-2258.35
-2013.64,-2040.69,-2014.96
-1733.82,-1760.05,-1732.61
-1490.61,-1515.93,-1486.7
-1288.84,-1313.77,-1283.98
-1147.41,-1173.41,-1143.43
-1092.37,-1119.8,-1089.75
-1143.24,-1171.3,-1140.98
-1298.79,-1326.92,-1296.33
-1469.64,-1498.09,-1467.56
-1557.53,-1586.64,-1556.42
-1486.34,-1515.98,-1486.5
-1249.36,-1279.65,-1251.39
-889.056,-919.77,-893.262
-419.079,-448.601,-424.887
115.113,88.3091,109.1
665.699,641.114,661.773
1193.26,1169.56,1191.93
1670.41,1647.12,1669.27
2125.27,2102.03,2122.08
2571.42,2547.46,2565.66
3018.93,2994.85,3012.55
3468.88,3446.5,3464.69
3915.57,3895.8,3913.38
4382.59,4364.14,4380.18
4824.74,4805.45,4820.79
5215.04,5194.55,5209.9
5588.73,5567.47,5583.16
5947.33,5925.18,5941.24
6255.63,6232.65,6249.63
6470.32,6446.78,6465.42
6640.69,6616.22,6636.63
6808.75,6783.27,6804.66
6944.88,6919.59,6940.19
7070.04,7045.62,7064.84
7216.77,7193.01,7211.4
7408.57,7386.16,7403.93
7658.15,7638.46,7655.29
7971.52,7954.71,7969.29
8374.69,8359.08,8371.23
8851.29,8835.08,8846.58
9390.55,9373.4,9384.93
9986.27,9967.94,9979.43
10605.1,10586,10597.4
11183.4,11164.6,11176.1
11609.1,11590,11603.1
11872.5,11851.5,11867.6
12029.9,12007.8,12026.4
12103.2,12081.5,12101.4
12110.7,12089.7,12110.7
12046.3,12024.7,12046.7
11920.2,11898.1,11919
11741.1,11719.9,11737.5
11500.2,11480.2,11494.8
11214,11194.2,11209.2
10868.3,10847.7,10866
10467.2,10445.8,10466.5
10029.3,10007.7,10028.6
9548.57,9527.26,9547.61
9044.52,9024.5,9045.44
8518.51,8499.84,8521.74
7997.64,7979.33,8001.08
7517.9,7498.44,7519.76
7071.83,7050.45,7071.01
6647.25,6624.8,6644.33
6220.77,6198.82,6217.75
5818.91,5798.4,5816.99
5476.49,5457.3,5475.64
5170.12,5151.35,5168.71
4882.5,4863.67,4879.4
4601.49,4583.5,4597.55
4345.41,4328.49,4340.95
4136.79,4119.85,4131.86
3945.85,3928.42,3940.24
3760.21,3742.87,3753.28
3580.65,3563.95,3572.59
3429.85,3413.57,3420.95
3334.62,3318.45,3325.72
3266.88,3250.35,3258.92
3175.69,3158.82,3168.78
3018.68,3002.15,3012.41
2813.02,2796.99,2806.11
2592.53,2576.63,2584.43
2370.08,2354.14,2361.65
2144.72,2129.34,2136.2
1891.16,1875.89,1882.58
1624.04,1607.89,1616.07
1375.69,1358.77,1368.71
1140.71,1122.53,1133.97
882.168,862.176,875.057
575.484,554.159,568.696
256.534,234.752,249.304
-14.277,-35.5665,-23.4246
-204.798,-225.778,-215.432
-348.955,-370.516,-359.465
-495.973,-517.816,-504.287
-617.939,-639.275,-623.98
-686.887,-707.735,-692.644
-721.605,-742.86,-729.214
-764.747,-786.839,-775.196
-862.873,-885.413,-874.712
-983.955,-1006.66,-995.76
-1077.96,-1100.06,-1089.55
-1120.11,-1140.56,-1131.33
-1123.46,-1142.32,-1134.55
-1141.96,-1160.58,-1152.75
-1164.08,-1183.88,-1174.82
-1157.92,-1178.76,-1169.98
-1121.23,-1141.7,-1134.27
-1093.79,-1113.36,-1106.28
-1124.66,-1143.64,-1136.3
-1171.02,-1190.08,-1183.49
-1179.39,-1200.07,-1193.87
-1146,-1169.03,-1161.47
-1103.18,-1127.75,-1118.95
-1104.98,-1129.6,-1120.86
-1127.49,-1151.38,-1143.03
-1100.93,-1125.53,-1115.89
-978.956,-1006.32,-993.498
-758.811,-788.162,-773.454
-426.23,-454.921,-441.031
81.354,54.72,66.959
672.049,647.363,658.687
1154.37,1131.02,1142.29
1388.73,1365.56,1377.56
1298.4,1273.58,1286.39
992,964.481,976.286
710.917,681.737,691.925
653.336,624.344,635.689
817.46,789.99,804.324
1037.65,1011.35,1027.79
1262.22,1236.14,1252.2
1580.54,1554.87,1569
2046.43,2021.48,2033.48
2578.32,2554.69,2562.4
3021.26,2998.8,3002.64
3293.57,3270.95,3275.97
3363.35,3339.69,3348.97
3247.96,3223.56,3236.27
2967.45,2944.14,2956.66
2506.62,2485.83,2495.12
1960.15,1941.33,1947.25
1474.26,1456.28,1459.8
1124.76,1107.43,1110
865.711,850.598,851.714
590.934,579.446,577.012
313.975,304.964,298.179
117.074,109.56,97.5037
43.9639,38.6569,21.4903
49.7054,47.0493,27.1226
26.9437,26.9789,5.28143
-19.3928,-16.0716,-41.2269
-9.64521,-2.75777,-33.1471
99.6506,107.83,74.2829
255.301,261.577,229.836
310.831,314.523,287.094
227.092,229.568,205.854
72.8299,75.0396,53.3593
-72.8843,-71.2663,-92.9656
-212.381,-212.591,-235.961
-447.599,-450.888,-475.239
-783.005,-788.472,-810.497
-1142.94,-1148.56,-1165.76
-1400.08,-1405.2,-1418.56
-1405.86,-1410.16,-1423.59
-1143.83,-1147.94,-1163.88
-632.575,-638.203,-654.915
123.939,117.196,102.023
1121.54,1115.49,1101.63
2379.01,2373.85,2360.07
3979.81,3974.9,3961
6397.46,6393.71,6378.6
9680.78,9681.13,9663.99
10704.7,10707.3,10700.8
4280.06,4271.37,4299.89
-12016.7,-12054.8,-11977.9
-35811.7,-35891.2,-35775.8
-59561.2,-59678.1,-59560.7
-74125.9,-74256.1,-74183.8
-75800.2,-75914.2,-75907.8
-67992.5,-68074,-68117.8
-57250.9,-57301,-57363.8
-49103.6,-49134.4,-49189
-45864.4,-45890.2,-45922.3
-46547.6,-46578,-46589.6
-48506.5,-48543.6,-48547.5
-49656.3,-49697.5,-49704.4
-49714.9,-49756.7,-49768.4
-49282.5,-49322.8,-49338.4
-48421.2,-48460,-48480.7
-46817.3,-46855,-46880.2
-44607.6,-44642.7,-44669.3
-42564.5,-42595.2,-42619.1
-41287.9,-41316,-41335.5
-40358.3,-40386.8,-40403.7
-38866.9,-38896.2,-38914
-36441.1,-36469.6,-36491.3
-33485.5,-33512.9,-33536.1
-30535.3,-30562.1,-30581.6
-27539.1,-27564.6,-27579.7
-24049.8,-24072.6,-24087.4
-19919,-19937.1,-19954.8
-15653.9,-15666.9,-15686.3
-11902.8,-11912.9,-11931.3
-8715.21,-8725.41,-8739.83
-5684.14,-5695.73,-5703.82
-2563.56,-2575.36,-2579.17
400.26,390.116,387.772
2857.96,2849.39,2849.13
4962.89,4954.91,4957.02
7206.8,7199.95,7202.09
9874,9868.84,9869.62
12800.6,12796.1,12797.3
15768.6,15763.8,15767.1
18825.5,18821,18825.9
22008.9,22006,22011.7
25207,25206.3,25213.5
28042.7,28043.6,28053.6
29971.4,29972.3,29987.5
30698.8,30698,30720
30373.5,30370.2,30397.9
29420.1,29413.9,29445.1
28040.3,28030.5,28064.4
26220.3,26206.4,26241.9
24188.9,24171.5,24206.4
22335.7,22317,22349.3
20860.7,20842.8,20872.2
19628.4,19610.7,19638.3
18414.1,18395.3,18423.1
17231.6,17211.8,17241.3
16226.2,16205.8,16236
15424.9,15404.2,15433.1
14580.7,14559.1,14586.7
13441,13417.6,13447
12150.2,12124.3,12157.6
11066.1,11038.7,11073.2
10373,10346.5,10378.5
9903.47,9878.26,9908.61
9417.85,9392.17,9422.66
8990.62,8964.15,8993.29
8835.05,8809.79,8835.66
9001.43,8978.66,9002.2
9267.18,9246.5,9269.22
9374.28,9355.08,9377.07
9385.96,9367.47,9389.51
9508.47,9489.41,9512.75
9829.05,9809.82,9834.48
10226.6,10208.6,10234.7
10509.9,10492.2,10520.3
10714.9,10695.2,10725.1
10960.8,10939.6,10968.6
11175.5,11155,11181.4
11146.2,11127.9,11153.6
10815.4,10799.3,10825.6
10363.7,10349.3,10374.8
9943.25,9929.71,9953.4
9566.08,9551.9,9576.47
9134.51,9119.17,9147.93
8555.45,8539.74,8570.8
7906.6,7890.32,7920.67
7349.52,7331.83,7361.24
6979.96,6961.02,6989.89
6726.95,6706.54,6736.04
6422.84,6401.15,6431.61
6053.3,6032.37,6061.56
5701.58,5682.52,5707.78
5422.11,5403.8,5425.64
5185.87,5166.51,5189.29
4893.14,4872.02,4898.36
4551.13,4528.96,4558.02
4232.45,4210.52,4240.3
3984.75,3963.98,3991.21
3785.78,3765.62,3787.97
3577.57,3556.78,3575.93
3397.46,3374.84,3395.33
3293.28,3268.4,3291.91
3274.69,3249.27,3272.64
3305.99,3282.11,3303.93
3312.12,3289.66,3312.21
3295.36,3273.73,3297.32
3274.67,3253.97,3276.91
3261.44,3240.8,3263.21
3257.19,3235.77,3258.47
3206.67,3185.25,3207.71
3127.33,3106.54,3129.49
3071.55,3051.08,3075.98
3055.65,3035.37,3060.75
3076.7,3055.96,3080.23
3103.25,3081.55,3105.17
3132.69,3110.78,3135.22
3151.25,3129.38,3156.42
3149.56,3127.25,3156.52
3149.99,3127.66,3156.28
3152.48,3131.05,3156.64
3144.42,3123.53,3146.65
3095.08,3073.19,3097.19
2999.14,2975.64,3002.1
2886.9,2863.48,2889.96
2773.21,2751.47,2775.55
2656.78,2636.14,2658.28
2492.63,2471.95,2494.2
2264.76,2244.22,2267.19
2040.64,2020.73,2043.8
1869.45,1849.88,1873
1746.85,1728.25,1751.83
1615.99,1598.76,1623.07
1454.71,1437.78,1462.82
1310.2,1292.65,1319.64
1206.22,1188.44,1217.61
1137.52,1120.91,1149.24
1060.49,1044.82,1069.78
958.575,941.733,963.336
875.734,856.648,877.471
839.123,817.599,841.542
840.451,817.085,844.826
836.632,813.108,842.454
816.519,793.52,822.728
829.675,807.424,835.59
920.671,899.877,926.424
1062.24,1042.75,1068.01
1127.75,1108.35,1134.77
1089.84,1069.98,1098.59
1070.25,1050.24,1079.93
1159.85,1139.8,1169.07
1432.76,1413.48,1440.02
1873.15,1855.45,1879.15
2272.5,2255.61,2278.73
2341.61,2323.58,2347.73
2030.22,2009.98,2034.85
1607.06,1585.77,1609.67
1264.83,1244.1,1266.68
1036.53,1016.14,1038.54
944.616,922.915,945.524
951.22,927.624,948.696
950.447,927.245,943.991
868.398,847.771,860.85
741.591,723.018,735.51
652.471,634.931,648.692
630.809,613.554,629.204
635.836,617.54,634.59
580.946,561.286,578.836
453.714,434.373,451.447
344.421,327.224,342.893
327.273,312.482,325.951
377.88,363.952,375.507
390.087,375.159,386.843
337.162,320.995,333.264
285.97,269.231,280.381
293.468,276.011,286.193
343.174,324.682,336.283
348.04,328.517,343.906
298.765,278.33,296.83
255.06,234.886,254.178
274.645,255.421,276.178
358.496,338.81,361.722
405.753,384.211,407.557
387.246,364.217,386.261
369.505,345.767,366.166
393.667,369.071,388.843
449.735,424.815,443.529
453.757,430.19,445.959
386.27,365.093,378.466
323.418,304.235,317.77
314.724,295.833,311.945
352.827,332.873,352.167
366.283,345.832,365.266
352.41,332.397,349.131
354.584,335.186,348.865
377.181,358.503,369.357
413.424,395.118,404.563
398.916,380.392,390.243
319.327,300.841,311.249
225.68,207.466,217.486
154.923,136.214,145.787
124.336,104.876,114.295
77.9367,57.8669,67.6859
-0.124113,-21.0137,-9.03879
-56.5598,-77.1851,-62.6774
-70.738,-89.7375,-74.8051
-44.9408,-62.9286,-49.4354
-36.9957,-55.1198,-43.2607
-79.9369,-97.6748,-87.1698
-153.312,-169.875,-161.171
-240.119,-256.8,-249.479
-315.009,-333.759,-325.551
-414.039,-434.77,-424.235
-544.962,-565.583,-554.272
-662.966,-681.1,-672.436
-747.274,-762.385,-757.511
-780.45,-793.39,-791.27
-795.281,-805.802,-807.944
-805.507,-811.909,-821.868
-792.708,-793.205,-811.125
-755.018,-749.781,-771.398
-672.711,-663.091,-686.574
-571.392,-559.258,-585.42
-470.348,-458.591,-484.875
-356.448,-346.532,-369.994
-243.451,-234.087,-256.281
-124.118,-113.517,-138.159
-15.0409,-3.94812,-32.0058
84.0842,91.5905,65.1295
200.396,197.706,181.286
323.087,308.721,300.846
451.283,434.119,421.974
568.204,555.716,538.166
677.748,669.695,658.238
783.495,777.503,773.202
863.374,853.079,844.208
931.209,903.058,891.097
991.704,943.284,945.449
1072.88,1029.71,1040.63
1182.73,1169.15,1168.9
1269.96,1279.35,1271.76
1333.92,1344.47,1340.25
1372.12,1370.71,1357.55
1385.75,1366.99,1337.56
1393.19,1345.5,1340.07
1396.39,1327.5,1373.07
1430.61,1385.47,1428.47
1467.25,1465.53,1456.05
1472.75,1489.01,1449.42
1470.96,1481.61,1459.8
1472.25,1470,1487.38
1488.45,1475.39,1517
1486.37,1462.64,1511.27
1464.69,1432.47,1481.81
1447.05,1417.56,1458.49
1415.05,1392.06,1426.28
1387.35,1361.12,1406.39
1362.45,1320.19,1390.31
1333.59,1267.66,1358.32
1309.55,1220.18,1314.9
1271.67,1163.87,1253.18
1229.87,1109.73,1200.66
1164.74,1037.86,1140.88
1078.6,948.16,1061.02
1008.58,875.555,986.727
941.041,805.339,910.185
881.305,741.12,849.234
813.186,667.575,788.677
734.946,586.737,715.846
666.526,519.494,643.052
593.526,449.153,561.816
536.72,394.636,505.286
490.288,350.384,469.236
437.482,301.573,425.125
377.126,248.053,364.429
293.97,173.472,277.404
224.728,113.574,208.649
181.497,79.6193,171.883
154.429,61.6357,150.541
146.809,64.3719,140.887
131.649,59.5939,119.562
120.632,56.1049,108.985
113.385,54.4142,111.414
110.325,56.2253,116.435
117.537,67.3805,121.45
107.483,61.1406,105.204
104.825,61.6504,102.915
111.612,70.8853,116.371
113.98,77.0757,123.129
114.753,82.781,121.133
99.1696,70.7257,99.7061
89.1397,61.4153,87.5878
79.1515,50.9541,80.6124
62.149,34.9949,66.6288
56.2256,31.0343,58.439
43.5717,19.4481,39.5046
40.3024,17.0081,32.1435
39.9548,17.9537,32.0307
26.5673,5.49368,19.137
10.8116,-9.839,1.16162
-23.6869,-43.3275,-37.3632
-46.8364,-65.451,-63.9946
-57.9547,-77.785,-76.4153
-75.9463,-98.9342,-94.2808
-87.6023,-112.561,-107.015
-105.372,-130.086,-127.995
-115.158,-139.29,-140.576
-117.998,-142.713,-143.807
-118.179,-144.78,-143.903
-104.749,-133.022,-132.53
-97.993,-126.637,-128.488
-79.6533,-108.35,-109.482
-48.1822,-77.0604,-74.6221
-14.7387,-42.6929,-39.5153
32.0211,6.4869,5.90985
68.7781,45.3794,40.2136
109.016,85.4125,79.4936
150.043,124.335,121.433
184.436,157.721,157.343
229.19,203.993,203.941
264.479,241.866,240.606
301.274,279.92,278.18
324.881,302.65,303.523
323.721,299.875,304.408
326.903,301.306,307.768
329.795,301.631,310.038
344.282,313.729,325.462
360.349,330.018,344.502
371.497,343.452,359.49
401.721,375.022,390.368
429.286,402.029,413.575
462.122,433.41,442.776
493.734,463.857,475.538
509.988,479.573,495.095
543.775,512.651,531.74
588.881,557.266,579.028
644.595,613.922,636.103
676.702,648.032,668.367
659.471,632.228,651.083
630.668,603.4,623.199
596.87,570.063,590.395
572.537,548.679,565.195
548.459,528.05,538.526
521.926,503.904,509.313
525.606,510.641,511.28
541.474,531.79,527.076
572.193,569.105,557.592
613.547,615.247,597.038
655.045,658.872,637.695
727.9,732.523,711.885
818.318,823.254,803.451
922.338,927.789,908.588
1027.08,1033.59,1015.17
1123.23,1131.27,1113.18
1234.36,1242.99,1225.31
1336.63,1344.75,1327.49
1433.57,1441.97,1424.12
1518.35,1527.9,1508.54
1577.38,1588.03,1568.52
1629.4,1640.52,1623.25
1655.16,1665.3,1649.88
1665.17,1672.77,1658.15
1659.69,1664,1651.27
1630.09,1631.02,1621.54
1601.48,1600.06,1593.57
1554.27,1551.58,1546.55
1497.64,1493.95,1489.59
1421.68,1416.81,1413.69
1296.65,1290.16,1289.37
1147.02,1139.01,1141.5
968.957,960.032,965.085
788.8,779.541,785.136
618.287,608.959,613.408
446.477,435.847,439.68
291.453,278.014,283.583
136.642,120.136,129.648
-6.11413,-25.556,-11.7488
-139.398,-160.041,-144.801
-280.473,-299.962,-285.725
-410.111,-428.393,-414.019
-544.172,-562.93,-546.513
-679.022,-699.635,-681.779
-831.586,-853.095,-836.579
-1042.57,-1062.35,-1048.38
-1287.73,-1304.58,-1292.31
-1532.38,-1546.66,-1536.77
-1713.07,-1725.27,-1719.64
-1818.71,-1828.6,-1828.21
-1870.3,-1876.16,-1880.68
-1844.44,-1845.84,-1852.85
-1777.79,-1776.65,-1783.78
-1692.34,-1689.48,-1697.88
-1603.64,-1598.83,-1612.27
-1523.17,-1518.07,-1538.34
-1421.21,-1419.35,-1442.08
-1331.79,-1334.91,-1350.84
-1293.41,-1299.25,-1304.03
-1324.29,-1329.24,-1329.47
-1395.5,-1399.17,-1401.03
-1419.34,-1424.01,-1424.5
-1387.5,-1393.5,-1390.04
-1312.05,-1317.53,-1313.09
-1202.58,-1207.82,-1203.45
-1064.19,-1071.5,-1063.74
-884.985,-895.265,-881.809
-735.324,-748.357,-731.133
-622.923,-638.262,-619.71
-505.784,-523.105,-503.366
-392.804,-413,-390.359
-279.98,-303.462,-276.587
-188.63,-214.205,-184.339
-107.787,-134.481,-103.008
-24.11,-51.7686,-18.7496
47.9961,19.7124,53.2736
121.827,93.7907,126.729
178.17,151.551,183.687
223.445,197.6,229.456
274.559,246.163,279.761
309.405,278.412,314.906
335.534,306.649,343.157
349.846,325.78,357.463
372.063,352.947,377.065
420.108,405.581,423.197
456.073,446.369,458.062
487.65,485.122,488.973
527.796,532.496,528.896
585.329,594.137,584.458
660.941,671.453,656.168
727.06,738.312,720.129
787.93,800.003,782.97
843.44,855.965,842.03
903.22,915.015,903.012
964.349,974.98,963.554
1007.37,1017.7,1007.74
1051.58,1062.04,1054.48
1097.88,1107.7,1101.52
1139.94,1148.49,1142.3
1171.59,1178.67,1172.39
1184.05,1189.51,1182.98
1200.4,1204.26,1197.98
1218.58,1221.51,1217.6
1237.24,1239.99,1239.25
1256.18,1259.21,1260.77
1256.9,1260.02,1263.22
1261.91,1263.58,1269.17
1274.78,1273.12,1282.36
1297.56,1291.86,1304.53
1334.49,1325.3,1340.2
1372.49,1360.36,1376.92
1429.27,1413.71,1433.75
1509.2,1490.3,1515.94
1629.86,1609.77,1638.91
1784.63,1764.46,1794.02
1882.16,1861.24,1891.19
1857.93,1836.01,1868.13
1711.28,1687.7,1724.08
1485.14,1459.46,1499.79
1231.25,1204.16,1246.43
972.926,944.464,987.185
740.615,710.657,752.301
537.763,506.887,546.8
359.343,327.492,366.302
208.345,174.791,214.284
81.7793,47.3328,89.2081
-5.05694,-37.6536,6.29898
-67.9636,-97.5739,-53.0733
-117.791,-145.613,-101.983
-156.12,-182.988,-141.767
-187.933,-214.086,-176.091
-199.431,-224.811,-188.427
-199.611,-224.381,-187.419
-192.032,-217.151,-179.496
-184.804,-210.186,-172.599
-187.539,-212.073,-175.584
-174.144,-197.9,-163.665
-149.385,-172.939,-139.711
-126.11,-148.498,-113.991
-101.852,-121.679,-86.5361
-83.6918,-100.663,-67.6073
-56.3068,-70.5417,-41.2132
-20.1466,-31.9799,-6.70472
21.8413,12.59,33.431
67.298,62.315,77.4735
108.04,109.331,117.949
156.844,164.928,167.521
206.201,219.279,216.498
259.116,274.702,267.11
318.639,335.726,324.972
378.611,395.794,385.205
439.735,454.961,447.089
480.448,493.836,487.95
507.344,520.076,514.867
529.475,541.671,537.938
537.755,548.111,547.41
546.38,553.243,556.31
548.872,552.262,557.908
546.955,548.521,555.139
545.226,545.549,553.662
535.066,531.995,543.33
526.446,518.515,533.659
508.297,497.177,514.87
489.961,477.217,496.261
479.913,465.599,486.223
463.949,448.41,470.905
452.502,436.779,460.736
451.219,435.151,461.096
465.733,447.446,476.677
491.856,470.929,503.329
513.259,491.179,524.953
523.659,501.467,534.811
530.054,507.504,540.449
551.786,528.428,561.905
575.48,551.831,585.184
590.246,566.973,598.089
610.523,587.489,616.507
625.912,602.359,632.436
647.904,623.571,656.438
673.656,648.892,684.117
686.539,661.732,697.646
706.933,682.894,716.998
732.664,709.773,741.683
767.17,744.032,775.378
796.662,771.201,803.399
809.915,782.548,815.241
820.527,794.014,825.01
815.158,790.68,819.752
802.671,779.6,807.843
759.162,737.002,763.928
682.121,660.599,687.073
622.878,601.103,628.94
573.606,550.19,578.966
533.38,508.991,536.826
487.907,464.267,490.391
422.566,399.973,425.901
368.716,346.815,374.221
315.319,293.415,321.891
266.836,244.821,272.108
225.942,204.154,228.581
181.109,159.466,182.136
151.558,129.851,153.587
112.876,90.7172,116.961
74.5057,52.3722,79.9624
40.6241,19.4905,46.6283
-8.49357,-28.9801,-1.70428
-43.5303,-64.8649,-35.7603
-72.4732,-94.8576,-65.4282
-84.73,-107.453,-79.7791
-89.4498,-112.353,-85.2726
-113.515,-136.027,-106.761
-127.517,-150.508,-117.155
-133.931,-158.821,-123.922
-126.979,-152.92,-119.769
-115.579,-142.494,-108.738
-117.819,-146.921,-110.343
-110.167,-141.211,-103.946
-110.736,-142.322,-106.012
-107.317,-138.244,-101.31
-93.5116,-123.827,-84.1745
-94.293,-124.144,-82.8023
-84.164,-112.745,-73.0801
-78.9834,-106.07,-69.9635
-66.4546,-93.4667,-59.2218
-39.821,-69.1674,-34.4338
-31.4278,-64.4049,-28.5333
-19.9483,-53.8188,-17.2911
-14.0649,-43.2029,-7.44507
-1.01344,-23.6074,11.9673
14.9296,-4.22677,32.8814
3.32481,-15.2385,21.3754
-1.06728,-20.6538,12.2131
-4.60034,-26.3121,2.91445
-7.38544,-30.6135,-1.32811
-1.18326,-24.5886,8.3809
-4.94,-28.17,5.87432
-4.67973,-29.6248,3.00462
-24.0244,-53.4336,-16.3042
-51.5714,-84.6318,-39.5186
-75.288,-116.126,-64.9809
-113.65,-167.74,-117.756
-117.884,-172.596,-136.965
-107.04,-150.383,-121.135
-96.4758,-132.046,-86.512
-77.9439,-105.94,-57.8257
-79.751,-99.5532,-79.8164
-78.3914,-95.1499,-89.4051
-77.965,-90.521,-69.0441
-67.022,-72.0944,-42.0184
-38.1387,-41.0385,-12.1468
-22.2566,-30.065,8.71878
-5.71379,-21.0249,31.9095
-10.7718,-33.9394,24.2827
-33.3794,-63.2233,-4.87403
-43.1239,-77.8837,-15.1454
-53.9806,-91.7204,-20.6652
-54.0916,-92.1877,-17.1508
-67.2683,-106.109,-35.1752
-93.517,-135.159,-69.7066
-104.234,-146.491,-81.1211
-128.9,-168.358,-101.405
-148.36,-186.163,-120.356
-154.779,-195.807,-130.694
-164.388,-211.217,-142.467
-174.779,-221.833,-149.406
-188.337,-228.49,-159.104
-181.629,-218.268,-155.476
-174.4,-216.441,-157.264
-173.622,-221.149,-164.095
-161.854,-207.376,-153.294
-155.325,-195.764,-140.863
-149.079,-187.275,-125.904
-151.135,-190.105,-123.572
-158.344,-199.213,-133.657
-156.193,-198.622,-135.232
-157.196,-201.122,-135.34
-152.552,-198.32,-128.894
-152.553,-198.736,-131.699
-159.565,-203.347,-143.853
-156.65,-196.612,-141.031
-153.511,-190.834,-133.454
-138.141,-175.015,-115.967
-121.593,-158.542,-101.639
-111.554,-147.771,-95.4921
-105.135,-141.518,-90.5101
-114.716,-152.307,-98.9697
-117.338,-154.359,-101.185
-120.463,-155.421,-104.742
-129.94,-164.01,-114.601
-136.265,-170.181,-119.865
-150.506,-185.245,-132.328
-165.549,-204.508,-149.116
-190.371,-232.719,-179.603
-214.089,-251.998,-210.309
-216.314,-245.011,-215.013
-217.959,-240.383,-209.272
-222.408,-243.254,-203.326
-240.307,-262.293,-218.067
-261.396,-285.384,-243.024
-267.455,-293.285,-252.79
-278.524,-305.287,-263.842
-282.347,-308.561,-267.027
-284.675,-310.271,-271.761
-292.129,-318.674,-284.259
-294.53,-322.289,-290.795
-298.144,-325.304,-295.005
-291.589,-317.549,-284.681
-284.18,-311.073,-271.495
-275.171,-303.382,-260.104
-252.882,-280.142,-239.156
-235.935,-261.755,-223.649
-235.152,-259.927,-223.89
-246.277,-269.53,-236.129
-246.455,-268.752,-237.171
-241.33,-263.853,-231.748
-245.851,-268.17,-235.323
-237.58,-257.755,-227.712
-224.573,-241.705,-216.11
-206.782,-222.798,-198.41
-186.737,-204.593,-177.953
-182.596,-202.855,-173.251
-181.44,-201.954,-171.775
-190.74,-210.048,-182.221
-195.84,-214.547,-189.146
-193.657,-212.861,-188.724
-200.838,-220.702,-196.778
-202.914,-222.399,-198.039
-208.746,-227.168,-204.688
-206.677,-224.711,-207.814
-196.314,-215.119,-202.854
-196.831,-215.988,-204.309
-193.015,-210.214,-197.829
-189.666,-204.107,-190.948
-185.588,-199.431,-183.687
-184.657,-199.889,-179.481
-193.234,-209.278,-185.076
-189.544,-205.657,-180.293
-192.453,-209.1,-183.752
-198.311,-214.785,-191.614
-196.157,-211.016,-193.013
-198.571,-212.307,-198.545
-190.235,-204.889,-191.393
-184.99,-201.243,-185.078
-181.162,-198.417,-178.874
-179.614,-197.291,-176.054
-187.376,-204.396,-184.331
-186.275,-201.465,-183.936
-190.535,-203.821,-187.385
-187.615,-200.613,-182.544
-183.62,-197.87,-177.181
-193.908,-209.001,-187.603
-186.397,-201.007,-182.172
-179.701,-194.005,-178.587
-178.654,-194.098,-179.394
-180.997,-197.291,-181.048
-196.287,-212.426,-195.558
-191.883,-208.601,-193.424
-189.447,-206.971,-194.545
-190.431,-207.943,-196.383
-188.804,-205.201,-191.831
-205.892,-219.712,-205.633
-210.061,-222.774,-209.669
-208.796,-223.902,-209.555
-196.615,-214.217,-199.168
-180.696,-199.169,-190.105
-187.716,-207.604,-204.243
-177.889,-198.746,-191.031
-160.715,-179.29,-162.502
-145.593,-161.741,-138.629
-132.153,-149.921,-125.544
-131.624,-152.934,-133.283
-117.808,-140.417,-126.021
-110.399,-130.753,-116.061
-108.162,-125.086,-105.95
-101.954,-116.315,-93.166
-105.393,-118.258,-94.5849
-91.4318,-104.472,-83.9839
-88.2679,-102.294,-84.6132
-95.3346,-110.036,-90.4139
-91.0091,-106.278,-82.5013
-89.0236,-104.952,-78.4125
-73.8511,-89.8799,-62.1653
-78.6473,-93.2303,-66.9718
-91.4442,-104.768,-81.4374
-87.1297,-101.542,-79.6126
-92.0907,-108.136,-85.5266
-93.0329,-108.822,-85.4474
-105.119,-119.971,-97.8988
-117.814,-133.118,-114.105
-117.936,-135.748,-118.558
-133.387,-155.244,-135.723
-136.976,-160.43,-138.625
-134.948,-155.758,-136.213
-134.712,-152.384,-134.01
-131.52,-146.035,-124.268
-140.3,-150.188,-125.832
-138.053,-146.332,-122.163
-149.929,-161.28,-137.738
-164.383,-178.596,-155.11
-157.262,-172.533,-147.727
-157.657,-172.314,-147.224
-152.346,-164.879,-144.826
-149.639,-161.71,-149.029
-136.547,-151.561,-138.995
-112.913,-129.35,-111.074
-114.61,-126.481,-107.488
-116.027,-122.268,-106.399
-119.667,-125.846,-110.196
-114.818,-124.833,-108.209
-92.6285,-105,-89.268
-86.0279,-99.0103,-83.7299
-73.3894,-87.2962,-70.0211
-72.2182,-85.0325,-66.0036
-80.4776,-87.9547,-70.125
-74.9643,-78.3712,-61.7181
-75.6559,-80.7244,-63.9614
-67.8985,-76.1677,-60.975
-75.4288,-84.9219,-72.1499
-87.9974,-96.9611,-85.8358
-85.5112,-92.2012,-83.6616
-92.1965,-95.1337,-90.7106
-90.6593,-89.6298,-87.6889
-99.3325,-93.2445,-93.831
-112.58,-101.966,-107.365
-115.527,-109.232,-114.104
-131.753,-137.31,-134.489
-138.945,-152.595,-143.441
-149.406,-163.879,-153.813
-157.606,-168.25,-161.468
-155.494,-161.478,-159.249
-173.187,-177.015,-177.68
-177.458,-181.63,-182.876
-178.63,-184.333,-186.626
-179.415,-185.032,-191.672
-170.491,-172.064,-184.067
-176.348,-172.843,-188.128
-169.886,-165.955,-181.959
-164.345,-165.071,-179.819
-156.336,-160.894,-174.531
-135.121,-138.448,-153.37
-128.372,-127.854,-144.428
-112.547,-108.502,-124.24
-100.143,-91.8781,-107.336
-86.729,-75.3553,-93.0564
-60.5848,-50.8699,-68.1412
-54.4031,-50.5623,-63.7402
-39.2528,-41.7499,-53.4817
-27.4607,-32.4463,-46.6911
-18.5835,-22.2364,-39.0038
2.36132,1.21827,-17.0453
-9.02545,-7.0409,-26.522
-16.3538,-12.3002,-29.8355
-11.7369,-9.36955,-22.0841
-6.8171,-8.10602,-19.9209
6.6113,4.00648,-11.4546
-3.24242,-3.14469,-21.6771
-11.6575,-6.75442,-26.2185
-19.4046,-13.2561,-32.0363
-30.6908,-27.1516,-46.0245
-28.6188,-26.7216,-46.3353
-35.983,-35.7632,-52.9008
-35.661,-37.1763,-50.7786
-39.1983,-42.2035,-54.1618
-50.927,-55.3038,-68.398
-42.1945,-44.9701,-62.0188
-39.2564,-39.0182,-59.5492
-33.6519,-31.0424,-53.6867
-36.3279,-33.8723,-57.449
-59.0164,-60.7115,-83.4408
-65.988,-70.1939,-92.4924
-67.351,-68.0866,-93.5499
-58.2822,-53.7078,-84.057
-55.6209,-47.3551,-79.7993
-65.7145,-55.4418,-86.404
-64.0679,-54.4218,-82.5835
-68.6939,-60.6765,-89.5189
-62.9881,-53.7528,-89.191
-51.827,-39.2119,-81.9324
-45.6641,-29.0301,-76.2628
-27.6673,-6.21035,-56.9497
-20.9786,2.49496,-49.7754
-18.118,4.18131,-47.6301
-13.9343,6.97525,-44.4674
-17.9192,2.63866,-49.8118
-13.4287,8.98388,-46.8959
-9.07383,13.1246,-44.6138
-4.44156,15.2121,-40.995
0.00170388,21.1986,-34.3556
1.74451,26.6603,-29.5475
3.47191,30.5164,-26.2218
-4.21372,26.3673,-33.6815
-1.04701,33.9133,-30.1488
8.23638,41.9485,-19.0228
17.7092,45.8522,-8.01809
25.4599,48.6921,-3.56553
15.8974,36.5642,-20.9621
16.3544,40.5223,-22.1859
23.3611,50.5799,-9.188
29.6451,52.4574,-0.711482
38.3559,61.3554,5.91461
38.3717,68.4188,6.83384
41.8261,72.0654,12.8831
39.8077,65.2191,11.3322
31.3235,54.8978,1.48124
16.6751,39.1688,-15.0336
2.74433,25.7862,-30.8525
11.2703,38.8157,-24.912
9.335,41.6121,-27.9244
0.394185,35.6477,-35.7098
0.705458,38.5916,-35.8934
-11.6338,29.3768,-50.4387
-19.0999,27.6281,-58.4368
-26.9713,26.7738,-63.7241
-30.7766,24.7488,-65.5076
-27.5638,27.0191,-62.1667
-36.15,20.1484,-70.5846
-28.338,32.0775,-65.6211
-21.8691,48.3848,-62.5306
-24.0382,58.2353,-62.7177
-22.6248,65.7119,-56.5649
-30.4258,61.5027,-62.4408
-27.6811,69.6879,-62.153
-20.5728,82.1744,-59.029
-6.32209,104.348,-47.3664
13.4286,137.613,-26.8221
19.6692,158.738,-17.6856
27.844,180.472,-8.12828
24.7173,185.942,-10.5732
22.1557,188.453,-11.5827
32.5074,212.287,1.47385
32.134,230.946,3.97461
36.2932,249.341,9.27181
31.595,258.904,6.60851
27.3542,270.684,6.28507
36.2512,287.61,17.4336
34.0047,284.932,14.5637
35.5901,292.059,12.9193
28.4048,301.459,2.97704
25.9852,312.201,-0.0551159
34.2998,325.183,8.50054
24.0972,320.052,1.39293
18.3697,323.183,1.04295
8.53895,325.874,-4.12212
-3.16395,326.754,-14.3512
-3.85336,336.598,-17.4159
-7.72778,345.663,-23.8552
4.46932,373.84,-11.292
13.2648,397.907,0.589036
11.3917,411.994,2.17396
16.4116,437.556,10.1184
22.2434,462.411,18.6435
43.0698,496.207,41.422
51.3141,514.057,50.8385
50.508,524.019,49.7283
61.0298,554.05,60.1652
68.3578,584.213,70.0542
90.6429,625.043,95.428
110.867,664.002,116.954
128.518,701.374,135.4
146.434,737.812,156.798
145.199,752.047,160.512
149.963,768.308,168.814
145.427,771.684,166.579
135.211,766.49,158.074
136.958,774.559,162.673
127.741,768.802,156.129
121.467,758.177,147.188
99.7722,732.346,120.11
76.102,709.437,98.2354
71.3675,705.459,101.099
55.0258,684.76,88.9896
49.4608,674.399,84.098
47.4692,675.292,83.5198
51.9889,683.515,89.4753
57.6066,684.122,92.7731
32.2478,650.048,63.2468
17.7269,633.871,48.9328
16.6922,639.017,51.3877
25.5845,649.1,60.2468
48.0212,664.561,78.9595
55.3325,670.538,84.3551
57.6745,681.457,89.8697
40.4631,669.417,76.8984
27.0186,651.162,62.8302
45.4733,664.482,79.4595
59.2053,677.699,94.4594
77.6074,694.568,112.869
81.6696,695.916,114.092
76.125,692.279,107.323
84.3193,703.149,116.693
84.9997,701.691,119.125
98.9852,712.814,135.062
106.768,721.226,144.964
104.294,721.883,143.037
103.592,722.305,139.695
82.6652,700.009,115.421
75.9601,692.664,108.904
76.037,693.136,114.501
71.8907,689.617,117.249
76.5564,693.398,122.653
71.8376,684.395,111.999
77.8743,684.961,114.084
75.9834,682.851,113.219
68.0426,681.901,106.645
70.6698,690.514,111.198
61.015,678.367,104.931
72.8493,683.777,119.009
76.6714,685.071,122.452
60.4807,669.318,103.735
59.9075,669.047,102.389
50.3612,659.073,94.4359
49.8025,657.529,93.5818
52.3776,660.205,93.9665
54.4201,666.249,95.6893
66.4169,685.542,110.821
60.5938,682.923,107.114
64.2458,684.016,107.961
68.4265,686.835,109.775
61.4201,680.043,104.287
62.391,678.291,104.664
48.4436,660.042,86.5697
45.7329,653.508,81.7951
46.5667,651.089,84.9265
39.2818,641.106,82.4971
43.6193,642.006,89.0455
35.4892,631.497,76.9706
38.3254,635.033,75.2675
37.8121,635.739,75.6199
24.7682,621.187,66.1001
25.1692,617.577,67.7081
16.4138,601.56,56.5902
16.5915,591.629,52.5496
15.0222,582.979,48.1204
4.2819,571.362,37.1315
3.78235,574.06,37.8782
-8.42045,563.964,27.4422
-11.2263,559.403,25.8882
-18.8796,546.782,17.1598
-40.6573,517.374,-7.56416
-46.0932,504.791,-15.0236
-54.2421,496.14,-21.7776
-46.8445,504.485,-11.0921
-49.279,494.284,-14.1242
-73.3704,462.97,-41.6559
-71.4146,468.124,-40.0584
-73.9582,468.2,-41.3153
-80.105,454.788,-50.3616
-83.4288,441.839,-60.2127
-82.1447,438.239,-61.9127
-62.4353,456.724,-39.1909
-63.7541,452.829,-35.6536
-70.6752,438.33,-39.6319
-65.0908,433.641,-35.0279
-56.9563,433.518,-30.1595
-43.8192,441.644,-18.259
-51.07,429.449,-26.1727
-57.2423,416.726,-34.7031
-53.7471,413.028,-32.6084
-52.5669,408.396,-30.7277
-43.5698,413.351,-19.6353
-53.749,399.902,-28.9363
-59.8314,391.139,-36.5695
-57.8892,389.926,-35.723
-63.3858,378.364,-41.7018
-57.6836,374.102,-37.1885
-62.6546,358.61,-44.9555
-65.5375,347.64,-52.2938
-67.7172,338.399,-56.2135
-72.7848,327.649,-59.8594
-65.1005,334.129,-51.4801
-76.109,324.11,-61.5666
-87.6451,309.61,-71.0188
-83.5682,303.663,-68.0025
-74.5309,300.068,-64.6358
-54.3027,312.442,-48.2489
-51.4476,310.613,-44.8432
-47.633,309.314,-40.3858
-31.6216,321.203,-24.602
-29.7133,317.591,-23.3649
-20.0499,317.234,-15.8058
-5.9701,321.507,-5.58348
12.2764,335.127,8.00496
28.8566,349.901,22.7141
38.7313,357.404,34.6976
58.5693,370.982,56.4019
69.4583,369.933,65.3394
79.5164,368.503,71.705
87.0613,369.703,76.9085
90.8386,369.136,78.0123
104.07,378.544,88.7859
103.989,376.233,89.9466
99.3912,371.367,88.9258
96.7137,367.017,88.1675
97.1668,359.001,87.1491
110.926,362.99,99.9273
109.754,360.184,100.666
93.1288,346.059,84.2786
80.2565,329.832,68.4609
83.0633,325.017,67.8728
101.568,339.409,84.9652
111.947,351.843,96.4342
125.63,367.855,110.717
136.216,375.001,120.938
127.583,364.241,112.977
105.881,343.09,90.6027
76.3519,309.293,57.1809
67.613,293.538,45.01
66.0212,288.599,44.009
61.1428,283.142,40.5726
61.275,278.951,37.7215
53.5954,265.98,27.0053
55.0275,266.904,31.4964
56.5461,270.903,36.8688
48.341,265.134,29.0893
45.6449,260.139,26.9832
44.0956,252.149,26.0637
51.1899,255.869,32.4376
52.1389,257.806,34.194
46.2002,251.629,29.0155
54.5377,256.322,34.0108
63.5617,265.666,40.3354
80.6157,285.088,58.8794
93.2017,291.348,71.592
96.7962,285.688,72.559
112.163,295.474,85.0751
127.517,306.076,97.779
144.235,322.549,114.088
152,333.145,122.844
156.641,334.977,126.24
165.959,340.79,135.641
163.96,341.322,137.655
170.659,349.538,147.159
176.184,351.311,153.282
168.462,338.736,145.582
158.527,326.096,134.73
141.082,308.516,116.488
139.507,307.355,114.823
142.328,308.962,118.081
130.039,295.961,106.074
112.733,279.684,88.4047
91.6529,256.24,65.6476
89.4301,248.726,60.6867
82.3419,240.279,53.5433
59.8057,219.94,33.4481
39.1388,200.337,15.0932
13.2931,173.715,-8.77487
7.93732,167.415,-13.736
10.95,171.541,-10.2355
13.2579,176.621,-6.83914
25.3233,186.91,3.84451
28.9248,182.649,5.41735
34.5624,181.838,11.5508
28.14,173.882,7.79838
6.89409,153.579,-11.0975
-5.87483,141.991,-24.2308
-16.5878,131.222,-36.9219
-11.0023,134.589,-33.1567
-14.1371,128.421,-37.6049
-35.5571,107.607,-57.6544
-42.9349,102.992,-62.1762
-36.6331,108.216,-55.8852
-7.87641,133.643,-29.3301
12.5024,152.772,-10.3163
12.4349,152.58,-10.6003
7.52262,147.441,-15.6294
1.51543,143.689,-20.4134
24.1572,170.392,5.79443
42.544,188.547,26.2282
45.7418,185.87,27.7915
61.1083,196.258,43.026
70.545,205.311,55.6435
80.894,215.411,66.4547
76.7121,207.871,59.3737
65.422,192.829,46.8026
66.7261,194.82,50.1681
47.618,180.939,34.9721
36.4827,173.002,26.2133
31.8218,165.846,21.0759
23.6664,151.514,11.1346
29.1567,150.455,15.0083
17.4326,134.493,3.21742
9.77695,126.737,-4.68764
4.27582,126.314,-11.3924
-4.00051,123.48,-18.5723
5.61797,131.95,-7.27982
8.72059,130.657,-3.73335
16.276,134.878,4.7807
16.5247,131.229,5.53778
7.61542,119.529,-3.90976
11.5911,122.606,-0.0494461
4.68171,115.162,-6.68047
11.2502,122.144,-0.393785
26.497,137.857,13.5452
32.2476,142.516,16.7894
42.7142,151.162,24.7622
34.3516,141.353,15.3729
29.6,134.875,10.9925
25.1196,128.336,6.30045
15.9327,119.118,-3.35888
22.7782,126.911,3.92959
20.4283,123.459,0.575728
25.1661,126.565,3.49251
26.7307,127.594,5.62451
20.7475,121.301,0.719657
29.8293,129.516,8.66497
31.8952,130.963,9.12955
40.6837,139.598,16.9236
42.4953,139.051,18.1293
26.6834,119.21,2.77203
22.2627,112.98,-0.934558
12.5088,103.937,-9.11156
7.59105,98.8653,-11.9152
1.44152,90.7246,-19.1878
-10.6211,77.1894,-35.0019
-12.3101,72.5993,-39.1313
-29.8953,50.0199,-56.3443
-43.5704,33.8104,-67.8635
-62.5573,15.4573,-85.2824
-87.6266,-8.93827,-110.291
-88.2757,-10.3542,-111.792
-95.9932,-19.1242,-121.171
-104.843,-28.2481,-131.583
-120.209,-43.9893,-146.19
-143.917,-71.2125,-167.961
-154.23,-86.8758,-178.731
-170.053,-104.9,-196.514
-173.116,-108.119,-200.944
-172.737,-109.864,-202.047
-183.655,-124.918,-215.02
-189.629,-133.5,-221.943
-210.303,-154.712,-241.557
-222.024,-167.25,-251.824
-228.941,-174.485,-257.715
-236.973,-182.78,-265.825
-226.235,-174.552,-256.97
-231.194,-182.561,-263.205
-235.474,-187.817,-266.201
-232.173,-184.437,-261.079
-221.82,-175.328,-250.056
-195.502,-150.88,-224.32
-187.956,-144.176,-218.609
-182.285,-138.305,-213.849
-174.759,-129.148,-204.233
-166.431,-120.49,-193.264
-147.43,-103.424,-174.444
-152.672,-108.99,-181.435
-159.933,-117.968,-190.435
-162.038,-125.36,-193.861
-165.167,-129.718,-195.319
-152.846,-112.612,-178.988
-152.456,-109.677,-176.516
-148.872,-109.609,-173.904
-150.935,-116.425,-178.793
-161.109,-128.207,-192.846
-153.179,-119.173,-186.958
-161.047,-126.693,-192.771
-169.91,-137.52,-198.709
-168.13,-137.071,-196.665
-162.559,-130.737,-192.978
-151.281,-119.226,-183.405
-161.211,-130.293,-191.942
-167.754,-136.357,-193.989
-161.355,-130.332,-185.35
-148.604,-123.197,-173.98
-130.872,-110.972,-156.365
-140.506,-121.525,-164.585
-144.458,-123.695,-167.986
-139.966,-116.308,-163.087
-134.907,-109.643,-157.412
-106.767,-84.4735,-130.516
-98.8223,-82.7441,-126.118
-91.9962,-79.685,-122.321
-73.4928,-59.4057,-104.425
-64.5788,-46.3057,-94.1851
-49.9961,-29.7567,-77.5202
-50.158,-31.5696,-76.2163
-48.3967,-34.2679,-74.4034
-39.0688,-27.5131,-64.9
-32.324,-17.5735,-57.1977
-12.3941,6.40282,-36.6772
-7.10009,10.3039,-31.9031
-3.78477,8.50926,-29.7602
2.35609,11.8503,-23.1728
0.167179,10.5555,-23.8634
12.3026,22.7467,-11.1797
8.28826,17.0853,-15.8802
0.0233246,7.30573,-26.4262
0.703687,5.17766,-28.019
-4.78309,-1.7478,-33.6428
-3.83435,3.01504,-30.9252
-19.1432,-7.81342,-44.2456
-19.8802,-10.1273,-44.7502
-4.99454,-0.423623,-31.1486
-11.0179,-8.89245,-37.4674
-13.2658,-11.6381,-38.5543
-23.0183,-22.1689,-47.2866
-31.9211,-30.5957,-56.3102
-33.2462,-31.025,-58.7495
-34.0938,-31.6687,-60.3089
-16.9224,-13.3282,-42.4692
-15.7241,-11.6723,-40.7831
-21.7763,-20.2251,-47.2121
-20.4587,-21.3394,-44.7045
-25.0036,-24.8062,-45.447
-16.52,-12.8786,-32.9135
-17.4486,-11.8479,-32.509
-13.6493,-8.98245,-29.2842
-0.0420355,2.96651,-16.1785
2.59011,4.33102,-14.3315
9.2827,10.1022,-7.99754
-1.0063,0.666135,-17.1526
-10.164,-6.63121,-25.2153
-9.51074,-7.0267,-25.0011
-12.919,-14.9132,-29.8504
-7.86097,-12.6113,-25.4573
-23.9313,-26.6551,-39.9625
-42.4285,-41.1323,-56.0711
-41.891,-38.737,-54.539
-40.4001,-39.0371,-53.8372
-35.4608,-37.5779,-50.1769
-52.0375,-56.6674,-67.5015
-62.0725,-66.5116,-77.916
-55.863,-57.4783,-71.0642
-65.4246,-62.9951,-79.0263
-62.0768,-57.4119,-75.3588
-60.6346,-57.5151,-75.8082
-64.2435,-62.7811,-81.0875
-63.2346,-60.9471,-79.533
-65.1295,-62.8396,-80.083
-51.7031,-51.2554,-66.2929
-49.7127,-48.7795,-64.062
-56.392,-51.397,-69.8286
-53.775,-45.473,-66.6551
-50.0191,-41.2656,-62.6845
-31.9944,-23.4147,-43.5934
-24.5417,-15.7634,-34.7525
-26.8868,-17.2792,-36.44
-19.4721,-9.08663,-28.2515
-10.561,-0.648213,-17.8303
15.1924,24.3019,9.35744
27.1427,35.7236,21.2832
12.9184,21.3475,5.88178
6.96076,15.5226,-0.721173
18.2554,27.3804,10.6408
48.3177,58.2513,41.2199
60.7271,70.7557,54.5074
51.1933,61.5368,45.9232
45.1878,55.8298,41.1068
45.2092,54.255,41.9149
52.6236,58.5621,48.3236
46.5217,50.2155,41.3545
37.5948,41.0047,33.9007
38.706,41.9061,36.9237
37.6068,39.7718,36.5179
35.4061,36.5057,34.3848
21.056,20.9827,19.8245
5.97178,5.04861,4.43037
0.295267,-1.32185,-0.847205
-6.71405,-9.93799,-7.60929
-6.37005,-11.1732,-7.27669
-11.0474,-16.3826,-10.2459
-20.165,-25.8607,-16.5546
-26.7014,-33.268,-21.1093
-38.0611,-44.6931,-31.0865
-42.8525,-49.2684,-34.5602
-53.0473,-60.9493,-44.257
-62.749,-72.5953,-54.2014
-66.5114,-77.8917,-58.914
-76.4708,-86.6294,-71.2577
-86.2214,-91.8761,-82.319
-102.074,-108.023,-97.2966
-114.888,-125.779,-109.931
-128.004,-138.86,-123.397
-150.038,-156.101,-145.838
-156.847,-157.511,-153.192
-151.867,-148.398,-149.447
-141.186,-137.509,-142.584
-133.547,-131.091,-137.871
-143.054,-139.367,-146.862
-148.263,-141.627,-151.085
-147.853,-138.388,-151.015
-140.965,-129.747,-145.389
-133.775,-122.622,-138.82
-142.403,-132.594,-147.386
-149.153,-139.951,-154.385
-150.056,-140.957,-155.05
-139.388,-131.112,-143.087
-128.485,-120.926,-130.01
-135.335,-128.802,-135.115
-138.002,-134.113,-138.076
-135.678,-134.356,-137.215
-144.466,-143.87,-147.032
-166.604,-166.456,-168.23
-185.801,-188.111,-184.169
-193.694,-199.895,-188.93
-208.157,-216.655,-202.227
-212.83,-220.985,-207.249
-205.672,-213.774,-200.596
-208.642,-219.334,-202.354
-214.731,-228.691,-205.033
-222.79,-238.577,-209.83
-215.404,-231.419,-201.165
-201.427,-216.728,-187.027
-195.909,-211.196,-181.795
-185.642,-201.416,-171.356
-177.739,-193.561,-161.513
-159.831,-176.146,-141.529
-137.981,-155.385,-118.606
-121.146,-139.543,-101.27
-112.882,-132.183,-93.5443
-119.975,-140.053,-100.822
-101.323,-121.284,-81.5725
-66.7549,-85.2016,-46.4906
-49.4789,-66.076,-28.1657
-40.5902,-56.1093,-18.0542
-38.1823,-53.0511,-14.147
-23.3526,-37.5537,2.31663
-10.8579,-24.8134,15.0239
-17.618,-32.2347,7.0594
-16.4327,-31.7366,7.01453
-11.9548,-27.2121,10.7916
5.38051,-9.21754,27.9816
20.4321,7.10587,42.947
14.9655,2.3683,36.9459
16.2677,3.0851,38.2
19.6329,5.56452,42.241
36.9959,22.7364,59.9245
50.4277,36.9592,73.0206
39.6874,27.2911,61.8355
30.0744,18.8269,51.6507
18.9081,9.12239,39.7279
21.1642,12.7199,41.2749
23.4953,15.776,42.8222
4.90382,-3.43004,23.5082
-8.3819,-17.5443,9.79287
-18.7045,-27.7118,-1.38594
-18.5698,-27.9839,-2.66425
-20.1275,-30.517,-4.34353
-39.4649,-49.7909,-22.1496
-54.1702,-64.1918,-35.8694
-70.1163,-80.9132,-52.4415
-61.8009,-73.8619,-44.9794
-42.4125,-55.1127,-25.7341
-46.5001,-59.5229,-29.8987
-47.267,-60.6095,-31.4375
-45.3316,-58.1994,-30.6469
-31.0194,-43.6907,-17.3658
-14.4648,-28.5369,-1.68389
-16.631,-32.6451,-4.10769
-18.7642,-35.7706,-5.93061
-18.3276,-35.1478,-4.8699
-1.7604,-18.0181,12.5541
13.8058,-1.81496,28.3556
8.25479,-7.58305,21.7892
8.07355,-9.79203,21.1726
6.38595,-12.3474,20.0753
15.558,-0.700847,28.4708
29.4897,15.8074,39.8471
27.158,14.458,34.4285
27.0978,15.3094,31.543
17.133,6.27787,19.861
17.909,7.46042,20.8609
26.3029,16.3471,30.9702
15.6336,6.81526,22.8953
8.06325,-0.0428591,17.7383
2.57819,-6.10853,13.663
6.23006,-3.40601,18.5905
5.58423,-5.02574,18.5794
-11.3453,-23.292,0.724475
-12.5644,-25.6327,-1.67881
-5.12042,-18.6667,5.79755
14.7205,1.49226,26.3033
30.9818,18.3516,42.3801
20.6436,7.7837,31.3263
16.1134,2.22432,26.37
9.02415,-6.04195,19.5724
7.68138,-7.71484,20.6554
13.722,-0.53574,30.0025
13.0751,-0.33938,30.3746
27.0456,12.2993,43.552
43.3578,25.774,59.2879
58.8535,39.4656,74.4618
64.2526,44.9976,79.8441
65.133,45.8228,81.3744
85.9229,66.1279,102.555
100.479,81.086,117.162
109.466,90.7964,126.85
115.436,96.6002,133.779
115.635,95.9736,133.854
130.887,112.04,148.214
136.826,120.816,153.804
135.351,121.368,152.429
134.757,121.312,151.968
131.938,119.411,149.521
142.769,131.92,160.576
143.237,133.706,160.624
140.067,130.447,155.847
138.762,127.651,152.47
134.517,122.118,147.962
141.776,129.222,155.766
138.594,125.788,152.163
131.598,117.983,144.635
125.371,111.989,138.344
113.45,101.456,126.685
112.318,100.707,126.005
100.994,87.5194,114.722
87.783,71.7558,100.84
86.0674,69.0442,98.813
84.7125,67.2646,98.0895
86.8509,68.8374,100.209
69.534,53.0652,81.0645
50.4342,37.3907,59.8573
37.8919,27.0457,46.5204
20.0218,9.1915,29.357
14.6012,3.79059,24.4367
2.23482,-7.79318,11.2811
-13.4468,-23.2425,-5.60746
-24.2398,-33.3599,-17.6187
-30.4491,-37.7161,-24.8448
-19.7339,-26.2244,-14.8023
-22.8913,-30.753,-18.0583
-35.9402,-45.5121,-30.8788
-40.6746,-51.0074,-35.6267
-40.6783,-51.6752,-36.3872
-27.5995,-39.7223,-24.2501
-32.7198,-45.7361,-29.0166
-50.3862,-63.4333,-45.6579
-55.6227,-67.8168,-50.7616
-50.758,-61.5499,-46.2828
-35.9589,-45.5704,-31.5135
-42.8426,-52.4187,-37.4698
-57.4339,-67.8809,-50.3547
-59.2396,-70.2131,-51.414
-55.3189,-66.5652,-48.0149
-42.3288,-54.6138,-35.7101
-46.1926,-60.2877,-39.708
-60.7147,-76.7355,-53.9604
-70.7305,-88.5799,-63.8309
-74.2275,-93.6083,-67.7945
-59.1635,-78.2715,-53.765
-56.6902,-73.9246,-51.3413
-65.8948,-82.4555,-59.8563
-70.7679,-88.5206,-65.2149
-70.5618,-89.7632,-66.3096
-47.0909,-66.8524,-44.277
-32.9528,-52.3496,-31.652
-34.5906,-53.6342,-33.841
-38.395,-57.2735,-37.5028
-38.0547,-56.8991,-36.9834
-19.0064,-38.5505,-17.3539
-19.5095,-40.4291,-17.2056
-39.5715,-62.104,-36.8599
-51.9541,-75.6485,-48.7916
-50.9709,-74.5526,-47.6061
-36.631,-58.7148,-33.6894
-38.5952,-59.0242,-35.5335
-53.148,-73.1581,-48.3445
-66.6975,-87.2949,-59.654
-72.0297,-93.6079,-64.3941
-57.1106,-79.7256,-50.6675
-58.081,-81.5452,-52.7343
-69.7795,-94.749,-64.567
-73.0836,-99.2174,-67.5209
-68.8668,-94.1066,-62.4174
-45.1348,-70.0631,-37.5671
-41.1711,-68.2297,-33.1681
-55.8796,-84.7888,-47.8948
-63.8308,-92.7933,-56.1694
-62.2608,-90.5395,-55.1605
-43.1616,-70.7399,-36.0367
-38.7005,-65.9974,-30.6913
-46.6685,-74.5744,-38.0657
-44.909,-73.6107,-36.6346
-36.9152,-64.6689,-28.713
-21.8841,-46.8461,-12.9117
-24.0589,-47.0798,-13.7576
-31.8316,-55.3278,-19.9758
-27.1709,-51.833,-13.9352
-22.6218,-46.8675,-8.87759
-6.43196,-29.3019,6.17309
-0.136866,-23.1485,10.6428
-4.91698,-29.754,3.98179
-4.43273,-30.5248,2.09043
0.762665,-24.7187,5.72596
18.3527,-5.17704,24.1879
19.5292,-2.39771,27.7632
13.4478,-8.63793,22.4755
16.1963,-6.6604,24.2382
16.8966,-4.91536,25.4454
25.1404,5.93037,35.6216
24.6146,6.66471,35.0391
20.4289,2.43491,28.5122
17.4385,0.321883,23.6797
6.82039,-10.378,13.1272
10.2914,-9.41257,17.9072
6.38729,-14.6682,15.3663
-4.75477,-24.7784,5.52433
-5.91092,-25.7719,4.99966
-7.95364,-29.2818,2.47253
-2.80152,-24.9685,6.94978
-10.5146,-31.9319,-0.870055
-24.1276,-44.25,-13.7086
-41.5278,-61.0681,-30.2579
-68.7239,-88.9141,-56.7308
-71.5739,-92.7336,-58.7495
-75.8269,-96.2848,-62.5515
-84.9966,-103.622,-71.4759
-80.3143,-98.5312,-66.986
-78.2758,-97.3987,-65.3237
-74.0421,-93.1066,-60.314
-86.7027,-105.388,-71.5902
-104.11,-123.96,-88.3551
-102.425,-123.923,-87.1056
-102.584,-125.305,-88.353
-95.1475,-118.582,-81.763
-94.1141,-117.399,-81.7093
-95.9613,-118.666,-84.5881
-87.3306,-109.351,-75.744
-89.9043,-111.37,-77.329
-87.0954,-108.678,-73.9756
-90.3638,-112.229,-77.7547
-94.3605,-115.546,-83.1916
-81.3302,-101.766,-71.3676
-72.0859,-93.6242,-62.9653
-61.5699,-85.0964,-53.6832
-57.4648,-81.9681,-50.259
-51.0967,-75.2801,-43.1276
-35.3008,-58.8051,-26.7946
-31.0155,-54.7145,-22.9103
-22.496,-47.37,-13.3839
-19.0243,-45.3354,-7.18463
-19.4201,-45.5077,-5.84178
-11.0152,-34.9334,2.10596
-11.9073,-34.0643,-0.419608
-4.51126,-25.806,5.09928
-3.15502,-22.855,4.52171
-7.86979,-25.3651,-1.81683
-5.74897,-22.4413,-0.499444
-14.7558,-32.0823,-8.86425
-12.6538,-30.3457,-5.52727
-9.02856,-26.5337,-2.07363
-9.63696,-27.1934,-3.42452
-13.3226,-30.9035,-6.68962
-33.1961,-51.0354,-26.5371
-39.6707,-58.6887,-35.0385
-39.3596,-58.9353,-36.7668
-31.4851,-50.2628,-29.0951
-9.20114,-27.1141,-5.75653
-3.3925,-20.7573,1.89223
4.98415,-11.93,11.5804
14.6252,-2.28436,20.2564
25.7172,8.02099,29.4035
42.73,24.2095,45.0822
38.3431,19.4285,39.3888
43.3981,24.4052,43.7877
55.5589,37.2567,56.8434
65.195,48.248,68.254
74.0523,58.3407,78.6508
63.9602,48.3166,68.8833
65.0627,48.4675,69.4069
72.5743,55.4367,76.8553
77.7676,60.7413,83.3333
84.3592,67.1861,92.1289
69.7133,52.1505,78.641
55.0958,37.3754,62.8365
47.9986,29.2302,53.7659
49.0277,28.1321,54.0663
56.1769,33.7734,62.1958
43.5942,20.7273,51.1635
43.088,20.2162,51.8304
52.09,29.9477,61.1391
52.4905,31.7717,60.6671
50.5578,30.3511,57.8865
36.0968,14.9616,43.5768
35.4955,13.4707,42.9965
40.9318,19.3462,46.6874
44.8663,24.1158,48.1925
50.0727,29.0739,52.7305
39.531,17.9601,43.6033
35.6524,14.0213,41.8047
28.2108,6.97743,36.0056
13.1453,-7.14773,21.7362
7.39361,-12.1347,16.5859
0.449336,-19.9947,10.3898
6.15354,-17.2111,16.0517
0.440152,-26.4727,9.65589
-28.2121,-58.1934,-19.3941
-70.7209,-103.598,-61.4349
-150.88,-186.72,-141.226
-253.73,-291.486,-244.592
-416.068,-454.433,-407.738
-644.121,-682.965,-636.777
-883.495,-922.4,-877.221
-1142.49,-1180.6,-1137.36
-1403.74,-1441.63,-1399.71
-1671.04,-1710,-1667.61
-1964.55,-2004.54,-1961.44
-2288.1,-2328.31,-2284.99
-2664.27,-2704.37,-2660.49
-3039.39,-3079.24,-3034.6
-3342.87,-3382.8,-3337.37
-3535.64,-3576.8,-3530.8
-3608.62,-3651.3,-3605.4
-3610.63,-3652.74,-3608.96
-3549.17,-3589.16,-3548.76
-3437.71,-3476.72,-3437.37
-3302.19,-3341.44,-3300.9
-3136.69,-3176.28,-3134.94
-2971.42,-3011.11,-2970.39
-2818.62,-2858.01,-2818.21
-2701.98,-2740.74,-2701.37
-2641.34,-2679.02,-2641.39
-2631.43,-2668.16,-2632.77
-2691.84,-2728.99,-2692.57
-2795.35,-2834.06,-2794.39
-2930.3,-2970.21,-2928.87
-3114.23,-3154.21,-3113.33
-3361.53,-3401.4,-3360.92
-3723.26,-3763.36,-3722.77
-4221.57,-4261.51,-4221.09
-4918.65,-4958.93,-4917.45
-5880.18,-5922.94,-5878.79
-6997.89,-7043.95,-6998.26
-8059.97,-8107.39,-8063.67
-8853,-8899.45,-8859.44
-9296.92,-9341.39,-9304.38
-9446.66,-9489.33,-9454.52
-9390.92,-9432.7,-9398.62
-9246.66,-9287.78,-9254.27
-9042.71,-9082.74,-9051.06
-8736.51,-8775.47,-8744.87
-8303.55,-8341.11,-8310.21
-7783.57,-7818.91,-7788.02
-7331.26,-7364.9,-7334.08
-7151.28,-7185.06,-7152.65
-7373.76,-7409.26,-7374.04
-7879.51,-7917.42,-7880.85
-8383.49,-8423,-8387.77
-8701.32,-8741.03,-8708.28
-8696.38,-8735.2,-8705.11
-8267.31,-8303.04,-8277.94
-7486.84,-7518.55,-7498.45
-6518.03,-6547.63,-6526.72
-5446.04,-5473.92,-5450.72
-4190.04,-4215.13,-4192.8
-2636.37,-2658.62,-2637.34
-856.952,-876.119,-857.653
808.583,792.23,804.748
1909.2,1893.36,1902.8
2072.32,2055.1,2068.45
1065.53,1046.37,1067.17
-883.724,-906.455,-879.821
-3168.14,-3195.19,-3166.5
-5526,-5556.07,-5528.02
-7841.7,-7874.25,-7846.95
-9512.09,-9546.45,-9520.09
-9985.82,-10018.8,-9995.69
-9347.99,-9376.16,-9357.76
-8165.02,-8188.04,-8173.21
-7033.62,-7052.85,-7040.55
-6138.93,-6156.8,-6145.3
-5325.53,-5344.62,-5331.6
-4461.84,-4481.66,-4467.36
-3593.88,-3612.48,-3599.26
-2843.77,-2860.98,-2850.09
-2312.61,-2329.16,-2319.01
-2019.74,-2035.93,-2024.31
-1874.35,-1890.17,-1876.15
-1665.03,-1680.28,-1664.76
-1154.21,-1168.97,-1153.07
-384.852,-399.471,-383.049
401.587,387.432,403.408
1166.16,1153.65,1167.07
2097.13,2087.54,2097.91
3436.16,3429.68,3437.5
5205.21,5200.94,5207.62
6657.82,6653.71,6663.4
6832.29,6825.68,6841.53
5948.04,5936.93,5957.36
4960.78,4944.47,4966.91
4274.03,4253.41,4277.91
3780.57,3757.54,3784.21
3413.4,3390.37,3417.13
3219.12,3197.78,3222.48
3082.09,3062.62,3084.79
2694.03,2674.95,2696.91
2013.86,1992.46,2016.67
1337.51,1312.63,1338.77
851.991,825.355,852.868
562.489,536.385,563.624
424.149,399.671,423.401
393.892,371.476,391.451
420.758,400.435,419.176
411.408,391.909,412.14
310.321,289.444,312.209
188.173,165.086,188.531
194.955,170.956,192.111
389.515,367.045,383.996
690.123,670.274,684.462
995.123,975.916,990.28
1306.33,1286.21,1301.33
1730.44,1710.32,1725.8
2297.7,2277.82,2294.35
2904.87,2883.86,2902.62
3466.76,3443.87,3465.3
3962.82,3939.06,3962.18
4434.99,4411.78,4435.16
4905.16,4882.69,4905.82
5324.87,5301.79,5325.23
5666.11,5641.06,5664.95
5916.79,5890.43,5914.55
6103.4,6076.79,6102.68
6286.28,6259.27,6287.96
6493.86,6465.59,6495.96
6683.88,6654.3,6684.76
6761.36,6732.07,6761.92
6730.84,6702.29,6732.35
6677.92,6648.61,6680.11
6632.39,6601.61,6634.51
6570.49,6539.45,6571.92
6425.92,6396.27,6426.65
6189.57,6161.64,6190.03
5931.99,5903.96,5932.33
5698.23,5667.77,5698.75
5495.83,5463.06,5496.93
5284.67,5251.44,5286.09
5064.15,5031.11,5064.92
4877.72,4843.83,4877.9
4729.62,4693.43,4730.12
4594.4,4555.84,4594.94
4417.75,4377.61,4418.45
4204.05,4161.55,4205.57
4014.76,3970.02,4016.15
3871.14,3826.14,3870.6
3751.5,3706.54,3748.85
3600.94,3554.79,3597.86
3408.58,3359.99,3405.4
3218.71,3167.97,3214.86
3055.07,3004.32,3051.15
2917.1,2867.75,2914.13
2751.5,2703.45,2749.77
2521.82,2474.45,2520.68
2231.76,2184.86,2231.4
1881.57,1836.11,1882.87
1500.8,1456.78,1502.15
1095.21,1050.54,1093.83
683.386,636.802,679.904
299.763,252.503,297.207
-57.5527,-104.007,-57.8691
-395.183,-440.907,-394.764
-761.545,-807.793,-762.351
-1190.96,-1238.91,-1193.05
-1669.8,-1719.17,-1672.03
-2218.6,-2268.73,-2220.51
-2982.28,-3033.11,-2983.7
-4272.25,-4324.32,-4272.62
-6138.7,-6193.28,-6139.19
-8121.66,-8178.39,-8124.82
-9727.82,-9784.9,-9734.9
-10736.7,-10792.8,-10747.9
-11146.9,-11200,-11161.7
-11037.5,-11086,-11054
-10567,-10612.3,-10583
-9952.38,-9996.13,-9966.5
-9284.59,-9327.31,-9296.06
-8569.85,-8611.05,-8578.02
-7794.93,-7834.55,-7800.79
-6997.03,-7035.79,-7003.09
-6269.62,-6307.32,-6276.55
-5594.82,-5631.79,-5601.52
-4887.49,-4924.74,-4893.56
-4111.65,-4149.13,-4117.7
-3343.37,-3380.51,-3349.31
-2711.29,-2748.03,-2715.76
-2208.9,-2245.87,-2211.37
-1756.11,-1794.18,-1757.53
-1309.72,-1348.93,-1310.74
-906.755,-946.362,-907.251
-630.288,-669.646,-630.915
-442.821,-481.211,-444.353
-248.6,-285.53,-250.659
1.21553,-35.175,-1.33011
264.248,226.827,260.765
442.012,402.973,437.611
540.353,499.978,534.561
631.169,589.898,623.646
759.535,717.38,751.343
892.563,849.631,884.947
954.556,912.066,948.206
957.058,916.33,952.076
955.116,916.402,950.514
990.493,953.667,985.587
1045.42,1010.32,1041.46
1049.93,1016.24,1048.16
1016.52,983.58,1016.5
988.186,955.533,989.223
993.879,961.618,995.381
1011.8,978.926,1012.43
963.577,928.717,962.768
857.772,821.235,857.174
742.125,704.724,743.451
647.655,609.984,650.198
563.527,526.164,565.374
441.917,404.407,442.909
299.278,260.842,300.427
164.701,125.459,166.174
40.3185,1.20712,42.0454
-94.0017,-131.58,-92.0343
-273.042,-308.494,-271.528
-474.141,-507.988,-473.569
-667.991,-700.838,-667.816
-832.838,-865.644,-832.403
-960.579,-994.672,-960.239
-1084.03,-1119.35,-1083.88
-1184.46,-1220.43,-1183.99
-1259.97,-1296.1,-1260.41
-1316.03,-1350.73,-1318.59
-1333.56,-1365.9,-1336.84
-1347.32,-1378.54,-1349.63
-1353.33,-1385.47,-1354.4
-1340.68,-1374.03,-1340.86
-1320.59,-1353.73,-1320.9
-1294.38,-1326.7,-1296.48
-1291.6,-1323.23,-1296.35
-1296.93,-1327.88,-1302.51
-1283.62,-1315.17,-1288.01
-1260.22,-1293.51,-1264.09
-1237.51,-1271.88,-1242.39
-1247.59,-1282.69,-1254.02
-1277.07,-1312.91,-1284.64
-1310.2,-1346.22,-1318.65
-1352.86,-1388.2,-1361.02
-1367.85,-1402.47,-1372.87
-1352.9,-1387.78,-1354.24
-1315.62,-1351.28,-1315.31
-1277.19,-1313.23,-1276.6
-1257.24,-1292.89,-1256.6
-1232.83,-1268.22,-1232.58
-1206.43,-1242.44,-1207.09
-1167.4,-1203.37,-1167.87
-1129.58,-1163.65,-1128.06
-1127.78,-1160.4,-1124.42
-1161.67,-1194.72,-1158.13
-1244.45,-1277.39,-1241.62
-1360.1,-1390.95,-1357.01
-1487.84,-1516.51,-1482.82
-1625.24,-1653.2,-1618.62
-1750.54,-1778.77,-1744.19
-1870.84,-1899.33,-1866.08
-1976.4,-2005.15,-1972.66
-2068.1,-2097.91,-2064.3
-2158.26,-2189.13,-2154.73
-2199.63,-2230.43,-2196.97
-2158.98,-2188.73,-2157.67
-2011.52,-2039.81,-2010.44
-1790.06,-1817.43,-1787.13
-1574.31,-1601.82,-1569.35
-1411.63,-1440.13,-1406.32
-1370.93,-1400.01,-1366.36
-1498.79,-1527.18,-1494.11
-1809.72,-1837.22,-1805.14
-2287.92,-2315.79,-2284.74
-2889.79,-2919.33,-2887.44
-3603.69,-3634.65,-3601.61
-4350.89,-4381.93,-4349.56
-5018.86,-5049.89,-5018.22
-5543.37,-5574.4,-5542.77
-5869.61,-5900.12,-5869.64
-6040.71,-6071.38,-6042.19
-6156.55,-6188.33,-6157.38
-6287.9,-6321.6,-6287.1
-6403.4,-6438.95,-6403.31
-6392.82,-6428.62,-6393.38
-6271.57,-6306.56,-6271.11
-6079.52,-6114.15,-6079.03
-5790.62,-5826.08,-5792.66
-5363.68,-5399.94,-5368.73
-4725.41,-4760.86,-4730.79
-3872.94,-3907.04,-3877.06
-2859.46,-2892.96,-2864.73
-1721.13,-1754.11,-1729.85
-516.581,-548.254,-526.512
643.796,614.219,637.801
1569.6,1540.85,1569.06
2078.27,2047.54,2079.72
2079.46,2046.01,2080.18
1633.9,1598.66,1633.3
973.936,936.315,971.181
278.007,237.263,272.657
-382.917,-425.125,-389.04
-956.271,-998.386,-961.449
-1408.02,-1450.15,-1412.81
-1733.91,-1776.32,-1738.73
-2027.38,-2069.91,-2032.56
-2338.57,-2380.75,-2344.71
-2549.47,-2590.64,-2555.81
-2622.44,-2661.63,-2628.22
-2735.27,-2772,-2740.39
-2974.64,-3010.61,-2979.5
-3268.96,-3306.38,-3274.81
-3713.15,-3752.42,-3720.95
-4400.13,-4439.64,-4409.46
-4938.71,-4976.89,-4947.9
-4776.07,-4813.6,-4784.53
-3782.69,-3820.08,-3791.22
-2106.3,-2142.12,-2115.37
35.125,2.96549,25.4185
2268.41,2240.76,2258.91
4263.26,4238.19,4254.42
6005.35,5979.5,5995.87
7515.09,7486.13,7505.21
8723.06,8691.78,8716.02
9681.01,9650.73,9677.63
10526.3,10499.3,10521.8
11392.4,11367.4,11384.2
12194,12167.7,12187
12685,12654.8,12683.6
12886,12851.3,12889
13060.8,13022.4,13064
13357.9,13318.6,13359
13631.3,13592.6,13630.4
13646.6,13607.5,13644.7
13401.9,13361.7,13400.2
13028,12987.6,13027.1
12616.5,12576,12614.6
12210.3,12168,12206.5
11835.4,11790.8,11830.5
11532.5,11487.7,11526.8
11274.1,11229.9,11267.6
10993.6,10948.6,10985.9
10664,10618.2,10656.6
10315,10269.2,10308.9
10011.7,9966.31,10005
9746.67,9700.88,9739.09
9461.24,9415.01,9456.19
9129.38,9085.92,9129.42
8773.37,8732.82,8775.63
8457.55,8414.99,8457.86
8191.4,8144.67,8190.11
7911.86,7863.78,7911.25
7587.89,7541.37,7587.96
7254.33,7208.88,7252.42
6969.08,6923.3,6965.48
6747.12,6701.35,6746.37
6559.41,6514.46,6561.59
6359.95,6316.07,6359.85
6151.08,6107.47,6146.72
5994.21,5949.94,5988
5895.81,5851.46,5890.99
5816.16,5772.88,5816.61
5722.57,5681.61,5729.34
5634.21,5596.28,5642.03
5613.79,5577.85,5617.1
5669.39,5634.54,5667.51
5764.43,5732.16,5760.3
5861.9,5834.37,5859.85
5958.41,5935.2,5959
6078.98,6057.99,6078.74
6211.73,6191.81,6208.42
6309.68,6289.84,6303.49
6311.86,6290.46,6304.97
6197.17,6173.37,6191.73
6014.54,5989.69,6011.55
5802.2,5778.12,5801.89
5574.54,5550.98,5576.55
5327.85,5303.5,5331.99
5085.4,5059.77,5090.47
4922.83,4895.73,4926.4
4884.62,4856.03,4886.01
4988.85,4960,4989.42
5231.07,5203.71,5232.36
5637.62,5612.71,5640.64
6208.32,6185.21,6212.42
6707.17,6683.9,6711.19
6865.24,6840.82,6868.97
6671.46,6646.17,6675.27
6282.31,6255.95,6285.99
5851.58,5824.39,5853.86
5470.57,5443.98,5471.47
5195.29,5170.05,5197.17
4994.54,4969.22,4999.93
4784.05,4756.06,4792.41
4548.33,4517.44,4556.09
4302.67,4271.44,4306.91
4065.41,4034.57,4066.28
3790.23,3757.92,3792.34
3400.41,3366.64,3408.63
2909.41,2876.4,2923.66
2372.91,2342.1,2391.81
1809.51,1780.61,1831.57
1141.62,1113.17,1163.23
302.628,272.862,320.852
-652.574,-684.536,-637.297
-1628.24,-1661.56,-1613.09
-2530.09,-2563.33,-2514.43
-3309.06,-3342.04,-3295.75
-3967.71,-4000.43,-3958.56
-4508.4,-4539.85,-4501.72
-4929.13,-4958.7,-4921.91
-5204.46,-5232.46,-5195.6
-5372.39,-5399.73,-5363.69
-5507.46,-5534.9,-5501.4
-5600.33,-5627.13,-5597.02
-5631.73,-5657.29,-5629.65
-5607.98,-5633.74,-5607.5
-5600.9,-5628.24,-5602.08
-5712.49,-5741.35,-5712.06
-5969.26,-5998.77,-5964.64
-6327.53,-6357.14,-6319.88
-6682.6,-6713.22,-6676.04
-6928.96,-6961.45,-6926.3
-7019.3,-7053.06,-7018.7
-7023.21,-7056.57,-7021.32
-7137.81,-7169.96,-7133.66
-7531.62,-7563.78,-7526.92
-8192.49,-8225.41,-8189.81
-8871.69,-8904.69,-8872.03
-9257.61,-9290.35,-9259.71
-9210.74,-9243.8,-9213.75
-8723.11,-8756.32,-8726.88
-7931.73,-7963.02,-7935.43
-7095.45,-7123.76,-7098.48
-6405.83,-6433.17,-6408.01
-5946.91,-5975.82,-5948.25
-5674.8,-5705.45,-5675.99
-5489.33,-5520.67,-5491.37
-5331.9,-5363.84,-5335.61
-5215.52,-5248.08,-5219.41
-5252.52,-5286.03,-5253.45
-5455.95,-5490.84,-5455.06
-5632.98,-5668.27,-5634.06
-5514.68,-5549.38,-5518.17
-4984.06,-5017.82,-4987.84
-4291.17,-4323.9,-4292.84
-3755.43,-3787.48,-3754.92
-3474.72,-3506.06,-3474.62
-3376.53,-3406.66,-3378.31
-3291.03,-3320.05,-3294.32
-3205.2,-3234.03,-3208.33
-3281.93,-3311.46,-3283.07
-3568.35,-3598.98,-3567.02
-3929.05,-3960.84,-3926.05
-4205.62,-4238.32,-4203.62
-4241.2,-4274.15,-4242.65
-4041.37,-4073.68,-4047.04
-3813.33,-3844.52,-3822.32
-3400.66,-3430.61,-3409.79
-2574.15,-2602.12,-2580.65
-1678.01,-1703.68,-1680.6
-1065.07,-1089.56,-1063.89
-696.208,-720.64,-693.13
-458.806,-484.26,-456.51
-343.072,-370.2,-342.814
-318.759,-347.058,-319.73
-193.146,-222.152,-194.856
164.723,135.665,162.646
619.995,591.368,618.479
965.543,936.457,964.351
1198.45,1168.86,1196.89
1553.77,1525.75,1552.63
2120.31,2095,2119.74
2678.9,2654.5,2677.03
2996.12,2970.73,2991.81
3067.44,3041.73,3062.37
3141.13,3115.38,3137.72
3351.04,3323.78,3349.49
3558.9,3530.6,3559.11
3615.11,3587.19,3617.37
3514.12,3485.71,3516.99
3428.46,3398.18,3429.87
3466.94,3434.82,3465.39
3527.01,3493.68,3522.24
3496.95,3462.83,3490.76
3376.88,3341.58,3371
3296.11,3259.74,3290.97
3324.18,3287.26,3319.36
3365.96,3328.66,3361.79
3325.74,3288.58,3323.36
3184.4,3147.69,3181.83
3065.22,3029.39,3059.02
3050.85,3016.55,3041.34
3052.98,3019.59,3042.59
2998.46,2964.18,2989.25
2870.24,2835.07,2864.01
2755.66,2722.13,2752.53
2721.13,2690.49,2718.97
2693.54,2664.38,2690.23
2617.03,2587.47,2611.48
2489.61,2459.96,2481.11
2384.94,2356.76,2374.21
2347.93,2320.69,2336.8
2315.26,2287.31,2305.34
2252.28,2223.66,2244.41
2156.12,2127.34,2149.13
2084.78,2055.48,2078.49
2111.46,2081.29,2106.36
2207.33,2176.55,2201.64
2284.84,2253.82,2279.42
2237.86,2207.05,2234.95
2098.66,2067.43,2096.08
1981.03,1947.47,1976.17
1888.18,1852.34,1882.24
1805.97,1770.16,1801.63
1726.53,1692.17,1723.57
1671.48,1638.78,1668.43
1649.96,1619.52,1647.15
1606.6,1578.93,1602.71
1541.18,1515.44,1533.75
1476.3,1450.37,1465.24
1433.06,1405.39,1421.27
1415.44,1386.47,1407.15
1383.75,1355.05,1378.76
1337.9,1310.38,1332.78
1284.97,1257.93,1278.87
1239.14,1211.83,1232.12
1221.22,1193.3,1211.81
1192.93,1164.36,1178.42
1144.82,1116.64,1125.93
1102.28,1074.49,1086.52
1071.52,1042.54,1064.74
1040.34,1010.6,1040.85
990.44,961.985,991.574
938.89,911.243,934.155
894.593,866.926,883.975
861.906,835.45,849.568
832.557,807.587,820.437
787.708,763.557,776.946
751.879,727.327,744.356
729.414,702.509,725.096
709.943,681.767,706.538
681.471,655.836,678.066
632.727,611.262,628.819
590.165,571.185,584.206
564.241,546.549,560.518
549.066,535.159,553.73
535.281,526.934,545.796
513.47,508.303,521.868
507.578,503.759,509.584
516.582,514.529,512.502
521.425,521.265,512.573
515.165,516.197,505.778
497.777,500.805,493.486
495.199,501.25,494.555
499.698,506.191,494.153
496.836,501.288,484.683
484.361,486.047,475.957
461.259,459.937,462.798
449.307,447.916,455.905
441.888,444.222,449.286
427.97,433.492,435.019
403.081,407.765,408.025
369.374,369.913,370.7
353.59,349.79,352.436
346.723,340.653,349.017
330.497,322.957,340.796
301.025,290.84,317.896
258.503,245.39,280.712
233.066,219.296,260.427
223.999,210.175,250.61
214.463,197.016,233.199
193.397,171.156,205.198
154.124,129.927,164.893
123.802,98.4964,138.169
103.285,74.6481,122.12
84.2161,52.3231,104.901
57.7791,24.8528,77.937
22.0118,-10.9071,42.8681
5.30842,-26.7501,28.5948
5.76208,-26.026,28.2715
-0.79214,-32.8474,16.1315
-40.492,-71.0295,-27.4806
-90.5358,-120.035,-74.397
-101.628,-132.949,-79.6553
-96.6438,-130.51,-72.8954
-96.8714,-132.558,-75.7842
-109.461,-146.405,-90.9413
-134.2,-171.282,-115.686
-136.677,-172.71,-117.554
-131.589,-166.877,-112.641
-133.607,-169.302,-115.709
-145.321,-181.847,-128.87
-166.297,-203.64,-149.642
-166.894,-204.931,-147.852
-167.263,-205.596,-146.774
-173.115,-211.231,-153.908
-183.927,-221.187,-167.182
-202.167,-238.118,-186.676
-194.425,-229.682,-177.838
-179.215,-214.558,-161.943
-178.033,-213.518,-163.325
-194.951,-230.894,-183.722
-212.198,-248.519,-202.018
-195.149,-230.947,-184.232
-174.397,-209.308,-163.246
-165.217,-199.611,-155.451
-165.108,-198.472,-157.581
-175.3,-207.088,-170.983
-167.752,-199.795,-168.82
-161.509,-194.71,-166.086
-158.465,-190.944,-159.423
-152.592,-184.529,-145.793
-154.89,-188.241,-143.464
-144.839,-178.514,-134.437
-141.583,-174.047,-134.666
-147.423,-179.729,-143.016
-156.576,-189.364,-153.756
-170.6,-203.614,-169.906
-167.164,-199.342,-168.168
-168.865,-199.251,-169.395
-175.726,-206.222,-176.006
-178.983,-211.522,-181.958
-190.216,-224.323,-196.843
-187.723,-222.743,-196.473
-189.729,-225.177,-199.331
-198.802,-233.461,-207.684
-199.037,-233.475,-204.952
-198.334,-234.98,-201.334
-183.3,-222.364,-186.018
-176.49,-215.785,-180.577
-174.074,-212.257,-179.216
-179.913,-217.212,-186.147
-206.757,-243.338,-213.398
-205.623,-242.075,-211.029
-195.583,-232.937,-199.992
-190.601,-228.597,-195.762
-181.372,-218.922,-188.211
-182.868,-219.439,-190.818
-171.179,-207.011,-179.751
-159.737,-195.137,-168.284
-154.019,-188.769,-161.571
-147.343,-181.053,-155.051
-154.521,-187.185,-164.397
-146.865,-179.276,-157.946
-142.667,-175.29,-152.35
-147.614,-180.33,-155.994
-142.312,-175.136,-151.473
-146.5,-177.932,-156.412
-135.171,-164.524,-143.948
-130.042,-159.571,-137.752
-141.901,-172.584,-150.115
-141.632,-172.88,-150.75
-144.703,-175.972,-154.025
-131.823,-162.222,-140.439
-115.885,-146.165,-123.893
-108.481,-139.932,-118.374
-94.1672,-125.907,-109.141
-89.3035,-119.84,-108.023
-75.5279,-104.95,-92.8023
-63.2919,-93.0926,-76.5014
-62.7994,-94.0742,-72.0711
-58.9675,-92.3218,-64.8969
-71.3749,-106.885,-75.9312
-77.7333,-113.916,-83.6058
-80.85,-116.423,-89.2101
-96.3808,-131.325,-105.808
-111.955,-146.891,-120.826
-155.374,-190.617,-164.198
-199.351,-233.909,-208.214
-223.119,-255.88,-231.224
-247.13,-278.227,-254.581
-276.827,-307.537,-283.156
-342.597,-374.309,-347.109
-437.164,-470.557,-440.729
-541.729,-577.015,-545.8
-636.727,-673.353,-642.877
-699.78,-735.927,-709.357
-739.882,-774.59,-751.149
-752.123,-786.558,-760.35
-776.143,-811.705,-779.53
-876.274,-913.18,-877.449
-1086.25,-1124.12,-1087.68
-1463.3,-1502.23,-1465.86
-2057.88,-2098.21,-2062.05
-2903.85,-2946.43,-2910.63
-3989.76,-4035.33,-3999.13
-5254.94,-5302.36,-5264.98
-6648.35,-6695.84,-6657.55
-8048.72,-8095.81,-8056.94
-9286.22,-9332.63,-9295.21
-10209.3,-10253.3,-10220.3
-10706,-10746.8,-10717.3
-10723.6,-10762.7,-10733.9
-10259.9,-10297.6,-10271.2
-9496.05,-9531.59,-9509.21
-8774.51,-8809.39,-8787.05
-8382.37,-8418.15,-8391.48
-8359.92,-8396.79,-8366.2
-8470.72,-8507.43,-8477.33
-8454.24,-8489.2,-8463.79
-8206.65,-8239.21,-8219.77
-7784.23,-7814.58,-7799.24
-7324.46,-7354.53,-7338.64
-6909.12,-6941.28,-6920.97
-6597.08,-6631.67,-6608.08
-6424.71,-6459.78,-6436.25
-6330.43,-6364.43,-6340.29
-6208.26,-6241.46,-6215.79
-5968.87,-6001.15,-5975.98
-5587.74,-5619.01,-5594.48
-5026.79,-5057.99,-5032.75
-4243.7,-4275.58,-4249.72
-3290.63,-3323.37,-3298.34
-2236.84,-2269.71,-2246.54
-1142.27,-1174.41,-1151.29
-23.8171,-55.2435,-31.5058
1113.43,1082.99,1103.45
2175.69,2147.15,2162.68
3068.24,3042.27,3057.28
3767.59,3743.72,3763.54
4292.66,4269.11,4295.35
4626.91,4600.94,4631.42
4717.25,4686.43,4717.54
4611.79,4576.44,4605.27
4425.6,4388.67,4414.18
4268.71,4232.91,4257.18
4198.67,4164.98,4191.75
4172.31,4140.07,4168.69
4148.55,4116.23,4143.97
4100.81,4066.59,4096.25
4018.99,3982.35,4017.38
3903.1,3865.96,3904.23
3740.49,3704.44,3741.39
3566.68,3531.67,3564.85
3409.76,3375.26,3406.58
3274.59,3239.91,3272.34
3157.38,3121.91,3156.29
3026.63,2989.73,3024.53
2890.88,2852.47,2885.85
2762.26,2723.55,2757.94
2645.97,2608.36,2646.04
2553.71,2517.02,2556.78
2462.81,2426.09,2466.75
2377.94,2341.56,2381.13
2299.28,2263.78,2300.34
2222.06,2186.84,2221.29
2150.31,2114.75,2149.62
2061.03,2025.39,2061.18
1957.89,1921.9,1957.71
1845.19,1808.04,1844.15
1735.27,1698.18,1732.85
1653.77,1618.18,1650
1601.49,1566.67,1598.31
1585.41,1550.79,1583.49
1590.39,1555.7,1588.81
1605.02,1569.92,1601.82
1644.77,1609.41,1637.17
1707.47,1672.09,1696.97
1805.37,1770.58,1798.58
1926.62,1892.2,1927.36
2050.74,2016.56,2056.07
2177.34,2144.43,2182.99
2290.05,2258.36,2294.67
2396.35,2364.98,2400.3
2491.13,2459.05,2494.18
2569.72,2536.79,2570.8
2632.4,2600.2,2632.18
2664.92,2633.86,2665.39
2676.06,2645.15,2677.31
2634.24,2602.41,2635.59
2484.29,2450.04,2486.65
2194.62,2156.63,2199.55
1791.07,1748.58,1797.42
1387.76,1342.05,1391.99
1046.85,1000.99,1047.43
768.022,723.764,765.656
526.622,483.91,522.676
218.952,176.511,215.251
-237.482,-280.539,-239.514
-851.576,-894.634,-852.704
-1557.2,-1599.77,-1560.76
-2273.79,-2316.31,-2281.61
-2966.17,-3009.95,-2975.8
-3595.42,-3641,-3604.23
-4157.8,-4203.19,-4166.07
-4665.36,-4708.34,-4674.25
-5135.84,-5177.4,-5146.38
-5617.32,-5660.47,-5629.77
-6151.37,-6197.2,-6165.36
-6751.88,-6800.15,-6766.74
-7375.39,-7426.15,-7389.43
-8005.34,-8056.73,-8016.87
-8649.66,-8699.31,-8659.32
-9266.43,-9313.83,-9277.04
-9863.21,-9908.6,-9876.93
-10467.4,-10511.5,-10484.1
-11095.1,-11138.9,-11112.8
-11786.1,-11829.6,-11801.6
-12556.6,-12599.5,-12568.6
-13417.4,-13460.4,-13428.7
-14267.2,-14310.7,-14281
-14923.9,-14967.8,-14940.4
-15279.2,-15322.6,-15297.4
-15284.3,-15326.3,-15304.3
-14990.7,-15029.8,-15012.4
-14463.1,-14498.1,-14485.2
-13758.8,-13790,-13779.8
-12954.4,-12983.5,-12973.1
-12084.1,-12113.1,-12100.5
-11214.3,-11244,-11229.1
-10378.2,-10407.8,-10392.6
-9560.68,-9588.18,-9574.12
-8764.81,-8789.5,-8775.92
-7976.12,-7998.54,-7985.36
-7214.54,-7236.29,-7223.45
-6485.37,-6508.89,-6494.41
-5768.65,-5794.81,-5777.83
-5064.07,-5091.51,-5072.53
-4403.05,-4430.31,-4409.92
-4060.07,-4086.88,-4065.87
-4499.02,-4528.09,-4503.61
-5974.2,-6009.38,-5977.57
-8015.14,-8056.05,-8019.69
-9457.73,-9499.89,-9465.8
-9462.12,-9501.02,-9473.61
-8023.58,-8056.71,-8036.04
-5551.95,-5577.6,-5563.43
-2662.35,-2679.95,-2672.16
-513.755,-527.478,-519.657
-88.1314,-105.14,-88.0419
-642.182,-665.64,-638.129
-614.999,-642.174,-611.542
421.193,395.3,422.196
1830.6,1808.66,1831.49
2861.74,2841.59,2864.86
3077.52,3055,3083.63
2327.03,2299.4,2336.09
933.942,900.952,943
-249.173,-285.044,-244.636
-590.874,-626.056,-592.897
-181.853,-214.302,-187.602
241.618,211.327,238.349
-78.035,-109.009,-76.1607
-1016.98,-1051.92,-1013.69
-1811.04,-1849.74,-1810.77
-1864.72,-1903.85,-1868.63
-1067.13,-1103.97,-1073.36
303.74,271.091,298.578
1895.98,1867.89,1892.64
3384.25,3358.81,3381.43
4579.84,4555.13,4578.83
5488.67,5463.04,5489.59
6189.64,6162.37,6189.52
6795.11,6766.52,6794.2
7302.15,7272.65,7303.83
7585.03,7555.4,7590.88
7496.29,7465.79,7504.66
7049.89,7017.38,7058.21
6507.91,6474.51,6515.12
6031.31,5997.43,6036.47
5641.11,5606.59,5643.5
5324.28,5290.44,5324.79
5022.23,4988.99,5021.24
4743.79,4710.43,4741.1
4483,4449.71,4478.76
4238.4,4204.95,4233.38
4037.98,4004.29,4034.01
3860.58,3826.48,3858.68
3724.52,3689.41,3723.37
3624.39,3588.57,3622.16
3558.41,3522.86,3555.44
3560.44,3524.93,3557.56
3601.9,3565.66,3598.39
3680.36,3644.09,3676.09
3764.15,3728.58,3759.75
3840.09,3804.89,3835.89
3948.71,3913.75,3945.45
4061.26,4026.9,4059.62
4169.88,4136.16,4169.26
4254,4220.97,4252.78
4312.32,4280.6,4310.08
4382.36,4352.34,4380.06
4448.25,4419.43,4446.04
4516.91,4488.44,4514.53
4560.28,4531.55,4558.21
4557.29,4528.04,4555.55
4542.02,4511.82,4540.27
4503.66,4471.94,4501.54
4458.6,4425.58,4456.23
4392.75,4359.09,4391.38
4295.76,4263.28,4295.76
4209.96,4180.53,4208.94
4120.52,4093.79,4116.49
4032.7,4007.86,4027.63
3929.2,3905.94,3926.17
3808.31,3785.8,3808.28
3709.17,3685.54,3710.35
3612.7,3586.86,3613.16
3530.61,3503.18,3530.31
3452.39,3424.08,3451.56
3370.3,3341.61,3369.78
3313.77,3285.24,3314.84
3255.91,3227.86,3257.87
3195.37,3168.37,3196.65
3114.89,3089.43,3115.64
3001.84,2977.41,3002.09
2891.94,2867.18,2890.35
2785.84,2759.4,2781.64
2711.18,2683.36,2706.62
2642.02,2615.12,2641.12
2552.23,2528.22,2555.89
2491.95,2469.94,2498.4
2452.41,2429.81,2460.21
2434.96,2410.72,2443.25
2424.83,2399.04,2433.03
2410.05,2382.72,2417.39
2425,2397.17,2431.01
2455.49,2428.48,2460.59
2504.74,2478.44,2509.5
2553.69,2527.1,2558.42
2580.5,2553.62,2584.78
2621.45,2595.41,2624.59
2672.14,2647.09,2674.38
2728.32,2703.35,2731.85
2767.93,2742.19,2773.99
2783.14,2756.6,2789.37
2817.89,2791.65,2822.67
2856.04,2830.92,2860.27
2898.95,2875.33,2903.04
2937.52,2914.97,2940.26
2950.28,2926.96,2951.17
2961.13,2935.83,2962.34
2954.37,2927.98,2958.44
2940.7,2914.62,2948.11
2919.45,2894.57,2928.13
2869.61,2846.46,2876.3
2811.26,2788.99,2814.87
2742.75,2719.61,2744.88
2678.16,2653.29,2679.47
2601.9,2575.19,2600.39
2489.97,2462.32,2483.67
2374.39,2347.24,2365
2253.6,2227.04,2245.58
2142.25,2115.24,2138.24
2030.42,2002.14,2029.33
1895.6,1866.84,1895.02
1771.57,1743.4,1769.95
1646.83,1619.56,1643.6
1528.61,1502.42,1524.39
1419.13,1392.82,1414.38
1303.36,1275.76,1298.76
1198.91,1171.1,1195.99
1093.49,1067.22,1090.92
1006.19,981.145,999.793
931.941,907.1,922.788
842.887,818.265,836.715
760.679,735.374,758.457
682.928,656.159,681.173
629.292,601.846,626.395
588.956,561.224,585.483
529.498,501.548,524.383
477.671,450.378,468.996
428.613,402.804,416.507
394.963,370.08,380.872
372.071,346.8,357.842
337.086,311.78,324.747
309.7,285.849,300.743
279.676,257.339,274.831
263.26,241.645,262.122
261.215,240.655,261.627
257.769,239.127,256.893
268.883,252.204,266.012
272.469,256.661,267.487
273.551,257.888,265.729
270.83,255.608,261.73
254.872,239.8,247.385
260.056,243.966,256.112
262.246,244.097,260.759
255.024,235.906,252.28
256.036,238.2,249.829
251.1,234.445,242.922
250.859,233.609,243.786
253.738,235.411,248.829
275.161,256.902,273.1
306.454,288.674,307.659
322.422,304.779,323.868
343.704,327.223,342.717
362.496,348,359.652
385.362,371.908,382.943
415.577,401.67,416.157
440.054,424.147,443.397
474.725,455.972,478.851
510.311,489.196,514.292
546.38,524.062,549.058
591.496,568.245,591.527
623.622,599.764,620.335
634.26,611.924,628.069
641.341,621.288,634.838
671.244,651.347,667.365
710.487,688.832,709.174
738.356,715.759,737.6
762.8,742.538,762.16
782.152,766.247,781.436
814.229,800.841,811.654
849.264,835.279,844.619
868.27,852.496,862.568
880.686,864.586,873.965
882.687,868.176,875.606
882.706,869.599,877.479
869.052,856.309,868.026
848.65,836.45,850.555
843.898,832.859,844.597
836.776,827.212,835.488
829.635,823.26,827.756
824.391,822.22,821.381
821.454,821.264,816.336
827.006,827.082,820.196
819.793,820.904,812.839
810.462,813.726,804.532
801.625,806.769,796.196
780.491,785.857,773.768
761.064,764.953,752.427
731.899,733.623,722.856
696.555,696.698,689.251
655.805,655.215,651.281
615.41,614.179,611.709
594.978,592.436,588.949
576.818,571.793,568.76
556.062,549.075,549.58
535.488,528.281,533.137
522.239,513.564,520.98
505.592,493.472,501.256
476.157,461.149,471.784
464.68,448.199,464.044
456.559,438.954,458.198
443.282,423.426,446.05
440.287,418.286,444.223
426.694,403.916,429.79
411.817,388.434,410.676
394.216,369.748,387.499
373.86,347.323,364.064
366.028,336.215,357.868
345.16,312.792,342.759
319.585,287.082,322.018
285.332,254.635,288.44
248.799,219.889,251.784
228.211,200.081,231.129
196.229,168.403,197.976
171.986,143.055,172.613
149.749,118.581,149.657
119.467,87.7358,120.266
100.982,70.8583,103.569
77.167,48.0113,78.9322
55.6451,25.7349,56.0068
31.1867,1.37042,33.0378
4.80361,-23.5642,9.06418
-5.95551,-33.7112,-0.0429856
-24.7817,-52.7929,-18.5895
-36.7183,-64.5488,-32.8893
-42.2129,-69.6136,-41.0469
-49.7203,-76.7947,-48.8494
-44.9938,-70.9674,-42.9427
-47.6224,-72.6524,-44.8311
-43.3167,-69.2374,-42.1248
-36.363,-63.2436,-37.0868
-28.6089,-55.2485,-28.6623
-5.77484,-31.4981,-5.04249
8.70805,-15.5298,8.38127
27.2619,3.91515,26.1119
44.4082,20.7797,44.8347
54.6606,30.3338,57.4432
72.9204,47.8853,76.4932
80.3575,54.7718,83.9293
93.0715,67.19,95.6972
107.757,82.0988,108.195
112.705,87.8098,112.594
123.496,99.1133,125.05
121.238,96.9367,122.903
118.71,94.6525,117.532
117.078,93.1558,113.129
112.551,87.9202,108.811
111.601,86.0424,110.135
92.1794,66.5262,92.3624
79.9569,54.9501,80.2292
79.6772,55.9596,79.0655
84.2614,62.1556,82.0552
99.3419,77.945,95.4485
97.9784,76.0287,93.8532
92.6519,70.1821,89.5802
84.9075,62.6297,82.4487
72.1735,50.5205,69.2983
73.5608,52.5375,70.9384
66.1944,45.6752,64.9005
55.3346,36.1288,54.5651
41.7113,24.064,40.7586
28.1668,10.4228,27.734
33.4474,14.3737,34.1362
29.4796,9.12466,30.6348
23.795,2.43284,24.111
15.791,-5.93032,14.4756
7.85615,-13.1173,5.33706
15.301,-3.078,12.8168
11.3783,-4.23723,9.21986
10.2918,-5.55565,7.77522
7.64725,-9.70976,4.68402
-6.70354,-24.2605,-9.98358
-6.19847,-23.6391,-9.69088
-4.22298,-22.1678,-7.17011
0.879158,-18.1013,-1.03037
9.07556,-10.9664,7.9806
14.2235,-6.12838,13.291
26.019,6.05866,23.5713
26.7863,7.62234,21.3617
36.4873,18.0787,28.367
54.2263,35.8385,44.9542
68.6849,49.8196,60.1214
92.5003,73.0303,84.9413
100.073,80.0295,92.3284
108.794,88.1648,100.128
122.732,101.578,113.81
130.399,108.989,122.469
143.995,121.865,137.281
144.244,120.944,138.575
142.521,118.775,137.549
144.892,121.264,139.776
148.552,124.611,142.226
163.344,138.806,155.358
164.228,138.945,155.576
160.777,134.776,152.149
154.679,129.106,146.7
143.111,118.798,136.917
140.849,116.892,135.482
122.422,97.8182,115.745
108.542,83.5859,100.325
104.206,79.809,95.0436
102.916,78.9194,92.4748
111.433,86.9262,99.3298
92.3505,67.3177,79.2933
72.5671,47.3982,60.2942
68.0493,43.2479,57.7682
68.1501,43.3169,59.3061
85.4615,59.1204,75.7861
92.2225,64.3921,80.2062
96.9247,69.1777,83.9211
102.081,75.7928,90.0176
97.3779,72.858,86.9051
107.539,83.4819,98.1483
114.359,89.2312,104.902
123.288,97.2807,113.024
137.944,111.877,126.199
146.793,120.673,132.579
169.857,143.669,153.408
180.585,154.852,163.186
187.83,162.47,171.277
201.42,175.37,187.482
209.512,182.497,197.877
230.206,203.344,219.545
239.369,213.106,228.97
243.567,216.709,232.494
245.612,217.65,232.812
239.689,212.137,225.702
250.312,224.496,237.35
257.042,232.606,246.425
265.43,240.89,255.583
272.088,246.706,260.211
261.057,236.895,246.959
262.682,242.38,248.555
260.037,244.032,246.704
255.871,242.584,242.202
258.918,245.371,244.26
257.115,240.907,242.511
267.447,248.501,253.956
256.29,236.495,242.937
235.128,216.093,220.957
223.317,204.117,208.961
205.36,183.888,190.869
207.178,183.432,191.972
204.582,179.879,188.717
192.518,167.115,176.807
180.948,155.05,166.403
162.448,136.542,148.945
159.707,133.474,145.96
152.835,125.845,137.711
145.489,118.827,129.248
146.265,121.656,130.004
134.739,111.89,118.87
136.364,112.664,120.58
143.054,116.564,126.281
157.201,129.033,139.287
185.828,158.191,168.382
187.422,161.783,171.284
184.942,161.523,170.434
195.012,171.846,181.826
209.266,184.178,195.641
223.444,196.228,208.672
223.122,194.636,207.697
230.197,201.298,214.721
232.885,205.116,218.449
220.285,194.922,207.016
209.525,185.056,195.619
204.247,178.456,187.651
207.234,180.614,188.417
199.491,173.509,180.799
189.479,164.515,171.856
182.446,158.275,165.026
146.018,122.003,126.15
86.6799,62.5435,63.3915
8.41529,-16.1981,-14.1356
-93.0981,-118.48,-110.795
-196.403,-221.439,-209.925
-287.149,-311.471,-300.76
-353.526,-378.288,-369.943
-403.729,-429.488,-422.184
-437.137,-463.745,-456.796
-450.64,-477.947,-470.923
-451.158,-479.387,-471.537
-427.494,-456.502,-448.742
-393.479,-421.97,-416.104
-346.453,-373.687,-370.022
-277.268,-304.231,-301.588
-198.78,-226.112,-222.934
-116.228,-143.025,-138.818
-43.5427,-68.9482,-65.083
21.6781,-2.13332,-0.801543
88.2197,65.8862,64.4964
148.933,127.994,125.755
202.871,182.602,182.066
256.944,235.051,238.852
326.561,301.284,309.642
402.22,373.873,385.362
465.491,435.377,448.844
524.757,494.343,508.696
563.438,533.381,547.535
582.919,552.859,566.37
595.893,566.083,579.958
598.636,569.552,584.285
598.306,569.469,584.59
585.678,557.249,572.409
566.504,539.348,553.232
541.916,515.662,527.975
512.009,485.708,497.953
493.812,467.908,480.634
475.039,449.42,462.908
453.495,426.502,440.599
440.338,411.141,425.669
430.701,399.345,415.473
422.602,389.855,407.962
408.125,375.182,394.415
388.149,355.802,374.853
354.669,323.833,341.389
306.01,276.804,292.082
263.579,234.757,247.91
224.753,195.162,208.174
200.537,169.649,184.434
185.238,153.869,169.918
161.228,130.642,147.008
136.345,106.756,123.306
104.867,75.2967,92.5869
61.8351,31.1045,49.4441
-4.46485,-36.0447,-17.636
-67.8631,-99.9215,-81.8817
-96.3133,-128.467,-110.58
-118.836,-150.201,-132.095
-139.809,-170.18,-151.631
-163.833,-193.348,-174.592
-194.86,-224.224,-205.594
-209.058,-239.549,-221.273
-222.214,-254.603,-235.502
-230.047,-263.654,-242.28
-232.509,-266.115,-242.911
-242.666,-275.302,-252.226
-240.066,-270.756,-249.311
-240.223,-269.548,-248.886
-240.231,-269.746,-248.62
-242.269,-272.839,-251.278
-250.231,-282.076,-260.194
-241.65,-273.644,-252.386
-241.223,-272.069,-252.278
-233.104,-262.859,-243.484
-216.81,-245.89,-225.36
-220.268,-248.478,-226.646
-220.702,-247.678,-225.271
-225.466,-251.681,-228.584
-228.407,-254.841,-231.199
-230.394,-257.653,-233.645
-246.133,-274.655,-249.251
-249.246,-278.595,-251.469
-254.541,-283.596,-256.011
-256.713,-284.951,-257.874
-247.594,-274.764,-248.735
-250.419,-276.925,-252.402
-240.045,-266.946,-243.345
-229.924,-257.545,-234.442
-223.95,-251.514,-229.637
-215.429,-242.302,-221.494
-221.787,-248.336,-225.802
-219.18,-246.498,-219.685
-216.579,-245.112,-215.561
-209.482,-237.809,-209.119
-198.745,-226.146,-199.752
-203.082,-230.799,-206.56
-196.294,-224.536,-202.511
-191.053,-218.466,-197.563
-185.284,-211.458,-190.069
-169.286,-194.929,-173.103
-164.178,-189.535,-168.292
-157.443,-182.924,-162.513
-159.492,-185.703,-165.881
-155.456,-182.18,-162.417
-131.234,-157.864,-137.386
-117.188,-142.796,-122.401
-102.225,-127.284,-107.729
-95.7942,-122.192,-102.136
-85.4336,-113.078,-91.5242
-61.2771,-88.629,-67.008
-45.848,-72.6427,-52.6904
-22.9096,-50.0983,-30.8686
-9.88416,-37.7646,-16.954
-0.498243,-27.8894,-5.41428
13.9517,-11.8209,10.7512
13.7052,-11.7004,10.9752
23.3423,-3.48619,19.5492
28.0974,1.02134,22.7649
25.3907,-0.0362187,18.8633
30.9254,6.76556,23.5323
26.3455,2.51397,19.6582
28.0356,4.20936,24.1029
26.3533,2.24071,24.5418
21.1252,-3.0919,18.6865
15.5559,-8.11068,11.563
-8.20025,-30.0282,-11.9166
-21.1053,-40.0823,-23.2984
-31.005,-49.1677,-32.6153
-39.7366,-60.6796,-42.1992
-45.8626,-70.3174,-49.5367
-63.9084,-90.4808,-67.116
-71.8715,-98.9255,-72.9202
-90.3739,-115.684,-89.5875
-114.024,-136.615,-112.494
-118.247,-139.555,-116.697
-121.193,-143.436,-119.723
-116.92,-141.451,-115.507
-120.497,-146.708,-119.379
-129.109,-155.301,-127.576
-134.598,-158.815,-131.839
-156.433,-175.948,-154.546
-163.365,-177.837,-164.936
-157.193,-170.182,-162.655
-146.406,-160.017,-154.872
-136.529,-148.402,-145.59
-148.173,-155.006,-156.136
-155.711,-156.704,-162.861
-167.934,-163.413,-174.36
-178.173,-168.285,-183.882
-170.718,-157.356,-177.486
-165.497,-151.131,-175.389
-150.698,-135.585,-163.388
-141.231,-124.456,-155.111
-137.887,-119.114,-151.174
-127.057,-106.985,-138.283
-129.548,-109.53,-139.404
-137.866,-118.943,-147.779
-162.716,-144.038,-172.21
-182.499,-162.229,-189.491
-172.872,-151.984,-176.481
-166.289,-146.971,-168.166
-154.542,-136.403,-156.98
-148.041,-129.417,-151.704
-143.556,-124.258,-146.562
-126.04,-107.428,-127.211
-109.622,-92.2127,-110.492
-80.8231,-63.9092,-82.2564
-57.0328,-40.1027,-57.971
-35.6969,-18.9625,-35.6945
-8.11673,7.67446,-7.89534
4.42916,18.8902,3.91343
26.6362,40.0745,24.9939
49.8997,62.822,46.8677
70.6527,82.7656,65.5292
101.267,112.23,95.134
121.293,131.781,116.652
149.917,160.264,147.667
173.897,183.854,172.824
187.434,196.728,185.501
203.147,211.576,199.501
203.861,211.666,199.727
201.934,209.482,197.858
180.478,187.556,176.16
148.445,154.265,144.625
125.924,130.297,122.883
89.0308,92.1714,87.6527
53.1986,55.4478,54.6434
16.1069,19.1061,18.5403
-20.5742,-16.0345,-19.3764
-47.6204,-43.0923,-47.4356
-86.1217,-82.8663,-86.5233
-119.403,-117.475,-120.416
-163.229,-161.919,-164.109
-223.93,-222.639,-223.583
-282.381,-281.197,-280.707
-346.88,-345.094,-345.24
-393.739,-390.24,-393.813
-438.716,-433.882,-441.243
-483.979,-478.966,-487.411
-512.923,-507.188,-514.286
-550.264,-543.113,-548.595
-597.395,-590.705,-593.811
-678.896,-673.656,-674.199
-792.365,-787.371,-787.724
-908.85,-904.051,-905.962
-1029.81,-1026.38,-1028.45
-1133.69,-1131.95,-1131.69
-1228.81,-1227.41,-1224.88
-1316.87,-1314.46,-1311.89
-1394.26,-1390.72,-1390.43
-1490.98,-1486.68,-1489.68
-1587.51,-1583.02,-1586.32
-1688.32,-1683.78,-1684.36
-1797.75,-1793.07,-1791.86
-1903.91,-1899.27,-1897.9
-2017.23,-2012.6,-2011.69
-2100.51,-2096.36,-2095.28
-2150.93,-2146.44,-2145.98
-2172.04,-2164.85,-2167.75
-2168.73,-2158.79,-2165.02
-2190.36,-2178.74,-2187
-2236.06,-2222.3,-2232.89
-2322.46,-2307.07,-2319.62
-2489.49,-2474.19,-2487.57
-2795.99,-2780.92,-2794.26
-3349.42,-3333.16,-3345.89
-4197.74,-4180.17,-4191.27
-5381.75,-5364.63,-5374.25
-6916.25,-6900.64,-6910.52
-8749.07,-8735.67,-8745.22
-10774.9,-10764.2,-10772.9
-12738.3,-12729,-12739.2
-14375.6,-14365.5,-14379.9
-15489.6,-15477,-15496.4
-15923.6,-15907.4,-15931.6
-15614.6,-15593.4,-15622.7
-14679.4,-14652.8,-14687.3
-13571.6,-13540.5,-13578.4
-12806.6,-12772.5,-12811.1
-12618.1,-12582.6,-12620
-12987.1,-12950.7,-12987.9
-13726.9,-13689.9,-13728.1
-14616.7,-14580.1,-14619.2
-15426.7,-15390.2,-15431.1
-16000.9,-15963.4,-16006.6
-16383.1,-16343.4,-16388.4
-16638.1,-16594.8,-16642
-16792.5,-16745,-16795.9
-16853,-16802.6,-16857.3
-16806.6,-16754.4,-16812
-16679.3,-16624.1,-16685
-16456.1,-16396.4,-16461.3
-16123.1,-16060.2,-16127.8
-15693,-15629.2,-15697.1
-15191.7,-15126.9,-15194.7
-14646.4,-14578.5,-14649.7
-13993.8,-13921.9,-13998.8
-13167.4,-13092.3,-13172.9
-12109.5,-12031.5,-12114.4
-10785.6,-10704.6,-10790
-9271.55,-9187.15,-9275.57
-7620.38,-7531.9,-7623.86
-5842.87,-5749.92,-5845.77
-3949.21,-3852.15,-3951.84
-1968.19,-1867.94,-1970.47
26.8341,129.663,24.7533
1977.39,2083.01,1976.75
3702.98,3810.89,3706.7
4964.91,5073.76,4973.56
5691.91,5800.78,5703.62
6001.8,6109.56,6015.56
6142.22,6248.17,6157.69
6295.32,6400.76,6310.68
6548.63,6655.47,6562.55
6893.27,7002.84,6907.28
7198.99,7312.21,7214.17
7385.22,7501.78,7400.25
7451.01,7568.96,7464.07
7470.4,7588.94,7481.33
7514.32,7634.38,7524.89
7538.13,7660.07,7548.99
7517,7641.06,7527.61
7441.03,7567.84,7450.85
7326.55,7456.49,7335.46
7235.18,7367.34,7243.88
7142.76,7275.71,7151.32
7022.46,7156.69,7031.27
6872.32,7009.12,6882.15
6717.76,6856.51,6726.82
6600.17,6739.57,6606.07
6488.77,6628.96,6492.12
6366.72,6508.77,6369.38
6239.99,6384.47,6242.38
6121.48,6267.57,6123.04
6029.78,6176.96,6030.45
5936.9,6085.92,5936.81
5828.61,5979.43,5827.57
5701.05,5853.06,5699.21
5576.82,5730.35,5575.22
5502.5,5657.7,5502.23
5431.98,5587.91,5431.42
5326.99,5482.95,5324.21
5210.19,5366.13,5206.4
5104.92,5261.63,5101.39
5031.76,5190.92,5028.24
4971.13,5133.68,4966.96
4911.26,5076.77,4906.51
4846.52,5013.33,4841.55
4780.77,4947.3,4775.45
4735.26,4901.42,4730.15
4692.27,4858.61,4686.97
4637.38,4804.58,4630.98
4568.87,4737.31,4562.77
4503.27,4671.54,4496.97
4462.63,4628.96,4452.97
4430.99,4594.95,4417.46
4402.73,4564.34,4388.15
4357.69,4517.23,4344.7
4272.95,4430.95,4260.85
4178.78,4335.12,4166.06
4088.05,4242.51,4074.35
4006.52,4159.05,3990.66
3933.53,4084.47,3914.95
3861.71,4013.55,3842.33
3802.89,3957.92,3784.49
3745.81,3903.37,3727.29
3687.19,3845.45,3667.17
3620.21,3777.88,3598.71
3539.83,3697.76,3516.4
3462.56,3622.65,3436.85
3395.92,3557.8,3369.05
3345.45,3507.84,3318.46
3296.01,3459.26,3268.71
3237.58,3402.55,3210.03
3184.57,3350.84,3157.32
3140.43,3306.71,3112.47
3099.65,3266.1,3069.93
3041.35,3208.92,3011.06
2965.9,3134.22,2936.31
2895.81,3064.86,2867.38
2830.88,3002.25,2802.77
2779.54,2954.35,2749.18
2727.54,2905.3,2694.1
2661.72,2841.14,2627.04
2593.92,2774.3,2559.85
2524.21,2705.6,2490.98
2469.99,2652.93,2436.64
2420.2,2605.58,2386.6
2356.63,2544.54,2323.02
2300.7,2490.26,2267.35
2262.43,2453.32,2230.47
2240.47,2433.78,2210.04
2220.51,2416.37,2190.13
2193.51,2391.57,2161.53
2169.22,2370.89,2135.77
2143.49,2348.65,2109.99
2120.97,2327.23,2087.32
2096.41,2302.7,2061.37
2063.54,2271.11,2027.5
2034.28,2245.14,1999.66
2006.52,2221.11,1974.41
1986.89,2203.91,1956.7
1967.22,2185.42,1938.28
1942.41,2161.43,1913.05
1915.34,2135.95,1884.52
1874.07,2097,1843.73
1834.72,2059.05,1806.66
1802.3,2027.14,1775.58
1764.84,1990.16,1737.87
1726.68,1951.64,1699.44
1682.3,1906.23,1654.72
1637.28,1861.28,1608.6
1597.51,1822.52,1568.91
1555.41,1782.13,1528.47
1506.77,1736.24,1480.91
1443.59,1675.39,1417.77
1388.76,1622.3,1363.3
1346.69,1582.74,1322.36
1305.28,1544.98,1281.68
1270.18,1514.06,1247.15
1227.6,1474.99,1206.45
1179.07,1429.1,1161.31
1131.08,1383.56,1116.58
1088.48,1342.64,1074.94
1058.28,1310.54,1044.2
1031.66,1278.83,1017.91
1009.61,1254.11,996.249
985.648,1231.88,971.922
955.576,1205.67,942.131
933.297,1187.97,922.079
916.126,1174.43,908.097
910.023,1171.11,904.688
910.793,1175.18,908.338
908.702,1175.97,908.374
910.036,1179.13,910.373
904.222,1174.17,905.1
901.346,1171.18,903.214
902.638,1172.26,906.038
896.086,1165.82,901.667
887.137,1157.07,896.397
876.644,1147.84,889.305
877.399,1152.49,889.727
886.201,1166.13,896.838
883.241,1166.36,893.965
866.002,1152.37,877.665
849.548,1141.02,862.839
849.619,1147.44,864.758
848.02,1151.91,863.888
833.932,1142.17,850.218
818.9,1130.26,836.315
806.647,1120.52,825.771
807.602,1123.52,829.552
800.246,1117.73,826.051
771.985,1090.45,801.479
741.949,1061.86,774.229
715.449,1037.47,749.363
705.867,1029.11,741.366
691.441,1015.23,729.548
657.796,982.602,698.517
618.83,944.794,661.36
584.335,911.043,628.602
576.917,903.383,622.322
570.147,895.207,615.565
542.267,866.122,587.884
511.055,835.778,558.09
485.126,811.816,534.903
478.31,805.695,530.757
467.881,794.739,521.553
436.331,762.105,489.914
409.096,734.002,461.909
393.828,719.192,446.509
396.319,722.401,450.097
395.035,720.731,449.903
377.799,703.16,432.315
364.794,690.449,417.173
362.25,687.415,412.53
381.04,703.866,430.523
393.023,713.323,442.787
384.412,704.241,435.932
377.036,697.577,430.912
378.969,700.159,433.484
401.732,722.717,454.532
416.027,734.972,467.909
403.804,720.354,457.256
391.077,707.318,445.981
389.363,706.989,443.932
407.352,725.978,460.495
418.866,737.121,471.073
405.613,722.704,457.397
390.942,706.799,442.085
382.658,696.46,433.357
389.782,701.049,439.988
387.88,697.812,437.253
363.895,673.479,413.118
339.94,648.937,389.996
329.749,636.858,380.391
342.858,647.704,393.772
330.715,635.576,382.887
290.906,597.406,345.037
265.419,572.621,320.733
245.525,552.242,301.003
241.23,546.773,296.612
234.141,537.981,289.925
209.543,511.331,265.132
195.497,494.607,248.774
186.246,483.255,236.971
188.893,485.531,239.381
191.588,487.549,243.11
178.372,472.098,229.849
167.121,457.538,216.98
151.693,437.536,199.483
151.681,432.421,198.15
157.163,433.896,203.356
158.22,432.215,205.144
169.403,440.996,216.977
162.476,431.976,209.592
165.941,434.236,211.191
180.692,447.935,223.415
184.925,449.55,226.527
201.731,462.419,243.142
212.481,469.862,252.744
224.072,479.514,261.64
236.366,490.518,271.5
240.545,492.264,275.356
255.275,502.433,289.747
256.931,499.21,290.211
260.439,499.26,294.056
272.915,508.296,307.313
271.932,502.991,305.231
274.157,501.635,306.198
267.087,492.103,299.418
268.663,492.045,302.044
274.369,497.094,307.49
254.121,475.757,285.105
240.857,459.857,269.81
225.269,441.27,253.215
210.661,424.521,239.055
205.622,418.279,235.691
194.063,406.015,224.453
190.475,401.885,219.147
174.228,385.289,201.994
153.637,364.21,182.841
153.435,362.237,183.949
161.531,367.259,191.285
177.25,379.601,205.892
170.996,370.048,199.037
152.149,348.92,179.255
148.704,343.804,174.555
149.199,341.969,173.879
162.022,352.791,186.073
162.453,352.57,186.434
154.359,343.759,178.619
158.505,345.621,182.547
164.887,349.29,187.24
179.729,361.617,199.162
177.759,356.52,193.338
169.098,344.45,181.538
170.832,343.87,183.079
170.528,343.343,184.161
177.414,350.399,190.971
170.487,341.472,181.941
156.843,324.024,166.163
152.235,315.857,160.599
145.561,307.295,153.843
150.038,311.685,158.965
142.709,305.326,152.512
129.061,292.197,139.284
124.341,285.835,133.751
115.821,274.449,123.521
123.024,278.8,129.586
120.011,272.433,125.986
104.936,255.016,110.646
95.3424,244.914,100.995
84.4302,233.447,89.2906
87.3379,235.142,91.1251
80.6259,226.25,83.7173
62.3685,204.839,64.8049
45.9646,184.916,47.9659
31.3508,167.33,33.5307
41.0444,175.552,44.4447
48.1676,180.561,54.053
46.8113,174.9,55.2715
52.5426,175.29,61.8352
52.111,169.864,61.4172
59.5292,173.526,69.707
57.6087,168.469,68.4216
50.5233,158.144,61.5321
48.5008,153.397,59.5203
35.932,139.845,46.2134
33.5596,137.348,42.4758
27.138,129.844,33.4302
17.8598,119.302,21.1395
18.7808,118.596,20.454
20.5469,117.871,22.2458
32.0733,128.383,35.6172
30.1632,126.466,34.7737
28.2861,123.158,30.329
46.5664,139.034,45.1658
51.8096,143.305,48.6563
50.8953,142.999,47.532
38.1317,129.44,36.3596
23.5085,113.129,23.9377
27.698,116.16,27.7592
33.6489,121.092,30.3414
55.16,143.647,48.3897
75.9472,168.009,65.8409
90.8802,186.04,78.0779
111.01,206.562,97.8722
126.337,221.338,113.627
149.235,245.568,136.957
162.754,261.104,151.409
167.018,265.998,156.974
175.836,274.941,166.917
187.578,286.589,178.643
213.07,310.176,203.966
222.606,316.354,213.485
219.373,309.67,209.059
223.352,309.83,210.907
218.463,300.718,204.103
213.901,292.376,199.232
189.121,265.319,175.795
159.239,235.158,147.8
148.622,224.055,138.888
135.379,207.066,126.916
130.515,195.806,123.541
117.533,176.551,111.994
100.296,154.098,94.5361
89.9511,140.24,82.689
69.3951,118.594,61.0772
55.8803,104.674,46.4548
38.4884,85.6224,26.6628
16.4706,61.6353,1.67834
2.45622,46.0009,-14.5046
-12.9142,28.0803,-30.959
-13.4118,24.9042,-30.3706
-14.8678,21.6001,-28.786
-19.3595,14.3503,-31.3127
-16.2267,12.9924,-28.1025
-23.9031,0.818108,-36.9986
-26.0687,-3.63937,-41.1589
-33.806,-11.0045,-50.4778
-42.7464,-18.6964,-59.4557
-40.05,-15.7361,-54.8071
-43.8935,-20.6895,-56.4814
-38.3626,-17.3177,-50.1615
-32.399,-13.2178,-44.5013
-26.5013,-7.87238,-39.1868
-12.7099,5.41891,-24.3551
-9.19397,7.5288,-18.4518
-5.17537,9.19389,-13.6367
-5.62169,5.34447,-15.2956
-5.95614,2.10358,-17.5284
0.177126,7.294,-12.3756
-8.98157,-2.01472,-21.0207
-15.8409,-9.86774,-27.897
-22.8077,-17.9962,-35.8226
-27.4226,-22.4259,-41.3323
-18.7242,-12.7567,-34.0903
-15.8764,-9.32379,-32.0486
-12.7482,-7.09482,-28.4936
-18.9696,-15.6077,-36.0391
-26.3275,-23.8708,-46.1281
-22.6303,-19.1041,-43.5179
-25.8477,-21.5964,-47.0042
-24.6181,-20.856,-46.558
-21.1693,-18.2393,-43.9129
-19.3466,-16.7978,-44.2972
-16.6239,-14.5237,-44.4588
-15.6659,-15.5199,-44.0654
2.14427,-1.49149,-24.7935
11.4375,5.00459,-13.862
5.3504,-0.0498513,-19.3498
7.81673,4.75275,-17.8042
7.65992,5.11973,-19.5313
12.7023,9.12799,-15.675
13.2665,7.60186,-15.6382
14.1917,7.21014,-13.6366
29.2168,23.0337,3.51702
35.3752,30.5042,9.5451
33.9132,29.0007,5.59723
25.4297,19.0904,-4.68429
21.3175,13.8952,-10.3009
32.5546,24.7194,-1.29597
44.7522,36.8466,9.69218
60.4911,53.9322,26.3301
66.3298,61.428,33.4253
64.5671,59.9812,30.5606
69.8936,63.8441,32.6911
73.8738,65.4957,33.8238
83.5668,75.1192,42.6432
80.2437,73.1922,40.3409
72.033,65.0915,34.1856
73.7487,66.2663,37.9316
64.0978,56.7678,28.6043
62.3485,55.8025,25.0673
62.0013,55.5763,22.4321
49.6772,43.3313,9.5852
38.879,33.8077,0.572314
33.1822,29.1121,-3.74576
42.6474,38.2339,4.83802
51.1261,45.429,11.7531
52.186,44.4892,11.8522
58.0826,48.0398,17.3148
55.3632,43.5235,14.2649
47.1426,34.7916,5.88056
45.8357,33.134,4.73388
56.4073,42.1077,14.4754
61.9087,45.5753,18.4083
50.3837,32.954,6.61216
47.1638,29.8282,5.13165
50.3459,33.0286,10.5573
60.4971,42.1882,20.8813
70.6998,51.4883,29.3526
66.7264,47.6905,24.149
70.4183,52.3512,27.7568
73.5336,55.7791,30.941
72.3797,53.6568,29.7278
69.448,49.5836,27.3123
60.0596,38.6189,18.4355
56.7568,32.7252,14.874
53.8469,27.5492,12.6956
56.5742,29.5264,17.346
60.4136,33.6237,21.9728
54.8439,28.9138,15.3436
54.9021,29.8933,13.6047
51.523,26.1101,8.16762
48.0409,22.0644,2.91478
47.8508,22.9667,3.05462
39.8754,16.8044,-3.48556
39.1047,16.6006,-3.85479
35.2336,11.8308,-7.97213
27.879,4.68541,-15.8059
22.703,1.69381,-22.1015
16.6251,-2.45794,-29.7325
18.8445,0.797351,-28.2445
17.0476,0.821055,-28.2767
19.7917,6.65144,-21.5016
23.0265,13.0896,-15.0475
15.7115,8.27032,-21.892
16.2136,10.2392,-21.8276
15.5076,10.3326,-21.7693
14.0889,10.1546,-21.6661
13.7699,11.3182,-20.0446
5.81554,3.75325,-26.4787
4.99466,3.05265,-27.4513
3.42875,2.28146,-30.1206
3.44138,3.29193,-30.5547
4.77294,5.87315,-27.9905
-2.89433,-0.114224,-34.2663
-0.901019,3.69339,-32.5061
0.259925,6.02751,-32.7754
0.787191,6.6214,-33.3349
3.09477,7.79712,-30.1477
0.200439,3.70575,-30.5383
2.93614,6.9801,-25.5897
1.35913,6.88877,-25.5904
2.08206,8.2321,-23.8008
3.83609,9.04071,-22.2098
-2.63065,1.0648,-29.7582
-0.963493,3.59609,-28.4928
1.24011,8.50805,-24.5333
6.93454,15.4574,-15.6321
12.1855,20.0571,-7.54
1.93144,8.42798,-16.271
-1.65762,4.14951,-19.5227
-4.69465,2.12372,-22.43
-4.0821,4.57798,-21.6936
5.74421,14.7922,-12.0701
5.41022,12.6756,-12.9883
-1.41352,4.69143,-21.1536
-17.7221,-10.17,-39.1179
-28.8691,-19.0178,-50.9253
-30.9081,-20.0525,-52.0553
-31.1321,-20.3802,-50.5474
-18.0453,-6.07977,-36.1485
-12.5662,1.41165,-30.4009
-16.7884,-2.88758,-35.678
-19.4349,-7.17603,-39.3095
-26.8923,-16.2489,-46.3313
-28.7112,-19.0141,-47.1031
-34.2226,-25.308,-51.8929
-42.2607,-34.5914,-59.494
-50.7539,-42.635,-68.2025
-62.3253,-50.6362,-82.0347
-56.4576,-41.0251,-78.9099
-48.6845,-31.9053,-72.0182
-42.921,-26.0912,-66.1732
-42.258,-24.6795,-65.074
-51.0324,-31.7254,-73.3536
-46.8519,-25.501,-70.1887
-38.6937,-15.9593,-63.2791
-29.973,-7.77197,-53.6407
-29.681,-9.0313,-51.6683
-31.0855,-11.253,-53.3563
-11.485,8.42768,-36.6018
-4.81942,15.176,-33.3987
-12.47,7.33678,-43.8371
-12.7073,7.43489,-45.1023
5.52812,26.6481,-24.0364
40.1957,61.9253,16.0539
29.3792,51.1823,9.39053
-11.8662,10.504,-30.786
-27.5443,-4.57624,-47.1744
-12.0189,10.2068,-31.9721
21.385,40.3836,1.13298
14.7975,28.9355,-6.81003
-18.6636,-7.98818,-41.6761
-34.9961,-25.561,-58.9207
-26.0506,-17.033,-50.6542
-1.12002,8.06705,-25.1732
-14.7296,-4.14857,-36.8898
-47.0958,-35.0915,-68.4193
-58.3099,-47.0886,-80.7086
-52.4461,-44.1259,-75.8046
-36.4678,-30.1963,-59.4214
-49.887,-43.3557,-72.3328
-75.7387,-68.3012,-97.9922
-82.9471,-76.2766,-103.923
-76.1924,-72.4248,-95.6383
-56.8896,-56.0963,-75.8264
-63.6602,-64.9878,-82.9546
-77.9107,-79.9012,-97.5033
-78.7692,-78.8639,-97.8715
-78.2197,-75.7732,-96.8455
-57.5612,-54.1317,-76.0064
-46.295,-43.2186,-64.3349
-43.835,-41.0983,-61.6557
-39.8587,-36.2751,-58.605
-38.936,-34.3903,-59.5595
-22.0813,-17.7622,-44.4986
-16.7513,-13.1789,-39.6083
-16.0034,-12.4773,-37.085
-6.24355,-2.3059,-25.0671
1.00134,3.9669,-17.7599
20.5416,21.5998,0.182553
24.605,25.2184,3.2159
13.9387,16.1407,-6.76071
6.1102,11.0756,-12.3293
5.31522,12.4297,-11.7449
30.6361,37.774,11.9904
45.3302,50.6388,23.7057
58.9114,61.3413,35.528
66.5211,67.3255,43.1417
37.1708,39.406,14.6726
20.246,24.2358,-1.24651
8.5142,11.6641,-12.6461
2.714,3.61612,-19.2981
8.60885,8.63399,-14.526
-3.02087,-1.3205,-26.1232
-8.62258,-4.1349,-29.6957
-18.1478,-12.4715,-36.9137
-25.7456,-20.9738,-44.841
-20.178,-17.0069,-41.1468
-29.1867,-27.2301,-50.5872
-34.88,-32.6792,-53.8642
-49.6814,-46.557,-64.9486
-59.4537,-57.0639,-74.0111
-40.7466,-41.1642,-59.1423
-29.2225,-32.8887,-52.0333
-19.9044,-25.6975,-42.7145
-35.5649,-41.3253,-55.1245
-52.6273,-56.6199,-70.135
-33.94,-37.2172,-51.1567
-25.0136,-30.7085,-42.264
-17.8331,-28.5214,-34.9359
-12.1655,-28.3444,-29.6033
-4.70038,-24.8801,-23.6189
8.84419,-13.4383,-11.848
-1.40213,-23.828,-22.8076
-7.97805,-28.9251,-29.3248
-2.14142,-21.7913,-23.9861
14.548,-4.37286,-7.57738
32.771,14.4059,12.0899
16.3468,-1.58726,-2.88093
0.253314,-16.7756,-19.102
0.814957,-16.1338,-19.7503
11.2729,-7.25716,-10.5566
28.1955,8.1449,6.12193
22.3449,1.69418,-0.559275
19.8895,-0.625236,-4.86279
21.6814,1.57184,-4.37789
24.4673,4.4539,-2.90658
37.0871,16.8124,8.29588
26.3024,5.99732,-2.8693
9.47696,-9.91503,-18.3558
0.407978,-18.2693,-25.5586
4.75825,-14.493,-20.4451
13.7778,-6.85935,-12.0917
-2.90457,-25.0421,-30.6432
-11.8599,-34.8301,-40.962
-8.84132,-32.5495,-38.0554
-1.18525,-26.7247,-30.4005
8.9972,-19.4417,-19.9822
-11.1249,-42.2094,-39.8248
-27.204,-59.4389,-55.5194
-26.8807,-59.2357,-54.4591
-22.013,-54.0745,-48.7187
-11.7757,-42.7838,-36.7837
-21.7196,-51.0486,-45.3545
-29.2021,-57.4179,-53.7698
-31.6032,-60.0372,-59.0563
-29.2379,-57.9486,-58.7241
-17.5322,-46.2757,-47.0705
-21.7326,-51.6545,-51.641
-19.9762,-50.9507,-50.7664
-14.93,-45.2631,-45.1712
-10.7444,-39.7825,-39.4826
0.0761225,-28.7547,-27.8428
-6.52477,-36.8322,-34.4164
-7.67132,-40.113,-35.266
1.57503,-33.2177,-26.0079
12.7017,-24.4403,-16.6392
23.7691,-14.6841,-7.78874
12.0631,-26.4136,-20.0581
9.03554,-29.0697,-21.3129
13.0421,-25.1865,-14.9061
14.1227,-24.1886,-13.7391
20.7779,-17.2682,-9.05084
11.8449,-26.7612,-19.8889
10.5392,-29.1269,-21.9752
15.3486,-24.9544,-16.8138
19.5769,-20.5255,-11.6559
25.1549,-14.0707,-4.61199
12.9223,-26.4505,-15.7846
10.9837,-29.6331,-18.4266
17.632,-24.7717,-14.4832
19.2804,-25.2449,-15.7049
22.6965,-23.111,-12.6982
12.1177,-34.0705,-23.0457
10.087,-36.3151,-25.0532
13.9252,-32.6353,-19.3074
13.2399,-32.9425,-17.3291
17.443,-27.6759,-11.0579
6.57307,-37.0818,-20.8676
-1.17958,-43.7778,-28.9805
-11.1081,-53.8492,-39.7427
-19.5629,-62.3575,-48.4082
-7.22786,-49.8319,-35.3945
-2.63548,-46.8051,-29.9709
3.9617,-41.769,-23.2158
4.86926,-39.6158,-22.4972
-6.46661,-48.6124,-34.4869
-15.1893,-56.1648,-44.3965
-34.6445,-76.1075,-64.9823
-41.261,-84.7813,-72.6977
-37.5167,-83.1728,-69.8318
-36.4001,-82.3396,-68.2272
-30.7033,-75.5579,-59.8496
-38.6354,-82.7466,-65.1433
-40.7462,-84.4024,-66.3799
-40.8683,-84.4393,-66.9568
-39.3884,-83.5182,-67.5633
-24.4736,-69.0953,-54.8518
-26.972,-70.9041,-57.2728
-29.4396,-71.0472,-57.5291
-30.1561,-70.0135,-55.9882
-26.6348,-66.4831,-51.3863
-11.4193,-52.0935,-36.2472
-16.3998,-58.1525,-42.0848
-19.8962,-62.0945,-46.0373
-13.5657,-56.2461,-39.8665
-3.05566,-46.8628,-29.4366
10.6989,-33.5695,-15.144
7.36279,-36.8087,-19.1007
10.5933,-33.5213,-17.5612
10.2153,-32.6697,-17.7543
2.07154,-38.5815,-24.1139
8.36287,-31.7607,-16.9118
4.34502,-37.055,-20.9095
3.55535,-38.8617,-20.8405
0.278941,-42.122,-23.3083
-5.22511,-46.2506,-29.3671
1.68195,-38.0386,-23.2547
-7.26117,-46.7002,-32.838
-11.7156,-51.0971,-38.2641
-13.8886,-54.1212,-41.9004
-16.7539,-58.575,-46.1097
-8.49804,-51.3662,-37.7175
-14.0589,-57.3349,-42.7288
-15.7811,-58.8766,-45.4633
-17.4986,-60.4415,-48.3739
-22.27,-65.748,-53.0414
-13.8675,-58.6082,-44.123
-17.1004,-63.0862,-47.3467
-13.3558,-58.8715,-43.3558
-2.79044,-46.8289,-31.5755
8.08987,-35.6312,-19.7219
24.2182,-19.3957,-3.57851
15.4902,-26.2415,-12.209
11.7975,-27.5391,-15.4841
18.5247,-19.836,-8.79069
26.9851,-11.421,-0.502184
42.521,3.05499,15.1154
41.2007,-0.525411,14.0467
44.3939,1.1411,17.6975
44.345,1.00806,17.5164
36.661,-7.18467,8.53357
45.0113,-0.875803,15.078
47.9129,-0.390923,16.301
53.3059,4.22036,20.5955
54.0764,6.16883,21.125
48.6398,2.84948,15.9357
56.469,12.1576,23.639
57.3665,13.2929,23.5373
66.9914,21.7379,31.5853
69.5036,22.0437,33.1664
59.0616,11.8359,24.3729
65.6507,21.2563,34.3839
64.5239,22.548,35.9747
57.94,17.0033,31.1724
46.9912,4.48331,20.793
41.2823,-3.58878,14.3121
53.5439,9.19198,27.2285
58.4094,16.9659,34.0643
75.5824,38.0432,50.1092
95.2199,61.9383,66.0679
106.437,75.9306,75.5808
131.283,101.279,102.182
144.139,114.702,117.923
162.969,135.425,136.889
194.056,168.409,164.185
222.087,197.188,188.078
243.399,216.666,208.664
235.258,205.683,201.759
231.214,200.88,198.34
227.296,198.216,194.906
217.734,192.25,185.211
228.768,206.918,194.901
231.49,209.51,195.891
225.144,201.284,189.064
204.418,179.265,170.031
173.901,147.328,140.676
159.134,130.08,125.205
143.137,110.66,107.86
136.509,100.04,100.409
123.878,83.347,88.6102
96.1109,53.5413,62.3027
81.0524,38.3557,47.4826
61.9166,18.4031,27.3758
52.2758,6.15047,17.7845
44.5976,-5.90876,12.6995
25.2589,-30.337,-4.18047
12.4215,-45.9709,-17.2875
-4.31448,-62.1042,-35.3599
-11.0523,-68.1106,-42.6641
-17.2055,-75.5767,-49.1229
-26.148,-86.7002,-57.6117
-25.9676,-88.5802,-55.4133
-41.8727,-106.419,-69.3943
-56.562,-122.914,-83.2955
-63.8346,-132.503,-90.2363
-72.4166,-142.363,-98.7985
-74.3599,-141.867,-101.101
-82.7061,-146.567,-109.905
-78.4753,-141.8,-105.782
-71.0624,-136.888,-98.9249
-72.3759,-140.387,-101.839
-66.3832,-134.941,-96.8978
-70.7873,-139.667,-101.431
-68.089,-137.958,-98.806
-67.0595,-138.296,-97.7217
-75.6937,-148.045,-105.546
-72.3384,-145.424,-101.346
-74.5506,-147.985,-104.033
-73.9737,-147.729,-104.187
-76.0751,-149.914,-106.515
-84.3552,-157.282,-115.221
-81.4159,-153.78,-111.683
-78.7997,-151.601,-106.917
-72.3812,-144.65,-98.6375
-75.5748,-146.901,-101.655
-84.8949,-156.963,-112.565
-78.4192,-152.09,-108.003
-78.4793,-152.413,-109.801
-74.0624,-146.451,-106.429
-69.4432,-140.386,-100.789
-70.525,-140.539,-99.2655
-60.8648,-129.881,-87.1141
-67.2989,-135.96,-92.8469
-79.5068,-148.061,-105.654
-81.8255,-149.947,-108.981
-73.1302,-140.705,-102.508
-56.686,-124.486,-88.4643
-55.9034,-125.138,-88.1013
-56.0113,-126.331,-86.6377
-58.2055,-128.232,-87.2444
-64.7255,-132.656,-93.6107
-57.7904,-123.096,-86.8746
-52.2709,-117.642,-81.8619
-44.84,-111.759,-74.8658
-36.9714,-103.378,-65.38
-35.9113,-100.361,-62.696
-37.1984,-101.109,-64.4933
-45.3985,-110.626,-73.5118
-43.0062,-109.652,-71.1423
-40.9804,-108.979,-69.4474
-45.9683,-114.716,-75.8272
-49.6185,-117.251,-80.0831
-57.7232,-124.17,-86.4484
-50.213,-117.59,-77.0939
-42.7193,-112.909,-69.4014
-40.411,-114.028,-67.8605
-32.4058,-108.42,-60.0196
-34.2234,-111.17,-60.333
-36.4372,-113.881,-60.5056
-33.2116,-110.731,-55.5864
-19.5778,-97.0299,-40.7064
-13.02,-90.6662,-33.8123
-24.5452,-102.12,-46.0495
-24.5792,-102.276,-47.9422
-24.148,-102.569,-48.5123
-23.5013,-102.539,-46.4704
-21.1364,-99.8854,-42.3879
-27.4183,-104.835,-48.1298
-14.0699,-89.9331,-34.8971
-5.82509,-81.0912,-26.032
-8.45423,-84.6955,-27.0063
-2.71594,-80.3537,-20.4188
-7.81007,-85.9429,-26.4944
-11.9146,-90.464,-32.1417
-24.1382,-103.493,-44.721
-30.029,-110.541,-49.4547
-22.5935,-104.252,-41.1697
-25.1144,-106.927,-44.5666
-12.4285,-93.2434,-34.0081
2.2332,-76.1335,-20.9671
9.0494,-66.9593,-13.9837
10.6368,-65.5043,-11.7869
-1.27823,-79.5312,-23.8688
-3.35065,-83.4391,-26.4079
-9.19259,-89.5961,-32.2173
-8.86088,-88.6337,-31.5392
9.4217,-70.1404,-13.4944
10.9291,-68.7067,-12.4292
4.94578,-73.5513,-18.5939
-11.6946,-88.3332,-34.9606
-22.0865,-97.2271,-45.3785
-17.0332,-91.0986,-41.3127
-22.1915,-96.0461,-46.2175
-22.4891,-96.5146,-44.9412
-28.1572,-101.926,-50.0227
-22.4586,-96.5033,-44.2116
-11.6569,-86.8543,-32.9662
-24.8937,-101.21,-45.5247
-23.8634,-101.482,-43.4422
-23.6417,-102.262,-42.0885
-26.4838,-104.138,-44.5653
-20.202,-96.2661,-39.3906
-27.2414,-103.525,-47.9469
-26.4449,-103.929,-47.5151
-32.5934,-111.121,-53.2141
-37.6378,-117.002,-57.6963
-21.941,-101.255,-41.3633
-17.33,-95.54,-36.667
-8.66268,-86.4376,-28.3435
-10.8032,-89.6974,-30.9559
-17.7147,-97.3192,-37.9582
-9.38402,-88.6948,-29.0056
-10.135,-88.5261,-29.1462
3.6383,-72.3976,-15.1878
2.49347,-71.3106,-16.6124
-8.79254,-82.6297,-27.6008
5.13988,-70.0774,-13.1654
6.9531,-70.043,-11.6072
9.70433,-69.4437,-9.09739
4.70629,-75.9628,-14.3342
-7.77772,-88.2557,-27.2369
-5.46209,-84.7367,-25.2632
-9.45123,-88.7085,-29.0896
-2.98552,-83.7679,-21.5457
-1.31547,-83.6811,-18.9089
-6.23649,-89.7265,-23.9827
3.57276,-80.3988,-15.0303
-0.140145,-83.5929,-19.8122
2.12246,-80.4667,-17.8951
0.68707,-81.009,-18.3762
-5.11118,-86.1344,-23.1525
8.26361,-73.4817,-9.93105
-2.52527,-84.8715,-21.5158
-11.6099,-93.2129,-30.5914
-9.79816,-91.7422,-28.696
-15.4746,-98.4211,-35.1211
-9.90879,-91.6283,-29.2356
-15.2091,-93.7364,-32.6007
-21.1522,-97.2948,-37.4845
-30.2168,-107.024,-47.3384
-44.7481,-123.942,-63.2832
-44.4975,-124.673,-63.9813
-46.4669,-125.545,-65.596
-33.676,-111.363,-50.864
-19.2417,-97.9921,-34.5674
-24.63,-107.406,-40.1768
-32.4343,-119.105,-49.0213
-46.5539,-135.229,-63.154
-34.5712,-125.146,-50.1864
-13.6689,-107.168,-29.2154
-24.8736,-121.257,-41.3089
-29.6901,-127.846,-46.0323
-25.1779,-123.768,-42.2805
-18.802,-116.802,-36.3085
-16.5598,-112.558,-32.8009
-23.2425,-116.138,-39.4072
-26.1001,-117.33,-41.9377
-37.6274,-129.201,-52.3976
-41.8311,-133.51,-56.5789
-38.3812,-129.02,-53.4452
-33.6635,-122.874,-49.1459
-27.5412,-115.4,-43.132
-40.8348,-127.343,-56.0835
-50.1031,-135.191,-65.6005
-46.4083,-130.57,-62.355
-37.6378,-122.44,-53.8938
-22.2048,-108.824,-37.7748
-23.7119,-111.365,-37.3275
-38.9432,-125.086,-51.5148
-49.2003,-131.789,-61.6332
-44.3896,-124.733,-57.0611
-36.5047,-117.041,-50.2268
-43.3767,-124.021,-57.5292
-37.1869,-116.845,-50.6765
-23.5986,-102.837,-35.7816
-16.3802,-96.294,-27.9773
-10.4128,-91.3197,-24.1011
-13.4075,-95.6579,-28.9728
-8.31538,-91.2573,-23.6298
-9.83778,-91.6202,-24.9717
-19.2947,-99.258,-34.4075
-24.9739,-103.508,-39.693
-36.445,-114.566,-51.6228
-31.5976,-111.575,-48.3738
-15.6667,-98.7136,-33.3939
-2.96601,-88.66,-20.824
-7.6127,-95.289,-25.7553
-25.6726,-113.198,-45.0084
-19.1837,-103.246,-40.8594
-12.5741,-92.0031,-34.7784
-13.8552,-90.3453,-33.7339
-6.72195,-82.3467,-24.462
-7.87334,-83.6812,-24.8473
-2.5372,-78.0354,-19.5037
-0.663278,-74.792,-18.3039
0.201569,-73.2925,-18.4455
9.28527,-65.1913,-8.78675
3.35932,-72.1454,-11.8316
2.92873,-72.7432,-9.80175
-2.03056,-77.5901,-14.4137
-6.02537,-81.6155,-19.2726
5.12525,-70.4351,-8.98846
9.45379,-65.9837,-4.80993
14.1919,-61.1142,-0.176816
-5.8672,-80.9193,-20.8826
-26.4344,-101.29,-42.0905
-18.4727,-92.971,-34.3661
-17.2207,-91.5737,-33.0189
-11.1819,-86.5199,-26.9908
-15.6832,-92.1802,-31.0802
-27.9459,-104.281,-42.1662
-23.3223,-98.0603,-36.359
-23.9191,-97.1458,-36.3196
-15.6687,-88.8935,-28.2621
-14.315,-88.2159,-27.2921
-18.4776,-92.4109,-31.2965
-7.17214,-80.3965,-19.6149
-11.8175,-84.9252,-24.9215
-11.3114,-86.4313,-26.3848
-13.8629,-91.5819,-31.0073
-21.2013,-98.7384,-38.6589
-13.839,-88.7739,-29.2635
-22.1003,-95.6189,-35.3748
-25.1089,-99.1587,-37.9423
-27.5407,-101.887,-41.0578
-25.703,-99.3775,-40.2195
-5.12591,-78.114,-20.3894
-5.42792,-78.33,-20.3924
-11.524,-85.228,-26.1221
-23.8432,-99.345,-38.678
-39.6135,-116.483,-54.7454
-34.4877,-111.289,-50.2965
-28.953,-105.408,-45.1704
-14.0125,-90.4335,-29.7859
-13.0874,-88.8552,-28.2586
-22.8094,-96.4974,-36.6502
-11.3451,-82.5405,-23.28
-7.4579,-77.4154,-18.6605
2.66458,-67.4086,-8.29356
4.51338,-66.583,-5.57349
-0.911588,-72.6813,-11.0295
12.5276,-57.829,0.384612
16.3397,-51.9501,2.3549
20.735,-47.2948,7.33676
11.3528,-56.9347,-0.534379
-4.56086,-71.9741,-15.3271
0.470169,-66.4422,-9.36238
-6.6947,-74.2194,-16.4025
-9.90536,-77.129,-19.6386
-14.4406,-80.0266,-23.3064
-25.0684,-90.0618,-32.9456
-19.6237,-84.6957,-27.2625
-25.365,-88.9462,-33.0492
-22.9695,-85.3732,-30.5482
-19.2598,-82.349,-27.6153
-25.1274,-89.0875,-35.021
-25.1428,-89.6254,-36.1728
-37.266,-102.095,-48.8229
-36.9155,-101.943,-47.6163
-35.0144,-100.384,-43.9554
-34.2224,-100.323,-42.8295
-20.5156,-86.7741,-29.8716
-23.8424,-88.9518,-33.5225
-20.9422,-85.4758,-31.0049
-16.3103,-81.7995,-26.1303
-13.2676,-79.7631,-21.8781
-0.102738,-66.0614,-8.3865
-10.9264,-74.8831,-19.7282
-14.2218,-76.3847,-23.0521
-10.8171,-72.3866,-20.1233
-9.41951,-71.2776,-20.0265
7.77033,-54.5588,-3.02049
-1.65525,-63.4088,-11.8055
-6.32911,-66.1917,-16.2146
1.2304,-57.575,-8.30812
-3.26593,-62.7489,-12.2158
3.3286,-57.61,-5.23267
3.53645,-59.3136,-5.13942
7.6997,-56.5611,-1.21204
8.4229,-55.5716,-0.842226
1.34441,-61.2568,-8.26959
8.11291,-53.9163,-0.625196
2.15681,-60.0254,-4.26928
1.75771,-59.1976,-2.699
6.2082,-52.709,1.09273
-1.75008,-59.5504,-9.35681
0.209568,-58.1975,-8.55601
-6.86873,-67.2297,-15.3015
-9.13831,-69.8109,-16.8591
-5.74859,-63.7285,-12.7187
-10.5966,-65.2673,-17.4203
-9.18261,-62.323,-15.8995
-26.5369,-80.9558,-33.3555
-41.4411,-98.838,-49.3754
-45.2919,-104.124,-54.0386
-41.2536,-99.2655,-49.8184
-21.4578,-78.6092,-29.9848
-23.5497,-80.2816,-33.1717
-25.4179,-82.4199,-36.61
-21.8905,-80.4753,-33.0872
-30.2509,-90.2845,-39.3122
-33.6667,-93.6822,-39.9754
-45.2595,-103.153,-51.6289
-43.0158,-96.9219,-52.7766
-31.3435,-82.436,-44.0735
-37.0392,-87.5372,-51.4472
-41.237,-91.683,-56.2629
-53.9592,-103.957,-68.5461
-58.2181,-106.319,-72.5869
-56.9824,-102.763,-71.5793
-63.1675,-108.05,-77.628
-54.4291,-99.6633,-68.293
-50.7186,-96.6464,-65.1367
-43.9421,-90.0446,-59.4471
-43.1585,-88.5618,-58.5839
-62.8051,-107.358,-78.2427
-72.0701,-117.309,-88.3571
-70.5382,-117.616,-87.949
-51.4542,-99.1493,-69.5994
-35.9983,-82.4261,-54.0922
-40.4407,-84.3557,-57.6542
-33.7585,-75.9429,-48.4103
-36.1509,-79.266,-47.5113
-55.9501,-100.58,-65.4357
-76.9111,-122.04,-86.4104
-82.8015,-128.22,-93.5332
-61.2208,-106.696,-72.9046
-49.5745,-94.8615,-61.6572
-49.4477,-94.7885,-61.3966
-54.9911,-102.148,-65.9025
-63.9257,-114.557,-74.2063
-59.0114,-111.194,-69.8381
-57.9078,-108.657,-69.7135
-52.568,-101.391,-65.186
-48.1058,-96.2945,-61.0477
-51.9566,-101.197,-65.4368
-48.4777,-99.1401,-63.5734
-46.5915,-98.8079,-63.5855
-41.4471,-95.9652,-59.5382
-39.2951,-95.2242,-57.7791
-41.2035,-96.37,-60.3478
-37.6224,-90.5543,-57.6417
-43.1151,-94.5297,-63.6813
-41.6946,-93.4726,-62.601
-35.6044,-88.6313,-56.3227
-37.1812,-90.6357,-57.2084
-34.3102,-86.6642,-53.5241
-34.1304,-85.3762,-52.8993
-25.4835,-76.85,-44.2015
-19.7858,-71.9599,-37.7111
-20.061,-72.9779,-37.0955
-12.2877,-65.9554,-28.9581
-15.8564,-69.8839,-30.9526
-16.4847,-69.0415,-28.9939
-14.4473,-64.5977,-26.0239
-17.0945,-66.0007,-30.7445
-8.57516,-57.3082,-24.7232
-2.71368,-52.2881,-19.6194
-12.502,-62.298,-29.3972
-34.8937,-82.6982,-50.6352
-46.8383,-92.9176,-60.8022
-45.8521,-91.6103,-58.9179
-52.3565,-98.0096,-64.4676
-50.036,-95.9991,-60.825
-48.5066,-96.1898,-58.2496
-50.2721,-100.581,-59.6497
-44.8093,-97.0356,-54.3586
-53.0206,-105.797,-62.8492
-53.4549,-105.95,-64.111
-49.4244,-101.498,-61.0991
-47.7171,-98.7042,-59.5442
-42.8203,-91.6565,-53.9455
-51.9356,-98.8658,-62.4978
-53.1157,-99.5403,-63.6969
-54.7035,-101.905,-65.0821
-57.6088,-106.202,-67.831
-49.1254,-99.118,-60.3473
-48.1975,-99.1443,-60.3892
-44.4661,-94.9069,-56.025
-44.4689,-92.8731,-55.1875
-45.3063,-92.4048,-57.2755
-34.1069,-82.014,-48.6289
-28.8492,-77.9518,-44.8931
-18.6806,-67.8534,-34.6922
-11.5023,-60.1212,-25.7584
-10.3345,-58.2045,-22.0085
-9.98838,-57.0382,-20.4274
-24.0247,-70.3506,-34.3537
-21.2306,-66.8535,-30.9042
-10.2384,-55.7438,-18.7987
-7.51403,-53.9542,-15.3933
-5.46911,-53.4905,-12.722
-1.60557,-51.0894,-8.28158
16.4136,-33.5255,9.56488
10.0585,-39.5725,2.90633
-2.88996,-52.656,-10.1348
4.73201,-45.8769,-3.01972
-2.69271,-53.7195,-10.8095
-3.68238,-53.7694,-10.759
-3.24595,-51.7259,-8.61859
-9.87386,-56.7857,-14.9199
-9.06266,-53.9945,-14.2033
-17.9993,-61.5461,-22.5513
-18.0379,-62.4239,-23.0727
-16.5051,-63.1778,-22.8016
-18.2354,-66.6863,-24.6245
-16.0903,-65.5375,-21.311
-29.1436,-79.8062,-33.0925
-25.8654,-78.1131,-29.7504
-16.9177,-70.32,-22.2835
-8.06178,-61.8141,-14.5831
7.12192,-46.4394,0.870571
-3.26533,-56.1666,-9.49675
-0.902227,-53.0451,-8.43485
4.79414,-46.4816,-4.03528
-1.18125,-51.6197,-9.70279
5.90802,-44.4289,-1.37803
3.82941,-47.0635,-3.73996
11.0722,-40.8123,0.875822
17.0308,-35.0825,4.02603
10.1929,-40.1772,-4.05592
16.1808,-32.7754,1.89998
13.4055,-37.1283,-0.372088
17.4964,-36.2778,3.9298
19.3033,-35.9862,5.0229
6.49481,-47.3644,-7.60792
5.58377,-46.8377,-6.44585
-4.1663,-57.0364,-14.1894
-0.0263781,-53.3384,-9.14509
1.65802,-50.8842,-7.82317
-23.1967,-74.4457,-33.0022
-28.6337,-79.9108,-37.3897
-29.4663,-82.0755,-37.2502
-28.1058,-81.5327,-35.1608
-30.8682,-84.4571,-36.9692
-40.7528,-94.0477,-47.5228
-31.6291,-83.7289,-40.6911
-31.6665,-81.4897,-42.3131
-34.7928,-82.4571,-44.9717
-34.6301,-82.3421,-42.4671
-34.7742,-84.5742,-40.788
-21.0236,-73.1247,-27.2157
-21.48,-75.6761,-28.7547
-16.5406,-73.5447,-24.5536
-1.36494,-62.5822,-9.43896
-0.599101,-65.6393,-8.91492
13.2676,-52.8122,4.6735
19.7877,-44.9442,11.216
11.1771,-51.6437,3.00989
3.98929,-58.1919,-3.35788
0.24767,-62.7585,-6.75603
11.3133,-52.4007,4.27435
13.6843,-50.6594,6.40708
16.7468,-49.4115,8.64756
24.0189,-44.201,15.4857
21.7396,-47.4072,13.7615
21.1117,-48.5411,13.076
13.0272,-56.9511,2.70393
12.5636,-56.6537,-0.828006
15.4516,-53.235,1.77247
7.52344,-62.451,-4.36705
5.25679,-65.7504,-5.87564
-0.449606,-70.8283,-11.8839
-0.447363,-69.8888,-12.4329
9.42153,-59.7409,-3.58545
11.1274,-57.2333,-3.15504
8.02804,-57.2688,-5.1773
-2.76206,-64.2112,-13.027
-5.30211,-64.3161,-14.6663
0.183851,-58.0014,-10.4675
4.61447,-52.8858,-8.04637
15.9403,-39.6363,1.70798
19.9108,-34.6754,5.84978
34.5393,-20.5854,22.0814
61.8023,7.72503,50.7483
90.4458,38.5036,79.3122
124.876,74.0813,113.334
142.902,92.8435,131.547
153.231,103.726,141.458
163.045,112.688,150.446
168.085,115.388,154.734
179.692,124.405,166.116
183.897,126.104,170.985
183.695,124.02,171.623
181.933,121.501,171.019
175.221,114.787,165.423
175.343,115.094,165.924
168.944,107.838,158.994
164.945,101.561,153.531
159.289,93.3027,145.945
142.513,74.6107,127.471
131.856,62.9382,116.547
116.024,46.8535,102.007
102.71,34.0286,89.7744
84.7041,16.3351,72.4046
49.6985,-19.9336,38.394
25.4996,-46.3462,14.6698
19.0083,-54.3012,7.92748
28.9662,-43.5876,17.6634
37.4987,-32.5763,26.0731
27.2564,-41.6357,14.8001
9.94899,-60.2115,-3.80379
-10.3128,-81.849,-23.8662
-24.0353,-95.3419,-36.4431
-36.1328,-107.322,-47.3064
-43.2403,-115.381,-54.6324
-36.6883,-109.764,-49.8713
-40.8456,-114.754,-55.4721
-49.4238,-124.245,-65.7803
-56.579,-132.582,-75.2353
-60.098,-137.471,-79.9752
-63.3326,-140.975,-82.7062
-82.824,-159.951,-100.784
-91.3482,-168.247,-107.626
-88.6053,-165.168,-102.855
-82.111,-158.519,-94.9728
-69.7473,-145.982,-82.6505
-68.9973,-145.388,-82.8319
-63.2786,-140.975,-77.6323
-55.9588,-134.316,-69.2725
-60.8434,-138.1,-73.3717
-65.1176,-140.316,-78.4287
-70.0093,-142.821,-83.7289
-69.0259,-139.838,-81.8167
-72.1372,-142.258,-83.336
-76.5971,-146.612,-86.566
-67.3514,-136.443,-76.7731
-62.5717,-130.774,-71.7156
-56.1045,-124.282,-65.9076
-56.1704,-123.941,-67.6118
-59.0627,-125.785,-71.1757
-51.5041,-117.527,-61.8112
-50.2256,-115.95,-57.7517
-43.0742,-108.268,-50.2229
-39.1369,-103.34,-47.7623
-40.1438,-103.201,-49.5762
-34.3602,-96.0021,-44.4786
-37.1461,-97.8022,-48.5222
-34.6462,-95.3217,-47.4211
-26.6497,-87.7932,-40.2157
-19.4888,-81.7554,-32.7026
-15.4251,-79.1435,-27.3207
-27.9047,-92.1211,-38.5529
-34.8218,-97.8663,-45.3291
-44.2075,-105.702,-55.0676
-53.0515,-114.217,-64.3693
-41.7206,-103.144,-54.5537
-34.4607,-95.9238,-48.6235
-27.4544,-88.4642,-40.4533
-29.1908,-88.5652,-40.2692
-30.3399,-87.6505,-41.7703
-11.9836,-68.384,-24.2014
0.374226,-56.2366,-10.101
12.1652,-44.9121,3.89634
9.38578,-46.4889,1.16464
-12.1979,-64.7794,-22.2567
-22.8783,-73.2467,-34.8065
-28.6249,-79.7341,-40.8742
-23.6359,-76.9071,-35.0532
-20.1627,-75.3709,-30.8
-20.8109,-77.7583,-31.4008
-9.64358,-67.8966,-19.8135
-7.98159,-66.0187,-16.9779
-6.29833,-63.1572,-15.8436
-10.1602,-66.6326,-22.1361
-18.4376,-75.1012,-31.352
-13.2379,-69.8352,-24.5667
-2.06437,-58.8749,-11.3371
24.2746,-33.0044,15.734
27.8529,-29.4173,19.2759
10.5678,-46.1424,2.37306
9.12872,-46.351,0.918031
2.55037,-51.3891,-6.19892
0.517885,-52.647,-7.83921
-1.65132,-55.439,-8.32181
-0.7649,-56.6117,-6.04771
5.09915,-52.2682,1.00576
-17.6313,-72.098,-20.8571
-28.4135,-75.5528,-33.8657
-23.2951,-64.3402,-31.8553
-24.3324,-63.5792,-32.4709
-21.6039,-61.0685,-27.6168
-39.1869,-78.3171,-45.3252
-53.1189,-90.6337,-60.4926
-60.8625,-95.6201,-67.7995
-61.4437,-91.8,-67.5268
-44.5397,-69.7966,-51.2528
-61.1066,-83.653,-69.1949
-83.1852,-106.079,-91.2199
-90.2103,-114.016,-96.5647
-94.0453,-117.763,-99.6054
-80.2821,-103.334,-86.8031
-79.6837,-102.087,-87.9811
-82.3137,-104.912,-91.6786
-83.7915,-107.737,-92.302
-92.0687,-116.646,-99.388
-84.1478,-107.891,-90.9351
-83.5832,-107.07,-90.3048
-79.6063,-103.14,-86.6439
-70.0942,-92.1537,-76.8243
-73.8701,-93.6944,-80.1282
-70.9609,-89.9681,-77.5187
-77.3095,-96.9243,-84.4767
-77.3604,-96.8185,-84.7997
-72.7678,-91.5173,-79.8902
-77.0612,-96.2544,-83.4003
-66.967,-86.5546,-72.4243
-68.5467,-87.0373,-73.0233
-70.6129,-88.8599,-74.1371
-69.0214,-88.9373,-71.9672
-72.4047,-93.311,-75.57
-63.6279,-84.6176,-68.35
-70.8824,-93.0942,-76.9645
-76.8223,-100.636,-82.1698
-75.4712,-99.6355,-78.8775
-81.0945,-105.07,-82.8473
-69.1483,-92.7765,-70.3297
-64.0388,-86.9456,-67.2453
-62.3664,-84.9869,-69.2062
-61.1751,-84.5817,-70.0353
-63.6043,-88.5115,-72.5988
-48.2406,-74.6082,-56.5956
-47.0142,-74.0347,-53.3419
-48.283,-74.1791,-51.7738
-47.3791,-70.2158,-50.7592
-52.7151,-73.092,-58.6945
-41.304,-62.217,-49.2741
-38.2151,-60.7461,-47.354
-36.3005,-58.4869,-47.0444
-35.7417,-55.986,-48.1718
-45.9215,-64.0391,-59.1159
-38.8942,-55.3764,-51.9234
-35.1413,-51.2117,-48.0109
-33.44,-49.3997,-46.5141
-33.5903,-48.9875,-46.7922
-44.4867,-59.1328,-57.5113
-37.8082,-52.0937,-50.5659
-34.1167,-49.6591,-46.5718
-30.5789,-48.2998,-41.4193
-30.0819,-49.0593,-38.74
-45.6384,-64.3626,-53.9887
-49.7752,-67.563,-58.5671
-54.8525,-72.7582,-63.0438
-49.2576,-68.7628,-56.6693
-42.112,-62.605,-49.6582
-50.4578,-70.6547,-58.6119
-45.4797,-65.4972,-54.1444
-40.4593,-60.6526,-49.5573
-29.1317,-49.7213,-38.2682
-19.1087,-40.7238,-27.9134
-28.6701,-51.9603,-37.4572
-26.1807,-50.2618,-35.3869
-18.8372,-42.0727,-28.6152
-8.86185,-30.9465,-18.5206
-13.6009,-34.6747,-22.5107
-37.2903,-56.4938,-46.0869
-36.7326,-52.924,-45.7161
-37.129,-50.9936,-45.5509
-37.0488,-50.4265,-43.5512
-31.6458,-45.2388,-35.8084
-35.0535,-49.4882,-37.6246
-29.3225,-46.0961,-30.6834
-36.3055,-54.9365,-36.9596
-45.1405,-62.9539,-45.9076
-46.0869,-62.5458,-47.3506
-45.6621,-62.1276,-46.8937
-34.733,-51.2436,-35.3223
-45.3159,-62.1729,-45.833
-56.1128,-74.6217,-56.3457
-54.6705,-74.525,-53.424
-60.2655,-80.1132,-57.4156
-50.8861,-70.265,-46.4657
-47.2083,-66.1073,-42.2542
-42.3213,-60.9283,-38.4333
-35.4054,-54.3316,-31.8326
-40.0784,-59.8404,-35.4403
-30.1802,-50.5007,-25.1888
-30.5294,-50.0107,-27.0409
-32.8667,-51.2416,-31.3399
-28.3243,-47.726,-27.1431
-32.9158,-54.3672,-30.6038
-29.1351,-50.6152,-25.8639
-32.4834,-51.6184,-29.0017
-32.431,-48.8787,-28.8301
-25.1517,-40.3912,-21.0997
-26.8781,-43.0809,-23.1436
-17.8329,-36.2956,-14.5859
-14.6231,-34.6817,-10.2905
-7.9468,-28.1745,-3.45625
4.49998,-15.2158,6.20292
-7.23969,-26.7099,-8.28782
-14.3701,-34.3153,-15.3679
-17.5279,-38.0578,-17.236
-22.4242,-42.7666,-21.3211
-26.9266,-46.5995,-24.4532
-35.412,-54.6362,-31.8216
-28.9173,-47.992,-25.1757
-27.9898,-48.3329,-23.6477
-31.0932,-54.2005,-25.9272
-29.8942,-55.0945,-24.1493
-32.5741,-58.6575,-26.8778
-27.3275,-53.2855,-22.2627
-30.4339,-55.1458,-25.5167
-39.9894,-63.0026,-34.453
-46.9741,-68.6049,-40.2234
-52.9903,-73.9721,-45.538
-42.2165,-62.7494,-34.3423
-34.9329,-54.67,-25.9175
-41.6237,-60.3804,-31.9271
-44.1616,-62.6166,-34.5482
-40.251,-59.3535,-31.334
-31.4101,-50.6797,-23.7384
-30.1349,-49.2151,-23.5043
-24.9428,-44.2225,-19.0684
-13.9766,-33.4821,-8.54566
-10.0413,-30.4301,-4.85547
-5.08735,-26.9092,-0.203473
-8.20565,-31.3405,-3.99345
-7.69888,-32.5544,-4.56032
-4.26663,-30.6947,-1.24767
-6.23187,-33.0034,-2.80761
-2.53553,-29.207,0.422889
-3.72557,-30.8517,-0.527968
-3.56802,-31.2323,0.898551
-3.87498,-31.5375,0.84817
-8.62307,-35.3833,-4.82979
-8.13414,-33.128,-4.29641
-8.1911,-32.1859,-2.88662
5.00614,-19.4279,11.0542
23.2205,-1.81535,29.1922
23.1563,-1.70862,28.5144
14.3008,-10.3876,18.0476
-0.660257,-26.5437,1.82476
-6.82314,-33.4499,-4.23792
-7.42723,-32.0239,-3.17372
-11.974,-33.6963,-4.98504
-11.3285,-32.3502,-2.64445
-18.1339,-40.205,-9.69288
-21.182,-44.3865,-13.8225
-18.5612,-43.0816,-12.6371
-17.1609,-43.4323,-13.2224
-17.4842,-44.1932,-14.4495
-30.5136,-55.5518,-25.8562
-35.7584,-60.1954,-29.0612
-39.0728,-64.7847,-31.737
-52.8564,-78.2299,-46.237
-49.7635,-73.1344,-43.9998
-35.1386,-58.3772,-29.7455
-25.9329,-50.4949,-21.4047
-31.787,-57.1628,-28.0105
-44.7027,-71.3182,-41.0256
-45.0733,-72.9839,-41.1726
-45.4558,-73.5726,-40.5754
-42.2609,-69.6663,-36.1051
-38.9945,-65.6255,-32.0234
-38.5351,-64.7325,-31.27
-32.8011,-58.2438,-26.2599
-34.9443,-59.3834,-29.4311
-32.9418,-56.8028,-27.6362
-28.4472,-52.5036,-22.2995
-29.4481,-54.3805,-21.9525
-28.6724,-54.39,-20.8039
-37.2256,-62.892,-30.5768
-43.0407,-67.781,-38.2946
-41.7652,-65.8409,-38.0309
-42.3467,-66.7515,-39.3459
-39.4824,-63.966,-37.7278
-44.369,-68.5302,-43.1466
-45.2318,-69.6525,-43.6208
-43.3094,-68.697,-40.249
-47.286,-74.3534,-42.4817
-46.4293,-75.0389,-41.6264
-53.4039,-82.6522,-50.1947
-58.6757,-87.4472,-57.4768
-60.6111,-88.1519,-59.9813
-60.9946,-88.3015,-59.3975
-51.5002,-79.6051,-50.1666
-44.5233,-73.257,-44.3148
-39.568,-68.7228,-39.9565
-44.7922,-74.2638,-45.7158
-49.7282,-79.3407,-51.1277
-38.9155,-68.4027,-40.6518
-33.3629,-63.0908,-35.4036
-25.0669,-56.4422,-27.9864
-17.0488,-50.2017,-21.4389
-17.999,-50.8075,-22.8054
-14.9462,-45.7331,-17.9617
-18.9858,-47.4797,-19.7806
-15.6284,-42.5769,-16.2466
-11.4508,-38.8578,-13.0901
-17.9856,-47.4543,-20.0861
-15.7312,-46.4819,-17.0248
-10.4547,-40.508,-9.68749
8.25499,-20.5827,9.47071
24.8895,-4.08312,23.7664
32.2037,2.18833,29.678
33.7739,3.57327,31.7259
10.4392,-19.8167,9.08874
1.31674,-30.2938,0.470837
8.63388,-24.1971,7.4435
13.3538,-19.9394,11.6994
17.8181,-16.9497,16.158
0.510244,-36.7555,-1.5072
-9.82594,-48.5432,-11.7535
-10.379,-47.9454,-10.8765
-16.7463,-51.8582,-15.9383
-14.0052,-48.4467,-12.2876
-26.663,-62.0287,-23.961
-39.999,-75.3116,-37.8541
-51.9424,-86.358,-51.7658
-67.7097,-101.83,-68.6901
-58.119,-91.8017,-58.3472
-53.8575,-86.7141,-52.1467
-53.3923,-85.7854,-50.0442
-54.0872,-85.3147,-49.7581
-57.8166,-87.5458,-53.5617
-43.5918,-73.0234,-41.2184
-41.4185,-70.881,-41.5095
-41.175,-70.1617,-42.3236
-36.9032,-65.4193,-37.3578
-38.9061,-67.3544,-38.1867
-32.0709,-60.7668,-30.5269
-32.5387,-61.9745,-31.0707
-26.1055,-55.9874,-25.4558
-15.0494,-43.4696,-14.0644
-12.579,-38.6662,-10.5256
-2.68633,-28.2113,-0.389665
-7.30557,-34.1771,-4.70401
-8.3864,-36.8773,-4.96549
-6.03772,-35.6785,-2.17464
-13.2458,-43.3774,-9.55962
-2.79198,-32.8507,0.500111
0.515548,-29.3088,3.73234
2.67255,-26.6586,6.48956
7.01059,-20.9679,10.669
6.55484,-19.2137,8.74335
16.2469,-6.88918,18.4719
8.66544,-12.286,12.8352
1.4451,-19.1918,7.15211
0.649448,-21.488,6.67374
-10.8461,-34.3674,-6.26969
-14.9839,-38.6219,-12.8888
-29.6296,-52.8695,-28.8681
-37.5211,-60.785,-36.3298
-33.1351,-56.3613,-30.608
-34.4484,-57.3716,-29.9833
-29.5655,-52.8507,-22.2621
-42.3405,-64.7639,-33.4587
-49.1516,-68.5966,-42.3877
-45.5291,-62.4119,-42.3081
-49.914,-65.7032,-47.9865
-40.0099,-56.1921,-37.1405
-38.4609,-55.4297,-34.4581
-38.2874,-55.7222,-33.361
-34.256,-52.528,-28.5167
-33.695,-52.9953,-28.1387
-21.1104,-40.382,-17.3188
-20.6016,-37.9924,-18.962
-20.0886,-35.4147,-18.9805
-14.234,-29.1066,-12.738
-16.522,-31.8012,-15.4233
-8.61763,-23.8818,-8.18653
-9.60249,-23.8826,-9.89223
-7.04756,-20.0292,-7.85985
-2.0686,-14.9463,-2.34175
-9.11451,-22.8736,-8.41187
-4.36879,-18.8425,-2.98995
-5.82921,-20.731,-4.60759
1.69778,-13.7433,1.991
8.05225,-8.32203,7.6925
-7.95251,-24.7168,-8.23087
-12.1867,-27.3782,-11.6062
-15.0036,-27.7928,-13.3597
-10.4118,-21.5374,-8.47024
-5.78834,-15.9893,-3.96822
-17.5495,-27.9197,-15.4894
-16.7086,-27.9364,-14.5815
-12.6579,-24.2105,-11.4077
-5.92855,-17.7393,-5.32443
-7.91763,-21.3192,-6.0704
-23.5878,-39.278,-20.1764
-20.6678,-37.5404,-17.4937
-22.2691,-38.6545,-19.4974
-17.9751,-32.879,-14.7412
-11.3751,-24.6926,-7.89864
-25.6781,-38.4578,-21.5192
-23.0926,-37.1194,-18.1823
-18.0799,-32.7702,-13.697
-16.4429,-29.3397,-12.4756
-20.2408,-31.4102,-15.9482
-35.922,-47.4184,-31.9414
-28.6667,-41.1047,-24.8114
-23.0355,-35.8046,-18.2378
-26.3927,-39.5396,-20.5668
-25.6691,-39.0256,-19.6385
-30.0233,-43.3771,-25.8685
-24.2525,-38.9112,-23.0595
-27.6926,-44.1867,-28.2162
-35.2912,-51.332,-36.593
-36.216,-49.3854,-38.6597
-42.7556,-53.7732,-46.5114
-26.1126,-37.976,-29.5276
-16.1029,-30.1074,-18.0388
-28.9865,-43.7364,-30.5426
-36.6751,-51.7259,-37.2681
-40.1864,-56.7283,-37.8683
-26.5928,-44.6243,-23.0251
-16.4677,-35.7541,-15.4489
-10.1022,-31.7352,-12.1665
1.07035,-23.3442,-1.44487
0.795204,-25.8615,-0.460849
7.08454,-21.6476,7.01594
11.6616,-18.8304,12.4379
13.6044,-17.5136,14.5007
18.7725,-12.2145,18.8043
13.5767,-17.7111,12.5106
14.8077,-17.7477,13.4528
17.5977,-16.7765,16.5004
20.2511,-15.565,18.8767
25.6289,-10.9036,23.4237
18.161,-17.4061,14.7243
17.8731,-14.9995,13.4932
18.6534,-12.3715,13.7591
20.2277,-11.013,14.767
30.1929,-2.30605,24.5445
26.6327,-6.1847,20.5499
18.9509,-12.2063,12.1458
8.23164,-21.3649,1.55789
5.10231,-24.4692,-0.201172
10.0141,-19.4984,6.43719
3.98104,-24.3734,0.586914
-2.65689,-30.2279,-6.11989
-13.3655,-42.1519,-14.7289
-15.3939,-46.7636,-14.6427
-6.33923,-40.9036,-5.57794
-10.2629,-48.2529,-10.5788
-12.6874,-53.0825,-12.6913
-12.1799,-54.8123,-10.0105
-3.8319,-49.8123,-0.263155
11.3201,-37.8469,14.7703
9.93385,-40.2047,12.8774
10.9322,-37.7648,14.0892
10.0676,-37.6483,14.1828
8.24856,-40.3759,13.482
11.8148,-38.0805,17.9395
9.01447,-41.3522,14.6213
18.0836,-31.8123,22.3095
24.6245,-24.2789,28.5371
19.9227,-28.1101,24.7578
11.3622,-36.3902,17.3937
-2.86221,-50.7326,3.35079
-2.03473,-49.5544,3.13285
4.65442,-41.9431,8.14006
6.49354,-38.7564,8.19688
5.34029,-38.1666,7.43723
-6.61909,-48.7651,-2.1195
-12.0439,-53.1525,-5.94631
-19.3801,-60.0641,-13.2347
-27.0514,-68.6994,-21.5924
-24.7559,-67.2528,-19.2094
-26.813,-68.2537,-20.4725
-20.1498,-59.9599,-13.1162
-20.3788,-59.7464,-12.626
-28.4025,-67.7584,-20.4944
-28.8817,-67.8453,-21.5368
-30.6736,-68.9568,-23.81
-24.7036,-62.6413,-17.817
-25.1742,-63.8567,-18.3447
-32.4332,-71.309,-25.5817
-32.5322,-69.4912,-24.9166
-33.0392,-67.5437,-25.3041
-22.2564,-55.2634,-14.5358
-8.70431,-41.8226,-0.530905
-7.39496,-41.8858,-0.52943
-14.9715,-51.0885,-10.0176
-29.9154,-67.154,-25.365
-31.5129,-67.8972,-26.1674
-20.6817,-54.8411,-13.6633
-5.97875,-39.1419,2.62554
4.51756,-29.0708,14.2027
3.33321,-30.3942,13.8944
6.40686,-26.889,17.2329
5.53078,-27.6782,16.1917
3.42559,-29.6317,13.5003
7.46233,-24.9377,16.3915
13.3509,-19.0707,21.2549
18.4172,-14.8617,25.5056
10.4487,-23.4851,16.582
5.06759,-28.762,10.2447
11.2712,-21.7352,16.7387
17.9131,-14.8238,24.084
9.97962,-23.4216,14.7831
-11.4319,-44.944,-8.15043
-14.027,-46.62,-10.5815
-15.8053,-47.4457,-11.5343
-33.4471,-65.2503,-28.4293
-35.8277,-68.7304,-31.6249
-29.163,-63.2366,-27.1843
-20.5317,-55.8664,-19.9887
-18.6597,-54.9686,-17.8322
-24.008,-60.7004,-22.1016
-20.0389,-56.9423,-17.52
-24.6705,-61.522,-21.8551
-24.2737,-60.6665,-21.222
-19.5515,-54.8929,-16.5346
-19.8778,-54.3928,-16.7361
-13.0734,-48.0376,-8.30691
-16.1584,-50.4986,-9.15538
-15.5101,-45.9745,-8.84982
-22.0948,-48.174,-16.8709
-35.92,-59.8793,-31.0439
-28.7337,-52.2692,-24.7168
-31.3833,-54.6927,-28.7136
-39.1357,-59.8166,-36.7794
-46.2653,-60.9308,-43.4843
-56.8412,-65.0683,-54.4977
-51.9255,-55.8537,-50.1845
-54.4798,-56.4775,-52.7504
-52.42,-53.7314,-51.3328
-40.9548,-42.2267,-40.7926
-44.5017,-47.0235,-44.7112
-49.4382,-54.1026,-49.8632
-61.0385,-67.2116,-61.7258
-59.1298,-65.582,-59.2984
-43.971,-50.4026,-43.2241
-37.0837,-43.6161,-36.1181
-28.1495,-34.3881,-26.7873
-36.3353,-41.8243,-33.9482
-40.015,-45.0014,-37.3889
-36.5474,-41.7863,-35.2453
-45.9056,-51.0686,-45.8874
-45.6782,-49.3373,-45.4797
-51.6368,-54.1341,-50.8856
-56.3397,-59.4516,-55.4755
-57.5471,-61.5015,-56.8977
-69.9314,-74.3295,-70.1203
-70.02,-74.9221,-70.997
-73.8689,-79.6855,-75.2791
-76.7451,-84.5423,-78.433
-78.6297,-88.6823,-80.1207
-92.9169,-103.764,-93.996
-91.0474,-101.197,-92.0614
-89.2651,-98.6435,-90.7646
-80.3361,-89.7886,-82.1917
-66.4719,-76.3251,-68.112
-66.4561,-76.6811,-67.8081
-57.4975,-68.001,-58.8327
-59.1549,-69.1155,-60.2732
-60.8157,-69.9363,-61.3719
-50.3965,-59.9385,-51.1818
-43.3729,-55.0507,-46.1773
-31.1152,-44.3701,-36.1182
-32.3168,-44.804,-37.634
-31.5707,-42.6032,-36.1654
-23.613,-33.8718,-27.627
-27.3914,-37.1599,-30.9059
-19.0436,-28.5263,-22.3508
-14.2286,-24.2053,-18.2808
-7.77642,-19.2162,-12.8553
-0.140517,-13.2309,-5.20587
-7.33352,-20.8806,-11.3619
3.12718,-9.6151,-0.306529
10.4798,-1.15793,6.42577
8.56735,-2.95484,3.74706
2.20478,-10.5416,-3.39085
-7.10654,-21.1373,-13.3169
11.0054,-3.66412,5.16796
27.0683,12.9302,21.9756
36.3783,22.837,31.4092
44.6846,29.6978,38.9288
38.4541,21.3159,31.7429
43.2076,25.5675,36.4369
48.1481,30.6532,41.619
57.5166,39.4905,51.3459
68.7786,51.1445,64.0461
51.8603,36.2399,48.2598
34.875,20.4955,31.2689
24.5631,9.95123,20.8322
31.7539,16.9747,27.6639
47.6489,33.2288,42.5826
43.5858,29.9071,37.4586
42.9323,29.7298,36.7375
40.7989,27.3807,34.96
48.8431,35.262,41.9554
66.1398,52.7777,56.9832
73.977,61.3013,62.7663
95.1761,84.0393,82.7498
116.153,106.809,103.751
141.5,133.269,129.966
172.323,164.748,160.839
184.023,177.57,171.167
197.669,192.523,183.987
209.076,204.67,195.995
230.085,225.576,218.154
260.399,254.685,249.633
270.95,263.488,260.291
282.121,272.965,270.283
286.632,276.133,273.108
297.984,287.352,283.046
318.843,308.978,303.168
323.568,313.989,308.055
330.246,319.278,316.067
326.925,312.913,313.951
321.946,305.411,308.609
323.957,305.945,309.47
310.296,290.356,294.956
296.359,273.843,280.753
281.037,256.399,265.949
273.735,247.928,260.058
270.493,243.403,258.257
248.356,219.162,236.566
238.527,206.661,226.346
230.736,196.571,217.659
215.068,180.056,201.489
193.861,159.462,180.779
165.962,132.507,153.508
160.189,126.626,147.604
151.958,117.404,138.745
140.662,104.947,127.569
134.092,97.2655,122.212
120.485,82.8242,109.702
123.772,84.9661,112.388
122.584,82.557,109.601
111.395,71.3785,98.5282
102.659,62.9911,91.5459
91.863,51.6481,82.1555
102.067,61.8932,93.531
104.344,65.6194,97.1532
89.8773,52.1744,83.4443
77.1628,39.1661,70.8949
63.094,24.4854,57.1505
65.8847,26.9945,60.3468
57.3051,18.5656,51.4943
43.7457,5.39025,37.1124
45.4516,7.42857,37.7807
45.501,7.36941,37.0121
50.7015,12.3566,42.3576
36.3545,-1.39192,28.2222
13.7592,-23.1068,4.81752
7.3474,-29.2255,-2.70217
4.85389,-31.9684,-6.02831
11.9477,-25.3989,0.341065
1.09463,-36.8614,-11.2723
-18.8867,-57.317,-31.4729
-21.3205,-59.637,-32.1959
-18.2048,-56.0077,-26.3397
0.883319,-36.6873,-5.32064
-0.10712,-37.0913,-5.51797
-25.2511,-60.8229,-31.2782
-44.7964,-78.8864,-52.898
-59.5001,-92.2251,-69.9665
-46.8882,-79.3819,-58.533
-32.0712,-66.5493,-43.8735
-32.9908,-69.7174,-44.0755
-42.5866,-79.685,-51.7886
-49.6428,-85.813,-57.0875
-30.2356,-65.5754,-37.4247
-23.9806,-58.6583,-32.1259
-36.8635,-71.1908,-46.159
-42.0353,-77.0301,-52.4226
-42.877,-78.5911,-54.0103
-27.5291,-63.2247,-38.6652
-27.586,-63.2087,-39.2109
-44.3265,-79.6372,-56.6102
-47.7264,-82.3715,-59.4312
-45.6653,-79.0581,-56.6837
-29.0065,-60.5691,-39.4499
-26.8408,-57.9026,-35.8599
-40.682,-73.0237,-48.5166
-46.6986,-80.2181,-55.1084
-52.2324,-85.1018,-61.2677
-45.7709,-76.7306,-53.2948
-47.5066,-77.7472,-53.3341
-54.0086,-85.3137,-59.8771
-51.3544,-83.7043,-57.573
-55.5668,-87.6125,-61.8167
-54.405,-85.211,-61.5511
-60.0607,-90.1004,-69.4271
-65.8432,-95.6984,-76.918
-58.4125,-88.187,-68.4639
-55.2937,-85.7468,-63.1688
-36.4018,-68.2458,-43.4889
-26.9822,-60.0901,-34.9601
-38.9556,-72.1933,-47.8511
-39.4027,-71.4364,-47.5471
-36.3096,-66.9966,-43.5417
-22.5464,-52.5139,-30.5327
-7.58021,-36.6719,-17.3113
1.11521,-26.4069,-9.51656
8.70388,-18.2544,-1.36601
11.0735,-17.4437,1.43771
23.7926,-6.86249,13.3603
32.7341,1.28313,21.5827
33.0402,2.26686,22.8751
33.4795,3.14878,24.6268
26.7655,-4.07508,16.7842
27.9377,-3.21661,16.4229
31.1213,0.311609,21.2248
33.5538,3.43004,25.7238
45.2428,15.3236,36.8437
42.3177,11.6607,32.0631
27.6183,-3.19767,16.6266
16.7508,-13.2155,6.67015
15.7489,-13.3073,6.71699
21.3035,-7.32412,12.9219
18.0913,-10.8425,10.1033
15.5694,-13.1688,8.10526
14.1612,-13.4723,7.42454
20.0047,-6.6688,13.4312
27.2319,0.978175,20.41
19.2343,-6.82187,11.7872
13.1016,-12.6317,5.00398
10.1911,-16.1261,2.21875
14.8462,-13.1534,6.1219
23.825,-4.83592,13.1963
22.1371,-5.58625,10.956
17.4807,-8.82407,7.89723
17.9373,-7.61036,11.2653
28.1741,2.0105,22.3603
33.7762,6.68275,25.5334
31.6254,3.98731,21.2847
34.1047,5.97745,23.8614
32.4448,3.7804,23.2807
37.2708,8.35732,28.6114
44.8617,16.7802,37.0887
39.2673,12.8115,33.4919
38.3273,12.8807,33.8252
42.9478,17.0074,38.3327
54.5848,27.2428,49.2056
58.0796,29.4104,52.1833
46.7048,17.1853,40.545
46.1085,16.3785,38.5785
48.2684,18.2078,37.8346
58.8057,27.8168,45.653
68.9625,37.3997,55.7623
65.0819,33.1242,53.5464
55.2748,22.9885,44.2937
37.6274,6.1056,26.9279
40.3418,9.8856,30.7383
48.7925,18.7558,39.9083
36.7141,7.15443,27.4537
25.1652,-3.50652,15.5776
15.4229,-12.4136,6.21619
23.5228,-4.03767,13.8975
30.2245,2.40426,19.8291
4.33436,-23.4295,-5.56531
-13.5837,-40.549,-22.8614
-9.40034,-35.6387,-18.7238
12.7806,-13.0832,4.11013
23.4539,-2.45946,15.726
5.27247,-21.7203,-2.6753
-2.11688,-29.9919,-9.951
-4.27058,-31.1904,-10.3681
4.38376,-20.0431,-1.1758
10.2835,-12.0466,2.64445
-10.3728,-32.5208,-19.7128
-23.245,-46.0906,-32.7526
-25.3393,-49.5462,-34.4363
-13.905,-40.0377,-22.532
-7.10258,-33.6199,-15.5229
-22.2803,-47.0811,-30.3396
-25.5226,-48.2647,-32.8718
-23.2134,-45.8799,-30.5536
-14.1549,-38.5507,-23.0204
-5.04145,-30.684,-15.3922
-13.4923,-39.879,-24.1011
-13.6634,-41.1994,-24.387
-15.2253,-42.8625,-26.5339
-8.72946,-35.2236,-20.5909
1.33204,-24.8951,-10.866
-9.0608,-35.8442,-21.6259
-17.1447,-43.7536,-29.7575
-24.572,-50.4716,-36.1371
-20.9428,-46.5494,-31.0406
-19.381,-44.0723,-28.7983
-35.1043,-58.1198,-44.0897
-40.9755,-63.7136,-48.9661
-48.3601,-71.4916,-54.6407
-47.6895,-70.285,-52.3668
-39.9998,-62.3131,-44.2086
-47.941,-70.4077,-52.3035
-49.934,-71.4147,-54.2328
-52.0288,-72.1061,-56.7899
-45.1456,-65.7786,-51.6178
-34.3378,-57.2418,-42.4027
-39.0312,-63.6979,-47.2716
-33.8369,-58.4637,-41.9784
-45.2565,-68.1216,-53.7701
-56.6188,-77.5372,-64.144
-49.1501,-69.8151,-55.2255
-55.8379,-78.0884,-63.038
-53.2451,-77.2274,-63.1846
-47.4806,-71.9491,-58.13
-40.6017,-64.5015,-47.7252
-25.1107,-46.3787,-28.2014
-16.1604,-32.9524,-20.2186
-2.51688,-16.1321,-10.4654
0.210897,-11.3943,-9.8118
7.91478,-0.822167,-2.31273
35.3772,29.604,24.8211
46.2079,43.5683,34.9558
51.8599,53.9515,40.9709
50.1799,58.147,40.1945
48.7667,63.2928,38.7886
60.166,80.3904,49.5546
64.0195,87.0838,52.5124
72.4896,96.7276,59.9721
66.6002,92.6104,52.5156
56.8591,85.7291,41.3643
60.4893,91.9673,44.6581
54.4873,87.413,38.3624
52.0287,85.4928,35.5301
42.8402,75.9539,26.6221
33.6519,65.8166,18.2815
32.5775,63.8987,18.4506
17.7154,48.9091,5.43719
6.35689,38.5159,-3.50749
-10.2048,22.7979,-19.0745
-23.5876,8.62294,-34.0483
-14.9898,15.7804,-26.1641
-6.91192,22.9153,-16.3019
13.0263,41.4783,5.00018
17.0578,43.5949,7.77278
-6.68911,19.2566,-18.1639
-21.1497,5.52083,-32.7881
-29.4265,-2.87298,-39.8766
-20.0518,4.83648,-29.13
-11.1688,11.7337,-18.8059
-17.4387,4.28683,-24.5021
-23.566,-2.50346,-30.62
-31.5585,-11.0328,-38.6345
-24.5794,-4.5608,-31.9606
-15.0688,3.84804,-22.3271
-14.5367,3.19805,-20.8408
-14.6297,2.5542,-19.6587
-20.0615,-3.61895,-24.7995
-14.2479,1.45368,-20.0513
-6.70268,9.19093,-13.5688
-7.81028,8.71128,-14.4834
-4.91837,11.0015,-9.32232
-11.3677,3.1803,-13.8222
-16.4983,-1.31714,-20.1142
-10.7293,6.04798,-17.7105
-3.37089,13.3291,-13.1239
3.04716,19.4245,-6.51648
6.09878,23.2747,-1.94354
15.048,32.8087,7.29629
16.5415,33.6342,8.09422
9.65837,26.5429,0.879603
6.69982,24.9813,-1.13271
4.88465,23.7367,-1.97367
3.77024,21.5315,-3.85539
-8.46302,7.31647,-16.9377
-20.9457,-7.57912,-28.9421
-22.3805,-10.058,-30.304
-17.3532,-4.18754,-25.4651
-9.94059,5.40162,-16.8858
-17.3493,0.148069,-22.0968
-30.7933,-13.9098,-34.5391
-34.7606,-22.1162,-40.0239
-29.2455,-22.3429,-36.9307
-13.1898,-9.48293,-21.0078
-8.56375,-3.7778,-14.1607
-19.8466,-12.4098,-24.0247
-33.6976,-24.0625,-36.9487
-39.3709,-28.8672,-41.0108
-24.724,-15.382,-25.7103
-11.3478,-3.07644,-13.3799
-7.84916,1.58608,-11.9299
-13.3494,-1.66796,-18.8011
-20.3823,-8.62676,-26.3966
-11.9015,-3.01686,-19.0576
-7.93099,-2.12832,-15.5808
-14.1197,-10.5383,-22.0557
-21.2954,-18.4175,-29.9056
-22.149,-17.4262,-30.6399
-5.19968,1.3866,-14.4627
8.07008,14.0215,-2.56601
7.08109,10.9985,-2.77576
4.2187,6.88373,-2.42497
3.06782,5.92231,-1.05226
7.58421,11.3944,2.88754
2.38065,6.66968,-3.77198
-12.052,-9.05096,-19.3525
-23.2074,-22.2287,-31.6357
-22.88,-22.5053,-30.779
-6.31582,-6.46445,-12.1513
-5.56491,-8.69184,-10.8908
-23.6928,-30.1259,-32.3623
-37.1601,-42.4957,-49.7371
-39.3951,-41.0844,-52.0759
-36.7867,-38.5773,-46.8168
-50.0636,-53.9642,-57.3068
-65.9586,-69.5512,-72.6118
-64.5449,-67.5554,-73.3377
-49.2986,-53.2508,-61.3341
-26.0636,-30.437,-41.305
-27.0109,-28.8826,-42.6663
-50.3492,-47.2531,-64.0194
-65.0707,-57.5808,-78.0807
-64.3292,-56.9921,-78.485
-45.8687,-44.632,-63.6036
-34.0912,-35.4574,-55.1751
-45.0674,-43.6493,-65.2406
-68.2879,-72.0522,-87.1806
-74.7641,-87.5919,-95.7787
-56.4734,-69.9972,-80.3656
-49.39,-60.3152,-73.7932
-48.0678,-58.1464,-71.5085
-37.6245,-45.2367,-60.9366
-25.3566,-30.1062,-50.6834
-7.67463,-15.7386,-37.409
-3.57588,-20.2099,-38.3515
-17.0413,-37.4571,-55.8177
-27.5921,-44.1172,-67.5357
-18.3797,-29.8098,-55.9945
16.8064,7.19789,-18.8307
40.1349,27.8407,3.45203
38.1422,19.424,-0.992656
28.1355,2.41776,-12.4383
27.3097,-2.19969,-12.3582
40.7702,9.25106,1.72728
39.9275,2.4668,-2.0795
33.021,-15.2263,-14.3838
33.6585,-25.613,-18.1506
32.3728,-32.0518,-21.3395
26.7419,-34.0296,-24.98
8.50148,-44.6708,-37.2174
-4.20688,-56.8786,-47.5139
0.0231658,-62.1931,-47.8102
11.2592,-59.7103,-42.3209
31.375,-39.457,-25.2973
43.1574,-22.3963,-13.3314
41.2422,-21.2931,-14.8781
28.7714,-33.3967,-28.265
17.9084,-42.9878,-38.5894
32.1596,-27.9659,-22.9903
56.1719,-5.10769,0.255132
84.0117,21.8727,25.3066
116.682,54.5592,55.6643
198.102,137.516,136.638
483.951,426.972,423.921
937.798,883.813,880.565
1216.22,1163.6,1161.07
1155.62,1102.95,1100.07
923.862,868.226,864.948
690.989,635.826,630.119
501.006,451.894,443.567
390.479,342.876,337.259
365.598,315.254,313.934
359.427,307.081,305.682
323.926,269.623,264.756
251.233,194.648,189.256
194.634,138.774,135.008
188.159,140.39,132.313
192.339,154.411,139.703
169.587,132.002,117.79
119.811,73.0849,65.3333
92.9586,40.0403,34.988
103.744,51.7376,43.3508
111.525,60.7025,50.4573
94.17,46.1071,34.8349
55.5187,14.3669,-1.76551
36.7467,-2.49844,-21.7515
53.4181,8.35418,-7.97027
64.8492,17.9995,3.9728
55.3666,11.0376,-4.35376
28.8419,-17.9102,-33.5249
12.7774,-36.0702,-51.4957
24.8909,-20.3101,-38.9446
39.7638,-3.50079,-25.6239
35.9988,-10.6781,-34.0119
4.80971,-44.3501,-70.4634
-7.81255,-54.7014,-85.166
22.758,-18.954,-53.3523
49.1915,10.5786,-26.7655
45.6651,0.82403,-32.8561
26.2318,-30.2224,-55.3525
24.245,-37.5263,-61.7974
36.9248,-22.6369,-54.7687
44.4495,-11.7375,-50.72
37.3127,-16.1469,-59.2474
9.15389,-40.671,-87.7475
3.55076,-43.206,-93.0044
25.9516,-20.0967,-70.2069
36.1601,-13.2861,-60.6053
32.6295,-21.4006,-65.4926
12.203,-39.6549,-85.5489
5.1754,-40.623,-90.3716
18.7451,-26.9762,-75.3985
15.2715,-34.0282,-79.1744
-0.964607,-47.6499,-95.3007
-23.9116,-63.6411,-117.27
-25.8447,-64.2453,-120.222
-12.8489,-52.9811,-108.267
-13.6463,-52.3669,-105.634
-22.3025,-61.3742,-109.452
-46.192,-87.2563,-131.464
-49.8545,-87.3018,-135.079
-38.3702,-71.8117,-123.94
-48.7949,-85.7411,-135.056
-57.2474,-98.007,-143.46
-61.0045,-99.5936,-145.239
-48.8721,-83.6777,-131.405
-30.6264,-64.7649,-114.052
-38.9317,-74.6255,-123.068
-53.9111,-90.3163,-136.666
-68.37,-104.982,-149.027
-60.3994,-97.8968,-140.031
-36.1743,-71.5796,-116.125
-35.6278,-68.0097,-115.204
-43.3034,-80.2152,-121.76
-61.4456,-105.763,-139.882
-64.124,-110.9,-143.56
-44.7067,-90.1462,-123.975
-39.3119,-82.216,-115.867
-36.3783,-77.0814,-109.903
-42.6115,-83.067,-116.084
-40.189,-81.4647,-116.438
-26.6767,-66.4252,-104.874
-28.3422,-67.0644,-105.105
-25.7635,-67.0507,-99.303
-29.1965,-73.7355,-100.365
-31.0011,-79.528,-102.599
-24.8541,-75.8505,-98.3419
-33.1554,-80.7018,-106.202
-28.4334,-72.5902,-100.122
-21.2366,-66.7076,-93.2869
-20.161,-66.4963,-91.4181
-23.0463,-66.3402,-90.6544
-40.2732,-79.0024,-104.249
-39.3068,-75.7204,-102.874
-33.2879,-71.7106,-100.507
-28.5379,-70.8343,-98.6138
-26.8402,-69.3417,-96.1313
-39.9631,-81.5659,-109.09
-41.8435,-86.0501,-112.199
-46.616,-93.342,-116.484
-56.9343,-103.377,-122.717
-69.1615,-113.643,-130.344
-87.2683,-129.305,-149.269
-85.103,-124.351,-150.527
-82.0872,-118.82,-147.683
-79.3409,-114.73,-142.649
-68.7361,-105.399,-131.377
-69.4532,-109.364,-134.917
-60.2318,-100.474,-128.309
-49.3508,-87.1059,-117.061
-32.029,-69.0034,-97.9055
-13.676,-51.8231,-78.2346
-23.2971,-61.4258,-88.4722
-30.5962,-66.3753,-96.875
-35.3533,-68.7324,-101.722
-31.1979,-65.5664,-98.1133
-20.3757,-60.3097,-87.556
-26.8768,-71.9933,-92.0796
-27.5961,-72.6578,-89.4662
-27.9734,-70.0412,-87.8496
-24.6526,-64.5931,-85.2298
-18.2106,-59.2593,-79.618
-29.5897,-74.1025,-90.2923
-34.7312,-79.1991,-94.4007
-47.0345,-85.8783,-105.439
-58.4093,-93.0771,-114.812
-50.9944,-88.177,-105.899
-53.4044,-94.4507,-108.599
-58.4928,-97.9919,-113.028
-70.6138,-106.766,-122.037
-67.4576,-105.311,-116.448
-47.6995,-89.3014,-95.5824
-50.6492,-91.116,-97.0094
-58.2197,-93.8409,-102.848
-67.6814,-100.616,-111.202
-70.9381,-103.43,-112.96
-71.2901,-103.37,-111.606
-85.6191,-118.252,-126.597
-81.4337,-114.597,-124.576
-71.8098,-103.414,-115.433
-66.8461,-96.8797,-109.304
-63.1841,-94.7333,-104.155
-73.3124,-107.24,-112.256
-67.0545,-99.8823,-103.344
-56.2136,-86.1229,-91.0691
-44.3274,-74.1285,-80.7265
-31.6764,-63.1905,-70.5543
-35.8079,-67.2698,-74.8582
-27.4344,-57.2184,-65.2619
-20.0004,-47.8976,-57.328
-12.9863,-40.7553,-50.3866
-2.43438,-32.3994,-39.0344
-8.60361,-39.241,-43.1536
-8.17149,-37.4025,-41.2788
-10.3063,-39.7107,-42.5699
-14.2066,-44.3021,-45.4549
-14.6539,-42.906,-46.0088
-26.0128,-51.7889,-58.4047
-23.5315,-51.1435,-56.0249
-26.4552,-59.2526,-58.0127
-35.4511,-69.7169,-66.05
-31.2057,-62.8802,-61.3925
-26.4955,-56.622,-56.8119
-5.5746,-36.4187,-35.1599
-4.30571,-36.3734,-32.4037
-23.0292,-55.2339,-50.6508
-25.7331,-57.0737,-54.1199
-26.2685,-57.7945,-55.7956
-11.2883,-44.8629,-41.687
1.17721,-33.7644,-29.8466
3.24064,-30.1609,-28.3764
7.71344,-23.4172,-23.8331
5.46278,-25.9124,-23.9821
11.8207,-21.1271,-14.3457
10.8486,-22.9561,-13.8464
5.92702,-27.6053,-19.8002
13.6997,-19.6769,-13.6561
13.5444,-21.6486,-15.119
23.1843,-13.5218,-5.9786
35.0603,-1.12307,6.47423
36.6176,1.08738,10.109
39.4911,2.78726,15.3397
22.8966,-16.1006,-1.8224
13.3662,-26.3739,-12.236
20.4601,-18.5846,-3.42917
22.5655,-14.9333,1.02715
24.0264,-10.9191,4.54971
18.7424,-13.0783,0.58736
22.422,-5.83979,4.73601
26.4189,-0.929905,8.89583
21.8342,-10.6828,3.4484
17.842,-21.1932,-2.29816
8.38959,-31.8693,-13.2787
10.99,-26.9508,-11.5067
14.9034,-20.9931,-7.74226
5.57793,-27.5999,-16.8013
-1.56186,-32.0784,-22.7829
-6.06898,-37.2521,-26.4899
-2.6176,-36.6902,-24.2671
-0.500128,-36.6302,-23.8634
-6.30284,-40.8339,-28.9884
-9.0743,-39.1958,-28.7854
-13.7387,-41.5137,-31.5585
-11.7803,-40.8521,-29.604
-9.33937,-41.9834,-27.548
-7.85493,-42.8068,-26.1584
-4.3062,-37.6352,-22.4443
-10.7869,-41.0711,-28.8852
-7.42849,-37.6689,-24.9391
6.96918,-27.067,-9.26334
19.0777,-18.0728,3.17394
15.2495,-21.9044,-1.10179
-6.9194,-42.9115,-23.5119
-6.83231,-42.1265,-23.8826
12.1181,-22.5675,-5.40914
17.4576,-14.8441,0.513752
13.6898,-16.7203,-1.46648
10.4262,-20.6882,-3.97173
16.8208,-14.5775,2.1099
16.1066,-13.9243,1.80974
7.43209,-20.8121,-7.37962
8.52105,-19.0506,-7.86411
4.08208,-24.6314,-12.2402
0.124853,-30.1941,-14.5232
-3.92392,-35.0651,-17.4646
-5.08785,-36.0828,-18.4962
4.5655,-25.4282,-7.98497
5.8245,-23.3201,-4.86766
2.25501,-26.6838,-7.62275
-2.63113,-31.0993,-14.0093
-6.05512,-33.3607,-18.7366
-4.17524,-30.449,-14.8849
-7.54755,-34.5356,-16.4343
-11.8386,-40.8794,-22.4431
-17.2544,-47.9534,-30.2319
-20.3212,-51.7425,-34.744
-15.7691,-46.8638,-30.5116
-14.5065,-43.8085,-27.5265
-6.71113,-33.4821,-16.8596
1.72719,-23.9668,-6.64546
7.46735,-18.4393,-0.944364
12.9909,-12.3346,4.39428
7.05923,-18.5027,-0.835328
6.97218,-22.318,-0.213233
7.24157,-25.9575,-0.969771
5.90891,-27.2754,-3.99563
13.761,-16.8056,4.19592
20.7544,-7.96217,12.0115
23.9793,-3.94473,14.3436
14.3493,-12.9085,3.83702
3.91677,-23.6945,-6.34564
7.79336,-20.0307,-0.438137
10.8746,-15.8273,5.55338
14.108,-12.7044,8.90049
11.0134,-17.8023,4.48954
-0.663626,-30.5633,-6.40014
-9.07025,-38.2839,-12.8781
-16.1587,-43.5391,-19.0743
-9.3343,-34.0304,-12.58
-2.63099,-25.1024,-6.02725
-8.95651,-31.1925,-11.671
-19.6416,-43.504,-22.3895
-27.2563,-52.9861,-31.5562
-16.4882,-42.4802,-21.1169
-5.88802,-30.504,-7.74585
-6.78248,-30.1493,-6.15958
-6.66475,-29.8308,-5.94365
-0.161332,-23.8075,0.441508
10.7664,-12.6408,12.449
8.89564,-13.7428,12.1257
-0.366405,-23.7956,2.81847
-5.53293,-30.9906,-3.36803
-15.0813,-41.2413,-12.4015
-18.2332,-41.4597,-12.7598
-17.735,-36.6118,-9.16735
-16.6077,-34.0495,-8.14736
-13.1327,-31.2118,-6.68449
-14.0599,-32.454,-7.64325
-11.7479,-29.3226,-3.38189
-18.3949,-34.9604,-7.9631
-26.4687,-43.5417,-15.1718
-23.6614,-42.5431,-13.0252
-17.931,-39.5105,-8.7607
-10.8821,-34.2593,-2.80645
-14.9405,-37.4195,-6.55624
-19.175,-40.0317,-9.55985
-14.1806,-35.2657,-3.11738
-14.3733,-37.4002,-2.58497
-14.8438,-38.6388,-3.71058
-18.1586,-39.6661,-7.15861
-21.0022,-39.3094,-8.84108
-17.8203,-35.4979,-5.64041
-18.797,-39.1709,-9.09289
-15.8687,-38.9096,-8.21381
-13.446,-36.6591,-4.73166
-8.50571,-30.8859,3.24398
-3.35013,-25.2953,10.3194
-8.33841,-30.1296,4.85619
-10.6246,-31.5631,2.44329
-16.0773,-35.7837,-1.20738
-20.8634,-40.7626,-4.10367
-19.0396,-40.3139,-1.07275
-15.2935,-37.6,3.13438
-11.0287,-33.1218,6.93217
-19.6244,-40.1047,-1.05317
-31.3846,-49.6316,-10.8223
-30.8212,-47.0322,-9.55252
-18.6489,-33.0682,1.57008
8.34116,-5.1005,27.7865
33.3994,19.0862,53.0396
51.6573,35.8245,71.835
58.8067,43.4208,79.559
47.1806,34.3235,67.7366
36.1125,25.8829,55.5893
22.6614,13.6338,41.2962
13.7835,4.60147,32.7391
7.78652,-1.02576,28.9142
-3.20931,-10.0339,20.4653
-0.277655,-5.48579,22.7944
7.99432,2.11681,27.2086
11.0593,4.29145,26.1681
4.71892,-1.57297,18.0831
-4.45829,-10.6769,10.0034
5.77567,-1.10437,22.138
22.6374,15.2487,39.8036
28.6915,20.5786,45.4225
21.0289,11.6885,37.4835
8.42685,-2.11726,24.4389
11.6731,0.474603,26.2247
17.3201,5.76013,31.0492
18.1677,6.55496,32.855
12.1197,1.1671,28.776
2.45238,-8.71006,19.6068
5.89641,-6.74147,21.2883
4.48116,-8.75729,18.4
0.548932,-12.7057,13.928
1.24846,-11.7763,15.0397
5.61396,-7.26744,21.0387
10.4827,-3.12694,27.408
-0.922212,-14.6482,17.3284
-7.17256,-20.3485,11.454
-7.04787,-19.9257,10.1615
-5.71011,-19.3467,9.94828
10.2572,-4.56983,25.6336
12.2533,-2.26508,28.5702
6.69082,-7.02457,24.0844
4.32659,-9.65496,21.7944
0.00504826,-15.0509,16.5903
10.6659,-5.27586,26.4691
10.6681,-4.89728,26.3456
3.12283,-10.9756,19.3173
-8.99689,-21.243,8.40389
-27.5116,-37.9106,-8.83701
-21.9044,-32.62,-3.42546
-16.316,-30.6481,-0.0731024
-11.9409,-29.5951,1.29532
-5.17865,-21.8142,6.93739
-4.91744,-17.1816,9.24477
3.67084,-5.94618,20.3754
1.01414,-10.0388,17.997
-5.44327,-19.8261,10.6983
-9.86291,-27.6993,6.57573
-22.3409,-42.2767,-5.70189
-22.1047,-40.5633,-6.13469
-23.0475,-37.1704,-7.00799
-19.2281,-31.1986,-2.94722
-10.2246,-24.3195,5.48955
-15.3849,-31.7538,-0.346444
-14.9689,-32.2026,-0.251783
-22.4188,-40.4387,-7.03998
-26.1025,-45.0469,-9.29588
-21.1596,-41.5466,-4.32421
-24.8954,-46.7161,-9.11046
-17.1648,-39.3791,-1.78178
-7.87088,-30.3642,7.16687
5.35883,-17.8125,19.4954
15.684,-7.55502,28.5773
10.0197,-12.9407,21.4158
5.60124,-17.1024,16.8406
-7.50458,-30.3096,5.41535
-9.73931,-33.2121,4.26726
4.05493,-19.4926,18.014
10.1533,-12.3416,24.5071
21.1158,-1.1546,36.7574
19.3912,-5.18691,35.3364
13.0063,-14.67,27.3251
10.2612,-18.6756,23.3255
3.36784,-25.1668,16.9353
9.62943,-18.5738,23.9089
0.0914129,-27.232,14.2576
-15.4403,-40.8022,-1.08128
-17.8777,-42.1423,-2.85765
-18.8554,-42.7453,-3.64654
-11.1181,-33.1065,4.08252
-13.1188,-32.1622,1.96701
-13.6234,-30.3006,1.20387
-9.62779,-24.6412,5.22151
-18.9852,-33.4371,-4.63563
-14.0659,-29.5663,-0.999596
-2.91271,-19.5624,8.75515
13.3524,-1.4718,23.3583
32.1078,21.8818,40.0409
31.3929,25.3135,37.4951
35.5171,31.8989,41.0035
46.4533,44.4458,52.3927
79.1906,78.2376,85.7396
109.572,109.08,115.991
99.3998,99.447,105.642
99.1527,100.185,106.118
111.453,113.429,119.2
126.556,127.88,134.694
136.066,135.075,144.772
119.095,116.112,129.008
106.593,102.189,117.605
95.0723,88.5691,106.832
86.6874,77.8289,99.0096
88.7757,79.3758,100.793
77.6338,69.8822,88.7721
64.5484,58.6248,75.7578
41.2102,35.6737,53.4238
22.4727,16.031,35.0904
19.9328,11.7875,32.5
6.18393,-4.56647,18.5669
3.38038,-10.2937,15.6092
-7.50621,-22.7645,5.91703
-26.8288,-41.5957,-10.6402
-30.871,-44.6634,-12.5759
-47.7961,-62.4337,-29.9684
-57.9208,-75.0661,-41.4842
-60.8915,-79.356,-45.3898
-66.7998,-83.993,-51.9269
-68.53,-84.4258,-52.9877
-81.4722,-98.2731,-64.8621
-87.5547,-105.944,-70.6961
-82.5891,-101.667,-65.4389
-71.357,-90.446,-53.8548
-59.0653,-77.952,-41.1981
-66.9992,-85.6478,-48.9821
-73.6407,-92.0449,-55.7535
-73.5904,-92.3468,-55.8193
-71.4147,-91.4058,-54.6639
-62.3891,-82.9632,-46.4252
-64.957,-84.3054,-48.4971
-65.4089,-82.901,-48.3311
-66.9527,-83.5601,-49.5611
-67.8508,-84.8893,-50.5028
-58.4189,-76.0626,-41.3385
-61.4073,-78.6182,-44.7165
-61.1756,-77.2686,-45.2657
-60.577,-76.6416,-46.2586
-63.5884,-81.0625,-51.2521
-62.2222,-80.8423,-50.4538
-69.3829,-88.3143,-56.1326
-70.7328,-89.3788,-55.3971
-72.3044,-90.3085,-56.0563
-73.1857,-90.165,-57.0643
-61.6063,-77.2104,-44.4669
-58.8135,-73.6047,-39.5356
-56.2895,-71.1214,-35.3413
-54.3946,-69.4631,-33.0117
-53.9579,-68.4747,-33.3533
-44.835,-57.8925,-24.7451
-42.7271,-54.6071,-22.5296
-37.3728,-48.7939,-17.3275
-35.4979,-46.8453,-15.9209
-42.3332,-54.4227,-23.3421
-47.9586,-61.8674,-28.6585
-51.7025,-67.6015,-30.5275
-33.0902,-50.496,-10.9023
-12.0785,-31.1268,8.99431
-7.19153,-28.3379,12.4858
-3.86649,-26.8215,14.8938
-4.2332,-27.8054,13.0921
2.13126,-21.0257,18.1596
8.81652,-14.5261,25.8343
-2.0142,-26.5337,16.8033
-12.1504,-37.912,6.64014
-8.27232,-35.3291,8.80549
1.9609,-25.4748,17.8389
2.48334,-23.6429,19.3474
1.4299,-23.331,19.9994
3.04152,-21.3938,22.1873
-2.54981,-27.1618,15.968
-2.25055,-26.689,15.8949
-3.85526,-27.9128,14.84
-2.80086,-26.5841,15.9778
2.20266,-21.4855,20.6082
-5.26057,-29.8238,12.9129
-13.7612,-39.1142,4.22243
-20.5412,-45.0046,-1.96712
-21.8285,-44.0901,-2.64883
-23.9808,-44.2504,-5.32391
-33.5706,-53.6445,-15.9804
-34.7233,-55.5466,-17.3622
-32.2664,-53.3621,-14.0222
-27.6153,-48.5176,-9.29313
-23.0961,-44.2359,-5.20579
-27.539,-50.287,-9.54986
-27.0242,-52.2471,-9.77024
-27.1587,-54.4585,-11.4825
-26.9994,-54.4717,-12.1609
-22.8908,-49.2335,-8.45647
-21.4316,-47.6196,-8.14629
-17.2352,-44.0195,-4.64642
-22.8254,-50.0915,-9.38889
-26.625,-54.0353,-11.7583
-20.5443,-46.7792,-4.17871
-15.2738,-39.4025,1.6781
-12.2403,-35.1019,3.54076
-18.9223,-42.3712,-4.33784
-17.287,-42.0366,-3.01425
-9.38251,-34.7749,5.43181
-16.7906,-41.8561,-1.11131
-26.1175,-49.4756,-11.0354
-29.6593,-51.7545,-15.9883
-20.3709,-43.0775,-7.3645
-9.07835,-32.8414,4.11761
-15.9581,-39.8404,-1.76031
-24.7252,-46.9634,-8.59748
-31.3374,-51.0505,-13.5672
-30.3058,-48.511,-13.3317
-24.7646,-42.6276,-9.98174
-23.1985,-41.6498,-9.67765
-21.6143,-40.4899,-8.32168
-30.6974,-49.1127,-17.3036
-36.3006,-54.9188,-23.3439
-34.6782,-53.7821,-21.9533
-36.1046,-55.9682,-22.9548
-36.1493,-59.6399,-23.4498
-41.6375,-71.395,-29.4473
-41.7076,-76.6209,-29.3689
-34.8376,-72.0871,-22.8922
-34.7351,-72.655,-23.4529
-32.6094,-70.5269,-21.7741
-33.2122,-71.2606,-22.7758
-30.968,-69.0697,-20.5323
-27.1537,-64.6604,-16.1616
-30.9288,-68.2378,-19.9486
-26.6384,-64.8079,-16.9987
-22.7735,-61.7131,-14.4363
-18.5758,-57.212,-10.7651
-15.2586,-53.0986,-7.59756
-19.0725,-56.8485,-10.9694
-17.348,-55.7721,-9.08308
-17.1726,-56.3576,-9.91976
-15.9186,-55.7376,-10.4039
-12.6559,-53.3263,-7.88884
-14.3047,-56.431,-8.78373
-8.06739,-50.9989,-2.56387
-5.02167,-47.1797,-0.327318
-12.0483,-52.4123,-7.00088
-19.7924,-58.395,-12.1122
-22.9084,-60.548,-11.9543
-10.669,-48.4516,0.858977
-3.17223,-42.413,6.70378
-1.65114,-42.2337,6.22931
4.25198,-36.771,10.1369
7.78414,-33.8184,12.8642
14.7411,-27.313,20.9678
17.0481,-25.0655,24.7079
18.4782,-23.9059,26.2214
25.4381,-17.4928,32.9459
33.0581,-10.1265,40.813
30.1744,-11.7959,37.7293
10.753,-28.6204,18.1919
1.1345,-36.1427,8.46415
-4.26498,-40.4506,2.83961
-15.5179,-50.7695,-7.4303
-13.9729,-48.8887,-4.90647
-12.3554,-47.8125,-3.18303
-9.99772,-45.595,-0.714101
-9.26969,-43.7383,-0.104172
-17.4247,-50.2144,-8.48913
-13.3639,-45.4008,-4.6631
-6.66284,-39.6083,1.90408
0.598381,-34.1231,9.8632
-2.01335,-37.3376,8.17565
-13.22,-47.3196,-2.8585
-2.50157,-34.5617,7.67792
14.8666,-15.1923,25.422
30.9225,1.53532,41.9643
24.8971,-5.18394,35.0387
5.6798,-25.5816,14.0691
12.6717,-19.3674,20.7493
16.4424,-14.2865,26.484
12.5584,-14.7783,24.8606
10.1261,-13.6248,22.0727
5.22868,-16.4161,15.1843
10.9422,-10.9597,19.9411
12.1888,-11.6494,19.9569
16.0318,-8.73074,21.758
25.5756,2.90632,29.8572
35.0856,16.5717,37.9836
62.8107,48.247,64.9547
82.6765,71.054,85.6727
100.714,91.3318,104.684
120.634,112.652,124.194
131.808,124.29,134.054
159.42,153.023,160.739
168.609,164.489,169.252
166.576,162.865,166.403
173,167.527,172.021
170.921,164.698,169.537
177.268,172.449,177.069
169.625,166.557,171.799
154.796,150.66,159.397
149.905,141.525,156.462
142.905,130.378,149.736
153.345,138.309,158.858
158.223,141.872,162.242
149.473,132.249,152.808
135.571,116.296,139.137
104.447,82.7417,108.569
88.7143,66.1048,93.3369
77.4165,54.8387,82.5784
63.0541,39.9463,69.3579
53.1527,28.0578,60.9627
32.6376,4.98452,41.1686
27.0384,-2.17133,35.4575
21.3832,-8.54996,29.4025
8.30947,-22.4181,15.5265
-3.40914,-35.2269,2.43385
-21.594,-54.7287,-17.2484
-26.236,-60.1722,-22.2361
-34.2959,-67.7538,-29.1169
-46.4744,-78.332,-39.3238
-51.1901,-81.1515,-41.5649
-65.09,-93.7623,-53.9078
-73.6725,-101.769,-62.4183
-83.2096,-111.398,-71.7539
-84.318,-113.16,-72.3394
-72.467,-101.708,-60.457
-77.9541,-106.127,-65.9488
-80.1974,-106.789,-68.0083
-85.1903,-112.302,-73.6744
-89.8851,-118.646,-79.618
-86.2021,-115.032,-76.5103
-93.9376,-121.545,-83.7603
-92.6291,-119.307,-81.9039
-92.1804,-118.677,-82.591
-90.8968,-117.773,-83.7429
-84.3449,-111.649,-78.7161
-89.8671,-116.515,-83.6512
-87.6515,-112.511,-79.5167
-89.637,-112.959,-80.0935
-91.2735,-114.172,-81.7505
-80.8426,-104.594,-71.9627
-79.3822,-104.221,-70.5364
-71.2641,-95.8638,-62.0056
-69.0259,-92.8459,-60.4221
-66.5998,-90.3658,-59.4721
-55.8414,-79.855,-49.6994
-69.3607,-93.3168,-63.9266
-76.1602,-99.5583,-71.1641
-73.6581,-96.7894,-68.793
-72.7222,-96.0431,-67.7887
-67.2684,-90.3234,-61.496
-70.1965,-93.6707,-64.1385
-65.3698,-90.7942,-60.3996
-66.6796,-93.3468,-62.0576
-69.2116,-94.6084,-63.5769
-57.9145,-81.0654,-51.0293
-57.3038,-79.7057,-50.3267
-58.2305,-81.0031,-52.2873
-62.696,-85.0525,-57.14
-66.7023,-87.7551,-60.9653
-58.5464,-78.9855,-53.0569
-58.2324,-79.4155,-53.6909
-52.6617,-75.2277,-48.8139
-51.8248,-75.5603,-47.8363
-68.3722,-92.4275,-65.3346
-75.3434,-99.1892,-73.9569
-74.5166,-98.15,-72.8173
-68.0184,-91.0935,-64.6136
-67.9472,-90.2861,-64.3859
-70.8107,-93.089,-69.2888
-63.9041,-86.5928,-63.7143
-61.0709,-83.8512,-60.0045
-54.1704,-77.0619,-51.7473
-45.0286,-68.2471,-41.9922
-36.5594,-59.4421,-33.6518
-28.6857,-51.1398,-26.195
-26.6135,-49.5965,-24.9488
-19.4804,-43.1078,-19.4239
-15.5469,-39.3408,-16.7512
-17.9969,-41.3395,-19.1103
-23.065,-45.3112,-23.1002
-29.7987,-51.6412,-28.9679
-18.6883,-41.8675,-17.8597
-5.66545,-30.8947,-5.72832
-9.34184,-35.378,-10.5804
-19.683,-45.1927,-21.5686
-25.279,-49.8577,-27.9883
-13.4951,-36.4919,-16.5811
-9.95383,-31.247,-12.0561
-21.4589,-42.2592,-22.5787
-29.4859,-50.8776,-30.1129
-30.4976,-52.4802,-30.8224
-20.5963,-42.8849,-21.1753
-21.6858,-44.9477,-23.1686
-35.4315,-59.4915,-37.668
-43.0837,-65.7849,-44.3639
-40.6077,-61.1443,-39.4388
-26.9828,-46.6089,-24.147
-19.1712,-38.3755,-15.5484
-16.1421,-34.0521,-11.2975
-13.6472,-30.0018,-7.83304
-24.0837,-40.1779,-19.0416
-36.0653,-53.1166,-32.365
-45.3843,-63.1375,-41.5364
-41.5738,-59.1189,-36.5609
-27.4645,-45.0814,-21.6937
-26.6564,-45.1748,-21.4218
-32.3356,-50.5759,-27.532
-41.7515,-58.0564,-36.1152
-41.442,-56.5444,-35.8069
-30.1019,-46.0255,-25.5863
-25.122,-43.5639,-21.6568
-25.2603,-46.433,-22.6902
-33.827,-55.8344,-30.9125
-35.9636,-56.7717,-32.1894
-26.3984,-46.2668,-23.2007
-22.2305,-42.3234,-20.2924
-21.4442,-41.4294,-19.8538
-28.8386,-49.1494,-27.3584
-35.0057,-56.7708,-34.2309
-30.1802,-52.8868,-29.4569
-33.171,-55.4864,-32.5155
-42.6024,-63.886,-43.0746
-53.0824,-74.4818,-54.5212
-51.3838,-73.6298,-53.155
-41.8513,-64.0111,-43.4476
-41.2063,-62.3184,-42.3297
-38.4073,-58.25,-39.0496
-39.003,-58.9122,-39.0454
-39.8808,-60.6658,-39.6232
-38.7465,-58.4217,-37.7866
-40.3,-57.8521,-37.7687
-33.4232,-50.703,-30.4701
-24.3583,-43.5378,-22.9507
-19.2717,-41.3451,-20.5157
-22.4498,-46.0699,-25.4222
-29.8394,-52.6578,-32.3144
-28.0202,-49.1321,-29.1423
-26.8392,-47.5242,-27.3426
-23.3063,-45.7214,-23.5761
-22.0129,-46.8859,-21.4942
-29.0036,-54.3162,-29.2656
-25.4527,-47.9928,-28.3735
-22.5113,-40.7523,-26.2672
-18.8709,-33.0427,-21.3548
-18.3954,-30.662,-19.4692
-25.9234,-38.6359,-26.2978
-21.7173,-34.3748,-22.4345
-13.5525,-24.8639,-14.791
-0.017316,-10.7295,-2
5.7646,-5.68469,2.72868
4.40927,-8.0075,1.50774
6.24472,-6.86435,4.23708
-9.78162,-23.1471,-10.8932
-20.3332,-33.1918,-20.1821
-20.3692,-32.2226,-19.1516
-23.7117,-35.2045,-22.0164
-19.9263,-32.0251,-17.9025
-22.5624,-35.69,-19.8826
-22.3266,-36.5979,-19.3271
-21.5506,-35.8223,-18.7847
-28.6194,-41.3675,-25.3862
-21.3405,-32.7967,-16.7533
-20.4108,-30.9656,-14.6181
-23.1959,-32.2038,-16.988
-28.4011,-35.882,-22.2732
-39.8852,-47.0176,-33.3959
-28.4764,-36.7148,-21.2138
-16.3562,-25.8086,-8.8598
-4.43439,-14.1564,2.22826
-4.8151,-15.2451,-0.270015
-22.4016,-34.6339,-19.8532
-13.4642,-27.4786,-11.6448
-1.96338,-16.439,0.0470162
2.778,-10.86,6.07242
1.16908,-11.6906,5.59837
-9.39876,-21.0708,-4.71272
-2.32808,-12.2145,3.14407
-2.13856,-12.0719,4.46218
-3.86854,-15.5763,2.87794
1.98476,-10.9053,7.11173
-6.44353,-19.7872,-3.72538
-7.75042,-21.4232,-6.13756
-9.44709,-23.253,-7.91141
-6.45878,-20.1359,-4.33798
3.29598,-10.441,6.55946
0.312746,-13.4934,4.36774
6.69799,-6.64987,11.3778
-3.23346,-16.0582,1.36925
-20.4406,-33.2283,-17.2084
-20.8365,-34.4497,-19.3884
-27.4927,-42.1729,-26.7427
-24.1187,-39.1289,-22.5451
-21.0593,-35.8165,-18.5296
-16.2283,-30.5295,-13.0556
-9.3419,-23.7212,-5.61869
-21.6378,-36.796,-18.2997
-25.5964,-41.1953,-23.2024
-26.135,-41.766,-24.185
-24.2217,-39.9126,-21.9598
-16.1028,-31.5469,-12.7281
-24.8837,-39.5054,-20.2873
-22.5398,-36.9727,-17.3061
-9.08463,-25.5422,-4.4498
4.61726,-14.5942,8.31813
22.5506,2.40672,27.0377
13.1282,-5.85887,18.4284
-2.36929,-19.679,2.16539
-5.77212,-23.0826,-2.22973
-4.03472,-22.9282,-0.790492
1.52683,-18.7391,5.82116
-0.272805,-21.2383,5.07573
6.9668,-14.1409,12.6456
12.7877,-7.41925,19.2522
11.1455,-7.02886,17.7501
7.62314,-9.47429,13.3273
-1.31712,-20.2745,3.17371
0.10413,-21.8615,3.68212
1.50223,-21.1904,5.42992
2.83589,-17.8618,7.56374
5.63855,-13.147,10.8103
-1.50462,-20.5116,3.40241
5.37063,-15.0916,9.70567
16.5896,-4.50367,20.9896
3.60594,-16.6647,7.6797
-17.6961,-36.4122,-13.3088
-28.6935,-45.9095,-22.2756
-29.6293,-46.6718,-21.3488
-36.0717,-54.1544,-27.7559
-37.5942,-55.4031,-31.6512
-30.2815,-46.2953,-26.3607
-28.4041,-43.5122,-24.2793
-26.1656,-41.4012,-21.0857
-30.5043,-45.7068,-24.907
-30.8975,-45.7333,-26.2379
-27.156,-41.4452,-24.2204
-29.9009,-43.9313,-27.8171
-33.6362,-47.6203,-31.6168
-44.3573,-57.9136,-42.0441
-46.5709,-59.313,-43.7615
-36.584,-48.2427,-32.9545
-27.3334,-38.0864,-22.9236
-19.7575,-30.8451,-15.8696
-20.0687,-32.9602,-17.3485
-14.3927,-28.956,-11.5693
-2.33697,-17.4953,1.46987
-1.67894,-16.4405,1.74903
-8.61774,-21.7949,-7.01034
-24.8232,-36.4797,-24.253
-30.0018,-40.9479,-28.4767
-16.3029,-27.3966,-13.234
-0.432435,-12.8124,2.39078
12.6534,-0.450676,13.7433
7.51235,-5.18905,7.34114
-1.7636,-14.1987,-2.11873
-8.06324,-20.4857,-7.62117
-15.3283,-27.6467,-13.8256
-12.0437,-24.2154,-9.75038
-6.67843,-19.0601,-3.82644
-6.40738,-18.8423,-3.91013
-20.2892,-31.6865,-18.0729
-32.1142,-41.9557,-29.0757
-27.1799,-35.9577,-23.3313
-29.6173,-38.6367,-25.6736
-29.5694,-39.4881,-26.4968
-25.1843,-35.5346,-23.0262
-23.2974,-34.6253,-21.1031
-16.487,-28.9938,-13.5546
-24.3354,-37.3436,-20.5959
-27.4124,-41.0781,-24.0537
-24.2912,-38.2894,-22.124
-37.2338,-50.2168,-35.2303
-49.9273,-61.1449,-47.0933
-57.0407,-67.4492,-53.4416
-37.2513,-48.5214,-33.9439
-4.35898,-17.5064,-2.25486
10.7621,-4.42452,12.8996
2.77167,-13.2832,6.58899
-29.1229,-43.5651,-24.7536
-37.3038,-48.0729,-35.5054
-23.1509,-30.3602,-24.9319
-10.2602,-15.8575,-13.5231
6.01101,0.819001,3.21816
2.83269,-1.41281,0.504605
-1.38446,-5.10418,-3.88119
-3.93225,-8.83322,-6.85822
-10.9972,-17.0983,-15.0643
-0.025806,-6.2999,-5.5705
0.564661,-6.16077,-5.67292
-6.35112,-13.9369,-12.5387
-15.694,-23.7451,-21.5332
-31.5863,-39.9696,-37.3146
-25.6265,-34.3331,-31.1215
-17.8735,-26.7746,-21.9021
-6.52325,-15.9103,-8.77402
-4.34731,-13.9517,-6.33633
-19.5576,-28.4199,-22.3318
-9.14585,-17.3794,-12.3912
0.820602,-8.03269,-2.1481
1.13441,-9.63195,-0.593131
-4.63904,-17.4466,-5.8799
-16.3315,-29.6728,-19.3057
-5.5989,-18.0153,-10.2664
-0.962378,-12.42,-5.7247
-9.33627,-19.7708,-12.6698
-21.6897,-30.612,-22.3039
-33.8641,-41.9871,-32.4013
-19.4144,-28.1709,-17.9854
-11.7297,-21.7854,-11.7956
-16.9258,-27.8842,-17.8417
-23.6947,-34.8032,-24.0918
-33.8279,-44.0712,-33.3765
-14.546,-23.7847,-13.128
-3.81364,-13.5958,-2.37137
-15.1186,-26.6555,-14
-23.1585,-36.456,-21.7989
-31.117,-45.149,-30.8104
-17.8052,-31.3,-18.8219
-7.91306,-20.4964,-8.47147
-9.08026,-20.958,-8.24614
-4.47155,-16.0456,-2.33157
-1.09385,-13.2281,1.70285
8.4052,-4.67205,10.8641
1.59998,-11.7706,3.03972
-11.5135,-25.3656,-11.4612
-7.27209,-22.4321,-7.63905
-3.19135,-18.9421,-1.98846
5.3253,-10.0473,8.72607
5.71038,-10.0252,9.8506
4.59042,-12.7153,7.89423
13.5589,-5.73051,16.6349
1.46655,-18.9347,4.76374
-13.694,-33.5736,-10.1812
-23.8379,-42.6858,-19.2655
-34.4503,-52.8252,-28.7112
-38.3532,-56.5982,-31.8902
-39.0753,-57.4075,-33.6839
-26.0811,-44.7355,-22.9639
-21.3593,-39.8637,-18.269
-26.8619,-44.4491,-21.91
-26.8949,-43.496,-20.6768
-27.8895,-43.7589,-21.9254
-23.0429,-38.6165,-18.8698
-20.9735,-36.9201,-18.2974
-20.3641,-36.9235,-17.6921
-14.4695,-31.402,-10.9987
-10.8349,-27.9335,-7.55278
-4.16569,-21.5296,-2.68832
0.793464,-16.8979,1.02953
9.99577,-8.01667,9.8689
17.4974,-0.637132,16.7465
3.66282,-14.3091,2.20381
-7.6272,-25.843,-9.237
-9.43991,-28.1751,-10.606
1.013,-17.9169,0.342072
16.5758,-2.57087,16.067
15.2588,-4.00253,14.5219
11.8283,-6.6914,10.7627
7.40793,-10.067,6.08612
6.96575,-9.98885,5.94002
4.89569,-11.8078,5.32387
-7.35162,-24.1058,-5.61805
-2.99416,-20.2627,-1.1797
3.41677,-14.5077,5.4678
-3.49938,-21.4193,-0.560705
-4.38097,-21.4435,-0.692199
0.181641,-16.3501,3.42022
4.7242,-11.9063,6.94056
-2.20111,-19.0596,0.367929
-9.33623,-26.3609,-6.32096
-0.396266,-17.8104,1.73174
10.0185,-8.11568,11.2188
14.2527,-4.25292,15.492
2.60879,-15.8255,3.71364
-5.93795,-24.2226,-6.40805
-1.05917,-19.2138,-2.66097
3.06675,-15.2032,1.94341
7.79877,-11.0065,6.87295
4.15692,-15.1494,2.4303
0.780036,-18.6391,-2.01592
-3.17694,-22.3166,-6.08432
-13.0781,-32.0145,-14.999
-6.73616,-26.301,-8.29265
9.25449,-10.9566,6.92017
23.4049,3.83143,20.7751
28.2605,9.93181,26.618
20.9576,3.34984,19.4995
17.3335,0.268028,15.2591
7.64734,-9.18842,6.11323
6.59759,-10.6598,5.69898
20.1184,2.5017,18.9495
22.3627,4.81164,20.6488
19.1314,1.43076,16.9249
12.0796,-6.39059,9.5417
12.4498,-6.73389,10.1143
18.1192,-2.19619,16.4784
14.4186,-7.36419,12.8623
15.3457,-6.35299,13.0644
15.6146,-4.50218,12.6094
12.2597,-6.57428,8.75379
11.7116,-7.29463,8.98626
6.08942,-14.0915,5.01221
0.3184,-20.5466,0.0283553
-1.3035,-22.0362,-1.75541
1.12653,-19.2402,-0.854946
0.469322,-19.6919,-3.67465
0.811378,-19.6745,-4.25491
6.59762,-14.5617,1.66837
-1.86642,-23.7363,-6.97975
-5.5123,-27.8443,-11.4995
-0.818363,-23.3744,-7.77804
-1.84194,-25.2716,-9.62285
1.88584,-22.4236,-5.95848
2.10642,-21.6083,-4.73962
4.66562,-18.033,-1.74122
2.37678,-20.1094,-4.13229
-6.63368,-29.3831,-12.364
-5.98011,-29.2716,-10.2057
-2.15425,-26.3697,-4.99742
3.12504,-21.7912,-0.111583
-6.58005,-31.9247,-11.1941
-19.8723,-46.3249,-24.3621
-14.6981,-41.9085,-17.5853
-13.1144,-39.7917,-14.3331
-10.9269,-37.0063,-12.3663
-13.8058,-39.5147,-17.2588
-24.4291,-49.5182,-29.2612
-21.131,-45.4503,-25.0359
-22.6181,-46.0741,-24.0509
-25.5442,-48.2263,-25.1799
-31.4254,-53.6324,-30.6904
-39.0646,-61.9225,-39.3779
-27.0409,-52.1791,-29.0871
-18.946,-46.2839,-21.7907
-16.0388,-44.4581,-19.3212
-23.5592,-52.3246,-27.8767
-28.3229,-56.2809,-33.228
-16.2729,-43.2342,-21.2333
-26.9117,-54.5025,-32.2157
-36.1519,-64.7064,-42.1182
-34.8719,-62.7001,-41.2368
-33.2788,-59.2069,-39.6704
-22.9114,-46.4493,-29.3273
-31.3814,-52.409,-38.0358
-35.3744,-54.665,-41.9476
-30.3632,-48.7396,-34.9576
-34.6957,-53.0324,-36.8615
-29.9013,-49.2626,-31.9594
-32.1168,-52.4666,-35.5572
-28.3406,-48.7869,-32.7979
-24.4496,-45.1755,-29.3142
-37.5691,-59.4094,-42.5847
-34.5672,-57.0889,-39.3964
-24.2622,-46.2731,-29.1653
-1.50081,-23.0823,-7.25461
12.4061,-9.23817,5.8352
1.20533,-19.5979,-5.32751
3.04266,-16.338,-3.28079
-2.92438,-21.5757,-9.31179
-7.99878,-27.5173,-13.9438
-7.30421,-29.4484,-12.7541
-14.7855,-38.9055,-19.9206
-9.44411,-33.4773,-14.865
-12.5757,-35.806,-19.4451
-16.688,-38.8742,-24.0856
-16.9487,-37.9215,-23.6825
-28.6169,-49.4673,-35.6265
-29.866,-51.8364,-37.196
-38.3407,-60.9805,-44.9064
-47.0328,-69.9966,-52.338
-46.5273,-71.2752,-49.5768
-45.5782,-72.4881,-46.1581
-22.679,-50.2649,-22.9623
-17.1198,-44.7742,-19.5086
-28.1293,-56.8572,-32.2663
-28.9975,-59.4816,-32.9123
-30.4399,-62.1238,-34.0698
-18.7275,-51.6628,-22.5287
-13.6395,-47.8778,-16.7216
-9.58024,-43.9258,-11.6823
-4.64408,-37.9914,-6.62142
-16.8328,-49.0088,-19.649
-18.1883,-49.2286,-22.2382
-15.3893,-45.8739,-19.9154
-10.5142,-42.4188,-14.9941
-3.64096,-37.3295,-8.3161
-10.3439,-43.2638,-15.1824
-10.3884,-41.1873,-15.0556
-13.7373,-43.5074,-17.756
-16.7611,-46.3017,-20.3772
-6.78199,-36.1568,-11.0782
-2.42611,-32.6274,-7.71787
1.63777,-30.608,-4.10436
-7.138,-41.0771,-13.4482
-15.688,-49.6066,-22.2576
-14.6038,-46.4789,-20.7005
-23.6338,-52.7032,-29.2517
-31.0053,-58.312,-35.3321
-42.5952,-69.7497,-45.6891
-39.55,-67.2032,-42.9833
-22.4251,-49.9639,-26.4277
-19.4816,-45.8531,-23.3204
-15.3423,-39.7618,-17.8998
-17.6005,-40.0473,-17.9189
-20.6342,-41.5418,-19.805
-17.3637,-37.5002,-17.5644
-23.8523,-43.8243,-25.7822
-24.4154,-44.3328,-26.9155
-28.5394,-48.0298,-30.6668
-33.936,-51.2832,-35.496
-33.7699,-48.5921,-34.5597
-37.4682,-52.0591,-37.5768
-24.7122,-41.3951,-24.9136
-15.6903,-36.1852,-16.8861
-13.8689,-37.7805,-15.6783
-10.1803,-34.8812,-11.8052
-13.6381,-37.566,-14.6958
-8.66482,-32.1433,-8.7053
-8.50882,-32.2648,-7.51818
-9.76761,-34.0253,-8.5655
-12.3919,-37.0165,-11.8171
-28.7742,-53.6464,-29.0725
-29.3874,-54.3239,-29.8836
-24.2079,-48.5188,-24.1758
-24.2354,-47.1052,-23.9831
-25.4055,-47.4799,-25.3836
-32.4043,-54.9393,-33.35
-22.1708,-45.5366,-24.0129
-11.5429,-35.8092,-13.3548
-3.76334,-28.2397,-5.22408
9.10009,-13.876,7.82308
11.2709,-8.81912,9.41518
13.9068,-4.30443,12.0392
5.19526,-13.2705,4.46507
-4.54531,-23.6017,-4.7018
-5.78496,-25.6214,-6.42884
-9.96819,-30.5111,-11.2009
-3.48237,-22.7257,-3.67955
-4.06771,-21.0123,-2.95772
-5.84728,-21.9231,-4.91067
4.63712,-11.7727,6.02029
12.9768,-3.29165,15.1935
25.6849,11.1082,27.8471
25.5768,14.2294,27.5356
25.9137,17.7351,28.7277
41.8163,34.7278,46.7328
53.4845,46.355,59.5452
74.1448,68.4019,80.2294
90.6012,87.1662,96.4649
105.164,102.324,110.352
120.957,116.661,125.802
121.213,115.518,126.159
123.739,117.572,129.219
122.495,116.396,129.051
124.719,118.524,131.286
130.809,123.282,136.1
121.942,112.612,127.104
114.206,103.685,120.644
101.516,90.1447,108.324
89.1505,77.587,95.8669
79.3011,67.1669,87.1501
58.8967,44.5242,67.2944
52.4984,35.5565,60.0307
46.0546,27.6264,53.5071
38.6629,20.031,47.3455
35.8664,17.2567,45.5073
19.9381,0.920673,29.5696
13.7988,-6.08815,23.5059
9.7094,-11.2576,19.9212
5.35778,-14.8113,15.8637
-3.41314,-21.7065,7.28616
-24.8175,-43.073,-14.0987
-29.1155,-48.6727,-19.6372
-26.8227,-47.8391,-20.1716
-20.3589,-42.6952,-16.091
-15.1111,-38.9372,-11.828
-27.1038,-51.5919,-25.1394
-30.3204,-53.7801,-28.5801
-33.0639,-55.6478,-29.0964
-36.6443,-58.0068,-30.9454
-35.9925,-55.8176,-30.1811
-40.1482,-60.3372,-35.2137
-26.265,-47.7372,-22.6427
-14.6319,-36.279,-12.2102
-14.4541,-34.5188,-12.2709
-16.1069,-33.2396,-12.8911
-18.1221,-31.4858,-14.9142
-0.668928,-10.7661,0.909384
12.5525,2.69854,12.7664
23.0244,11.8372,22.9621
44.5377,33.9378,44.5009
69.8481,61.2465,68.8705
100.022,92.7475,97.7093
109.064,101.473,106.03
108.568,100.135,105.71
109.741,101.571,108.097
109.64,102.913,109.05
135.906,130.606,135.882
153.655,148.579,154.122
144.411,139.738,144.908
136.887,132.805,137.183
131.763,126.532,131.957
131.393,123.768,131.834
126.216,115.984,126.987
124.053,112.021,125.094
120.61,107.845,122.354
105.027,91.4757,106.913
96.5727,82.3173,98.2981
86.1702,70.9054,89.2975
75.7531,58.7684,80.5563
62.7842,45.4482,68.5679
41.6234,26.0359,48.3286
29.6022,16.2528,36.5693
19.3856,6.60748,25.5645
10.7094,-4.57849,14.5343
-1.12284,-20.484,0.424729
-22.7383,-45.1042,-20.7863
-36.1044,-59.9176,-32.7366
-49.8735,-74.4281,-46.7734
-60.9223,-85.5933,-58.689
-62.0319,-86.9224,-59.5225
-63.0019,-88.2061,-59.9904
-62.7315,-87.3914,-59.8292
-73.0031,-97.4851,-70.9634
-80.1155,-104.346,-78.7154
-82.9549,-105.831,-79.9444
-91.1837,-113.165,-86.3994
-91.2962,-112.559,-88.6133
-89.8277,-110.947,-91.5843
-83.4113,-106.085,-88.1414
-77.9118,-101.292,-83.093
-80.7105,-103.09,-84.9794
-81.598,-102.63,-84.8282
-88.3871,-108.246,-90.8166
-92.2732,-111.923,-94.9115
-87.3356,-108.362,-91.2477
-81.0516,-103.52,-86.5693
-73.3033,-95.132,-79.3119
-79.2967,-98.3985,-83.456
-85.9535,-100.692,-87.5793
-88.0868,-98.9874,-88.9669
-94.978,-105.976,-96.4499
-96.4294,-110.734,-98.3832
-100.612,-117.692,-103.24
-97.3804,-114.692,-100.737
-92.3311,-107.183,-94.804
-95.6677,-108.241,-96.3521
-94.478,-108.602,-94.9583
-96.0914,-113.041,-97.4058
-93.1914,-109.985,-95.5308
-92.2541,-107.708,-96.2882
-100.979,-116.496,-106.563
-99.7747,-115.251,-104.895
-94.4353,-109.759,-97.7345
-84.5831,-100.815,-87.3703
-78.3676,-95.114,-81.4172
-85.8225,-101.807,-88.3921
-89.5215,-105.153,-91.0434
-92.4398,-109.202,-93.1049
-88.0373,-105.392,-88.577
-83.6185,-99.9886,-84.6666
-83.7775,-99.6582,-85.5425
-74.9448,-91.2543,-76.4819
-70.7267,-87.322,-71.3746
-65.6885,-82.7132,-66.6543
-63.361,-81.2744,-65.0481
-67.9634,-86.8187,-69.2616
-63.5289,-82.2624,-63.8394
-56.4652,-73.6245,-55.9563
-47.8127,-63.573,-47.1691
-46.5657,-62.781,-46.0738
-52.9355,-70.324,-52.477
-49.2581,-66.3182,-48.7846
-46.6925,-62.5799,-46.1156
-42.0839,-56.9811,-40.973
-41.2804,-54.9331,-39.4234
-46.6633,-59.4053,-45.1955
-45.7896,-57.8947,-45.3601
-49.3378,-60.8669,-48.9172
-48.3304,-60.9628,-47.1492
-53.9269,-68.8645,-52.448
-67.6808,-83.1148,-66.8356
-69.7919,-83.5128,-70.199
-69.4524,-81.8039,-71.2509
-63.798,-75.5888,-66.5739
-61.2718,-72.249,-63.7228
-62.6521,-72.9889,-63.4124
-49.6862,-60.3268,-48.4393
-31.3518,-43.3355,-29.2935
-10.7238,-24.4862,-9.38194
-1.48589,-16.5255,-0.645702
-2.95369,-17.7302,-1.91186
-0.489069,-14.0312,0.280181
-7.36938,-21.1601,-7.49814
-7.89717,-23.6529,-8.76931
-4.19783,-21.6667,-4.89792
-4.6623,-22.9392,-4.60414
-3.76179,-22.1,-3.78442
-5.97831,-23.9724,-7.32611
-1.16769,-18.5535,-3.81202
-9.88518,-26.1814,-11.8294
-26.3479,-41.5774,-26.3873
-33.7572,-47.5041,-32.8956
-41.8524,-53.6872,-39.9206
-30.5306,-41.8657,-27.4737
-19.808,-32.0992,-17.7471
-22.1589,-35.0207,-22.1656
-21.7332,-33.0831,-21.9921
-36.2882,-44.9056,-34.3308
-44.5538,-52.3762,-40.5511
-42.2862,-51.5167,-38.3862
-40.8199,-51.1763,-37.7016
-39.6946,-49.8307,-36.7391
-58.6793,-67.9394,-56.1601
-65.12,-73.6252,-62.8842
-59.0646,-67.3404,-55.9511
-52.6804,-61.0304,-48.7407
-39.0786,-46.8372,-35.2103
-42.2546,-48.9072,-38.383
-40.2067,-46.526,-35.7188
-35.0801,-42.1683,-29.6517
-30.184,-38.3921,-24.4735
-13.2656,-21.7957,-8.9412
-10.5076,-18.7618,-7.88118
-8.39648,-16.867,-6.02189
-9.07994,-18.085,-5.73081
-11.1865,-20.021,-6.80124
1.01753,-7.63022,5.1331
-4.76422,-14.1723,-2.32225
-13.8008,-23.3019,-13.0374
-19.9353,-28.7575,-20.3565
-23.0502,-31.7318,-23.8674
-10.4955,-19.5176,-10.4154
-10.5997,-20.4011,-8.804
-10.0619,-21.2187,-7.09585
-11.9264,-24.7692,-9.04655
-14.865,-29.1472,-12.1244
-2.7379,-17.8874,0.324336
-2.35932,-17.6466,0.851758
-7.30963,-21.5635,-4.35104
-18.107,-30.2897,-15.3316
-26.2128,-36.7249,-23.3636
-18.5136,-29.3245,-16.4243
-20.717,-33.2573,-19.8326
-17.4003,-31.4507,-16.387
-17.7715,-33.3476,-16.462
-32.7759,-50.7948,-32.2209
-47.2474,-67.4539,-46.6305
-67.5789,-86.2599,-66.456
-57.8144,-71.0774,-58.0222
-34.0452,-43.1714,-36.3398
-21.2125,-30.1665,-24.3959
-7.99328,-17.9537,-11.0787
-15.2594,-24.5311,-18.0677
-23.6575,-31.0872,-26.3728
-30.8378,-36.6394,-33.0153
-35.6335,-40.7124,-36.8625
-28.7147,-33.4778,-29.2135
-34.8102,-38.0289,-34.0677
-33.701,-35.768,-31.5259
-29.9417,-33.4818,-27.9977
-30.2672,-36.1199,-29.8647
-19.4523,-26.8685,-20.0931
-17.7259,-26.6325,-18.9456
-9.88276,-20.3631,-11.7676
-13.2144,-24.3423,-15.3745
-26.8385,-37.3266,-28.3041
-21.7689,-30.7145,-21.7562
-29.6583,-36.8795,-27.8264
-36.0496,-42.8508,-33.1247
-46.5774,-54.3167,-44.046
-63.2954,-71.3348,-61.3541
-58.4551,-65.2969,-56.544
-54.3373,-59.3626,-52.4485
-43.4591,-47.7285,-41.473
-38.8633,-44.1855,-36.1434
-45.676,-52.728,-42.9467
-42.7525,-51.1187,-41.144
-52.2261,-60.707,-50.7382
-55.7823,-63.2823,-53.8375
-56.9456,-62.8197,-55.1286
-61.1252,-65.3248,-58.9835
-50.3842,-54.5781,-47.6079
-52.5963,-58.7062,-49.9865
-49.6922,-57.9057,-47.3585
-46.8295,-55.2826,-43.7929
-49.758,-56.5132,-45.3686
-36.2026,-41.5264,-31.5875
-33.6147,-39.5835,-30.2147
-32.246,-40.426,-30.0804
-32.2281,-41.8939,-30.6701
-31.2215,-40.9952,-29.2677
-18.1276,-27.6977,-15.6816
-22.7445,-32.3707,-20.4056
-22.8975,-32.5349,-20.3605
-18.7772,-28.0076,-16.0082
-20.7734,-28.632,-18.1828
-15.2698,-22.0762,-12.1923
-26.3699,-33.8228,-22.377
-28.2675,-36.0492,-24.6719
-24.7171,-31.9255,-22.8924
-28.5325,-35.9146,-28.3928
-22.1744,-31.0449,-22.1994
-34.0258,-43.9672,-32.1686
-41.9686,-50.2633,-38.8193
-41.4855,-46.3269,-40.3096
-39.4111,-42.0327,-40.8097
-30.181,-32.7208,-32.0152
-41.6724,-44.4699,-43.336
-47.3662,-50.1431,-49.243
-51.1964,-54.1465,-52.5182
-58.8429,-61.7585,-59.4094
-50.4202,-53.6668,-51.2236
-57.9558,-61.9383,-58.6972
-60.5689,-64.9604,-60.4442
-56.8292,-61.5244,-56.8308
-60.3171,-65.2244,-62.1827
-51.7115,-57.8105,-56.1185
-51.4807,-60.4394,-57.635
-40.3871,-51.7879,-46.3275
-37.394,-49.1944,-42.3771
-52.1378,-63.5593,-57.1755
-39.7517,-51.6924,-45.0454
-33.2946,-46.0301,-38.7073
-36.0604,-48.6868,-41.3786
-41.7026,-53.0543,-45.6739
-50.1765,-59.5969,-52.4107
-39.9436,-48.1626,-41.4928
-37.6692,-46.5649,-39.2797
-36.5942,-47.762,-38.0451
-38.6061,-51.4187,-39.2973
-50.2254,-62.4992,-50.2267
-44.7069,-55.7031,-44.6896
-45.6563,-55.737,-46.0707
-49.5011,-58.9165,-50.2169
-57.0617,-66.9358,-58.3444
-71.3399,-81.8723,-74.0593
-62.1498,-71.7122,-65.6004
-64.9706,-73.4347,-68.2737
-75.7539,-85.2794,-79.3032
-76.4191,-88.6225,-79.9682
-82.6736,-96.5888,-85.5375
-85.2427,-99.2945,-87.5285
-99.2746,-112.993,-102.376
-107.269,-120.722,-111.041
-112.436,-125.793,-114.638
-132.797,-144.797,-134.655
-139.715,-149.144,-144.217
-145.346,-153.096,-151.853
-148.951,-155.938,-155.384
-145.945,-152.122,-151.614
-142.118,-146.899,-148.506
-125.945,-128.701,-134.374
-120.563,-121.619,-129.569
-119.467,-120.053,-127.447
-116.093,-117.671,-123.217
-122.198,-125.008,-128.716
-116.658,-119.806,-121.551
-114.169,-117.033,-117.586
-117.315,-119.327,-120.811
-121.212,-122.329,-124.56
-126.644,-127.892,-129.497
-119.138,-121.836,-122.399
-118.461,-122.856,-122.811
-114.326,-119.426,-120.086
-103.832,-109.219,-110.666
-100.499,-106.809,-107.931
-97.9279,-104.802,-105.167
-110.216,-116.458,-116.75
-115.971,-122.002,-122.434
-108.218,-114.826,-114.668
-106.175,-112.503,-112.757
-101.799,-107.019,-108.737
-106.819,-110.798,-113.368
-105.507,-107.681,-111.359
-94.5169,-95.4395,-100.358
-89.2095,-90.8534,-95.5939
-74.8499,-78.5102,-81.3788
-70.3784,-75.9098,-76.5071
-69.2254,-75.3118,-74.9685
-62.7705,-67.862,-68.6349
-56.9487,-60.9652,-62.906
-43.2462,-47.6893,-48.1753
-40.8507,-45.8384,-44.7859
-37.9527,-41.9942,-42.4709
-29.9244,-33.1934,-35.0089
-28.6445,-32.6384,-33.506
-18.0456,-22.9351,-22.3856
-8.90702,-14.0496,-12.5125
-8.21121,-12.8403,-12.4629
-9.33698,-13.218,-14.714
-5.20725,-9.3718,-10.1914
5.79583,0.869737,2.24065
6.72831,0.793427,4.55493
10.1834,2.82739,8.70841
13.9404,5.57158,12.4269
13.4177,3.93295,11.0663
18.5204,8.36718,16.3735
17.1321,7.81236,16.6677
23.8108,15.2177,23.645
30.9138,22.2928,29.6733
31.4571,22.7151,28.8782
34.6361,25.3302,30.465
31.1241,21.8685,25.9442
34.8062,26.3563,28.6648
40.4011,30.8514,33.6772
43.1921,31.2528,37.4032
37.1779,24.5298,32.6249
20.4173,8.50547,16.9504
23.4995,12.3364,20.815
26.2128,15.9952,23.9726
25.2219,15.927,23.6479
35.6113,25.9319,34.0965
33.206,22.6098,30.7043
32.5621,22.6507,29.4667
30.282,22.2063,28.2187
28.2379,20.7955,27.1644
36.8863,28.3494,35.074
32.0879,23.4005,29.4989
33.5174,26.3779,31.4584
31.2005,24.267,30.2618
24.8856,16.8202,24.4884
29.9344,22.007,28.6998
25.1975,17.6685,22.7237
29.524,21.2374,26.6126
30.3459,22.0119,28.0324
23.568,16.599,22.1909
23.5799,17.4386,22.9837
17.1362,10.1802,17.3076
18.3615,10.2612,18.4749
9.55122,1.37325,9.26363
-2.42379,-10.6839,-2.13332
9.44193,-0.225745,10.5439
21.0516,9.51987,21.7953
33.1947,21.0966,33.1045
30.1879,18.8695,30.3511
19.6044,8.73451,20.4423
22.1677,11.0197,23.3496
15.4971,3.81671,17.4364
15.0065,2.68255,17.8747
14.4052,1.44644,18.1231
14.6894,1.30697,19.3642
17.2973,4.09306,22.1411
2.72229,-10.4809,6.95849
-0.231351,-14.0494,3.04049
0.222951,-13.7384,2.48909
0.0249047,-13.125,1.90606
7.15798,-4.49626,9.3744
2.25704,-8.13163,5.18822
7.18899,-3.20704,10.4122
4.8358,-6.47046,7.31192
-10.5772,-22.2996,-8.94812
-5.87168,-17.1558,-3.79992
4.26501,-6.93006,6.64527
19.4086,6.89849,20.1649
19.2299,4.76756,17.601
10.7659,-4.11412,8.138
14.0802,1.28113,12.1828
7.94636,-2.13911,7.60959
12.7809,3.55328,13.7794
17.8748,7.56816,18.8389
20.0356,8.01165,19.6334
28.5118,15.3836,26.5273
22.4912,8.88033,19.3526
24.2369,10.3522,20.1788
25.7454,13.1057,21.3295
23.2769,12.8613,19.1873
28.3488,17.9221,24.2168
22.984,9.94325,18.6615
28.9837,13.8691,26.1526
30.3807,15.4384,30.1643
25.2772,11.1629,26.2804
30.7982,16.5973,31.4337
25.6471,11.2844,25.8432
32.8245,18.6238,32.2354
27.8749,13.4588,25.9034
15.0823,0.0780148,12.6962
23.6274,7.94006,21.7808
15.6618,0.0760047,14.1665
14.1702,-0.485394,12.4891
17.4593,3.11413,15.2021
12.905,-2.65068,9.69014
17.3906,-0.00439875,13.3999
10.5263,-7.36908,6.66154
11.8673,-4.76523,8.42499
15.2604,-0.246106,12.2165
11.8981,-4.28637,9.09343
19.3065,1.5847,16.16
14.0851,-4.04611,10.2777
19.4103,1.67538,15.6816
27.0586,8.84513,23.6671
23.7738,4.88263,19.766
30.5193,12.0815,26.02
22.9268,5.46232,19.0474
21.4666,5.27964,19.0698
18.0252,2.95382,17.0524
4.75413,-10.3098,4.08902
6.25719,-8.6114,4.94506
1.93065,-12.5304,-0.393977
10.5756,-5.52721,7.14694
20.5891,1.44617,16.7125
17.0052,-3.84963,13.9473
19.2861,-1.23335,17.9959
5.79132,-13.3265,5.85019
-0.520016,-18.2523,-0.316735
-1.0279,-18.3999,-1.08695
-6.20999,-23.5386,-6.34838
1.76226,-14.5808,1.83465
-4.95698,-20.5718,-5.12199
-6.49343,-22.8081,-7.86976
-6.78522,-23.8482,-9.00354
-12.4153,-28.2292,-14.1237
-5.15824,-18.5058,-6.21511
-12.6883,-24.9356,-14.0885
-14.1186,-26.65,-16.1795
-12.7776,-25.2237,-14.5461
-16.8446,-28.5386,-17.4848
-12.4797,-23.6064,-11.6126
-21.3068,-32.8352,-18.6843
-20.9596,-34.2474,-18.3361
-18.0871,-33.712,-17.9754
-15.2738,-31.5967,-17.5417
8.11406,-6.72712,5.66881
11.4148,-1.79268,10.203
11.2121,-0.950919,11.7361
14.1852,2.72716,16.7406
10.7122,-1.15078,14.4073
18.6151,5.41774,21.9308
14.4807,0.59156,17.1978
15.6818,2.05836,18.9117
14.2691,1.78299,18.4021
8.43678,-2.17664,12.6559
22.7356,13.008,26.3684
23.9531,13.6824,27.1933
18.5442,7.79729,22.5239
6.03551,-4.10318,12.2828
-6.39904,-14.8613,2.1398
4.69696,-2.36655,13.8428
5.57991,-0.637902,13.9097
9.10239,3.60219,16.9776
12.1018,6.36494,20.4861
5.04071,-1.43967,13.4684
11.2444,4.01286,18.6641
-5.48515,-13.5469,0.962823
-19.7763,-28.5365,-12.7572
-10.794,-20.4573,-2.82798
-5.98408,-16.5611,2.00186
-1.70369,-13.322,6.51846
-12.4991,-25.4748,-4.51241
-14.8915,-28.8774,-8.49035
-9.99405,-25.039,-5.71633
-14.64,-30.5541,-11.5414
-13.9722,-28.8235,-9.5011
-21.1543,-33.7487,-14.7456
-20.5312,-32.8385,-14.2061
-17.3484,-31.6666,-11.8582
-24.3627,-39.4149,-19.1635
-19.4183,-33.9861,-14.0722
-13.562,-29.5789,-8.09379
-2.83417,-20.6454,2.79016
3.9554,-14.2401,9.85121
-10.0769,-28.6867,-4.69297
-19.7609,-39.0943,-14.5704
-21.0905,-40.5689,-14.6708
-10.1262,-28.1263,-2.26083
-2.9536,-18.3186,6.00882
-10.2989,-23.9136,-0.962728
-11.1894,-24.888,-2.69779
-10.42,-25.3795,-3.32102
-4.9115,-20.9548,1.60518
-10.2897,-26.6908,-2.80564
-21.1823,-37.3787,-12.0804
-16.3757,-32.5203,-7.34756
-14.5136,-31.5076,-9.57178
-14.674,-32.6402,-17.1048
-23.224,-41.3874,-30.7697
-34.5785,-52.5593,-41.5693
-31.799,-49.7833,-35.316
-25.9203,-43.5838,-25.1127
-26.1072,-41.8887,-20.4088
-41.1474,-54.4164,-31.6196
-49.9268,-62.156,-39.2023
-45.1116,-57.2293,-34.7499
-49.5839,-62.0913,-40.0962
-49.7651,-64.3998,-41.9312
-49.8226,-67.557,-43.0364
-44.6476,-64.1273,-37.7605
-29.8872,-49.4358,-22.7412
-34.9631,-53.123,-26.5748
-41.0979,-56.2105,-29.199
-42.1957,-54.8515,-27.0093
-35.1377,-47.1427,-20.2524
-28.5368,-40.5488,-16.2021
-41.3813,-54.7383,-30.4645
-38.277,-53.9968,-27.3844
-26.3394,-43.7663,-15.321
-10.336,-29.3585,0.957021
0.47062,-20.3876,12.2638
-13.6765,-36.0929,-1.29291
-16.6834,-40.1159,-4.6796
-18.1559,-42.1106,-7.51257
-18.6929,-43.3648,-9.01617
-10.2992,-35.4869,-0.981598
-16.5469,-41.0877,-6.94982
-16.0217,-39.4292,-5.89595
-19.8121,-42.8664,-9.60029
-28.1146,-51.4252,-17.8976
-25.304,-48.812,-14.6164
-32.8521,-56.9403,-21.7206
-30.0522,-54.8263,-19.1322
-32.8615,-57.3792,-23.0455
-40.8243,-64.0243,-31.9076
-32.3728,-54.069,-22.3703
-29.3357,-50.4534,-17.1183
-19.8059,-40.3689,-6.51917
-32.2731,-51.5202,-19.6156
-51.4987,-70.1304,-40.0659
-45.1181,-64.1574,-34.5032
-48.7969,-68.244,-38.6128
-42.2186,-61.8323,-32.4696
-37.431,-56.9035,-28.496
-42.7021,-62.2048,-35.3064
-36.4547,-57.2255,-30.5112
-43.5418,-65.5966,-37.5818
-43.6275,-65.2136,-36.3999
-41.8151,-62.4819,-33.5383
-45.1331,-66.0727,-36.9758
-30.2331,-52.0862,-23.1823
-21.7484,-43.6038,-15.337
-15.2849,-35.594,-7.98955
-25.0113,-43.5664,-16.2493
-37.4278,-55.7812,-27.67
-22.0046,-41.3409,-12.7417
-19.5821,-39.4535,-12.3182
-19.9786,-39.4934,-14.0262
-24.7882,-43.2669,-18.9018
-32.2182,-49.4718,-25.9844
-25.1224,-42.0359,-18.0864
-29.4055,-47.1574,-21.9832
-27.5051,-46.3681,-20.9528
-32.6477,-51.8359,-27.1364
-45.4821,-64.131,-39.6156
-37.2481,-55.8679,-29.9482
-36.9284,-56.0733,-28.8439
-33.6623,-52.7149,-25.7779
-30.0806,-49.1786,-22.7143
-31.9925,-51.4283,-24.8692
-26.9472,-46.24,-19.7524
-39.7682,-59.0457,-32.2095
-46.2874,-65.7881,-36.2836
-48.4149,-66.7779,-35.967
-37.9551,-53.0418,-28.0982
-2.55804,-13.9619,1.75846
5.93341,-2.50107,6.44127
10.9944,4.97754,9.64803
23.8227,19.6775,20.1267
36.2725,34.0274,28.2759
58.44,58.0715,46.7737
72.3166,74.4985,60.5723
95.6079,102.205,86.6981
105.864,116.689,100.141
97.5406,110.311,92.834
99.7741,113.761,93.2624
92.1646,109.223,82.4076
96.7296,118.512,84.009
101.9,127.223,87.9164
98.3926,124.735,85.3991
105.981,132.94,94.8539
98.7785,127.825,88.4257
95.8604,126.995,85.3523
87.2431,118.537,76.7043
74.7107,105.401,64.0047
77.5643,108.513,66.6423
63.6814,94.8074,53.9692
56.8071,87.1883,49.2217
57.9525,87.0661,50.5567
56.7075,85.1243,47.4192
58.8787,88.2085,48.9033
42.2487,72.2523,32.8732
35.5395,63.9185,26.1095
34.0899,59.9095,24.6428
30.563,54.7596,21.8691
38.3506,62.1927,30.8006
28.7244,52.9441,22.1688
27.0128,51.2539,21.56
27.946,50.6375,23.0449
25.7921,45.8966,20.2523
35.5026,54.64,28.7464
25.7222,46.1597,16.8462
21.3704,42.929,9.99683
24.4958,45.5775,12.0189
27.9853,47.8902,16.4866
38.2777,57.402,28.9232
28.454,46.8329,20.3261
25.1284,41.9545,16.3901
27.4702,42.2998,17.8535
25.4174,39.5154,16.6633
32.0115,46.8415,25.8318
23.9571,38.2567,18.8126
23.2921,35.1284,16.4026
21.2322,30.5969,13.1277
8.91737,16.3722,1.6407
13.4784,19.2378,6.94134
12.1034,17.0561,5.19716
15.9015,21.3769,9.11056
17.3187,23.4138,11.3365
14.0084,19.5124,7.67279
21.2494,24.7785,13.702
14.962,16.2551,7.06416
15.0909,15.3061,7.67542
14.5165,15.337,8.38747
7.56507,10.123,3.99076
10.2927,14.4108,9.14377
-0.133848,4.74236,-1.65122
0.00397193,5.16745,-3.67865
6.95065,11.9927,2.27
6.10494,10.6767,1.61771
10.2272,13.5825,6.04647
-0.965696,0.240967,-5.48219
-2.47061,-2.97889,-7.16937
-0.451612,-1.77008,-3.53574
-3.63666,-5.50063,-4.07459
5.00265,2.70514,5.9529
-3.01313,-5.63467,-2.49089
-9.65784,-12.3483,-10.6646
-12.9328,-15.1144,-15.7416
-17.4732,-18.4622,-20.7582
-14.4291,-14.7674,-16.6421
-24.857,-26.2948,-26.3955
-23.4883,-27.0321,-25.1034
-17.8752,-23.0221,-19.1195
-22.3557,-27.6354,-23.1822
-19.0233,-23.9327,-19.865
-26.1879,-31.5655,-27.1445
-19.8247,-25.7305,-20.8365
-7.75744,-13.3527,-8.74579
-18.0049,-22.4331,-18.5256
-24.5787,-26.8563,-23.2016
-31.508,-31.4849,-27.9304
-28.8653,-28.5595,-25.2506
-24.8536,-26.8086,-22.9295
-27.7161,-31.5849,-26.3788
-23.2289,-26.8917,-20.5475
-28.4822,-31.5146,-25.2694
-28.3032,-31.5498,-25.5928
-30.1314,-34.8896,-27.5044
-42.0539,-48.3337,-40.3833
-43.0677,-48.6004,-42.414
-40.7248,-44.4886,-40.0878
-27.2216,-30.28,-26.6762
-15.4951,-18.9276,-15.5775
-13.1183,-16.512,-14.0565
-1.46769,-4.68705,-2.52567
-2.25558,-7.11096,-3.12513
-17.0657,-23.9955,-17.6001
-29.5139,-36.9954,-28.9605
-30.791,-36.9528,-29.5804
-24.521,-28.3422,-23.1233
-27.0816,-29.7336,-25.1871
-22.0732,-25.1406,-19.7015
-18.6104,-22.989,-15.9369
-16.8565,-23.1776,-14.7057
-9.94241,-17.8301,-8.69233
-21.4844,-30.0464,-19.6357
-30.5013,-38.9763,-26.8826
-31.5689,-39.0022,-26.4746
-27.9006,-33.8851,-21.9838
-24.2059,-29.2282,-18.2475
-33.3096,-37.8597,-28.5539
-31.4766,-35.406,-28.2462
-22.793,-25.5248,-19.2946
-15.1278,-16.474,-10.5889
-17.773,-18.6807,-13.0794
-37.5769,-39.8184,-32.9695
-46.4114,-50.265,-42.0679
-47.8196,-52.0454,-43.6196
-37.6829,-42.2059,-32.7219
-23.7958,-29.0583,-17.5807
-29.2254,-35.1018,-22.9077
-27.1193,-33.0712,-22.2736
-28.1883,-33.3203,-24.3877
-29.925,-34.5236,-25.8345
-17.6879,-23.2694,-13.0874
-5.27819,-12.5102,0.154373
12.835,5.24234,19.4857
7.24632,0.702995,14.0835
-5.84958,-12.0049,-0.0521095
-5.73633,-12.3132,-0.843368
-10.2407,-16.7548,-5.24097
-4.90232,-11.6113,0.247296
-8.98278,-17.4146,-4.06543
-14.5057,-24.5799,-10.3435
-10.4269,-20.1534,-7.28725
-17.1302,-25.3674,-13.8473
-20.6095,-27.1098,-16.7008
-32.9148,-38.408,-29.054
-42.838,-49.2671,-39.5431
-39.4238,-48.1511,-37.0544
-44.6734,-55.079,-42.2975
-41.3191,-51.5607,-37.1917
-42.5559,-51.5264,-37.1574
-40.0404,-47.629,-34.3913
-33.3189,-39.5485,-27.542
-47.0731,-52.6385,-42.2844
-47.2287,-53.2228,-43.9782
-45.6812,-52.6009,-42.7508
-42.4399,-51.168,-39.9127
-33.3691,-44.37,-32.0591
-39.1672,-51.0763,-37.1502
-35.7275,-47.2847,-31.6515
-36.7425,-48.0545,-31.9083
-39.3928,-50.972,-34.8166
-32.751,-44.2012,-28.5451
-35.791,-46.2015,-31.9182
-32.6226,-42.3381,-28.9039
-38.0288,-47.6606,-34.2762
-41.9999,-51.4496,-38.1971
-31.5852,-41.8206,-27.9067
-31.3398,-43.6238,-28.0929
-26.6081,-40.0112,-23.3424
-35.8231,-48.8314,-31.7186
-44.1955,-57.2626,-39.7751
-38.789,-52.4119,-35.3653
-45.4528,-58.5292,-42.7954
-42.2016,-53.8923,-39.6884
-48.2707,-58.8733,-45.8591
-59.4056,-69.5096,-55.8037
-57.1637,-67.1938,-51.4882
-56.3707,-66.9301,-50.1551
-47.8394,-59.5996,-43.0218
-57.5877,-70.5604,-53.6653
-70.9336,-84.2503,-66.6282
-66.8017,-79.2172,-62.6617
-71.9361,-82.6307,-68.4815
-66.5703,-75.844,-62.7085
-65.2056,-74.1576,-59.7671
-66.809,-76.6555,-60.273
-58.6176,-69.8966,-52.2892
-56.7425,-69.8036,-51.3485
-42.9917,-58.183,-39.1192
-53.0756,-68.6148,-51.5179
-69.9901,-83.7266,-70.2215
-63.2622,-74.7917,-62.9782
-69.4529,-79.0296,-67.8441
-68.3663,-76.4892,-67.3939
-72.5236,-79.886,-73.0719
-79.7988,-88.5021,-79.6043
-71.6498,-84.3482,-68.8712
-72.5416,-89.3238,-68.5253
-65.1453,-85.2173,-61.5316
-70.8365,-94.3577,-67.8468
-91.6206,-117.874,-89.6989
-96.575,-125.364,-96.2891
-105.039,-137.56,-105.723
-103.256,-139.194,-103.18
-109.391,-147.255,-108.438
-127.793,-167.401,-128.094
-136.591,-178.236,-139.018
-157.842,-200.501,-160.804
-170.339,-212.54,-171.58
-179.675,-221.242,-178.065
-180.789,-223.067,-177.641
-167.272,-211.578,-164.665
-175.15,-221.465,-173.65
-180.135,-227.339,-178.753
-184.149,-230.816,-182.176
-190.762,-236.187,-189.148
-191.426,-236.224,-190.597
-200.827,-245.347,-200.124
-186.901,-230.151,-185.859
-174.902,-216.044,-173.391
-184.559,-223.653,-182.58
-190.064,-228.225,-187.356
-204.584,-242.908,-201.503
-205.874,-243.889,-202.817
-206.514,-243.775,-203.678
-208.125,-244.962,-205.78
-198.785,-235.553,-196.445
-208.32,-245.124,-205.705
-211.979,-248.031,-209.293
-215.983,-250.473,-213.153
-219.547,-253.142,-216.657
-213.22,-247.312,-210.31
-225.973,-260.517,-222.528
-231.139,-265.446,-227.346
-232.856,-267.239,-229.213
-238.425,-272.715,-233.905
-237.849,-271.332,-231.333
-254.931,-287.671,-247.017
-259.359,-292.279,-251.202
-251.165,-285.151,-243.813
-242.421,-276.48,-236.067
-231.002,-263.501,-224.991
-242.524,-273.28,-236.908
-245.414,-275.376,-240.491
-241.255,-271.81,-237.059
-231.709,-262.787,-227.966
-201.068,-231.429,-197.499
-179.921,-209.287,-176.012
-158.595,-187.732,-152.998
-145.755,-176.425,-139
-142.69,-175.201,-137.217
-131.183,-163.462,-127.143
-129.52,-160.291,-124.995
-119.96,-149.121,-114.39
-110.335,-138.055,-105.403
-103.71,-130.486,-100.583
-85.9998,-112.541,-83.1335
-83.353,-109.982,-79.1405
-80.3614,-107.129,-76.0092
-84.5682,-111.642,-82.2746
-90.2455,-117.471,-89.8969
-82.5412,-109.905,-82.7136
-92.1694,-119.856,-93.0299
-94.8364,-122.603,-96.3587
-94.1392,-120.674,-94.6695
-100.86,-124.989,-100.108
-104.875,-127.695,-104.061
-120.148,-142.804,-119.386
-119.367,-141.519,-118.097
-109.147,-131.07,-107.918
-107.854,-130.245,-107.824
-106.586,-129.639,-108.289
-116.725,-139.938,-119.756
-114.365,-136.916,-116.819
-104.41,-126.427,-104.613
-97.4666,-119.205,-96.0363
-85.0799,-106.819,-83.4788
-87.137,-109.506,-86.5921
-79.6207,-103.123,-80.9951
-66.2097,-90.7541,-69.0144
-57.2979,-80.9334,-59.5283
-45.6113,-66.9106,-45.6391
-46.1236,-65.6653,-44.5148
-37.0007,-54.9753,-35.0914
-28.47,-44.9446,-27.0481
-28.5234,-44.0556,-28.7847
-21.5381,-36.6514,-22.9015
-17.0357,-32.9015,-17.649
1.44791,-16.7211,0.930614
17.8541,-3.51359,16.5291
20.777,-2.84488,20.0354
25.3511,2.06578,26.4781
19.4695,-1.82844,21.1608
25.2299,5.52386,25.4236
33.4964,13.661,31.7854
35.8158,14.7991,33.4278
42.4054,21.1477,40.1756
33.2534,12.874,30.5269
33.3194,14.097,30.7426
41.4158,22.6404,39.6439
42.1535,22.6122,40.3694
39.5689,20.131,39.3825
29.9039,12.0858,33.1262
36.4307,19.7736,41.6621
47.3639,30.3758,52.7302
53.9267,35.3741,58.9112
71.4156,51.5512,75.6026
77.3017,57.9247,79.5562
75.3947,57.5137,76.0462
73.9036,56.5754,74.2727
75.9716,59.1426,76.0445
89.0334,73.2351,88.8036
96.6096,80.704,96.8056
103.343,86.9994,104.878
104.251,88.5397,107.614
107.065,92.5768,111.486
116.898,102.81,120.485
115.407,99.3506,116.555
117.884,99.0956,117.631
121.158,101.689,121.667
128.399,110.241,129.654
139.519,123.07,140.549
137.26,121.897,137.613
139.116,124.322,138.558
141.644,127.2,140.367
145.231,131.897,143.564
156.472,145.284,155.613
157.012,147.176,157.969
156.919,146.47,158.058
155.689,143.363,155.293
157.75,144.341,156.294
170.226,157.14,168.672
171.167,158.227,170.11
165.236,152.352,165.495
152.71,140.363,154.788
149.115,136.762,152.115
160.806,148.126,163.222
164.4,151.851,165.337
162.934,150.549,162.783
152.179,139.671,152.621
144.873,132.133,145.888
150.758,138.5,151.291
153.855,142.832,154.449
149.098,138.825,150.515
133.042,122.457,136.602
122.84,111.306,128.729
123.42,110.108,129.203
129.993,114.708,134.175
150.334,134.813,152.951
163.073,148.157,164.353
171.854,156.753,172.623
178.089,162.492,179.298
171.776,155.949,173.082
176.461,161.141,176.89
178.618,164.09,178.537
179.175,164.102,179.1
181.154,163.611,180.284
174.889,154.65,172.458
175.805,154.946,172.084
171.42,151.462,168.281
169.711,150.334,169.065
168.68,149.011,170.62
156.497,136.158,161.26
152.143,132.341,159.113
146.393,128.633,152.796
143.151,127.376,148.166
141.175,126.227,146.936
129.225,113.957,136.458
123.675,107.618,129.477
113.805,96.5879,115.92
108.964,90.3716,110.024
106.815,88.0871,110.575
88.6579,70.9904,95.0134
77.1506,59.8995,83.5063
70.2308,53.0319,75.0656
80.1531,63.6784,83.3728
97.3893,81.1426,98.859
96.9253,79.8823,96.9863
93.0444,75.9795,93.553
78.1969,62.3723,81.4344
68.4919,53.8104,73.9701
67.9426,53.3409,72.4545
64.4627,49.0088,66.3301
71.3897,55.3236,71.4488
68.5497,52.2886,68.1513
63.2836,47.0373,62.8571
63.1583,47.4023,62.3477
55.5035,39.7647,54.9329
53.6002,37.648,55.0832
44.7884,29.8476,48.7682
43.7871,30.5008,48.2848
52.2601,39.7456,54.7908
52.8633,39.6271,53.0647
54.8342,40.348,54.8714
41.608,26.6119,43.0325
29.8299,15.4868,31.8908
26.1079,13.1367,27.6775
22.1169,9.87162,23.1509
27.2238,15.0165,28.77
17.5491,5.4576,20.4695
9.41315,-2.83126,12.8171
10.4451,-2.4155,12.9641
2.53401,-11.328,3.78388
3.65693,-11.6116,3.92078
-2.65809,-19.2101,-3.14392
-7.80755,-24.4872,-8.66039
-5.95874,-21.3055,-6.39284
-11.3008,-25.0383,-10.8084
-4.4117,-17.4771,-3.19934
-1.04814,-14.593,0.319157
4.94225,-10.075,6.24834
-4.48869,-20.4305,-3.19423
-31.6458,-46.6935,-29.4948
-25.4209,-39.7346,-21.7507
-21.3619,-36.5812,-16.9629
-22.3058,-38.6056,-18.4194
-19.7755,-35.5749,-17.3837
-33.2118,-48.1002,-31.6154
-27.8897,-44.3805,-25.7539
-16.3096,-35.7544,-14.1314
-5.65496,-26.2585,-3.54145
3.43413,-17.4306,6.66449
-3.28186,-25.1793,0.980331
3.89081,-19.3157,8.20681
2.41737,-22.0765,6.01814
-3.08124,-28.7034,-0.29068
3.8555,-22.6501,6.89986
4.76325,-22.1045,9.1077
18.4091,-7.91044,23.6564
7.68061,-17.6639,12.231
-14.3084,-38.1424,-10.2635
-7.30696,-29.6898,-1.5789
-4.22457,-26.5068,3.26657
-4.43075,-26.8384,3.18273
-17.9513,-40.4346,-10.9927
-27.1595,-50.5982,-20.7194
-14.2186,-38.9498,-8.21648
-8.0437,-33.5361,-2.81258
-2.17307,-26.7544,2.73666
-9.16072,-31.4803,-4.02633
-18.0541,-38.6582,-13.0518
-13.3645,-33.9997,-8.98411
-19.7852,-41.2934,-15.7525
-17.6328,-38.8393,-12.9895
-13.9992,-33.9149,-8.79156
-7.93025,-27.3269,-3.06975
8.11345,-12.073,11.9143
-0.473012,-21.2114,2.14811
-5.98946,-26.113,-3.0199
-3.06018,-22.487,1.88992
-1.87787,-20.7686,4.73414
4.5839,-13.602,11.7651
-0.504052,-18.03,6.27457
-1.09911,-17.4817,4.69131
-2.0094,-17.0977,3.10571
-0.184109,-15.412,4.71046
12.3398,-4.46008,17.2293
8.56758,-9.78166,13.938
-2.18694,-21.2696,4.3367
-8.43347,-27.2002,-1.31902
1.19962,-16.231,7.26689
23.6178,6.42796,28.3466
28.2433,9.29008,31.9486
28.1698,7.44495,30.2928
24.0839,1.87132,24.1957
12.6037,-11.1228,11.332
5.41299,-18.7944,3.9677
-1.28773,-24.1565,-2.88437
7.22221,-13.7205,5.5506
14.8039,-5.74182,14.6557
15.1921,-5.97821,17.4374
12.285,-8.67456,17.3753
-4.85374,-23.1376,2.06063
-9.30589,-23.1257,-4.5469
-3.45831,-15.3042,-2.86386
4.24916,-7.7588,2.23674
11.6883,2.31822,10.1073
5.66024,1.65085,6.68012
4.49047,4.9917,7.15399
1.56763,4.53424,3.59374
-2.23264,2.90471,-2.26647
11.0081,19.059,8.80043
21.1493,31.8379,16.8396
25.3865,37.9235,19.4461
18.1121,31.4414,11.7917
8.08833,21.711,1.75926
6.97767,20.6854,0.154934
-2.31185,10.0576,-9.9379
-8.28409,2.61276,-15.7118
-15.035,-3.77985,-20.8524
-16.7366,-4.43063,-20.2941
-12.0538,-0.151951,-13.1135
-19.4092,-9.87537,-19.5455
-18.8987,-12.081,-20.3188
-18.5343,-12.8942,-20.9878
-25.0974,-18.6826,-27.549
-30.1103,-22.1313,-32.0579
-43.5724,-34.8609,-44.0362
-46.0137,-38.1801,-44.9526
-39.092,-33.447,-38.5924
-35.8904,-31.4665,-37.1157
-39.0489,-33.6857,-40.1839
-55.5353,-49.8723,-55.1227
-60.5915,-56.2341,-58.8044
-60.3308,-57.1359,-58.5292
-64.6805,-61.5129,-64.7398
-69.0873,-64.3136,-70.6805
-76.9639,-69.1613,-78.7616
-74.3773,-62.7699,-75.7587
-74.2732,-60.3357,-74.9134
-74.5962,-60.9454,-74.7736
-68.3457,-55.2529,-67.6073
-67.7904,-54.8578,-66.129
-68.4465,-55.2509,-66.9037
-80.912,-65.65,-78.9104
-91.3815,-73.0503,-88.2508
-83.8216,-63.8423,-80.3228
-74.9424,-55.7174,-72.3335
-62.5502,-45.4343,-61.0949
-59.7655,-44.6767,-58.5081
-58.8146,-45.2252,-57.0042
-45.317,-33.2722,-42.6678
-41.6903,-31.1303,-38.5063
-43.5874,-33.0295,-40.5827
-50.1109,-38.1836,-47.5216
-52.4242,-39.5555,-49.2694
-46.4762,-33.9213,-42.283
-49.5589,-38.1579,-45.6936
-55.2053,-45.2102,-52.6187
-62.2035,-53.4643,-60.53
-58.6801,-50.2784,-57.2115
-45.7781,-37.2374,-44.1205
-45.8965,-37.8243,-44.8802
-47.0065,-39.5622,-47.0139
-47.6956,-41.4532,-46.5273
-42.9472,-39.0148,-39.6164
-30.5717,-29.233,-28.0409
-28.3208,-29.1214,-28.3074
-24.0326,-25.9799,-24.004
-22.7734,-25.4671,-20.4955
-17.3256,-21.1758,-13.157
-4.86745,-10.3613,0.291668
-5.37057,-12.5402,-0.213595
-0.349898,-8.21376,3.81882
4.37973,-3.43851,7.24066
2.30671,-5.28117,3.52243
-1.10337,-7.93436,-1.28277
-10.528,-17.1911,-11.2547
-9.93444,-18.3416,-10.8135
-7.02722,-17.616,-8.02249
-8.96441,-20.1284,-10.8689
-10.2721,-21.2409,-12.4528
-15.0155,-26.3361,-15.3504
-10.0765,-21.7649,-8.18419
-6.07343,-17.9284,-3.50891
-3.31531,-15.4279,-1.86153
8.35597,-4.65568,7.97224
12.3508,-1.10886,10.3883
11.7798,0.417349,10.1923
5.32117,-3.82616,5.50914
3.53116,-5.74894,3.94857
9.66796,-0.399462,8.84375
8.56539,-1.69998,6.90944
12.7167,2.94124,11.3254
20.9129,11.4758,20.1151
25.1411,15.8577,24.6366
22.0403,14.097,22.0787
16.2314,9.59902,16.1461
22.3762,15.544,20.771
26.7367,19.0994,23.8577
29.0445,20.2554,25.745
34.0065,23.255,30.845
32.8517,20.6105,30.6508
38.6144,27.1907,38.6257
45.0026,35.7613,47.894
50.7897,43.2556,54.6301
54.8193,48.282,56.8961
50.7236,44.7718,51.1936
54.797,48.9641,55.178
55.9553,49.2725,56.2246
53.3134,45.5127,52.7723
53.7231,45.5102,52.9302
49.4296,41.0614,48.9033
48.8199,40.5961,47.5801
51.162,43.5208,48.902
58.0756,50.997,55.9399
67.0749,60.7082,66.1248
66.8257,61.1722,66.6502
62.7593,56.8892,62.112
52.2899,46.1686,50.0893
50.7954,46.7383,47.0971
62.7403,61.0027,59.5874
67.1818,64.5855,65.5266
67.9367,63.3743,67.3657
60.0172,55.0342,60.5404
55.3964,50.0477,56.1612
61.3313,54.5782,61.4527
67.9945,60.4125,67.0967
77.6325,70.8576,75.2285
79.6838,73.9865,76.4302
80.142,74.058,77.4209
80.3582,73.0966,78.5761
77.6237,69.3175,75.5645
80.5184,71.0123,77.4198
79.2376,68.0535,75.758
80.3597,67.7861,76.6276
83.9146,71.4709,79.8659
80.6284,68.9549,75.9013
85.2793,73.4466,79.9906
92.1326,79.1314,87.2379
99.5506,85.7151,94.6955
98.9293,85.7498,93.7234
83.1194,71.054,78.0458
78.2556,66.6408,73.4584
81.7019,70.844,77.0585
84.0945,75.0468,80.2429
79.3517,71.4932,77.7663
67.1316,58.2916,67.2365
64.8294,54.3481,63.9459
74.6103,63.2356,71.0969
84.2529,72.5078,78.3753
69.1282,58.0376,63.1415
40.8318,31.2511,36.3875
33.8167,25.3626,30.2182
47.6799,39.5716,44.441
73.0567,64.9063,70.3652
80.4791,72.2347,77.6873
72.1624,63.8731,68.3834
82.0597,73.2427,77.8438
95.0418,83.9871,91.3777
105.125,91.1806,101.59
103.491,88.956,99.5815
86.3663,73.2032,82.3995
69.9075,57.7546,66.4472
50.3524,38.213,48.1375
48.003,35.2599,46.6433
57.344,43.9711,55.5223
63.552,49.6405,60.4049
56.1104,41.7805,51.3241
25.1661,11.1226,20.2373
15.4924,2.66051,12.6274
21.9401,9.78522,21.0767
21.9937,8.29538,21.7014
24.304,8.61762,23.8118
16.8902,0.927459,16.4283
18.1593,2.51119,18.7773
22.9822,7.57334,25.4719
19.108,4.5057,22.589
21.2794,7.63053,24.3496
15.5096,2.03478,17.8869
20.5868,6.58628,22.6508
29.8347,15.4159,31.8538
23.8686,9.45355,26.455
18.688,5.28158,22.482
6.98958,-4.30533,11.5848
16.6948,6.76538,21.6955
24.3138,14.2971,29.2175
3.41715,-7.33546,7.65245
-1.50203,-13.0656,1.81769
-1.30511,-13.2383,0.327807
5.26216,-6.45354,6.18537
12.3085,1.35448,14.4037
7.74993,-2.20621,10.597
13.7414,4.57853,16.7591
12.0285,2.89208,15.2424
11.9195,2.47114,15.0908
17.29,8.1578,20.4488
14.073,5.54241,17.0431
19.2006,10.8951,21.6845
12.3065,3.52316,14.3212
4.98095,-5.24192,6.45647
7.28868,-4.32612,7.96748
9.37736,-1.78991,9.87469
27.0832,17.2842,28.3944
19.7168,10.5031,21.8773
0.48796,-9.40869,3.10848
0.846705,-11.1217,3.31515
1.22023,-11.9851,3.61195
5.43293,-6.62428,8.40305
-6.5118,-16.8106,-2.89117
-19.0964,-28.3884,-13.8115
-15.2626,-24.8886,-8.8637
-11.6038,-23.3547,-7.1379
-4.75394,-19.9129,-1.82996
-13.0329,-32.4815,-8.64611
-24.3352,-47.0372,-17.6428
-23.3646,-46.484,-16.4597
-20.1921,-42.3129,-15.4664
-11.3342,-33.1486,-7.54157
-19.7247,-41.9276,-14.5093
-30.5896,-52.2213,-24.012
-29.068,-49.7523,-22.1448
-32.6203,-53.2171,-25.6117
-27.6125,-48.4691,-20.063
-27.7889,-48.8198,-20.8247
-25.651,-47.1639,-20.1686
-19.5091,-42.3518,-13.7816
-27.8804,-52.0865,-20.8664
-31.1982,-55.8245,-24.021
-40.27,-63.865,-34.9613
-48.6127,-70.2025,-45.9966
-46.8879,-66.9726,-45.5887
-45.8674,-65.1838,-44.3212
-34.3088,-53.4335,-31.3876
-29.1833,-49.2387,-24.8395
-29.367,-50.6679,-25.1302
-30.9958,-52.3253,-27.0949
-41.1138,-60.6102,-35.7044
-30.3432,-47.3429,-22.4863
-21.2624,-37.4616,-12.6679
-31.1977,-48.2674,-23.7802
-42.5489,-60.8679,-36.3938
-55.8842,-75.033,-50.4138
-53.664,-73.1309,-48.1225
-45.0412,-64.278,-38.8597
-37.4815,-56.1052,-30.8341
-33.7823,-52.3606,-27.4486
-42.0696,-60.7198,-35.954
-42.6758,-61.4291,-36.2286
-40.35,-59.7611,-35.2169
-38.3443,-58.0967,-35.9108
-37.4075,-56.6211,-35.6036
-43.0652,-61.411,-39.3001
-41.6027,-59.5491,-35.7784
-35.7141,-54.2353,-29.4425
-26.9757,-46.5023,-21.5979
-24.5708,-44.6422,-19.6837
-35.748,-56.2078,-30.1009
-36.1616,-57.6258,-29.7125
-31.7789,-54.5923,-26.0109
-25.6751,-48.9743,-21.4844
-17.0556,-40.3452,-13.656
-20.0626,-44.2013,-16.7302
-23.5844,-49.1948,-20.1464
-30.2999,-56.7302,-26.6734
-32.0433,-58.269,-28.1666
-28.255,-54.1903,-23.6756
-32.1316,-57.0098,-26.576
-35.6496,-57.8986,-29.7149
-42.5344,-62.3583,-37.0795
-43.1817,-62.069,-38.4675
-37.11,-56.6282,-33.318
-37.7725,-57.7143,-35.193
-38.5183,-56.1031,-35.4472
-42.1328,-56.8686,-37.2882
-39.1326,-54.2381,-34.8229
-28.8199,-46.4511,-26.675
-29.8227,-49.352,-29.2494
-33.5178,-53.4993,-33.8875
-35.7684,-55.3707,-35.9401
-31.1303,-49.5914,-29.6258
-29.5876,-46.4579,-26.0139
-34.6736,-50.7001,-30.0972
-24.6878,-40.1667,-20.1165
-16.829,-30.9383,-12.7878
-15.6378,-28.0654,-12.6014
-16.8088,-28.4769,-14.021
-23.2031,-35.556,-20.1307
-22.5857,-35.6716,-19.4305
-20.1597,-32.2792,-16.5174
-13.2112,-23.7467,-8.88899
-7.49321,-17.8443,-2.32752
-15.047,-26.2882,-9.26009
-18.1569,-30.2916,-12.6468
-21.0738,-33.7259,-16.7822
-22.1084,-34.5416,-18.7403
-17.1476,-29.0997,-13.666
-19.0374,-30.8115,-15.6207
-19.477,-31.0578,-16.2073
-22.7542,-33.893,-19.4533
-20.3095,-30.2891,-16.6318
-13.2061,-20.9111,-9.67555
-14.2141,-19.4961,-12.6014
-12.599,-17.4628,-12.08
-15.5788,-21.9593,-13.732
-16.3659,-22.9909,-12.1004
-9.47133,-14.2332,-3.57933
-2.13452,-5.13018,3.61361
11.0414,9.34472,17.7064
19.0474,18.9359,28.7329
31.3788,33.8583,42.6244
60.7005,66.9959,70.3221
95.1834,104.9,101.773
132.313,144.925,137.54
159.013,174.675,164.435
184.165,202.939,188.626
211.746,234.724,213.223
234.594,262.754,229.864
261.136,293.818,249.465
273.494,309.1,259.909
279.709,315.12,267.792
284.099,316.593,274.097
274.639,308.024,267.23
266.491,308.487,259.782
259.388,309.954,247.877
249.001,299.216,233.914
228.235,271.704,219.176
197.588,236.903,195.783
185.035,224.241,180.46
187.358,224.951,174.915
175.232,209.438,161.769
149.469,180.959,143.517
133.474,161.82,135.519
127.995,151.786,133.999
116.649,136.595,123.372
108.622,128.049,114.274
100.212,120.597,103.749
86.3425,105.015,86.9588
76.3872,89.7885,76.6381
65.9352,73.5218,70.1669
66.3684,71.0333,73.7839
69.8652,75.7265,75.5063
67.5251,77.2459,69.4259
67.0718,78.6146,68.5596
67.1979,76.7855,71.5925
77.1325,84.9765,83.7348
87.1342,94.3115,93.7517
84.8242,90.0974,91.6495
69.7492,73.4419,79.8389
55.1754,59.3101,69.7093
58.7153,63.6998,73.7687
61.2535,66.305,73.893
59.592,64.0216,70.6909
58.4166,61.4179,67.5134
46.339,47.7204,52.9847
38.2784,40.1552,44.978
33.2774,37.4184,41.9829
32.7841,36.9496,43.433
37.6522,39.2197,49.4317
34.3061,34.0546,46.0537
39.6591,38.7555,49.6642
40.8054,39.0592,48.5083
37.3208,35.0206,44.9292
35.5223,33.9811,44.8214
24.3366,23.9383,34.9066
29.7657,29.5984,40.3736
40.511,40.3582,49.9569
43.9519,43.4615,51.5218
44.5717,43.209,51.4712
35.1317,33.2919,43.8301
31.0801,29.5412,41.9054
26.5217,25.3379,37.8346
22.7087,20.7417,33.7632
22.5416,19.4139,34.0092
5.81508,2.62901,17.6057
-6.88369,-9.39389,4.41096
-6.03246,-9.45754,4.14583
9.76263,3.6196,18.4322
29.8464,22.3698,37.4855
29.0438,22.1429,36.585
25.1358,18.7344,32.7426
14.4968,7.711,20.8415
7.97527,0.374123,12.0693
13.9156,6.19442,16.05
9.47945,1.98783,10.0247
9.89618,2.56377,9.83778
14.939,8.20341,15.7118
13.4936,6.5471,14.6464
0.419225,-8.98546,-0.123065
-21.0289,-33.6476,-23.9662
-25.7682,-38.9979,-29.1969
-29.2142,-40.3366,-30.142
-31.8382,-41.5772,-29.6663
-26.9176,-36.9889,-24.5033
-35.1625,-45.9849,-35.1693
-38.8544,-50.2399,-40.9194
-45.2463,-56.5139,-45.9794
-49.4003,-60.3502,-45.6796
-48.0116,-58.9641,-40.7339
-62.6805,-73.1795,-54.7796
-66.6621,-76.1986,-60.1648
-78.0886,-86.9628,-74.0207
-96.5689,-105.696,-95.0336
-90.4688,-100.575,-90.0196
-79.7523,-89.9985,-78.1009
-63.959,-74.1189,-61.5494
-55.8985,-68.04,-55.6344
-56.0241,-70.9785,-57.9914
-48.7379,-65.3379,-50.381
-53.0993,-69.3884,-53.1102
-53.9337,-67.9059,-52.2201
-52.8666,-64.7097,-50.1015
-48.5085,-60.4589,-45.0807
-30.7514,-44.1865,-25.8284
-29.0629,-42.7683,-23.0319
-25.2424,-38.2003,-20.0715
-29.5296,-42.1726,-26.8523
-47.3325,-59.5029,-46.7649
-45.1142,-57.0474,-44.9121
-45.1033,-57.5073,-45.979
-40.988,-53.7332,-44.0665
-33.9316,-47.0244,-37.4925
-34.7605,-48.4968,-37.4232
-31.5731,-45.3366,-32.8061
-40.9557,-53.8116,-40.5338
-48.478,-60.8064,-48.0743
-46.3659,-59.3865,-47.2323
-42.2558,-55.966,-43.6175
-30.3744,-43.8948,-31.8739
-32.7279,-45.5357,-35.26
-41.2806,-52.9397,-44.8158
-44.279,-54.9422,-47.3085
-43.2838,-53.5501,-44.7011
-34.9204,-45.3073,-35.0544
-42.232,-53.0936,-42.7727
-48.259,-59.5686,-50.3762
-47.4897,-58.9059,-50.7806
-52.2597,-63.0269,-56.2482
-53.0258,-63.1365,-57.6492
-59.8606,-69.7935,-64.3582
-58.5066,-67.9103,-61.7775
-53.3277,-62.8085,-56.2383
-56.1374,-66.4246,-60.391
-57.578,-66.4581,-62.7812
-64.8382,-70.2584,-70.0372
-62.83,-66.4369,-67.9003
-57.3714,-61.6511,-62.7195
-60.7318,-66.1361,-66.9475
-58.7456,-64.9036,-64.9853
-63.7899,-70.4765,-69.2583
-66.0901,-72.8978,-71.5846
-65.8819,-72.2436,-72.2296
-74.0755,-80.0236,-81.4921
-77.2016,-83.7162,-85.2642
-85.9435,-92.6408,-92.9542
-87.3296,-92.7548,-91.3525
-85.0525,-89.1337,-86.5682
-89.8824,-93.1959,-90.8875
-89.9657,-93.2535,-91.3586
-97.349,-101.38,-99.2434
-99.688,-104.762,-101.963
-97.2224,-103.287,-99.2953
-98.6952,-104.678,-100.904
-95.6047,-101.023,-99.6462
-100.189,-107.258,-106.888
-102.085,-111.483,-109.228
-103.29,-111.943,-107.947
-111.845,-117.505,-114.116
-108.366,-111.865,-109.847
-106.442,-110.005,-108.528
-104.739,-109.389,-107.846
-101.935,-106.571,-105.533
-104.565,-108.563,-108.692
-103.791,-108.8,-108.788
-107.578,-114.524,-114.126
-101.465,-108.766,-109.553
-93.6927,-99.7641,-101.901
-102.45,-107.088,-109.739
-106.928,-110.561,-112.895
-97.972,-101.246,-103.047
-82.2886,-85.6087,-88.0035
-77.3492,-81.099,-84.7935
-82.6572,-86.8651,-91.7454
-81.0772,-85.2629,-91.0307
-80.32,-85.6195,-90.5363
-78.4426,-86.7604,-87.4187
-78.3054,-88.9402,-84.7317
-80.701,-90.1066,-85.4812
-72.4756,-78.7867,-76.3166
-68.1933,-73.4007,-71.9361
-64.0995,-70.2866,-69.0183
-61.7568,-68.8822,-68.4134
-64.9135,-71.4583,-72.9827
-64.7801,-70.1756,-72.7431
-69.1931,-74.5391,-76.292
-66.8781,-72.6161,-73.55
-62.0128,-67.9118,-69.0656
-63.7651,-69.1445,-72.1779
-62.7488,-66.5121,-71.9946
-61.9367,-63.9869,-70.6173
-55.9666,-56.9587,-64.0346
-47.8056,-48.7418,-55.5547
-51.7972,-53.4885,-59.1998
-60.9884,-63.1563,-68.1448
-61.6224,-64.2491,-69.2545
-51.0297,-55.0198,-60.4277
-46.941,-52.696,-57.3686
-48.3118,-55.1332,-58.3185
-46.7503,-53.1332,-56.4417
-50.9293,-54.9348,-60.3068
-51.512,-52.6063,-60.6463
-48.8737,-49.2838,-58.085
-39.0483,-41.3229,-48.8307
-28.8579,-32.8416,-39.1295
-31.3575,-36.2597,-40.1812
-30.2758,-37.0564,-36.8102
-31.7473,-40.751,-37.7978
-36.687,-46.8793,-43.758
-37.3402,-47.4723,-44.8758
-33.6121,-42.7715,-40.1938
-33.9211,-41.8207,-39.0056
-49.7212,-56.2997,-53.8243
-52.2791,-58.3093,-56.9457
-43.1233,-49.8794,-49.375
-42.2338,-50.1025,-49.7623
-37.948,-46.372,-46.9385
-43.1767,-51.0656,-52.9712
-46.7875,-53.9055,-54.8138
-41.991,-49.3731,-47.4739
-45.5679,-53.841,-50.6127
-43.2555,-52.4189,-49.0696
-47.7436,-57.7727,-53.8188
-51.6846,-62.1758,-57.3104
-50.0963,-60.2382,-54.4911
-56.7333,-66.3264,-59.9473
-57.3201,-66.7572,-60.9237
-63.0267,-72.1116,-67.8845
-60.5805,-68.8352,-66.0069
-50.9091,-58.2971,-56.6884
-45.3719,-52.8563,-52.1549
-31.6816,-40.3954,-39.8552
-39.0254,-48.434,-47.8685
-56.3663,-65.3272,-64.5945
-63.5509,-71.8079,-70.3164
-66.5208,-73.9707,-71.6044
-53.2754,-59.6962,-56.8012
-49.5579,-55.5328,-51.6836
-55.2087,-62.1303,-56.5592
-57.7224,-66.4485,-59.9029
-61.9877,-71.9457,-66.1124
-50.3573,-60.9922,-55.6293
-48.8942,-60.2632,-53.8008
-60.5602,-71.6451,-63.9246
-72.3901,-82.0556,-73.894
-83.693,-92.7123,-84.9397
-77.0816,-86.4607,-80.1432
-74.9163,-84.2771,-79.3409
-79.6677,-89.0154,-84.714
-90.1445,-100.212,-96.9698
-103.57,-114.336,-111.661
-94.4778,-104.714,-101.873
-84.9738,-93.6257,-91.7131
-77.5982,-85.5493,-85.0274
-75.0926,-83.7964,-83.835
-86.4842,-96.233,-96.1122
-77.7818,-88.0922,-87.6214
-74.7133,-84.6258,-84.2813
-92.7201,-101.711,-102.02
-116.955,-125.251,-126.462
-144.812,-152.53,-154.398
-159.606,-167.062,-169.575
-189.532,-197.033,-200.239
-229.52,-237.396,-239.557
-261.667,-270.357,-270.099
-292.032,-301.097,-299.234
-309.288,-318.37,-316.447
-321.937,-331.843,-330.003
-310.686,-320.974,-318.666
-280.696,-290.156,-287.357
-269.893,-279.092,-275.136
-270.105,-279.351,-274.661
-274.525,-283.577,-279.593
-265.717,-275.242,-271.436
-254.895,-265.163,-260.291
-260.508,-270.716,-265.227
-253.018,-262.988,-257.53
-246.516,-257.209,-252.239
-238.05,-249.839,-246.382
-224.815,-236.989,-235.755
-225.155,-237.378,-237.217
-223.329,-235.43,-234.309
-230.449,-241.32,-239.885
-239.802,-249.556,-249.772
-253.69,-264.536,-265.571
-292.825,-305.428,-305.079
-353.84,-365.911,-364.529
-460.501,-470.938,-470.013
-605.406,-615.736,-615.557
-778.603,-790.083,-789.648
-985.902,-998.563,-996.609
-1201.08,-1214.53,-1211.36
-1433.95,-1448.42,-1445.12
-1676.55,-1691.84,-1689.2
-1932.8,-1947.24,-1946.43
-2235.06,-2247.69,-2249.24
-2585.27,-2597.64,-2600.01
-3016.53,-3030.6,-3031.8
-3518.11,-3534.23,-3533.18
-4079.75,-4097,-4094.09
-4691.81,-4708.99,-4705.83
-5279.14,-5296.22,-5293.91
-5818.99,-5836.31,-5835.03
-6284.89,-6301.72,-6301.93
-6653.61,-6669.3,-6672.12
-6930.52,-6945.46,-6950.74
-7093.29,-7107.2,-7113.39
-7164.19,-7176.3,-7182.48
-7168.62,-7180.48,-7185.93
-7144.8,-7159.44,-7162.84
-7148.47,-7166.14,-7167.22
-7173.67,-7191.51,-7191.07
-7219.43,-7235.4,-7234.01
-7268.39,-7283.11,-7280.63
-7327.75,-7342.37,-7339.81
-7436.33,-7450.61,-7450.02
-7576.37,-7590.59,-7590.81
-7735.65,-7751.13,-7749.54
-7875.53,-7891.84,-7889.49
-7980.92,-7996.8,-7995.75
-8065.13,-8080.42,-8080.11
-8096.75,-8111.25,-8110.86
-8079.15,-8092.59,-8093.29
-8016.33,-8028.94,-8031.25
-7925.85,-7937.84,-7939.4
-7826.52,-7837.64,-7837.7
-7688.66,-7698.72,-7699.51
-7529.15,-7538.36,-7540.76
-7360.32,-7369.54,-7372.03
-7195.43,-7205.38,-7206.85
-7051.13,-7060.31,-7062.29
-6884.86,-6892.21,-6895.67
-6711.75,-6718.93,-6722.92
-6534.86,-6543.11,-6546.27
-6333.27,-6342.11,-6343.13
-6121.99,-6130.31,-6130.1
-5877.44,-5884.72,-5885.79
-5607.55,-5613.97,-5617.45
-5323.44,-5328.48,-5333.43
-5036.5,-5039.44,-5044.88
-4774.77,-4775.96,-4782.44
-4516.79,-4516.86,-4524.34
-4268.52,-4268.29,-4274.72
-4035.62,-4036.02,-4039.92
-3808.43,-3809.28,-3811.39
-3601.52,-3602.18,-3605.1
-3401.26,-3401.83,-3406.94
-3221.62,-3221.71,-3228.36
-3075.56,-3074.62,-3081.94
-2956.43,-2955.29,-2960.59
-2885.3,-2884.41,-2886.58
-2850.61,-2849.67,-2850.92
-2852.39,-2852.01,-2853.35
-2892.04,-2892.62,-2893.94
-2974.93,-2975.12,-2976.92
-3124.89,-3123.16,-3125.4
-3332.08,-3328.95,-3330.95
-3611,-3608.45,-3610.18
-3958.44,-3957.79,-3958.95
-4358.06,-4359.37,-4359.02
-4824.61,-4826.93,-4825.7
-5352.68,-5355.29,-5353.64
-5943.47,-5947,-5944.04
-6583.96,-6588.79,-6585.01
-7252.43,-7257.78,-7254.56
-7941.25,-7946.77,-7944.21
-8610.32,-8617.03,-8613.5
-9257.15,-9265.19,-9260.33
-9885.68,-9892.74,-9889.01
-10454.6,-10460.1,-10458.1
-10963.7,-10970,-10967.7
-11443,-11451.3,-11447.6
-11939.8,-11949.4,-11945.1
-12492.8,-12502.9,-12499.2
-13122.2,-13132.7,-13129.5
-13836.4,-13847.3,-13843.4
-14627.2,-14638.5,-14634
-15509.1,-15520.7,-15515.6
-16465.7,-16477.3,-16471.2
-17439.4,-17450.8,-17444.5
-18380.3,-18391.7,-18386.4
-19288.8,-19300.8,-19296.8
-20208.6,-20220.7,-20217.4
-21174.9,-21186.2,-21184
-22294.3,-22305.9,-22303.9
-23698.3,-23712.1,-23709.3
-25360.4,-25377,-25373.2
-27093.8,-27112.7,-27107
-28668.8,-28687.6,-28682.7
-29962.1,-29977.5,-29978.8
-30989.5,-31001.4,-31010
-31878.8,-31888.8,-31902.4
-32882.7,-32892.2,-32907
-34156,-34165.5,-34180
-35598.6,-35607.3,-35623.9
-37030.4,-37037.3,-37058.6
-38358.2,-38362,-38389.5
-39564,-39563.2,-39598.1
-40649.7,-40644.8,-40685.8
-41734.9,-41728,-41770.7
-42938.2,-42931.8,-42973.1
-44147.9,-44142.7,-44184.5
-45231.8,-45226.4,-45269.7
-46259,-46253.3,-46297
-47308.2,-47303.4,-47347.9
-48238.6,-48234.8,-48280.4
-49043.6,-49040.3,-49085.4
-50106.1,-50103.4,-50144.6
-51600.1,-51600.2,-51635.5
-53199.8,-53204.5,-53236.1
-54532.3,-54542.1,-54571.7
-55582.1,-55595.2,-55622.8
-56522.2,-56537.2,-56563.4
-57351.8,-57369.6,-57395.8
-58091.3,-58111.9,-58138.4
-58795,-58816.1,-58842.4
-59313.5,-59333.5,-59359.8
-59506.9,-59526.2,-59552.4
-59358.7,-59377.8,-59404.4
-58908.6,-58928.3,-58955.6
-58180.2,-58200.2,-58227.9
-57213.7,-57233.4,-57261.6
-56098.6,-56118.2,-56146.7
-54846.9,-54866.6,-54894.5
-53447,-53466.3,-53492.7
-51871.3,-51889.5,-51914.4
-50104.6,-50121.4,-50145.3
-48216.9,-48233.3,-48256.2
-46164.9,-46181.9,-46204.5
-43838.2,-43854.7,-43878.4
-41322.3,-41337.6,-41361.3
-38928.6,-38944.2,-38964.8
-36931.6,-36949,-36964.7
-35223.5,-35241.3,-35253.8
-33539,-33555.7,-33567.7
-31721,-31736.5,-31748.6
-29645,-29658.9,-29671.4
-27255.4,-27266,-27279.9
-24609.5,-24616.2,-24630.7
-21906.8,-21911.5,-21924.2
-19293.6,-19298,-19308.1
-16737.8,-16743.3,-16751
-14156.6,-14164.9,-14169.2
-11461.6,-11473,-11474.3
-8688.08,-8700.85,-8701.46
-5956.81,-5970.19,-5969.82
-3318.21,-3331.63,-3328.96
-764.925,-776.9,-772.472
1756.88,1746.41,1752.28
4235.59,4225.04,4234.1
6602.57,6590.83,6603.93
8832.68,8820.1,8835.49
10950.4,10938.3,10954.3
13021.5,13010.7,13027.4
15043.5,15034,15052.1
16994.1,16985.4,17005.4
18904.5,18895.9,18917.5
20800.6,20791.5,20814.2
22706.3,22696.6,22720.4
24586.2,24575.9,24601.2
26369.5,26359.1,26385.1
28033,28023.2,28049.5
29585.7,29576.7,29604
31062.9,31055.3,31084.2
32458.8,32452.2,32482.4
33759.4,33752.8,33783.2
34994.8,34988.1,35018.6
36160,36153.9,36185.1
37195.1,37189.4,37221.8
38008.4,38001.6,38036.5
38553.1,38546,38582.8
38832.5,38828.3,38862.6
38879.7,38879.8,38908.5
38780.7,38784.1,38807.4
38574.4,38581.3,38598.9
38264.9,38276.2,38287.1
37889,37904.2,37909.1
37484.7,37502.7,37503.6
37105.2,37125.3,37122.7
36751.7,36774,36767.4
36393.7,36418.5,36409.2
36025.9,36051.7,36042.4
35627,35651.4,35644.2
35206.8,35229.6,35225.3
34769.7,34792.6,34789.9
34324,34346.9,34344.6
33890.3,33911.9,33910.9
33467.4,33487.8,33488.8
33072.8,33092.3,33095.1
32689.2,32706.1,32711.8
32318.6,32331.1,32340.9
31979.9,31988.3,32002.4
31651.1,31656.9,31675.8
31336.6,31340.7,31363.2
31002.6,31005.2,31028.7
30609.9,30609.9,30634.4
30163.4,30159.6,30185.8
29664.9,29657,29684.8
29157.1,29146.7,29175
28646.1,28635.9,28665.1
28123.2,28113.1,28144.9
27601.4,27589.2,27624.2
27057.6,27042.4,27079.8
26515.7,26498,26537.7
25973.2,25953.5,25995.5
25419.8,25398.8,25442.5
24879.8,24859.2,24902.8
24339.4,24319.2,24361.4
23815,23793.9,23834.6
23299.2,23276.5,23316.4
22781,22755.8,22797.9
22269,22241.6,22287.9
21750.1,21722.3,21770.6
21260.6,21233.5,21280.5
20807.9,20781.7,20826.7
20383,20357.4,20401.4
19998.1,19971.7,20015.9
19638.8,19610.8,19655.3
19335,19306.4,19350.6
19082.9,19055,19097.7
18851.6,18825,18865.6
18633.7,18608.4,18646.7
18412.4,18388.2,18424.5
18219.6,18196.1,18231.4
18029.7,18007.2,18041.7
17822.1,17801.5,17834.6
17624.5,17605.6,17638.3
17416.9,17398.1,17432.4
17222.2,17201.2,17239.6
17039.4,17016.4,17057.2
16861.8,16840.2,16878.3
16712.8,16693.8,16727
16561.6,16544,16573.8
16413.5,16397.3,16426
16262.4,16247.9,16276.9
16087.8,16073.7,16102.7
15897.4,15882.5,15911.3
15666.8,15651,15679
15424,15407.5,15434.2
15177.8,15160.9,15188.1
14916.4,14898.4,14929.1
14653.8,14634.4,14667.9
14325.8,14306.9,14339
13900.3,13884.7,13912.3
13340,13327.5,13351.1
12583.4,12572,12594.2
11597.7,11585.8,11608.7
10313.1,10299.9,10323.9
8775.53,8760.98,8784.37
7118.31,7103.88,7124.46
5408.57,5397.02,5412.4
3677.24,3671.06,3678.1
2054.69,2054.3,2051.64
823.353,829.626,817.461
141.282,155.632,133.391
-122.295,-101.488,-132.312
-299.2,-276.513,-309.38
-706.343,-685.621,-715.133
-1342.48,-1322.59,-1350.51
-2041.76,-2019.66,-2049.4
-2716.34,-2692.2,-2723.14
-3351.14,-3327,-3356.38
-4093.15,-4070.42,-4096.77
-5130.62,-5111.47,-5133.81
-6488.12,-6476.13,-6493.56
-7996.95,-7992.52,-8007.28
-9473.32,-9472.17,-9486.74
-10893.3,-10891.7,-10904.9
-12303.7,-12301.5,-12311.1
-13886.7,-13886.4,-13890.5
-15939.8,-15944.6,-15941.9
-18493.3,-18504.4,-18496.9
-21212.9,-21229.9,-21221.5
-23805.1,-23827.8,-23821.1
-26187.2,-26214.9,-26209.2
-28199.2,-28230.5,-28224.1
-29707.5,-29740.8,-29733.3
-30898.1,-30933.1,-30922.9
-32061,-32097.2,-32084.9
-33269.2,-33305.9,-33294.7
-34355.5,-34393.1,-34383.9
-35100.6,-35138.7,-35131.4
-35390.1,-35427.1,-35421.4
-35343.3,-35379.3,-35374.1
-35197.3,-35233.8,-35227.4
-34891.8,-34928.2,-34921.4
-34233.8,-34268.1,-34262.6
-33337,-33369.2,-33363.6
-32339,-32369.8,-32363.1
-31166.7,-31195.7,-31190.3
-29831.2,-29858.7,-29854.2
-28433.9,-28461.9,-28455.6
-26950.7,-26979.5,-26971.9
-25404.4,-25431.6,-25424.9
-23910.7,-23935.7,-23929.2
-22254.8,-22278,-22270.9
-20128.5,-20148.2,-20143.8
-17575,-17590.8,-17590.7
-14598.1,-14611.5,-14614.7
-11648.4,-11660.3,-11663
-10369.1,-10383.4,-10376.1
-11329.1,-11350.9,-11330.1
-12621.3,-12649.3,-12624.3
-12602.3,-12630.3,-12610.7
-11301.5,-11325.3,-11312.4
-9259.38,-9279.95,-9269.94
-6916.06,-6935.3,-6927.07
-4547.84,-4565.21,-4559.6
-2156.56,-2171.21,-2167.71
390.41,378.734,381.494
3100.93,3092.78,3096.27
5606.14,5601.23,5607.53
7223.91,7218.75,7231.46
7590.87,7580.28,7601.55
6816.09,6797.35,6827.59
5028.83,5002,5042.04
2158.54,2123.98,2173.3
-1821.54,-1863.88,-1807.89
-6712.31,-6761.78,-6701.74
-12165.7,-12221.3,-12159
-17599.6,-17659.6,-17599.2
-22550.2,-22612,-22557.6
-27107.6,-27169.9,-27119.8
-31489.4,-31551.7,-31504.2
-35496.8,-35557.7,-35515.5
-38611.9,-38669.1,-38636.7
-40647.2,-40698.3,-40677.9
-41855.9,-41900.2,-41890.9
-42473.7,-42511.3,-42511.8
-42654.2,-42684.6,-42694.9
-42304.3,-42325.1,-42347.7
-41185.4,-41194.3,-41231.6
-39445.7,-39444.2,-39494.3
-37514.8,-37504.5,-37563.6
-35548.9,-35530.7,-35596.5
-33227.2,-33202.7,-33273.4
-30548.9,-30520,-30591.3
-28252.3,-28221.7,-28288.2
-26764.2,-26736,-26795.5
-25666.3,-25641.5,-25696.1
-24302.4,-24277.6,-24332.3
-22451.4,-22424.4,-22482.2
-20383.5,-20355.9,-20413.9
-18372.7,-18347.2,-18399
-16503.9,-16482.8,-16525.6
-14630.1,-14611.9,-14650.1
-12524.5,-12505.1,-12544.3
-10224.5,-10202.1,-10243
-7919.38,-7897.06,-7935.33
-5861.91,-5843.98,-5875.25
-4253.33,-4242.04,-4264.81
-3079.45,-3074.63,-3090.34
-2179.05,-2179.24,-2189.55
-1318.28,-1322.01,-1327.32
-350.552,-355.985,-356.905
789.212,783.204,785.347
2062.82,2054.85,2059.64
3336.59,3325.72,3333.62
4594.83,4582.53,4593.02
5824.99,5812.54,5824.38
7031.07,7018.59,7030.27
8317.88,8305.14,8315.82
9741.79,9728.71,9739.37
11327.3,11314.5,11326.2
12992.6,12980.9,12994
14639.8,14630.2,14645
16265.1,16257.1,16273.7
17857.5,17849.2,17866.7
19446.9,19436.6,19454.5
21011.9,20999.2,21018.4
22520,22505.4,22527.7
23981.6,23966.4,23992.3
25365.1,25350.1,25378.6
26641,26626.6,26655.9
27721,27706.5,27737
28553.1,28537.3,28570.7
29159,29141.5,29177.7
29537.1,29519.4,29556.8
29740.8,29723.8,29761.5
29796.2,29778.8,29816.7
29738.2,29719.2,29757.3
29632.3,29612,29650.9
29485.4,29465.2,29504.8
29335.8,29314.8,29355.7
29151,29128.5,29170.7
28893.9,28872,28913.8
28579.1,28558,28599.7
28181.3,28160.5,28202.3
27750.1,27730.6,27770.5
27301.9,27283.5,27320.2
26821.7,26802.1,26836.9
26323.7,26301.7,26336
25805.4,25782.5,25817.7
25349.4,25326.8,25363.5
24988.2,24965,25003.6
24676.6,24651.8,24691.9
24381.7,24355.7,24396.1
24054,24027.3,24067.3
23717.3,23690.5,23730.3
23361.1,23334.6,23374.6
22942.8,22917.3,22956.9
22479.4,22455.9,22494.2
21966.3,21944.6,21981.3
21470.9,21450.5,21486.1
21032.6,21012.5,21048.4
20618.3,20597.6,20634.2
20217,20195.3,20231.6
19794.9,19773.4,19808
19362.9,19343.2,19376.6
18902.8,18884.1,18918.1
18411.2,18393,18426.3
17958.4,17941.6,17972.5
17552.4,17536.9,17566.2
17192,17176.5,17204.5
16822.6,16806,16833.3
16370,16351.7,16380.3
15848.8,15829.5,15860.6
15294.4,15274.5,15307.2
14763.6,14743.4,14775.4
14247.5,14227.3,14257.7
13701.5,13681.5,13709.5
13132.6,13112.7,13138.9
12531.7,12511.9,12538.9
11931.4,11912.6,11939
11314.4,11297.5,11319.5
10594.1,10578.1,10596.7
9732.25,9715.38,9734.51
8746.06,8726.85,8748.84
7712.79,7691.09,7715.76
6593.23,6570.22,6595.63
5235.81,5212.36,5237.36
3593.24,3568.56,3594.03
1796.58,1769.82,1796.1
61.6255,33.4364,59.0966
-1565.8,-1593.77,-1569.08
-3297.43,-3324.48,-3299.52
-5546.6,-5574.92,-5547.45
-8564.29,-8597.41,-8566.43
-11950.8,-11989.5,-11957.7
-15025.3,-15067.2,-15036.5
-17418.2,-17459.8,-17430.5
-19102.5,-19141.4,-19115.7
-20229.4,-20264.9,-20245.8
-20973.6,-21006.1,-20993
-21514.6,-21545,-21534.1
-21929.4,-21958.8,-21948.5
-22147.5,-22176,-22168.1
-22087.6,-22114.5,-22110.2
-21749.8,-21773.7,-21773.3
-21268.7,-21289.5,-21291.2
-20718.8,-20737,-20738.9
-20048.5,-20064.1,-20067.3
-19261.1,-19274.7,-19280.6
-18502.3,-18515.4,-18523.3
-18037.9,-18052.6,-18059.8
-17952.8,-17970.2,-17973.8
-18049,-18068.9,-18067.6
-18162.7,-18183.5,-18179.6
-18319.9,-18339,-18336.4
-18654.7,-18671.3,-18669.8
-19247.4,-19263.6,-19261.6
-20048.1,-20066.7,-20064.3
-20860.7,-20882.2,-20879.9
-21454,-21476.2,-21474.9
-21788.8,-21809.5,-21808.7
-22000.7,-22020.9,-22019.2
-22305.1,-22326.2,-22324.5
-22769.3,-22791.6,-22790.9
-23194.2,-23217,-23217.5
-23396.8,-23418.7,-23420.4
-23274.6,-23295.3,-23298.7
-22781.7,-22800.8,-22807.1
-21991,-22008.1,-22015.4
-21103.5,-21117.9,-21124.8
-20404.9,-20417.1,-20424.8
-20012,-20024,-20032.9
-19892.6,-19906.5,-19914.7
-20109,-20125.9,-20130.8
-20748.2,-20768.7,-20769.4
-21708.3,-21732,-21729.7
-22581,-22605.9,-22604
-22966.4,-22989.9,-22992.6
-22791.4,-22813.3,-22820.1
-22215.6,-22236.7,-22245.1
-21489.3,-21509.6,-21518.4
-20685.4,-20704.7,-20712.7
-19689.5,-19707.2,-19714.9
-18430.1,-18445.6,-18454.8
-16949.3,-16962.6,-16974.4
-15416.7,-15427.2,-15441.5
-13904.8,-13912.8,-13927.6
-12320,-12327.1,-12340.4
-10554.9,-10562.1,-10573.5
-8569.49,-8575.98,-8587.05
-6434.92,-6438.86,-6451.63
-4169.23,-4169.74,-4184.66
-1714.67,-1711.12,-1726.86
929.693,937.09,921.647
3693.3,3702.61,3687.84
6426.1,6435.07,6422.28
9064.59,9072.8,9062.71
11659.6,11668.7,11660.1
14249.5,14261.1,14252.9
16810.6,16824.8,16817.3
19080.6,19095.3,19091.4
20703,20715.6,20718.4
21696,21706.8,21713.7
22474.9,22485.7,22492.8
23358.3,23369.6,23376.1
24392.3,24403,24409.5
25652.9,25663.3,25669.3
27231.9,27243,27248.1
29105.7,29118.2,29122.5
31273.9,31287.7,31290.7
33866.4,33882.1,33881.1
37181.7,37201.5,37194.9
41401.3,41426.2,41416.2
46417,46447.3,46436
52179.6,52216.5,52202.4
58883.2,58928,58908.2
66215.7,66268.5,66244.7
70803.7,70855.3,70848.9
68519.2,68548.4,68585.7
61758.4,61757.4,61826.3
56462,56446.4,56514.6
54066.2,54050.8,54107.4
52971.9,52960.5,53008.5
52486.5,52479.5,52521.3
52101.8,52098.5,52137.7
50456.3,50451.7,50496.2
46781.9,46769.5,46825.3
41918.9,41897.2,41961
37103.1,37075.1,37140.4
32658.2,32627.3,32689.7
28249.4,28216.1,28274.6
24101.8,24066.3,24119.5
21133.6,21100.9,21143.1
19821.5,19796.8,19824.3
19535.4,19518.5,19535.7
19109.6,19096.5,19112.9
18145.3,18132.7,18153.2
17189.9,17177.5,17197.9
16699.3,16689,16704.6
16395.5,16386.8,16400.5
15611.1,15600.7,15617.5
14312.7,14299.1,14318.8
13199.2,13184.5,13203.1
12733.7,12721.4,12736.9
12627.2,12618.3,12632.7
12223.2,12215.2,12230.6
11421.6,11411.8,11428.1
10777.3,10765.4,10781.9
10653.1,10641,10657
10792.8,10781.9,10797.8
10631.9,10621.7,10637.4
10083.1,10072.7,10086.8
9628.82,9618.04,9629.74
9566.77,9556.07,9566.23
9664.34,9654.04,9664.45
9431.78,9421.64,9434.23
8803.6,8793.45,8807.68
8210.2,8200.1,8212.56
7936.5,7926.16,7934.64
7832.78,7821.67,7828.57
7502.16,7489.8,7498.98
6878.56,6864.99,6877.4
6320.16,6306.38,6320.47
6065.38,6052.46,6066.43
5977.47,5965.84,5979.48
5699.62,5689.21,5702.95
5164.59,5154.43,5167.73
4678.18,4666.94,4679.14
4446.12,4433.76,4444.32
4384.85,4371.82,4381.95
4206.71,4193.24,4205.4
3840.92,3827.48,3841.38
3543.04,3529.92,3543.04
3484.82,3472.2,3483.36
3589.17,3577.11,3587.14
3606.64,3594.27,3604.78
3480.65,3466.96,3478.91
3401.67,3387.21,3399.54
3474.5,3460.89,3472.12
3635.37,3623.46,3634.29
3695.17,3684.45,3695.3
3620.24,3609.71,3619.13
3576.38,3565.11,3573.41
3642.46,3630.54,3639.75
3768.51,3756.9,3767.11
3809.93,3799.14,3808.33
3754.63,3745.17,3750.9
3728.75,3721.46,3723.15
3767.04,3762.58,3762.25
3852.92,3850.16,3851.33
3889.77,3885.72,3892.23
3854.69,3848.98,3860.06
3825.96,3821.09,3830.4
3814.84,3811.69,3815.59
3829.61,3826.84,3827.66
3824.52,3820.95,3822.04
3786.03,3782.06,3784.2
3762.08,3758.74,3761.41
3751.8,3749.43,3752
3768.51,3766.78,3768.51
3772.28,3770.01,3771.41
3747.61,3743.7,3746.54
3733,3727.5,3732.96
3715.56,3709.38,3716.61
3720.36,3714.01,3721.77
3732.64,3725.63,3732.55
3742.29,3735.23,3740.15
3756.13,3749.98,3754.23
3732.1,3726.31,3731.3
3704.94,3699.6,3704.74
3688.09,3683.2,3689.08
3676.13,3670.99,3678.75
3650.37,3645.47,3653.66
3564.05,3559.57,3566.08
3477.93,3473.08,3478.23
3419.06,3413.8,3419.42
3365.51,3360.31,3366.69
3297.97,3292.26,3298.88
3175.72,3168.83,3176.01
3044.96,3038.13,3045.19
2932.84,2927.4,2932.68
2855.45,2851.56,2854.73
2800.65,2797.34,2799.98
2685.25,2681.89,2685.32
2562.71,2559.13,2564.2
2493.12,2488.29,2495.34
2471.85,2466,2474.03
2463.1,2456.73,2465.76
2384.75,2378.15,2387.53
2272.57,2267.29,2275.24
2196.29,2192.5,2200.01
2178.34,2174.63,2182.82
2178.61,2173.44,2182.49
2120.78,2113.46,2123.89
2049.61,2040.82,2052.11
2017.74,2007.64,2018.96
2024.22,2012.89,2023.35
2030.4,2018.68,2027.75
1967.75,1955.37,1964.69
1888.15,1874.12,1886.51
1852.49,1837.27,1852.02
1856.47,1841.82,1855.23
1858.36,1844.6,1857.46
1791.24,1778.06,1793.18
1704.77,1693.18,1708.95
1656.78,1647.88,1660.56
1653.94,1647.28,1655.39
1653.83,1646.66,1653.38
1580.32,1570.67,1580.09
1486.47,1475.64,1487.77
1440.3,1429.27,1442.57
1445.76,1434.18,1448.48
1458.6,1446.41,1462.25
1406.77,1393.6,1410.55
1326.4,1312.19,1328.71
1276.3,1262.4,1277.54
1270.21,1258.2,1272.29
1268.66,1257.82,1272.82
1198.97,1187.15,1203.97
1110.96,1097.74,1114.68
1068.11,1054.46,1069.67
1077.1,1063.63,1076.44
1094.31,1080.85,1092.92
1043.9,1030.09,1043.31
971.809,957.798,971.828
936.158,922.073,936.464
950.595,937.155,951.56
972.79,960.42,974.876
921.09,908.381,923.739
845.845,831.987,847.564
817.362,803.214,816.577
838.287,824.814,834.8
859.034,845.342,855.08
814.104,798.561,810.56
753.417,737.354,749.819
734.72,719.877,732.561
745.826,731.625,745.834
748.817,734.313,750.256
703.368,687.993,704.812
649.613,633.192,650.298
634.881,618.074,635.858
663.907,648.157,664.916
689.062,674.839,689.096
654.954,641.461,654.088
613.86,600.525,612.511
611.131,597.115,609.795
650.052,635.098,648.805
693.148,677.944,691.313
684.429,668.986,681.197
654.754,639.025,650.509
642.438,626.523,638.177
670.771,654.632,666.978
719.536,703.043,716.371
726.204,709.691,723.092
709.722,694.173,706.648
706.5,691.411,704.785
727.3,712.263,727.295
750.045,735.974,750.658
734.97,721.444,734.713
713.802,699.497,711.985
710.006,693.655,706.861
731.177,712.562,726.874
750.274,731.028,745.177
723.096,704.83,717.366
690.159,673.31,684.083
675.917,659.795,670.325
687.018,670.733,681.827
700.071,683.536,694.503
670.029,653.485,663.699
629.072,612.821,622.207
604.87,588.967,597.602
608.953,593.672,600.779
620.308,606.248,612.471
587.461,573.865,580.767
538.78,524.536,531.169
507.72,492.533,498.699
500.669,484.813,491.827
493.034,477.249,485.588
453.255,437.796,446.751
418.017,402.633,410.802
396.606,380.677,388.247
396.768,379.52,387.508
402.589,384.236,392.261
367.646,349.2,356.851
326.148,308.347,316.223
307.355,289.645,298.774
318.242,299.464,310.698
334.23,314.677,327.293
316.901,298.112,308.852
295.541,277.941,284.622
285.7,267.73,273.295
293.817,274.426,282.273
308.144,287.351,297.631
291.757,269.96,281.596
271.077,249.45,262.04
258.818,238.108,252.342
261.844,242.061,257.489
273.946,254.515,270.622
264.349,244.999,261.974
258.612,239.565,255.149
262.423,242.336,253.856
274.573,252.677,261.504
283.143,260.612,270.788
271.155,249.021,261.427
264.572,243.984,255.748
255.303,236.474,246.462
252.418,233.463,243.238
264.963,243.813,255.842
262.147,239.378,254.08
257.275,235.386,250.709
252.538,231.686,246.917
252.608,231.49,245.906
262.61,241.555,253.663
260.226,240.324,249.636
261.725,243.803,250.848
264.273,248.445,254.515
273.962,260.648,265.908
292.076,282.72,285.588
296.452,291.007,289.933
308.091,305.066,299.608
320.285,319.398,309.687
324.286,326.476,311.944
329.694,335.591,315.252
346.228,354.895,329.864
389.498,400.048,372.587
426.945,439.742,411.31
451.681,466.381,438.004
473.532,489.002,460.915
476.555,492.05,464.456
483.738,497.728,472.482
489.997,499.24,479.427
494.872,497.911,484.204
500.483,498.581,490.842
485.891,479.125,479.888
466.126,453.01,464.138
435.96,415.714,436.671
416.18,389.148,418.358
411.392,378.125,414.101
385.274,346.722,388.161
353.921,311.421,356.452
323.258,278.071,325.422
302.686,256.308,305.613
296.396,249.353,300.605
278.128,230.027,283.109
257.821,209.01,263.485
233.046,184.017,239.132
210.183,161.251,214.877
195.157,146.748,197.931
167.841,120.192,170.219
146.783,99.6619,149.496
132.584,85.3709,135.183
133.65,86.3804,135.793
144.769,97.5707,147.225
138.987,90.9684,142.069
135.975,86.778,138.595
130.143,80.2806,131.691
119.286,69.3284,119.841
112.694,63.0708,112.67
110.938,60.6813,110.303
111.18,59.2574,109.069
93.1399,39.8956,89.7521
82.7534,29.2414,79.0866
89.17,36.963,85.5713
95.516,44.9531,90.7978
111.029,60.6368,103.161
112.771,61.97,102.294
111.002,61.0005,100.583
110.498,62.5522,101.652
96.2157,50.8336,89.0663
96.6229,53.5228,90.847
95.645,54.2058,91.2329
99.1996,59.1985,96.0254
109.421,70.152,106.436
103.604,63.4301,99.8139
99.1374,58.226,94.6828
83.4269,44.0933,78.9119
70.2796,33.1641,65.5278
65.8791,29.4378,60.6052
60.6672,23.2855,54.7684
79.455,40.6386,73.4349
94.0772,55.2345,89.0627
90.3693,53.4286,85.4639
76.8453,41.5097,69.808
59.472,24.0627,50.736
64.3451,29.0157,57.0918
64.9715,30.5772,60.1239
61.9036,27.9111,57.1148
59.7764,25.6495,53.495
46.903,12.3614,39.2832
51.9753,16.8637,43.3467
57.9522,22.3796,48.9856
65.0919,28.8675,56.4882
69.0718,32.6384,60.4473
62.3816,26.0906,53.1078
71.225,35.358,61.683
73.5111,39.3628,65.0067
76.8192,44.4558,69.3447
82.6002,50.978,74.6837
75.1373,44.399,66.4262
76.8919,47.067,67.7822
73.2213,43.2538,64.0515
72.1215,42.2807,63.3334
76.924,49.4549,68.5846
74.5607,50.2523,66.6149
87.4814,64.0131,79.7442
92.7156,68.15,84.9608
99.9828,74.0259,92.2983
113.096,85.873,105.582
115.788,88.7879,109.294
137.406,112.443,132.725
155.974,132.973,152.847
173.468,150.977,171.367
190.368,166.663,187.524
191.704,165.407,186.162
199.813,170.786,192.993
193.502,164.408,188.581
193.867,168.88,189.661
218.13,197.634,211.237
236.504,218.587,227.432
258.092,243.455,248.066
265.88,256.069,254.15
273.562,269.274,260.611
287.172,288.004,274.389
285.825,289.898,273.044
288.991,294.928,274.661
274.296,281.77,256.486
256.434,265.052,235.601
249.653,259.138,229.101
243.611,254.129,225.147
248.787,260.498,231.425
230.117,241.673,212.723
205.732,215.023,187.866
191.968,198.601,173.928
171.181,176.284,154.119
159.452,164.089,144.756
138.413,142.491,127.186
123.01,126.353,114.337
116.527,119.567,108.025
96.2558,99.0445,86.0635
84.0433,86.3155,71.2834
63.4918,65.4594,49.0423
51.8641,54.1484,37.8556
50.888,53.2122,38.3575
36.3364,38.0538,24.223
27.6858,29.4656,14.9396
5.41712,7.78592,-6.79252
-1.84427,-0.531373,-11.5095
7.93558,6.92721,0.416874
-3.71601,-6.08787,-11.7027
-7.28622,-10.4851,-17.9874
-7.27014,-11.2842,-20.6135
6.06119,1.78832,-7.86235
22.9175,17.8605,9.78472
12.0786,6.08459,0.412777
12.9916,8.33467,3.13662
19.4868,16.8068,10.0008
33.0939,29.6844,22.4405
53.379,47.5717,41.9122
52.7329,45.849,42.1585
60.3223,54.2266,51.6223
61.9719,56.4657,53.5541
67.6784,61.602,58.0329
81.4621,74.7574,71.1259
70.8803,63.8487,59.97
68.0806,60.1931,56.064
68.2271,59.139,55.9963
82.8291,73.3079,71.6918
105.373,96.1127,94.908
96.4092,87.6252,85.246
86.5761,78.6169,74.8162
71.699,65.1978,60.8302
63.7579,58.8982,54.4484
75.5908,70.7564,66.9795
79.6022,73.2749,70.1889
91.7885,84.5549,81.5858
94.2247,86.8665,84.5752
91.194,84.0008,82.6944
93.2965,86.3505,85.6537
87.1198,80.5097,79.9996
99.8728,93.8057,93.0977
105.835,99.5147,98.8937
106.334,99.0028,99.6596
113.936,106.021,108.398
118.408,110.321,113.697
141.637,133.143,137.138
148.016,139.225,143.055
138.569,131,133.85
135.067,129.667,132.403
125.008,120.575,124.225
129.388,123.678,128.795
128.735,120.363,126.913
127.481,117.874,124.141
134.789,126.621,131.179
121.742,116.436,119.262
111.391,107.849,110.618
97.3537,93.1243,97.8673
88.848,83.2663,89.3495
88.5041,82.1113,87.9665
71.8795,64.9692,70.1353
74.7005,67.8307,72.1534
87.5002,81.1639,84.3703
102.706,96.3366,98.794
105.534,97.9999,101.398
77.134,68.8545,73.9753
62.769,55.2506,60.681
49.5832,42.8465,47.7526
37.3178,30.6936,35.2763
42.8322,35.9181,40.1038
49.365,42.0163,45.7194
70.4194,62.9022,66.7565
76.016,67.6234,72.1475
65.1109,55.5891,60.5078
57.9435,49.1342,54.7458
40.9233,34.0112,41.1223
37.0282,30.7554,40.1941
30.5276,22.8724,34.5181
31.15,21.4151,33.9609
46.1318,35.6506,47.2753
48.5877,39.4994,47.8051
60.6773,53.8897,57.3646
63.098,58.811,58.1583
60.8648,59.4869,57.1684
66.6864,66.9703,65.7968
61.101,61.0128,63.02
65.5754,64.3747,70.1466
65.4325,62.7359,70.1014
61.8302,57.5311,63.4546
61.1282,55.504,60.95
48.4722,42.6425,49.853
48.3326,44.5064,51.6107
43.0596,42.4645,47.626
49.0475,49.5665,56.0236
69.7751,66.5521,77.5843
64.7693,55.2481,70.1975
62.9503,48.4059,66.9158
52.6941,34.4608,57.6908
38.4,16.4534,45.0156
31.1768,5.38606,38.2771
10.6966,-18.1969,17.5774
1.73621,-29.5038,10.2447
-6.89781,-40.645,4.28335
-10.6182,-46.6281,1.37817
-5.9908,-43.2698,5.86412
-16.2009,-54.1709,-4.81623
-13.7652,-52.805,-4.60805
-9.04514,-49.4162,-2.58748
-6.22275,-46.7325,-0.427498
-3.20257,-43.0394,3.90533
-15.2098,-55.0748,-7.40417
-10.651,-50.4312,-3.39764
-7.1531,-44.8465,-0.236892
-6.85181,-42.3752,-0.472152
-0.133921,-37.1429,5.45794
-2.74708,-43.1812,3.37073
6.16748,-35.9897,13.5481
10.1617,-31.5751,18.094
16.0662,-23.3655,24.4643
28.5114,-7.64708,37.9128
27.3488,-6.31459,37.7598
36.3535,3.34279,47.2093
38.9874,4.7654,49.0048
38.3284,2.53214,45.8127
43.314,7.18858,48.0405
29.5798,-5.78814,33.4559
23.9991,-11.117,29.6129
21.7415,-13.3631,30.369
24.0164,-10.146,34.9645
35.4717,1.48533,45.9151
34.9576,0.457502,42.5478
39.7717,6.80268,46.7921
34.5165,4.79117,43.8883
29.9894,2.83855,40.49
33.8788,7.47344,43.8847
26.5106,-0.363445,36.4404
29.9199,2.91429,39.9573
27.7527,1.6345,37.2374
21.1145,-3.72076,28.5365
20.0151,-3.91838,24.2264
12.6113,-10.6106,15.3754
20.5383,-2.18982,25.0489
26.8778,4.34222,34.1871
29.6125,8.05659,39.4917
36.9758,16.5337,49.4391
37.3336,16.6809,50.963
49.5648,28.2922,62.0492
50.939,29.4106,60.3277
48.8163,27.3866,54.3361
51.777,30.8983,54.8685
39.3133,18.5759,42.4485
35.8894,13.619,39.5745
29.1523,4.10898,31.2125
23.4168,-2.03172,23.8486
21.2403,-1.27175,22.1566
6.80088,-13.5396,8.04213
7.74362,-12.9173,8.72559
11.9386,-9.22769,13.1278
15.7486,-4.49079,17.9164
19.8824,0.993384,23.6814
3.82979,-13.7028,8.07391
3.8085,-13.8013,5.93132
17.9814,-2.35182,17.3756
22.2975,0.717981,21.7308
24.9993,5.16068,26.3333
27.3569,8.7326,28.6627
37.9649,18.6346,37.6388
39.7567,18.186,37.4128
36.6818,12.4349,31.9515
35.52,9.93713,29.728
27.3848,1.31611,22.9357
26.1434,-0.690125,24.1621
24.2924,-3.38076,23.0168
25.7714,-3.01014,23.0179
23.4551,-6.35642,18.941
9.74313,-20.2406,3.31811
4.65004,-24.8202,-3.09771
0.593444,-28.4062,-7.01176
0.204364,-28.8872,-7.33404
11.0208,-18.5642,2.95563
20.1018,-9.70264,11.5567
15.6427,-14.1597,6.33743
-0.543771,-31.5669,-10.9112
-0.795705,-33.3477,-11.3045
6.94647,-24.5109,-2.03302
8.67451,-19.5667,1.70689
21.896,-4.51509,16.3521
34.5631,7.08172,30.0527
44.7632,15.5784,40.9933
45.634,15.5773,42.341
36.3583,6.40687,34.1925
32.4357,3.42645,30.5248
25.5361,-3.506,21.1696
34.7518,4.67978,28.594
47.4708,17.0853,41.9944
42.0906,12.9896,37.4848
36.5491,10.2582,31.7687
42.7905,18.6498,37.1782
60.9618,36.7541,55.3677
50.1717,24.9489,45.3879
22.2009,-3.60669,17.0525
15.5886,-10.0889,9.81257
10.6213,-14.9095,5.87098
13.6198,-12.06,10.2038
14.4834,-11.5334,11.4678
7.95213,-18.4261,4.89007
15.0897,-11.0151,11.92
13.1063,-12.2373,10.079
8.24481,-17.0178,5.04243
4.93656,-21.5611,0.266757
5.2703,-22.1883,-0.90131
17.8525,-9.52637,11.6454
15.2783,-12.0775,10.1507
23.7303,-2.87716,20.0502
43.6622,18.637,40.9175
60.7574,36.6552,57.4537
76.4111,53.1614,71.1337
58.2376,36.2479,51.8134
50.247,28.2937,44.3093
65.9185,42.2907,59.9694
80.386,54.9479,73.632
100.713,74.4843,94.1501
101.954,75.091,96.1976
108.648,80.486,102.054
131.646,102.588,122.434
153.118,124.395,142.565
180.866,153.44,172.335
188.286,162.676,183.207
196.777,172.823,193.832
220.601,197.134,217.217
238.683,215.026,233.487
259.665,236.904,253.89
260.363,239.531,255.404
261.567,241.826,257.414
277.382,257.331,273.021
287.599,267.98,282.611
298.233,280.617,293.431
291.388,275.427,287.49
280.552,264.845,277.328
261.134,244.661,256.911
236.893,219.393,230.491
241.564,223.388,234.285
237.093,219.166,230.764
221.944,204.974,216.942
207.111,190.737,202.922
183.487,167.333,178.926
168.254,151.872,161.89
137.434,120.69,128.508
106.377,90.3295,95.7308
88.0387,72.7988,77.8904
64.2786,48.4036,56.0761
47.2161,30.253,40.8661
18.8162,2.50563,13.6571
-3.75621,-17.8159,-7.67001
-15.1317,-27.9373,-18.183
-27.6332,-40.9187,-31.748
-32.8603,-47.0672,-38.876
-56.0544,-70.3442,-62.4533
-72.3823,-85.0364,-77.469
-73.5756,-84.0148,-77.5504
-77.9132,-87.669,-81.8944
-70.002,-80.0638,-73.524
-71.0661,-80.2685,-73.2079
-69.8135,-77.5456,-69.8601
-60.9339,-67.4138,-58.2051
-55.1932,-58.6624,-53.0027
-25.3642,-24.2553,-27.9902
-2.61717,2.58014,-9.21965
16.6539,26.0103,8.70087
53.3766,68.3912,44.4825
83.3305,105.966,73.5803
113.304,143.774,103.881
137.954,175.102,127.604
167.906,211.521,154.376
203.227,252.843,187.798
229.009,282.827,213.676
254.653,310.606,239.068
268.203,326.174,251.579
278.966,339.91,262.102
288.441,351.688,271.916
283.318,347.808,265.582
280.779,346.245,260.637
278.445,343.866,255.879
280.814,344.475,255.827
281.409,342.041,255.464
254.108,311.276,228.873
223.868,278.111,199.825
207.565,259.236,183.895
197.384,246.894,171.591
176.38,224.132,148.529
143.906,189.506,117.203
124.546,167.109,100.65
109.572,147.98,88.4653
97.8262,131.978,78.2103
85.9691,116.255,66.3804
68.7024,95.5191,50.0579
52.1876,76.6198,35.6216
34.1517,56.868,19.2059
30.4371,51.546,15.8322
26.6311,46.156,12.049
10.8275,28.7939,-3.16627
3.75835,19.7914,-10.5433
1.3272,14.1563,-13.8954
2.51322,11.9404,-12.2217
2.59481,9.8173,-10.5954
-2.70215,3.23648,-14.6177
-3.56434,1.96144,-14.1106
-5.55905,-0.160084,-15.8186
4.17992,9.28139,-6.46984
19.8497,24.7091,11.5863
27.9629,33.2028,22.0147
38.51,45.1265,31.6066
39.2979,46.7255,30.8433
41.9213,49.1469,32.5618
53.4027,60.3652,43.9486
62.8358,69.495,54.8091
71.48,77.6011,65.2277
79.9309,85.8623,73.4685
96.0608,102.526,87.1343
109.136,115.088,98.3029
115.678,120.199,104.6
123.54,128.147,112.329
122.857,129.098,111.088
121.924,129.712,110.442
120.169,127.725,110.348
113.334,119.089,104.955
112.523,116.96,105.558
110.696,115.012,105.7
111.883,116.311,107.982
104.931,108.614,101.194
86.6852,89.3402,82.6352
75.03,77.9861,70.2224
66.6544,70.1434,61.2575
59.6056,62.5909,53.8002
40.9912,43.8499,34.7327
20.5207,24.0893,13.6782
15.3593,19.8715,8.61743
17.4299,22.3403,12.356
24.7913,29.4479,21.5623
17.0106,21.2544,14.1499
-4.42624,-0.835249,-8.48331
-9.04382,-6.30776,-14.0657
-3.33839,-1.85055,-7.56101
1.54712,2.99291,-1.28693
-9.30887,-5.82407,-11.7753
-32.5614,-28.3417,-35.883
-48.9689,-46.5207,-53.5905
-62.1085,-60.1491,-67.5592
-67.5671,-63.2656,-73.2197
-78.6567,-73.0592,-83.8659
-90.8308,-87.6456,-95.543
-91.5667,-91.8432,-96.2632
-92.5639,-93.952,-96.7253
-87.8953,-88.8285,-91.1438
-85.3481,-86.8028,-88.2068
-86.0176,-88.8373,-89.3543
-83.1888,-86.7763,-87.1465
-83.0479,-85.8778,-86.844
-72.5667,-73.8594,-76.243
-62.5821,-63.5905,-66.1854
-59.2334,-60.2903,-61.9747
-50.4207,-50.528,-51.9476
-47.7361,-47.2303,-49.0101
-40.8216,-40.0472,-42.1698
-31.3293,-29.8335,-31.392
-20.0172,-17.9872,-19.0817
-4.91585,-2.7712,-4.4296
3.6058,5.41744,4.02219
19.1692,19.958,20.0744
33.7972,33.9866,35.8084
45.4458,46.4047,49.4012
49.6699,51.6685,54.3851
45.474,46.5966,49.0519
55.0591,53.6289,56.3395
56.7772,53.3832,56.005
53.3517,48.8636,51.7554
63.9765,58.088,62.5486
68.7255,61.2595,68.5882
67.4815,60.3151,68.8466
52.9631,47.9897,55.0766
37.353,33.5109,38.5899
36.0274,31.0215,35.0111
27.2565,20.5623,25.2306
19.6421,12.2255,18.824
8.50704,1.26872,9.84688
8.46144,2.29316,11.2062
28.3465,23.5735,30.9484
41.9559,37.0001,43.2997
55.3664,48.3253,54.565
39.2566,30.9093,36.6849
13.0651,4.97638,10.3211
12.4699,3.84946,10.5318
10.5846,0.59137,10.1652
17.681,7.56118,18.9481
21.7797,12.6084,23.612
22.8416,14.3509,24.073
30.4361,22.2399,30.5575
23.3146,14.8304,22.1416
30.0275,20.7275,27.6662
36.4938,26.1932,33.5138
25.7939,14.7492,23.4243
21.2001,10.6894,20.385
19.959,10.5946,20.6093
37.7064,28.3437,39.0266
46.4018,35.8093,46.6729
40.0425,28.2899,38.3538
42.8851,30.9551,40.3354
42.1482,30.5363,39.5994
53.4073,41.4726,50.4493
50.4731,37.9893,47.2824
25.9796,13.7166,23.7541
14.204,2.01078,13.2272
14.8409,2.17682,14.0889
35.0212,22.3674,33.0932
45.1215,33.4062,41.7053
37.0684,27.203,33.36
33.1139,24.5064,30.1503
23.5554,14.3807,21.4054
26.4995,16.2415,24.5545
30.4248,19.7871,27.854
30.8088,19.9295,26.8848
30.9078,19.2216,25.3039
10.7537,-1.70421,5.09226
7.2121,-5.14909,4.1354
16.6631,5.04726,15.8968
27.6802,17.1646,26.8349
39.8922,30.6668,37.8834
29.4758,21.2374,26.3988
24.738,17.2092,20.9789
27.629,20.0695,23.7973
34.3137,25.4371,30.484
43.4405,33.2094,39.4577
36.0052,25.9451,32.1657
41.8441,32.9683,37.6389
48.9575,41.1075,43.9494
49.0903,41.8845,45.1205
61.2215,54.0865,59.7176
68.1604,60.7461,67.984
78.0185,70.1558,77.3146
72.5536,63.8906,70.1598
59.0349,50.0431,56.0037
58.1272,50.4699,56.8302
50.7556,45.3764,52.0328
52.7543,48.5383,55.8789
49.1239,44.326,52.6987
42.1696,35.67,44.8836
47.9571,39.7316,49.3892
47.051,37.7459,47.2833
49.3586,39.3511,48.9606
42.6124,33.1198,42.7485
33.2203,25.9921,34.3821
33.0563,27.7897,34.326
21.0913,16.3682,22.2281
20.2839,15.2671,22.4186
19.6037,13.7633,22.4875
14.8154,8.46221,17.2886
16.4213,10.073,17.122
5.19082,-0.854161,3.00849
5.57287,0.553753,2.55832
8.45565,4.81606,7.88661
10.6625,7.64568,12.9972
17.2312,12.8427,20.5643
10.0014,3.10376,12.8404
13.401,6.26968,15.8114
16.9268,11.1584,18.7246
18.5417,12.9992,19.6187
27.1206,21.7584,28.9287
25.1552,20.1295,28.1958
30.7103,25.0822,33.4624
28.1288,21.9143,29.6406
21.9747,16.0769,23.8842
26.4466,21.2332,29.8767
17.9545,13.4301,20.7358
22.0067,18.019,22.862
27.5572,23.8392,27.6146
26.3804,22.4072,26.9952
26.9923,21.7773,29.184
17.7328,11.4385,20.9818
23.0277,15.9683,25.8577
27.0508,18.1778,28.8082
25.2262,14.9472,25.6861
23.4783,13.6366,22.9316
4.58898,-3.79006,3.61101
-2.96495,-9.9272,-3.04678
-1.40405,-8.61594,1.09916
6.0479,-3.47692,9.95411
16.6774,4.33276,19.5903
6.83069,-8.30033,8.50507
0.442976,-17.784,1.80753
-16.063,-37.1406,-15.0992
-38.6574,-62.8657,-38.3028
-47.8339,-76.1486,-46.6504
-53.8852,-86.4215,-50.57
-39.2215,-76.0621,-33.8858
-31.2796,-72.0471,-23.7869
-31.6402,-74.502,-21.58
-28.7527,-71.7909,-16.9123
-38.5165,-81.0971,-26.356
-37.2826,-79.8479,-26.1916
-33.8318,-76.6664,-24.2218
-26.9585,-69.7505,-17.5843
-16.0698,-58.9217,-5.3673
-20.0221,-62.9053,-8.34406
-6.57412,-49.1666,3.20371
6.56512,-36.2515,12.1207
7.46047,-34.8704,10.0355
10.6527,-29.1576,13.101
5.75105,-31.3097,10.2018
14.9159,-20.9659,22.031
14.7625,-20.6435,22.9421
1.84654,-32.629,9.48915
-1.10135,-35.1425,6.19495
-2.91307,-37.6676,4.98559
8.25659,-26.6467,17.1774
7.5622,-26.0951,16.5861
-2.96853,-34.9659,4.46082
-5.93853,-36.2499,-0.739609
-15.0286,-44.1161,-11.1568
-12.1822,-40.9028,-8.3361
-16.6209,-44.795,-11.9455
-28.393,-54.8764,-23.0269
-34.2163,-59.2705,-28.6526
-53.6478,-79.1701,-47.8681
-63.9039,-91.3406,-57.539
-76.8462,-105.164,-69.9973
-83.7197,-110.386,-77.2298
-78.2701,-103.362,-73.2159
-96.3005,-120.955,-93.2012
-103.961,-127.514,-101.726
-104.47,-127.194,-101.644
-107.084,-130.096,-103.059
-101.505,-124.029,-96.1911
-99.1315,-119.692,-93.5665
-80.7137,-100.024,-76.309
-68.7761,-89.0046,-65.4272
-67.0848,-88.2534,-62.8259
-56.7761,-77.1232,-50.0181
-52.9428,-71.5249,-44.7749
-37.8551,-54.7102,-29.8313
-23.6201,-39.4969,-15.9259
-17.9144,-33.2888,-11.1744
-7.79159,-22.3152,-2.39682
-7.20114,-20.586,-1.9799
4.35681,-8.52894,10.6209
14.8257,1.16122,21.1656
20.3959,5.67867,24.7019
34.0272,18.7066,35.9264
34.4978,18.8734,34.9132
37.6424,22.289,37.8074
33.5753,18.9034,34.1247
24.3892,9.69139,24.9745
25.6142,10.3021,26.1232
23.547,8.62768,23.7472
32.7445,18.7323,31.8023
33.89,19.8039,31.5564
21.5588,7.30146,18.6296
14.9684,1.18249,12.5023
6.29123,-7.18818,4.84508
13.3246,-0.17092,13.5167
17.3481,4.30855,19.201
11.4212,-1.08359,13.4818
12.073,-1.49588,13.7167
8.64152,-6.68607,9.8686
19.51,3.88864,20.044
19.865,5.22893,20.2039
1.72694,-11.2545,2.82081
-8.6245,-20.1614,-6.11828
-13.1588,-24.8355,-9.49654
-0.156477,-13.0738,3.77763
9.19251,-4.64154,12.128
12.9351,-0.557858,13.953
22.3944,9.41167,22.146
15.9813,2.8396,15.6917
12.35,-0.333535,13.5443
9.53591,-3.02068,13.2536
2.88862,-9.66376,7.00543
12.8399,1.48612,13.4607
23.1986,12.1645,18.58
37.4121,26.3244,30.0813
49.4026,40.9316,42.5914
59.9556,56.328,53.2405
83.3845,84.3937,75.0882
102.954,108.149,92.6918
122.508,132.192,111.346
131.113,144.519,119.907
132.442,148.68,121.171
137.953,156.934,126.707
137.308,158.369,124.996
137.801,160.053,123.294
127.319,149.228,110.637
119.223,139.4,101.075
125.398,143.294,108.189
119.944,134.737,105.228
111.796,124.362,99.2027
102.477,114.617,91.1666
90.6839,102.451,79.3839
79.0223,89.6047,68.5826
58.9919,68.7574,50.8364
50.034,60.9482,42.8314
44.9351,57.1248,36.4084
40.4165,52.189,30.0871
39.8467,50.9665,29.834
31.9926,42.3031,23.3673
32.5825,42.2532,24.938
30.9204,41.5315,25.3657
31.0286,43.0499,27.8168
41.5406,53.8754,39.134
47.0767,59.4171,44.3327
57.6515,70.6671,54.2947
64.1518,77.6094,60.8595
68.0735,82.2419,65.9962
85.0826,100.97,85.0866
100.191,117.288,101.419
104.111,122.561,104.887
99.5505,120.489,99.5252
104.676,128.701,101.609
118.638,146.686,111.571
134.558,165.738,128.289
166.337,198.499,163.956
194.522,227.522,194.971
216.969,250.518,219.248
233.124,265.273,236.544
239.009,268.031,242.288
252.75,277.993,254.554
254.753,275.857,255.835
251.215,268.087,254.113
250.357,263.772,256
244.994,255.038,252.026
241.688,247.017,248.338
226.681,226.678,232.866
213.399,208.969,220.072
205.332,197.461,212.529
190.924,180.825,198.28
177.577,166.458,185.29
153.401,140.278,161.817
124.58,108.872,133.678
98.6164,82.1857,108.714
80.4736,64.9464,91.4584
83.3456,69.8986,94.1124
81.0847,69.0275,91.2015
72.9581,59.2091,82.4076
60.7609,43.5669,69.4228
38.1965,18.8775,46.4413
21.9669,2.86155,29.8308
3.32935,-15.6166,10.9714
-11.8637,-31.8357,-3.49687
-20.5862,-41.1972,-11.1106
-26.7467,-47.351,-17.2687
-37.7599,-58.0158,-28.9309
-61.252,-81.1473,-51.4049
-65.9872,-86.4635,-54.1713
-66.1899,-88.0561,-54.332
-77.2137,-99.8174,-67.0872
-77.8742,-99.2652,-68.0809
-84.0305,-103.464,-72.5795
-86.2436,-105.339,-74.0226
-89.7704,-109.449,-78.259
-102.736,-122.194,-92.6179
-99.8866,-118.776,-91.9375
-108.406,-127.725,-102.495
-118.093,-138.773,-113.129
-113.187,-134.19,-108.182
-100.334,-120.833,-95.3975
-76.0362,-96.8622,-72.4447
-73.2512,-94.2709,-71.7693
-74.5278,-94.8714,-74.9357
-73.5527,-93.4515,-75.4496
-77.6146,-97.9465,-79.9357
-68.4108,-89.1994,-69.988
-65.9353,-86.3923,-67.0016
-56.7607,-76.1504,-58.4158
-43.5309,-61.9091,-46.7141
-37.3408,-55.9536,-41.9575
-20.9833,-41.4867,-26.2622
-18.5613,-42.0914,-24.788
-17.1162,-43.5275,-24.6573
-16.389,-44.0706,-24.2097
-26.4237,-53.1226,-34.2162
-22.0553,-46.4386,-30.6145
-21.5365,-44.3844,-30.1825
-16.2936,-38.9648,-24.0478
-12.3111,-34.6601,-20.2721
-17.0624,-38.4373,-26.221
-11.7272,-31.5264,-20.9176
-13.9692,-32.3921,-22.3822
-6.98445,-25.5498,-15.1349
-1.20642,-20.453,-8.4882
-7.43247,-25.9034,-13.2508
0.351508,-16.0371,-5.69487
0.323049,-15.0202,-7.21679
0.114065,-15.0158,-7.47485
-0.311369,-14.7017,-6.73412
-10.5793,-24.9175,-16.8602
-10.5958,-25.3153,-17.5561
-18.4351,-33.3139,-25.7369
-19.7437,-35.7839,-27.1008
-18.7444,-36.0232,-26.0073
-23.8086,-41.0358,-30.7699
-11.3098,-27.7853,-18.1143
-7.74159,-22.6035,-14.4827
1.40128,-11.7955,-4.75838
10.3357,-2.46545,5.18201
5.84354,-7.39872,1.95084
19.9348,6.09225,16.9912
32.7714,20.2358,29.1958
48.7926,41.6559,42.9705
69.4062,69.7583,61.6716
89.3597,94.7117,80.5832
125.87,132.337,116.255
156.036,162.617,146.13
186.27,194.924,175.898
205.7,217.26,194.696
211.523,224.254,201.193
233.452,246.501,224.725
243.336,257.927,235.756
251.658,268.645,245.011
256.988,275.756,251.768
255.799,274.783,251.796
267.596,285.208,262.882
258.94,274.834,251.296
248.979,263.752,238.083
240.404,254.907,227.557
220.788,235.414,207.727
212.266,226.231,200.496
193.095,205.141,183.336
174.693,184.252,166.532
157.662,164.719,149.169
133.161,138.291,122.556
122.539,126.781,111.015
103.438,106.036,92.705
90.1095,89.1697,80.323
79.2654,75.4455,70.3883
59.6062,54.905,51.19
57.4435,51.6195,49.2603
48.0106,39.9086,40.5921
39.7955,29.6716,33.0663
25.9028,14.4215,19.0877
2.5029,-9.79078,-3.64419
-1.09293,-13.9414,-5.3868
-9.13111,-23.6903,-12.0749
-5.05417,-22.4709,-7.50904
10.5598,-9.31245,8.29156
18.8574,-2.7957,16.5145
30.9376,7.66899,27.8783
21.3261,-2.6037,17.424
15.2506,-7.58341,11.7699
20.1911,-1.31704,17.6158
21.2758,0.0247965,18.855
35.4,14.214,34.0847
28.3873,7.69615,29.1852
18.5489,-1.84905,20.3266
18.237,-2.17734,20.4351
16.3077,-3.90606,18.7677
26.7464,6.90392,27.8719
18.1411,-1.24684,17.7523
10.6955,-8.1991,9.98267
15.3571,-3.18051,13.6929
18.8856,0.478321,15.403
26.8657,8.51231,22.5478
12.1612,-5.72051,8.01051
0.716679,-15.91,-3.41144
1.95468,-13.4345,-2.78753
3.23283,-12.0065,-2.24174
18.6292,3.31119,13.7171
18.5278,4.55362,14.9926
18.9257,7.32742,16.095
19.7166,9.21264,16.946
12.7368,0.906421,10.2284
28.1585,14.224,26.1055
32.728,18.3255,30.6702
38.6585,25.4096,35.8899
45.8425,33.3165,41.3717
36.1523,23.7791,30.8924
37.3322,25.8486,33.4581
33.563,23.0976,30.8448
39.426,28.8597,36.346
47.0679,35.6706,43.1708
41.9332,30.528,37.2428
53.2703,43.1441,47.786
52.8023,44.2909,47.5772
47.4321,40.2757,43.9546
42.1229,35.3768,40.4101
30.3173,23.4367,29.2624
36.2019,29.4474,35.091
28.7697,21.6484,27.1585
27.0681,18.8287,24.8565
28.6699,19.2979,25.3914
9.69466,0.0126548,4.88265
10.4181,0.872573,5.13445
8.16541,-1.30377,3.48353
1.37102,-8.34928,-1.80745
-5.60372,-15.8503,-6.60573
-18.1527,-27.9336,-17.7076
-9.86188,-19.0162,-9.2904
-11.3037,-21.2043,-11.6065
-19.404,-30.5302,-20.3247
-23.2712,-35.5009,-23.4054
-29.063,-42.4583,-28.5393
-18.7876,-33.0036,-19.9909
-21.1794,-36.0144,-26.0752
-27.5521,-42.3579,-34.3965
-29.3583,-43.0439,-34.3551
-37.8055,-50.6378,-40.0482
-22.7431,-35.297,-23.3885
-17.9018,-29.793,-18.3609
-30.3312,-41.1189,-31.7232
-35.9618,-45.9055,-38.302
-39.9976,-49.0853,-43.3957
-27.8752,-36.2734,-32.4348
-20.0341,-28.635,-25.0647
-15.855,-23.8439,-20.2804
-15.3415,-21.831,-19.1473
-19.58,-25.3151,-23.6672
-6.13647,-11.6892,-10.0861
-4.66038,-10.6196,-7.43475
-10.9117,-17.1795,-12.5537
-12.8051,-18.8493,-13.5419
-19.9981,-25.7828,-20.4538
-15.8227,-20.6555,-16.9184
-8.69108,-12.4129,-10.0216
0.0766765,-3.43693,-0.812401
4.40644,0.442417,3.90398
3.63479,-0.627238,3.44353
17.2409,13.225,17.9005
16.6008,12.5568,18.1033
6.82662,2.32095,8.03357
2.75256,-2.5264,3.57567
-0.239202,-6.38561,0.903031
7.61019,1.45987,9.49957
1.77159,-3.34448,4.50963
-6.25896,-10.59,-3.21492
-9.17996,-14.4003,-5.56646
-15.4784,-22.2208,-11.4079
-14.7411,-22.1255,-11.1749
-26.8552,-34.3778,-23.5691
-38.2139,-46.161,-35.4581
-38.7859,-47.8349,-37.1745
-41.2276,-50.6234,-40.9058
-44.7891,-53.2262,-45.9847
-61.652,-70.7997,-65.0914
-61.5668,-72.8912,-67.1871
-39.2333,-50.8418,-44.0153
-28.0206,-38.066,-29.6591
-19.1858,-27.6831,-17.9219
-26.7777,-34.8996,-23.8803
-46.0704,-54.8269,-43.8077
-60.1364,-69.7494,-59.7489
-63.5913,-74.2344,-64.5549
-51.2488,-62.6478,-52.6007
-50.4815,-61.2326,-51.0942
-49.1182,-58.5805,-48.8634
-43.0801,-53.1124,-43.0668
-40.418,-51.7542,-40.7661
-32.0918,-43.3034,-32.0455
-35.3784,-47.2736,-35.6024
-34.5278,-48.4383,-35.9223
-23.7998,-38.855,-25.1051
-16.5877,-31.7489,-16.916
-8.43005,-22.5704,-8.43408
-13.2424,-25.5964,-13.3363
-14.964,-26.3663,-15.9496
-12.9954,-24.7831,-16.3028
-18.2079,-30.5943,-23.9494
-16.9839,-28.8476,-22.3007
-26.0608,-36.7644,-29.1615
-30.2578,-40.6656,-33.3615
-27.6589,-38.6721,-31.5846
-29.8743,-41.3319,-33.2761
-26.5815,-38.2837,-29.1621
-29.901,-42.1671,-31.9784
-24.4646,-37.08,-26.9982
-19.9712,-32.7001,-23.8564
-27.4151,-40.5584,-33.2011
-20.5828,-33.6189,-27.4831
-4.21885,-16.1188,-10.3467
28.4304,18.0701,23.2303
73.3291,63.3685,68.6985
130.082,119.672,125.773
207.98,197.923,204.087
259.233,249.234,256.578
270.474,260.459,268.695
255.453,246.642,253.974
232.36,224.724,231.004
215.658,207.692,213.221
190.367,180.812,185.721
182.929,172.038,176.714
186.586,175.553,180.373
179.206,168.673,173.53
171.219,160.331,165.492
154.995,143.062,149.319
139.76,128.139,135.592
120.994,111.26,119.297
101.299,93.6017,100.37
94.7707,88.6018,93.227
85.1998,79.6979,83.6251
88.4528,83.3319,86.5952
97.767,93.1738,95.4486
97.4035,93.083,94.8725
103.731,99.677,100.353
106.718,103.288,102.303
117.001,114.806,112.144
127.889,125.924,122.696
134.244,131.076,128.335
146.312,142.702,139.468
147.395,144.018,139.894
153.391,150.836,146.099
160.85,159.85,155.661
164.764,164.132,161.811
174.864,173.334,172.168
174.207,171.966,171.512
174.987,172.334,172.479
174.529,171.277,172.375
169.809,165.876,167.464
171.302,166.713,167.053
158.713,153.568,153.092
150.705,145.843,146.2
147.868,143.597,146.419
143.2,138.771,144.349
146.366,141.64,148.558
135.84,132.073,137.867
133.07,131.541,132.845
144.957,145.224,141.686
160.66,161.451,155.448
171.292,172.371,165.102
161.304,162.869,155.205
163.04,164.735,156.701
170.341,172.005,162.938
165.023,167.739,158.296
161.046,166.249,156.962
153.126,159.911,150.83
154.281,160.553,151.452
150.182,155.502,145.551
136.056,141.13,129.546
136.315,141.148,128.425
132.631,136.331,124.405
128.555,131.148,120.993
116.194,118.884,109.817
100.303,103.721,94.804
97.83,101.483,92.2873
90.8858,94.2009,85.4052
92.7734,96.1745,88.2355
91.1306,95.565,88.1598
88.6968,94.4702,87.0741
105.319,111.901,103.968
114.477,121.384,112.452
121.372,128.748,118.301
124.059,131.523,120.276
120.052,127.409,115.69
123.16,130.013,118.053
126.871,131.562,121.07
145.701,149.079,139.924
158.314,163.534,154.085
163.751,171.284,160.96
185.556,193.211,182.785
202.26,209.051,198.708
225.044,231.323,218.982
238.829,244.462,229.27
235.762,240.982,224.26
238.053,243.217,226.68
238.863,242.969,228.347
242.186,244.984,231.237
230.036,232.949,218.309
212.801,216.501,202.473
204.872,209.07,197.102
185.285,189.901,178.717
175.378,181.126,168.785
158.307,164.647,151.1
127.917,133.097,118.98
109.24,113.776,98.9024
87.0117,91.8895,77.2928
76.0223,80.1113,67.4074
55.029,57.463,46.4086
18.7713,20.1358,9.50795
-12.9294,-11.4917,-22.5908
-56.9126,-54.1051,-66.1624
-85.0821,-81.3085,-93.6955
-117.528,-114.656,-126.829
-159.239,-157.687,-170.151
-185.474,-183.594,-196.499
-214.636,-211.496,-224.14
-227.367,-224.545,-236.232
-247.311,-246.341,-256.531
-283.329,-283.904,-292.675
-305.975,-307.223,-315.784
-323.425,-324.452,-333.867
-318.635,-318.558,-329.075
-315.542,-314.845,-325.467
-327.15,-327.283,-336.983
-336.831,-337.933,-347.134
-360.78,-361.61,-370.463
-369.49,-369.354,-377.34
-371.902,-370.734,-378.52
-373.513,-371.713,-380.415
-368.481,-366.78,-376.484
-378.221,-376.364,-385.978
-367.476,-365.081,-374.046
-359.773,-357.042,-366.939
-369.862,-366.653,-379.184
-371.256,-367.905,-382.616
-369.125,-366.966,-381.859
-341.116,-340.421,-354.049
-315.538,-315.346,-327.142
-309.529,-309.584,-320.116
-301.135,-301.588,-311.915
-292.671,-293.143,-303.644
-262,-262.164,-273.329
-246.579,-246.657,-258.474
-253.683,-254.021,-265.647
-247.955,-248.529,-259.338
-247.541,-247.644,-258.172
-232.684,-231.585,-243.427
-214.476,-212.555,-226.137
-192.106,-189.997,-204.67
-167.477,-165.425,-181.063
-172.744,-171.414,-186.93
-157.504,-157.42,-171.066
-127.218,-128.128,-139.813
-96.6076,-97.8447,-107.914
-55.0257,-56.407,-64.903
-37.0939,-39.6172,-47.6214
-20.2803,-24.205,-32.4709
-12.5393,-16.5715,-24.1569
-15.1797,-18.7449,-24.7938
0.281065,-3.55283,-8.61205
3.95605,-0.735038,-6.16123
15.0381,9.56342,2.59056
22.2237,16.215,6.89522
21.1421,14.6795,3.60786
39.8985,32.6483,22.3781
40.9299,32.3668,24.7551
40.892,31.573,26.1039
34.23,26.2165,21.2576
21.025,15.5434,9.47277
25.9366,22.5059,14.0324
16.5174,14.1211,3.05853
13.8301,11.4182,-1.5586
8.56944,5.66258,-8.33641
-4.98745,-8.54064,-22.7312
-4.60664,-8.75231,-22.8195
-17.3268,-21.247,-35.288
-19.0602,-22.1182,-36.719
-20.026,-22.9277,-38.8916
-30.9311,-34.4306,-51.918
-31.7964,-35.6939,-53.7694
-51.7995,-55.4629,-73.2815
-64.2317,-67.139,-84.584
-79.1602,-80.7563,-97.8152
-100.2,-99.3812,-116.603
-93.7066,-90.746,-108.834
-95.1646,-91.3971,-111.049
-96.2125,-91.5609,-113.839
-108.448,-103.414,-127.541
-128.376,-124.708,-148.595
-131.1,-128.797,-151.688
-152.393,-149.533,-171.519
-165.084,-160.345,-181.237
-170.17,-163.019,-182.957
-177.394,-166.987,-188.532
-174.576,-161.026,-186.429
-196.35,-181.355,-209.162
-204.724,-190.231,-217.487
-201.938,-188.485,-213.406
-205.013,-191.936,-214.843
-191.458,-177.969,-200.172
-194.542,-179.738,-201.309
-193.835,-178.038,-197.841
-191.215,-176.39,-194.115
-189.04,-176.44,-192.584
-175.668,-165.045,-179.771
-192.186,-182.973,-196.242
-209.861,-201.489,-213.562
-220.982,-213.074,-224.222
-222.377,-214.8,-225.523
-203.048,-195.759,-206.186
-211.597,-204.097,-213.505
-220.517,-211.901,-221.162
-218.489,-209.385,-219.285
-212.731,-204.715,-213.544
-194.224,-187.656,-194.442
-203.734,-197.569,-204.125
-210.676,-203.799,-211.685
-210.444,-203.506,-211.767
-207.639,-202.458,-209.867
-184.927,-181.943,-189.237
-182.158,-179.806,-188.944
-176.694,-173.479,-185.374
-171.285,-166.843,-181.293
-167.188,-162.43,-178.041
-149.863,-146.127,-160.716
-160.449,-157.292,-170.974
-166.499,-162.779,-177.675
-160.468,-155.885,-173.166
-152.66,-147.428,-166.109
-126.718,-122.216,-139.86
-115.523,-113.777,-128.808
-105.792,-107.076,-119.479
-104.938,-107.659,-117.808
-108.223,-111.147,-119.358
-90.843,-93.8642,-100.552
-99.6325,-103.105,-109.277
-105.731,-110.761,-116.243
-102.618,-110.032,-113.511
-110.441,-119.184,-120.357
-106.964,-116.387,-114.862
-114.657,-125.193,-121.186
-114.706,-126.303,-121.187
-111.483,-124.295,-118.936
-115.568,-129.067,-124.541
-105.96,-119.46,-115.941
-105.792,-120.586,-115.976
-101.23,-118.653,-111.536
-95.3703,-115.386,-106.194
-94.8696,-115.878,-105.444
-82.7781,-102.707,-90.8283
-86.1739,-105.589,-92.0916
-85.6526,-106.365,-92.5201
-77.976,-99.9386,-86.626
-75.4323,-97.8564,-85.0446
-66.5881,-89.9172,-77.4392
-77.2334,-102.107,-89.8545
-82.726,-108.648,-95.779
-83.6759,-109.906,-95.5566
-84.0008,-109.637,-95.4286
-65.7001,-89.9214,-78.2743
-68.1197,-91.279,-82.3818
-74.9223,-98.1013,-90.2934
-81.2777,-104.83,-96.6911
-86.6407,-109.219,-100.8
-72.5249,-93.3053,-84.8052
-71.7647,-92.4092,-83.161
-71.2755,-93.0667,-82.7236
-72.5743,-94.6285,-84.0691
-74.3776,-95.9338,-85.7217
-50.0001,-72.2629,-60.9864
-38.5342,-62.4219,-50.0173
-39.0539,-63.2441,-51.3685
-43.785,-67.4532,-55.7959
-47.7795,-71.9728,-59.1139
-29.0462,-54.9313,-39.489
-15.115,-42.5913,-24.9
0.255054,-27.9841,-9.73197
4.9248,-23.3718,-4.60349
-5.71483,-32.9576,-13.5423
-6.66824,-32.2143,-13.0583
-17.4801,-41.4795,-23.5701
-22.7724,-45.6488,-28.7192
-25.2454,-47.9742,-30.7568
-28.7554,-51.3796,-34.3792
-25.531,-46.506,-30.7833
-45.3747,-63.3168,-48.772
-68.9318,-84.1999,-70.8571
-87.0622,-102.348,-88.8917
-101.59,-119.233,-104.012
-105.761,-125.238,-108.457
-126.508,-146.167,-129.04
-144.173,-163.143,-147.273
-161.055,-179.969,-165.654
-186.485,-205.802,-193.098
-205.859,-224.616,-213.549
-240.815,-258.231,-246.977
-260.618,-276.927,-264.017
-247.763,-263.3,-249.349
-216.845,-231.023,-218.051
-185.534,-198.632,-187.726
-181.474,-195.519,-185.421
-174.499,-190.398,-179.102
-161.322,-177.706,-164.643
-151.195,-166.541,-153.536
-130.898,-145.606,-133.022
-116.902,-132.351,-118.156
-105.858,-121.32,-106.211
-100.94,-114.615,-100.41
-97.2729,-110.219,-95.6566
-85.1022,-99.7031,-81.8055
-78.622,-93.9061,-73.931
-58.0424,-71.1557,-54.6048
-35.4799,-46.1367,-34.6803
-19.2347,-29.462,-20.5028
-1.28693,-12.6649,-3.61432
4.86309,-6.99938,2.46927
19.5363,9.18981,17.2543
32.4148,23.2284,30.6296
50.9258,40.3904,49.9478
82.6802,70.2958,81.9111
102.971,89.0541,101.636
128.878,112.788,126.794
149.943,132.001,148.074
167.218,149.119,165.922
190.937,174.461,189.149
210.193,195.341,207.177
237.209,222.545,233.487
246.416,231.314,243.899
244.803,230.157,244.541
259.335,245.139,260.111
273.525,258.359,273.945
297.117,280.706,296.823
307.44,290.301,306.725
308.765,291.395,307.296
321.099,303.799,318.738
328.085,310.518,325.892
350.605,332.422,348.926
366.151,347.171,364.602
364.468,345.254,362.461
360.574,342.139,357.842
351.59,333.723,348.457
363.142,345.034,359.347
375.372,356.115,370.439
380.143,359.462,373.774
387.332,366.527,379.755
385.573,365.423,377.649
398.575,378.293,390.797
406.374,384.791,398.777
396.763,374.291,388.801
383.311,362.092,375.118
363.872,344.77,356.583
358.28,339.964,351.426
338.552,319.23,331.182
307.856,286.824,300.06
286.954,265.12,278.891
259.2,237.947,251.203
237.686,217.05,230.172
204.952,183.552,198.174
166.075,143.479,159.257
137.947,115.342,130.285
104.589,82.9654,96.8784
78.3799,58.2259,71.2025
44.9247,26.158,38.038
10.2887,-8.39025,3.11947
-6.42501,-26.7617,-14.1265
-19.4953,-41.6882,-27.0022
-21.7408,-44.6092,-28.6464
-39.6428,-62.9834,-46.3566
-69.9408,-93.6019,-77.4572
-93.9966,-117.367,-102.238
-112.183,-136.753,-119.218
-98.2027,-125.976,-103.939
-87.1176,-117.11,-92.5441
-87.2201,-117.337,-91.7273
-85.0817,-115.295,-88.5052
-93.3214,-124.329,-96.6878
-89.4075,-120.483,-93.2719
-88.9965,-119.53,-92.4933
-93.8321,-124.059,-96.396
-90.0074,-120.833,-91.6474
-88.6832,-121.582,-89.771
-76.4313,-110.649,-78.0689
-73.176,-106.656,-75.4971
-72.3027,-105.016,-74.9169
-56.9887,-89.9064,-59.36
-50.6597,-83.3402,-51.2493
-41.3259,-72.7761,-39.41
-38.8518,-69.6755,-35.4402
-34.5302,-65.6936,-31.0207
-22.1067,-53.6093,-19.6324
-15.1292,-46.7816,-13.7153
3.83068,-27.2187,5.4531
11.9486,-17.9874,14.9485
18.5159,-11.1659,22.904
28.867,-0.907827,33.5769
26.8372,-2.46375,30.5182
43.8087,15.3658,46.2778
59.1768,31.3401,61.7047
66.5441,38.6018,70.3425
79.9372,51.4688,84.7455
83.7249,54.8798,87.7395
96.5629,67.7907,99.0857
102.869,74.3666,105.279
105.898,77.9574,109.372
116.245,89.4894,121.262
119.483,93.6112,125.97
133.848,107.527,140.344
133.544,106.55,139.131
127.821,100.945,133.393
137.776,110.632,143.782
145.949,117.675,152.189
160.514,131.902,167.09
160.013,131.644,167.155
154.192,125.253,161.229
158.762,129.108,163.97
156.013,126.302,159.27
158.6,129.774,162.301
149.534,121.791,155.168
141.562,114.236,148.361
149.378,121.368,156.151
152.547,123.281,158.602
169.277,139.642,174.892
180.419,150.732,186.443
193.761,163.731,199.752
210.831,181.079,216.139
202.55,174.138,208.781
198.548,171.662,207.31
194.336,167.407,205.216
192.647,163.997,203.495
194.281,164.638,203.778
184.053,154.91,193.821
185.256,156.424,196.308
180.511,150.599,191.779
174.262,142.3,184.971
173.136,139.514,183.116
154.351,120.366,163.464
144.21,111.093,152.231
138.198,105.775,145.379
138.942,106.934,146.488
139.476,108.61,147.945
117.969,88.1901,127.199
104.136,75.1982,114.736
92.1684,64.5321,104.275
94.1046,67.8114,106.586
101.468,75.671,113.881
85.4784,59.5522,98.179
77.5438,52.2507,90.0229
69.8866,45.5435,81.2592
65.068,41.2572,75.881
64.2919,40.6836,75.8264
48.2871,23.365,60.0026
42.5276,15.9053,53.4073
32.289,5.70455,42.8738
25.3374,-0.591075,36.142
30.0638,3.72439,40.6781
22.3963,-4.58961,33.0863
23.7281,-3.08618,35.1898
15.7389,-10.9681,27.3221
6.07907,-20.4882,17.4454
-3.31951,-28.6666,9.15983
-30.1981,-54.1064,-16.35
-35.3076,-58.4576,-21.921
-35.9151,-58.6817,-24.1164
-31.5315,-54.3273,-21.2679
-16.4234,-39.4239,-7.13843
-13.3862,-36.4664,-3.79616
-2.16367,-25.9371,8.3454
-0.520927,-26.0487,10.2612
-4.59562,-31.0526,6.29685
-11.2366,-36.4947,0.814235
-37.8761,-61.5808,-25.0835
-49.9685,-73.2681,-38.6213
-58.1924,-81.6299,-48.5913
-54.0901,-77.1178,-44.4983
-42.2492,-64.3657,-32.0505
-58.7463,-80.1232,-48.6953
-63.941,-84.7901,-54.7506
-53.5073,-73.6822,-44.8491
-33.8073,-53.2248,-23.7327
-25.0368,-43.8831,-13.0666
-40.3929,-58.6221,-28.9755
-35.6172,-52.454,-26.3517
-28.4393,-43.0142,-20.2697
-18.3457,-30.9354,-10.2085
0.20836,-12.4228,8.22894
2.54641,-11.9511,11.4539
11.4211,-4.66917,22.2696
9.0865,-7.2411,20.2639
2.32265,-12.5284,11.881
7.10321,-6.01231,15.1207
1.79457,-10.7319,9.57157
8.32613,-3.51981,17.5794
12.9132,2.22767,24.3562
26.7844,16.381,39.6467
49.2473,38.0093,62.0372
51.7262,39.3947,63.2839
57.7882,43.8976,68.1295
49.6068,34.5542,59.2557
52.2186,38.0119,60.8667
76.8951,63.9092,83.292
81.4865,68.2667,85.7251
80.7524,66.9994,84.2241
71.4005,57.1071,73.8446
72.7783,57.2002,73.208
88.0052,71.1449,87.7098
87.0846,69.755,87.7331
92.339,75.3227,93.4331
84.8627,68.4577,84.988
77.2241,61.5127,75.8778
83.4569,68.4917,81.5308
75.6309,61.1874,74.0847
71.7157,57.1863,70.2698
54.2823,39.1971,52.5976
46.6412,31.8684,45.8807
58.0284,44.8652,59.1622
51.3993,39.5915,53.412
48.2244,36.3847,49.0515
37.8982,24.9936,36.6266
38.9209,25.7083,36.6978
57.2537,45.4194,55.4211
52.3773,42.2573,50.5407
43.5461,34.9057,41.1159
27.5981,20.5276,26.0049
22.9545,17.0931,23.282
33.4879,27.9076,34.3491
21.6562,16.0176,21.7255
18.2445,13.05,17.6168
16.3171,11.6801,15.307
17.1503,12.817,15.6084
20.8989,16.6972,18.1148
5.55376,1.85179,1.84288
5.13987,3.14291,2.30487
4.4915,4.51913,3.52291
10.5165,10.8795,10.6326
24.4227,23.3268,24.3629
19.0725,15.9008,17.701
20.5081,15.6072,17.3807
10.529,4.83944,7.3231
6.02407,-0.118925,4.45385
17.1257,9.49602,15.82
4.11281,-5.79172,1.10175
-7.69101,-19.05,-11.509
-22.7064,-33.9002,-25.8519
-25.5968,-35.2809,-27.6477
-10.9763,-19.2884,-11.3578
-18.8183,-27.2321,-17.4684
-22.9592,-33.1098,-21.4116
-25.9852,-38.6262,-26.6322
-14.9039,-29.3093,-17.9848
3.86501,-10.0293,0.70986
-5.25481,-16.0834,-6.57294
-8.24657,-15.6131,-7.80607
-13.5503,-19.3846,-13.0777
-13.7921,-20.5481,-14.8527
-3.28994,-10.8485,-4.59873
-5.39644,-10.7925,-4.40049
6.0042,3.83982,9.60345
10.4112,10.1412,15.0658
17.7298,20.7146,22.5907
39.2217,46.6345,43.8772
44.4657,51.7339,46.9205
65.6836,70.847,64.719
88.6072,95.4162,85.4871
115.689,125.105,112.401
145.068,155.963,142.491
145.274,157.229,142.719
159.808,172.328,156.787
172.938,186.79,169.272
177.151,193.419,172.058
181.333,199.487,175.23
167.527,186.909,162.448
166.684,187.279,162.887
158.263,179.139,154.351
140.586,160.306,136.993
130.246,148.276,127.914
111.227,127.791,109.88
106.423,121.58,105.952
88.8707,101.833,88.712
61.4624,71.7641,61.5228
50.7684,58.7809,52.1866
35.8393,42.1914,38.2664
43.5653,48.8286,46.3953
43.7238,47.0753,47.5995
17.7117,18.0492,22.6641
0.121817,-1.45972,5.12303
-17.6333,-18.7718,-12.8543
-20.544,-21.4885,-14.7509
-26.3208,-29.9814,-19.5763
-37.2972,-44.773,-31.2953
-39.6081,-49.1397,-35.1084
-50.4075,-59.7919,-46.6865
-47.181,-55.7469,-42.3918
-46.9062,-54.9291,-40.34
-55.9302,-63.4051,-48.6428
-57.1635,-64.2089,-49.5565
-66.8457,-73.9275,-59.1572
-67.3622,-74.543,-59.7019
-66.305,-73.1993,-58.5902
-62.9708,-70.023,-55.7215
-47.415,-55.4406,-40.3681
-56.0332,-64.1946,-48.9692
-71.318,-78.3997,-64.8723
-79.6447,-85.7677,-73.8255
-83.9574,-88.9466,-77.5884
-81.0152,-84.9382,-72.9799
-85.9784,-90.1535,-77.1317
-83.693,-88.8667,-75.2422
-83.0821,-88.6401,-75.1341
-84.8353,-89.1788,-77.7818
-86.8694,-89.6538,-80.5877
-100.931,-103.664,-94.2769
-100.809,-104.071,-92.7253
-95.7618,-99.5183,-86.2899
-92.634,-96.2112,-83.0682
-86.2633,-88.5313,-77.8359
-87.6742,-88.7992,-81.0812
-82.1696,-82.3188,-76.249
-75.259,-74.3961,-67.301
-79.3059,-76.7844,-68.9485
-92.0851,-87.1445,-80.8473
-102.501,-96.2483,-91.6348
-95.1247,-88.9358,-84.8344
-88.8422,-83.7655,-77.9983
-80.3569,-76.5531,-69.1338
-78.5162,-74.3764,-68.1893
-98.6962,-93.6311,-89.7622
-94.0324,-88.6277,-86.569
-69.4132,-63.1953,-62.7312
-48.7388,-41.4216,-42.4444
-40.6982,-33.8145,-35.3968
-48.4055,-43.6601,-44.4324
-51.1478,-47.9612,-47.9735
-57.8686,-54.593,-54.0766
-58.6838,-54.774,-53.707
-51.4384,-47.4107,-45.8244
-42.1379,-38.8473,-36.4812
-35.0814,-32.1986,-30.1229
-53.2227,-49.4755,-48.7933
-63.2932,-58.4058,-58.3795
-60.8319,-55.3505,-54.5341
-59.2518,-53.7165,-51.2697
-45.4821,-40.2943,-37.2628
-52.4391,-47.8743,-46.009
-64.1524,-60.3088,-59.917
-62.9691,-59.4027,-60.0573
-64.5337,-60.6966,-61.6341
-57.6456,-53.7181,-53.6022
-61.4024,-58.107,-55.9051
-56.2703,-53.6568,-49.6229
-42.1252,-38.9097,-35.6022
-44.4972,-39.5591,-39.9845
-39.5005,-33.2437,-37.7223
-37.4807,-31.123,-36.4798
-24.8547,-19.1954,-21.3703
-17.6191,-12.8323,-11.9388
-31.6733,-27.3407,-26.1668
-25.5582,-20.208,-19.7827
-22.6664,-15.1738,-15.583
-18.8156,-9.51641,-12.1173
-13.6214,-3.09067,-9.13037
-23.9948,-13.3549,-20.1041
-20.7729,-12.0669,-15.461
-22.8409,-16.7862,-17.3488
-18.8026,-14.3577,-14.8495
-4.69277,-1.10533,-2.15945
-9.82187,-6.89607,-7.52024
-6.91265,-4.63643,-3.52472
-13.3597,-11.4536,-8.65702
-22.1507,-20.3764,-15.4574
-21.4189,-19.8592,-12.1345
-28.1144,-24.6051,-18.9586
-14.1708,-6.02564,-7.97759
-3.95747,7.58386,-0.414393
2.31112,14.7549,4.47775
6.1797,19.2906,7.77288
-5.72365,9.34081,-4.09257
0.128403,18.5191,1.87624
1.60102,23.3249,2.98414
-0.632507,23.0928,0.411062
0.878017,24.8072,2.41971
-7.53632,15.1622,-5.10619
-4.50283,16.0259,-2.00458
-15.1082,3.07052,-14.0168
-26.528,-9.18647,-27.2698
-22.0515,-3.89755,-23.6463
-25.016,-5.39813,-27.0106
-20.8898,0.00273542,-23.1412
-33.634,-12.7087,-35.5027
-42.7112,-22.8115,-44.179
-30.1127,-11.0941,-32.2659
-28.1483,-9.20103,-31.3603
-24.8323,-5.85099,-28.307
-33.531,-15.2808,-36.9573
-32.2726,-15.1318,-35.8417
-12.4888,4.07616,-15.6576
-7.1131,9.55798,-8.1737
-2.78575,14.1287,-1.23948
-12.8952,4.48509,-9.94502
-19.0183,-1.72296,-15.4029
-9.66246,6.4314,-5.66606
-12.7081,2.84449,-8.53016
-6.70563,9.08991,-2.23871
-6.98052,8.935,-2.23222
-10.8496,5.9081,-5.74048
-10.2471,7.81593,-4.68742
-20.1418,-1.67718,-14.583
-13.6369,3.78267,-8.45352
-11.9837,3.49236,-7.20563
-13.8258,0.27556,-9.03291
-16.4483,-2.71186,-10.9982
-27.1693,-13.8327,-21.5309
-14.6488,-1.54412,-10.6316
-11.3276,2.77264,-9.76865
-12.9011,2.27162,-12.9715
-4.70234,9.92499,-5.55346
-11.034,2.66779,-11.6132
-15.7618,-1.82282,-15.0944
-30.8016,-16.0192,-29.2744
-35.5466,-19.9725,-33.1748
-15.2701,0.0171031,-11.5415
-2.34506,11.1652,1.96231
16.4283,28.3011,20.6474
13.5767,25.7913,17.0799
-4.59527,9.16815,-2.21632
-8.67428,5.89751,-5.98596
-22.4855,-7.44701,-18.2352
-24.3378,-9.22001,-19.1762
-13.6613,0.482466,-9.12219
1.87943,15.5651,4.97336
14.4924,28.979,17.0562
11.2092,26.1277,15.1414
15.8757,30.0309,22.1864
15.9847,29.1656,23.4984
19.0745,31.9308,25.5949
28.3417,40.4773,32.9341
18.0479,29.0218,21.1779
13.2419,23.8022,15.3812
9.5413,20.2067,10.7654
8.45771,20.0879,9.9335
21.782,34.6217,24.487
18.0027,31.4664,21.1604
6.31433,20.5652,10.1815
-1.89857,12.6729,3.12538
-1.60656,11.6127,3.39676
5.37167,15.7272,9.64179
3.7357,11.737,7.57473
5.23509,13.0642,9.61041
0.803597,9.75998,6.44949
-2.59235,7.32384,3.65475
-2.02703,7.92945,3.60737
-10.9169,-1.27579,-6.86204
-12.9113,-2.98164,-10.7485
-13.0902,-3.07416,-11.9264
-13.4798,-3.78786,-12.3817
-13.6973,-3.62906,-12.1959
-17.6142,-6.81374,-15.3722
-10.567,0.0403783,-7.69297
0.702325,9.90944,3.52346
1.20517,9.74558,3.40473
-12.3251,-3.48198,-10.9582
-21.6767,-13.7778,-22.3498
-11.3947,-4.38501,-13.7878
-4.33407,3.72988,-6.48141
1.23406,10.5624,-1.08422
3.1719,12.1097,0.240425
-3.47822,4.04887,-5.70369
-0.246034,5.59441,-0.962576
-1.33316,2.4624,-1.23904
0.942859,3.89539,0.706383
2.31849,6.75095,2.06368
-4.30938,2.42687,-4.13528
-0.271067,7.99602,0.269748
2.596,10.9768,4.16457
7.61022,14.8581,9.79133
3.85296,9.81379,5.46466
-8.18516,-2.71821,-7.17352
-6.36233,-0.206081,-5.66928
-3.94484,3.23516,-3.46483
2.59926,9.94282,3.60039
7.03134,13.573,9.19041
3.29064,9.41253,5.20432
5.62708,12.3538,5.73704
1.63502,7.60972,0.648589
1.16879,6.15956,-0.825669
3.33342,10.0899,-1.33297
-0.516039,7.85681,-7.72634
-0.107835,7.75989,-6.97281
-8.10155,-0.468955,-11.8592
-8.65158,0.616331,-9.6355
-7.66477,3.93765,-7.82857
-16.6825,-4.20464,-17.018
-16.6439,-4.71094,-17.5217
-9.78162,1.24425,-11.3465
4.62047,14.7391,2.42293
-5.05309,3.97024,-7.52262
-33.0194,-25.79,-35.665
-37.2752,-31.6695,-40.5888
-29.3255,-23.92,-33.2594
-5.70561,0.185166,-9.17827
11.0007,16.9671,8.88795
3.01342,8.39781,1.62607
-3.04755,1.30286,-5.53156
-18.9757,-15.0639,-23.16
-25.1379,-20.7991,-29.6862
-12.9164,-8.15752,-16.6346
-3.53106,1.10541,-6.53377
5.84004,10.1912,3.00404
0.0704552,4.72968,-2.90001
1.07185,5.64459,-2.22095
8.07143,11.1709,5.23986
9.70439,11.3634,8.24913
17.9704,19.3501,16.9818
16.6541,17.7246,14.5256
27.2692,26.8039,23.4016
39.938,37.9134,34.84
37.3756,35.123,32.2164
36.384,34.9873,32.2931
30.5422,29.3999,28.1144
37.8157,34.9096,36.6327
44.6686,39.4576,43.4661
37.0399,30.7525,34.9501
32.3884,26.4579,29.6697
16.3084,11.3947,13.5851
11.29,7.20053,9.25429
14.7839,11.9756,14.2064
9.84507,8.61146,10.1242
10.0486,9.34971,9.4194
-0.973491,-1.85534,-3.26191
0.411297,-0.431378,-2.69455
7.97268,7.10895,4.92255
1.87436,-0.00523311,-1.01908
-2.93512,-6.09519,-5.66667
-16.3566,-19.3459,-18.6734
-16.6344,-18.5715,-18.5657
-12.4102,-14.1003,-14.3903
-17.0026,-19.0692,-19.1193
-11.3736,-13.457,-14.2035
-10.9745,-12.9332,-15.6111
-6.35027,-8.17086,-12.5336
-3.31949,-4.78108,-9.64578
-5.61003,-6.80989,-10.951
5.10094,3.28633,0.987172
2.30428,-1.07015,-1.40863
-4.91382,-9.62412,-10.1526
-20.2014,-25.8475,-27.9348
-41.7601,-48.9621,-49.0111
-35.7584,-45.5491,-39.7725
-21.6953,-34.7015,-24.7349
-4.02588,-20.2099,-8.25826
2.48449,-16.9308,-1.63548
3.83931,-19.2268,1.03781
15.7372,-9.89946,14.1326
7.51587,-18.7085,7.52412
3.5257,-23.1381,5.49033
7.89177,-20.1671,10.3624
5.41336,-23.7109,6.48933
4.62551,-24.043,3.73283
-13.7005,-41.2916,-16.0854
-23.2578,-50.2892,-26.1804
-20.4639,-47.4803,-23.3914
-23.5031,-50.7428,-26.9112
-22.4314,-49.9687,-26.7402
-33.2342,-61.4252,-37.6803
-32.079,-61.1849,-35.2353
-23.6172,-53.177,-24.9792
-22.8347,-52.3581,-22.9105
-15.0306,-45.229,-14.8556
-16.4254,-47.7979,-16.2548
-9.85625,-41.2826,-8.41254
-3.9285,-34.5035,-1.26634
-6.57023,-36.8032,-4.5991
-3.73673,-34.1574,-3.3117
-18.0939,-47.3376,-18.4704
-19.8244,-46.4354,-19.5915
-1.36177,-26.9816,-0.0758415
8.33823,-18.3822,9.73712
15.8519,-11.2808,16.9439
13.0913,-13.5632,14.5017
13.7824,-12.8903,16.4459
8.83064,-17.8962,12.1889
-0.392648,-26.1624,2.28172
8.3175,-15.8241,10.5206
9.04712,-14.2439,11.2898
14.8354,-8.94126,17.0884
17.64,-7.12431,19.8364
11.1561,-14.0286,13.1668
15.6934,-9.04624,18.2098
16.023,-8.41414,19.7611
21.7446,-2.86965,26.5945
16.4636,-7.60007,22.0504
0.607459,-21.904,5.66761
2.01557,-20.0604,4.95607
-0.291007,-24.5137,0.54815
6.80931,-19.7635,7.21401
14.3316,-11.6114,14.4468
9.34275,-13.2477,7.86505
12.5961,-7.62727,10.3941
10.9934,-9.25093,9.84366
25.4647,4.9123,25.0853
30.4794,10.4602,29.8687
10.3402,-8.39998,10.1122
13.5199,-3.771,14.1598
16.9233,0.670976,17.4357
12.9086,-2.62388,12.1864
1.87522,-13.3632,-0.0883217
-11.5619,-27.43,-12.6811
-5.54876,-22.764,-4.2838
-8.93292,-27.5224,-7.0823
-13.1685,-33.0122,-12.3875
-12.804,-33.9777,-12.6166
-14.6173,-36.4143,-14.7723
-6.25193,-27.4246,-6.28326
-16.1599,-35.9917,-15.4616
-23.2107,-41.7703,-22.0632
-11.326,-29.6736,-9.89775
4.67109,-14.8317,6.00438
16.5858,-5.0177,16.8704
-14.9678,-38.047,-17.1726
-41.4602,-64.1566,-46.6015
-32.5322,-54.114,-39.1194
-23.9706,-44.9345,-30.3332
-14.6658,-35.7988,-20.1093
-21.9987,-43.4552,-27.481
-28.3831,-49.0134,-34.0902
-25.2291,-44.4514,-30.491
-28.4369,-46.1856,-34.3693
-25.5484,-41.1008,-31.8635
-26.497,-40.5274,-31.7508
-19.8784,-34.4315,-24.2285
-11.3596,-28.2628,-15.0882
-17.2782,-36.8106,-20.7301
-10.9026,-31.5489,-14.86
1.36846,-19.3278,-4.2171
20.5305,-0.0691001,13.4883
34.2118,13.5722,27.1644
14.8845,-5.63953,8.12247
-1.15014,-20.851,-7.00831
-1.1246,-20.2128,-5.83574
9.72801,-9.85497,4.47036
20.4748,0.272449,14.1269
19.7265,-0.220484,13.5089
23.0586,3.4695,17.5439
26.8528,6.89672,21.4776
37.5833,16.8348,31.7106
43.3323,21.5751,36.6647
36.7174,14.4721,28.5117
40.4042,18.7327,30.2259
47.239,26.3102,35.9458
55.1992,35.2699,43.9791
58.3856,39.4714,48.1389
51.0341,32.0065,42.054
51.2366,31.2601,43.8395
54.9987,34.0601,48.4915
53.3357,32.6509,46.0057
49.8382,30.4981,42.0281
53.3785,34.4581,46.3877
61.5531,42.1276,55.9502
55.773,36.575,51.4445
43.7306,25.5312,40.1367
28.3231,11.4727,25.4208
17.721,2.4441,15.1445
18.7547,3.97838,16.1431
18.0757,2.07675,15.1679
37.3633,20.0045,33.5834
65.3946,48.1387,61.7806
70.734,54.2791,68.0642
53.3214,36.3766,50.5593
31.2383,12.9498,28.4229
29.1637,10.9014,26.5026
28.1396,10.4462,24.4832
19.7392,1.19726,14.5516
16.6144,-3.06485,11.0607
21.0887,1.44565,16.4325
38.3577,19.5345,34.5901
37.6695,19.1129,34.1412
14.272,-5.03799,10.6912
7.80859,-11.9549,4.57364
18.4781,-0.523464,15.2836
33.0681,14.7159,29.7275
36.0156,17.072,33.5843
35.8313,16.3106,33.5582
41.5177,22.1755,37.462
37.5304,18.3164,32.6689
32.582,13.2807,28.8777
21.8437,2.5781,19.0955
16.9931,-1.82807,14.528
20.6162,2.53648,18.1478
14.0478,-3.99082,11.3595
12.277,-5.8989,9.66292
10.2177,-7.06843,7.83104
8.78616,-7.34402,6.33365
11.5858,-3.80023,9.85389
7.16808,-8.15216,6.83519
10.0931,-5.64011,9.57786
10.1403,-5.61106,8.08787
6.21066,-9.53043,3.53118
10.8067,-5.57922,8.57118
10.2746,-7.5255,7.95044
10.5918,-8.78801,7.54017
0.53841,-19.7604,-2.61277
-8.71939,-29.167,-11.2711
-0.146947,-19.4102,-2.36682
4.09773,-12.9482,1.83189
5.38592,-10.6014,3.16139
-0.0837351,-16.7824,-2.06359
-1.95112,-19.3188,-4.3918
4.66616,-12.2564,1.04665
2.6911,-13.2788,-1.39744
4.43145,-11.421,0.625237
6.74165,-10.3814,3.36142
9.3903,-9.08892,6.20502
13.0551,-6.02693,9.8878
7.47652,-12.5819,4.50345
7.23934,-14.214,4.78949
2.7125,-19.0794,0.549729
4.17415,-16.7261,1.17633
17.6612,-2.15703,13.6695
15.2449,-4.29351,11.2033
10.5051,-9.37209,6.3568
2.99557,-17.6125,-1.56074
-6.75929,-28.73,-11.0924
-13.8213,-36.7272,-17.3711
-17.4978,-40.8636,-20.9819
-5.6943,-29.7848,-10.9676
-4.33723,-28.5721,-11.5451
-11.2611,-34.6016,-19.494
-8.1121,-30.5378,-17.6391
-1.06298,-23.4913,-11.8695
14.2378,-8.41618,3.30473
20.2316,-2.45475,10.9061
22.7693,-0.0135893,15.0579
29.226,6.61578,21.5089
23.432,0.958669,15.697
20.1583,-2.56026,13.4213
8.71585,-14.0677,1.96356
-3.55656,-26.2101,-12.5006
-2.12965,-24.7035,-13.2062
-2.15566,-24.2916,-13.9845
0.274147,-20.7266,-11.0891
-4.67699,-24.9559,-13.9368
-4.29017,-25.8676,-11.7496
7.19216,-16.4072,-0.557598
11.3424,-12.7367,2.59848
14.3494,-8.16457,4.72996
5.04098,-15.7587,-5.61456
-2.45284,-22.9423,-14.2331
9.88683,-10.1809,-2.37692
27.2896,8.49176,16.2301
47.1136,29.5147,38.2445
45.8324,28.2451,38.5439
35.2821,16.4615,28.6905
30.5811,11.1798,24.3797
19.9776,0.859575,14.3604
27.1698,7.67381,22.2435
35.8278,15.2966,31.302
37.37,16.2511,32.7028
33.5647,12.2899,28.1172
19.0977,-2.94117,13.1439
18.4289,-4.16416,13.0348
16.4237,-5.84059,11.7887
13.225,-8.54577,9.35369
17.0629,-4.46071,13.8166
15.5116,-6.34417,11.4841
19.7851,-2.02504,14.2982
19.5624,-2.14154,13.9684
16.8894,-5.49142,12.3653
12.7342,-9.44282,8.89556
0.76588,-20.5403,-3.70975
6.29193,-15.3112,0.257088
11.2125,-11.4488,4.26726
14.2745,-9.15124,7.4101
20.5244,-3.68038,13.7267
11.2178,-14.2835,4.36766
5.81386,-20.4414,-1.0563
0.177061,-25.5141,-7.05457
0.339562,-24.7366,-7.96644
4.49847,-20.4304,-4.57495
-2.11763,-26.4898,-10.5145
3.67509,-19.3696,-3.89087
7.91133,-13.9927,1.03212
5.60822,-16.5303,-0.24966
2.09856,-20.8363,-3.56859
-6.08218,-29.3857,-12.586
5.02909,-18.9329,-2.36634
13.1344,-11.9046,5.38364
12.4569,-13.6231,4.26976
8.52575,-18.2511,-0.832286
-6.4964,-33.2466,-17.035
-2.33788,-28.9967,-13.5522
5.42669,-21.651,-5.56505
13.2307,-14.3266,3.06886
12.4753,-15.1412,2.16124
-8.62649,-36.9656,-20.0703
-4.45506,-35.4694,-17.5445
7.43689,-26.3289,-7.58831
14.8099,-19.5989,-0.63107
21.3147,-13.0226,7.28806
14.1398,-21.4299,0.868006
18.9479,-18.3695,4.23289
19.5279,-18.2883,2.74126
16.0115,-20.6773,-0.868174
17.6815,-17.3384,2.7437
4.78707,-28.8626,-8.53465
8.06133,-24.8385,-4.9404
16.7476,-16.2009,3.07716
18.0488,-14.8979,3.05745
20.6405,-11.4435,5.23051
14.5233,-16.0246,0.0660517
24.7333,-4.55703,11.1198
29.754,0.971926,16.5231
25.9703,-2.90277,13.7415
30.133,-0.0493602,19.0164
28.8505,-3.60892,17.1988
37.2906,3.55485,23.9269
35.5903,1.88647,20.6826
29.1762,-4.06906,13.1878
32.7747,0.749061,16.7031
25.4311,-4.4657,10.6622
24.7745,-3.11643,11.8826
18.7254,-9.00615,6.65046
11.3956,-17.8307,-0.684372
20.4801,-10.1024,9.50992
20.7786,-10.0808,11.9545
25.3479,-4.43137,18.568
20.0467,-8.30919,14.3952
7.35374,-20.6845,2.00687
8.2123,-20.0428,3.29219
2.61223,-25.307,-1.8444
5.59293,-22.1495,0.827702
2.17981,-25.4161,-4.02745
-9.86349,-37.0135,-17.2285
-13.1898,-41.3217,-20.3528
-13.074,-43.2804,-20.0197
5.77296,-25.3215,-0.442188
14.3136,-16.9589,10.0059
12.6526,-19.31,9.29177
21.0626,-11.5672,17.4555
16.4461,-16.3809,12.243
18.736,-13.9418,13.7602
20.5644,-11.5976,15.1304
16.0032,-15.5418,10.3093
16.5957,-14.5879,10.7297
7.16967,-23.6802,1.50598
10.5885,-19.8275,5.8761
12.1631,-17.5804,9.07498
9.37284,-19.5772,8.35177
16.8935,-11.3641,17.7166
17.2686,-10.3621,18.8334
22.3509,-4.72966,24.1498
16.9044,-9.93051,18.8141
9.71751,-17.2302,11.1603
17.3128,-9.33421,17.5281
17.7736,-8.05502,16.1613
26.4224,0.349033,23.9314
29.2926,1.70311,27.1947
23.8364,-4.08888,22.0061
25.7017,-1.42,24.0067
15.726,-11.5466,13.5345
13.9833,-14.1785,10.2604
10.3263,-18.2626,5.00055
3.43151,-24.9702,-2.65768
7.90205,-20.2703,2.50799
3.41466,-24.2467,-0.647219
5.82923,-21.3032,2.22035
4.50098,-22.466,0.704029
0.210577,-26.0134,-2.96895
2.14328,-22.8285,0.536597
-5.81923,-29.3068,-6.1096
-2.50419,-24.3785,-2.08235
-1.97799,-23.0646,-1.56492
-8.43997,-30.0871,-8.66461
-6.9265,-30.7194,-7.49221
-13.8344,-40.2482,-15.0595
-11.7846,-38.9198,-14.3341
-10.5118,-36.4755,-14.2653
-10.5995,-35.1922,-14.3715
0.887786,-22.5177,-1.18712
0.625075,-21.1252,0.479254
2.92351,-17.3199,4.25952
-0.453713,-20.0213,1.14323
-4.50218,-23.5348,-4.9122
2.50645,-17.1064,0.0612147
1.04485,-20.9221,-1.03532
7.74744,-16.8879,7.89416
7.14612,-19.0884,9.32386
0.856829,-24.4871,3.19467
6.90177,-16.3217,7.87719
4.09046,-18.8769,3.75728
5.44317,-19.1513,4.77823
5.06169,-20.9848,4.63588
4.85172,-20.8466,4.80582
19.9302,-4.51405,20.1139
15.2803,-8.05447,15.0738
-0.447972,-21.9633,-0.188891
-11.4442,-31.5399,-9.60021
-11.6731,-32.4795,-8.99576
0.415192,-23.0076,3.41162
0.163245,-25.7656,3.58181
1.71755,-24.3513,5.71788
-0.392354,-24.7148,3.70358
-10.0168,-32.74,-7.50901
-15.8218,-38.4,-14.8964
-21.9264,-45.5251,-20.5755
-17.1204,-41.5704,-14.4624
-19.0396,-43.3572,-16.0396
-29.1716,-52.2341,-26.7375
-32.8078,-54.6051,-30.3282
-36.8407,-58.0521,-34.1138
-30.8988,-51.584,-28.3803
-27.323,-48.0619,-24.5821
-30.9705,-52.2276,-27.9661
-31.1414,-52.1222,-28.3165
-36.1699,-56.099,-33.5621
-28.1307,-46.8639,-24.9209
-18.1214,-36.0998,-13.5983
-19.5893,-37.872,-12.876
-25.2086,-43.7374,-15.4507
-37.0811,-53.1385,-28.0418
-33.0039,-44.9465,-29.0215
-21.4325,-31.6624,-20.5545
-5.13185,-15.3195,-4.1696
20.3835,11.8458,21.6653
38.7019,33.6886,39.4662
55.3135,54.6887,55.1616
59.7084,63.8084,59.042
60.3488,69.6247,59.0086
75.0046,88.9274,72.1444
91.6551,109.575,86.5226
108.325,130.572,101.048
108.052,133.698,100.182
98.8287,126.688,92.0157
96.6622,125.719,91.7593
89.9386,119.398,86.4505
92.3577,122.8,89.3649
91.1811,123.272,88.0925
84.0606,118.778,79.6611
79.3533,116.818,73.5962
63.6143,101.908,58.1313
50.5103,87.6402,46.4012
41.0427,75.7863,37.7425
40.3331,72.4291,35.7803
44.2068,74.3274,37.687
37.4132,66.8636,30.3063
37.1741,66.8458,31.3352
37.1797,67.0091,33.4241
34.4321,64.649,31.0617
34.043,63.9651,29.6441
27.2251,55.5482,22.8376
28.9809,56.2409,26.7558
26.1375,53.2869,26.3198
15.0152,42.4466,15.3776
10.4576,37.709,10.4393
7.9491,34.0297,9.04288
17.5861,43.0163,20.7864
21.9828,47.6995,27.2052
16.2229,41.9267,22.814
9.13584,33.8203,16.4349
-0.78398,22.6036,6.36302
-1.9596,20.4002,5.26244
-6.21556,14.535,1.73174
-9.29317,9.79938,-2.30257
-4.09799,14.1166,1.04
-4.2773,13.3875,0.929971
-6.27995,10.9426,0.474003
-15.9383,0.651161,-9.01323
-23.542,-7.58495,-18.3626
-22.1679,-6.78962,-17.5774
-23.5056,-9.05522,-18.1331
-19.3007,-5.97823,-13.4737
-24.5684,-11.5887,-18.7962
-35.1559,-19.701,-30.2824
-39.3328,-20.6686,-35.4606
-41.0444,-22.5268,-37.5981
-31.0236,-14.6147,-28.6464
-26.6103,-11.551,-25.4012
-23.6227,-8.32346,-21.172
-20.2595,-3.77141,-14.4142
-28.251,-11.2036,-20.1499
-27.0304,-10.4614,-19.6442
-20.1184,-5.27,-14.5973
-20.5492,-7.16813,-16.4028
-30.3396,-16.8567,-26.4711
-37.8531,-24.7636,-33.3444
-33.4781,-21.5242,-28.6402
-37.4176,-25.8024,-32.1354
-39.2488,-27.5757,-33.5706
-36.1359,-25.0947,-30.6099
-33.9459,-23.6579,-28.6792
-20.7388,-10.8868,-16.0285
-18.2447,-9.98981,-13.8328
-21.7543,-15.9385,-17.3185
-28.0246,-24.136,-24.2144
-32.9303,-30.2789,-29.7841
-27.2843,-25.3654,-23.5175
-38.7445,-37.876,-33.4567
-46.4994,-46.4817,-40.3883
-35.9969,-35.6667,-29.8049
-13.0946,-12.328,-6.89809
6.97055,8.02642,13.0233
0.507019,1.86854,6.81288
2.76331,3.38028,9.03835
9.3986,8.62802,14.8924
9.28948,7.98782,14.9024
19.5442,18.7875,25.6313
15.6744,16.0551,21.1803
11.2802,13.1815,16.0496
10.6849,13.2749,15.001
7.95595,9.84062,11.5213
21.6606,22.4681,24.346
21.2675,20.3799,24.2051
12.8822,10.196,17.7181
5.75111,3.01459,12.4032
-2.94657,-4.85866,3.75203
3.03653,1.07793,8.52201
-1.29851,-3.19269,3.03067
-4.35935,-5.23528,-0.513442
-13.002,-12.8784,-8.99171
-33.3867,-33.1208,-29.4462
-35.4301,-35.5908,-32.4897
-39.7509,-40.1237,-37.6538
-41.2383,-41.623,-38.1599
-43.1798,-44.1836,-38.1625
-50.227,-52.5283,-44.6473
-44.5921,-47.9156,-39.7014
-51.4756,-55.2407,-47.1762
-55.6064,-59.7001,-51.349
-53.7845,-57.9002,-49.1293
-58.0997,-61.5653,-53.8825
-51.4588,-54.2964,-48.822
-58.2075,-61.2123,-55.989
-59.297,-63.2673,-55.0445
-51.4323,-56.0954,-44.5128
-47.9533,-51.7869,-40.3485
-35.5331,-37.7452,-28.9815
-46.6362,-48.4147,-39.944
-51.6759,-54.8296,-43.7409
-42.7686,-48.0804,-34.9781
-43.5022,-50.2131,-36.6879
-32.8072,-39.5084,-26.2686
-33.8392,-40.7478,-27.2827
-34.7576,-42.3152,-28.5714
-29.8008,-36.5724,-24.2089
-27.5152,-33.2589,-22.251
-9.87164,-15.9006,-4.26692
-13.5176,-20.1154,-7.64188
-25.1238,-31.6767,-19.2375
-23.45,-29.5695,-17.8899
-23.2208,-28.8496,-19.0798
-10.8329,-15.5975,-7.56889
-12.5814,-16.6582,-9.03802
-13.5279,-17.8174,-9.80008
-4.66458,-9.09852,-0.197906
-8.56401,-11.7172,-2.42037
-3.22189,-4.29279,4.05702
-4.27704,-4.49412,2.93521
-0.881523,-2.27411,5.6411
6.44047,2.95605,11.8536
-0.0354976,-4.5608,4.3734
5.42563,0.902599,10.0639
9.09931,4.66211,15.2054
13.1942,9.35097,20.1301
7.92843,4.54925,14.3387
-13.0156,-16.6655,-7.32504
-12.3361,-16.2121,-7.00985
-11.3913,-15.3974,-6.29651
-6.77805,-11.5728,-2.44915
3.39914,-2.46792,6.19517
2.878,-3.00418,4.04465
12.7884,7.51914,13.1704
4.64092,-0.917667,4.6373
-1.34435,-8.51691,-1.69647
5.06099,-3.28606,4.7444
-9.63088,-16.8011,-10.3832
-13.3673,-18.6281,-14.6477
-13.6101,-18.7392,-14.8477
-13.0258,-19.3701,-14.3176
-5.2788,-12.7219,-6.45805
-2.76375,-11.0333,-3.58409
3.96725,-4.58283,3.4924
-1.64316,-9.97018,-2.00872
-7.35382,-15.8024,-8.21281
-9.56298,-18.2822,-10.2737
-24.4477,-33.5128,-24.2598
-27.0944,-37.1498,-26.5898
-26.4315,-37.8037,-26.727
-19.1734,-31.5955,-21.1069
-10.0243,-23.2156,-13.1589
-19.5089,-32.3873,-22.4519
-16.4927,-28.2706,-18.3072
-7.95033,-18.9408,-8.92893
6.12011,-3.76998,6.21132
14.1142,4.97505,15.626
-2.0119,-12.0534,-0.58924
-4.99174,-16.7467,-4.49555
-2.63443,-15.7371,-2.43327
2.66398,-10.3807,2.15611
7.64012,-4.77371,5.37679
-0.388203,-13.6377,-3.9492
-1.77698,-16.4299,-4.28867
-12.4256,-27.5903,-12.9863
-19.9043,-34.6386,-20.1797
-11.3525,-26.0037,-12.2731
-7.82023,-22.9013,-9.7965
-2.26842,-16.3597,-5.92638
-10.2544,-22.0703,-15.2517
-16.918,-26.4218,-21.8359
-15.501,-23.9998,-19.1897
-22.6387,-32.1577,-25.1816
-18.4586,-29.3172,-20.3301
-22.3958,-33.9029,-24.3618
-23.3045,-35.2127,-26.2979
-15.8905,-27.8993,-19.9109
-23.7191,-34.7254,-27.4758
-26.172,-34.6137,-28.6742
-27.7976,-33.5269,-30.4525
-23.3154,-27.651,-27.449
-16.6974,-20.6567,-19.8136
-25.6889,-29.2535,-25.9552
-27.5717,-30.5287,-27.1638
-27.4351,-30.1896,-28.4266
-22.4331,-25.3904,-24.7512
-14.42,-17.7129,-17.273
-15.2391,-19.2185,-18.3737
-2.93953,-8.32797,-6.14651
1.83944,-5.14569,-1.26974
-0.779765,-7.79585,-3.69557
-1.81662,-6.71471,-3.79334
-3.71,-6.06665,-4.09412
8.54279,7.40546,9.99429
4.12904,2.66465,6.36805
-6.30039,-8.1769,-5.61168
-5.22314,-7.55976,-6.65732
-4.78555,-8.89069,-7.54066
3.96092,-2.39288,1.00561
4.16762,-4.07026,2.11911
3.74673,-5.61986,1.98805
7.89289,-1.83352,6.01195
4.84951,-4.48807,2.97074
11.2628,2.87879,8.73176
15.791,7.71771,12.4418
24.4862,16.3861,20.8559
26.0803,18.6515,22.6499
6.79385,0.488139,3.17987
1.02545,-5.06672,-2.96223
-6.55292,-13.8004,-10.305
-13.7636,-22.036,-16.7019
-14.9114,-23.9166,-16.6043
-18.3468,-27.7586,-19.7133
-8.96706,-17.6316,-11.343
-8.94094,-17.1821,-12.5075
-14.2846,-22.9294,-18.0912
-16.9237,-26.1329,-19.4013
-22.3853,-32.7272,-23.7471
-10.8182,-23.1728,-12.2075
-4.60082,-19.3822,-6.16838
-13.7178,-29.5366,-15.9061
-22.1234,-37.2541,-25.9719
-20.4684,-34.1999,-26.5676
-5.54332,-16.9072,-12.4647
-6.09592,-14.6617,-12.0377
-11.3765,-18.4666,-16.1556
-15.7482,-22.8837,-18.4284
-20.0785,-28.2737,-20.5289
-5.56471,-14.9857,-6.34364
1.47138,-8.01575,-1.0762
3.09395,-5.51054,-0.510384
5.53385,-2.23769,1.73886
5.28849,-1.77806,1.70257
8.23337,2.52362,5.5403
-0.231936,-4.39658,-1.34015
-5.99625,-9.58431,-6.41532
-4.34653,-8.57694,-5.10416
-1.24046,-6.22963,-2.51053
-1.62433,-6.13699,-2.81024
-17.0794,-20.609,-16.2462
-28.2399,-30.4418,-25.111
-41.0026,-41.6078,-38.5103
-49.4324,-49.5333,-49.0549
-38.1705,-39.2103,-36.5222
-29.9772,-33.1482,-24.7517
-11.0429,-16.6225,-5.46474
4.01553,-3.41511,7.19524
3.07779,-6.1297,4.45382
6.4896,-5.54805,7.11299
-4.85341,-20.7476,-4.30918
-14.9339,-33.4465,-14.1612
-20.5616,-40.0909,-19.1674
-24.8602,-46.1654,-22.7065
-23.7285,-47.3709,-21.4683
-35.059,-60.5595,-33.2605
-38.1332,-65.6219,-37.4019
-48.9393,-77.8417,-48.0039
-61.3981,-90.2812,-57.0921
-53.7945,-82.3728,-45.7065
-59.1222,-88.2476,-49.3559
-58.1285,-88.0993,-48.4465
-54.3064,-84.6144,-45.9656
-54.962,-84.6775,-48.375
-44.2155,-72.7744,-38.3962
-51.1461,-78.8464,-44.9206
-54.7001,-81.419,-47.6646
-53.9619,-80.3957,-46.6383
-52.338,-80.5037,-46.3435
-35.0704,-64.9655,-30.9549
-41.1207,-69.9499,-36.815
-46.3174,-72.3547,-39.8543
-44.2404,-69.2628,-36.2667
-40.4838,-66.8707,-33.1579
-25.8165,-53.6053,-20.8582
-36.5141,-64.6602,-33.8056
-43.3117,-70.9692,-41.271
-44.4316,-70.8319,-41.7869
-50.3573,-75.1099,-46.6385
-42.176,-64.8716,-37.745
-46.8968,-67.6473,-43.0392
-41.5503,-61.6811,-38.314
-34.1587,-55.4033,-30.4359
-43.4418,-66.3549,-39.9041
-45.7608,-69.4428,-43.7349
-65.1711,-88.5576,-64.5877
-76.9776,-99.1871,-76.1344
-75.6412,-96.6632,-73.1505
-67.1575,-88.1126,-64.4581
-44.2552,-65.8818,-43.875
-46.9046,-68.8855,-49.0739
-49.0209,-70.8668,-51.5915
-47.401,-69.0619,-48.4675
-50.2504,-72.2501,-49.9615
-48.4219,-71.196,-47.987
-63.2485,-86.5365,-62.904
-61.7219,-84.906,-61.247
-58.8095,-81.3545,-58.5174
-68.2171,-90.4348,-68.2744
-60.3998,-83.0545,-60.8576
-60.757,-83.7752,-61.9684
-50.914,-74.1686,-53.0729
-39.843,-63.7218,-42.6835
-40.1172,-64.5563,-43.1253
-29.0918,-53.562,-31.8854
-31.5194,-55.7154,-34.1834
-20.3285,-44.8832,-23.2126
-12.9455,-37.9605,-15.8484
-27.3498,-51.5014,-29.9616
-25.8838,-48.6226,-29.0897
-29.74,-52.4209,-34.1866
-26.6549,-50.9966,-31.5808
-25.8168,-51.916,-30.8813
-38.1191,-64.3352,-43.5324
-34.0285,-58.8516,-39.6492
-26.5514,-50.9984,-32.281
-4.0918,-29.4416,-9.29761
11.4683,-14.0928,6.82327
11.7907,-13.8367,6.36382
22.5564,-3.81913,16.571
7.14333,-19.5239,2.3806
-8.10703,-33.5295,-11.6773
-10.166,-33.8083,-14.1939
-7.46175,-30.5608,-11.828
6.81539,-16.7373,3.22503
-5.66911,-28.9633,-9.0026
-15.6968,-38.6255,-20.1803
-21.4665,-45.8123,-27.4762
-31.9982,-58.1424,-37.9605
-24.6892,-50.5355,-29.0271
-29.9595,-54.3931,-32.9709
-30.4304,-54.1512,-33.7139
-27.7416,-51.4282,-32.7372
-29.513,-52.9477,-36.0463
-21.6085,-43.8685,-28.5416
-38.691,-59.76,-45.5645
-44.1926,-65.1102,-51.04
-31.038,-52.8048,-37.9264
-21.2083,-44.5209,-27.9311
-0.252335,-25.4289,-6.67975
-8.65199,-34.4577,-15.5023
-18.1251,-42.1053,-25.237
-14.3543,-35.7229,-20.2895
-17.8145,-37.9499,-22.5049
-12.1537,-32.7183,-16.4045
-18.8291,-40.5403,-22.6645
-12.7428,-35.3293,-16.2297
-0.525463,-23.6642,-3.63935
-6.6107,-30.0149,-9.32263
-4.90313,-27.86,-7.44021
-10.9165,-33.324,-13.5774
-8.23848,-30.4446,-11.8947
-0.0126137,-21.8685,-4.9653
-6.27961,-27.3308,-11.6858
-1.0507,-21.4532,-6.50123
-4.30059,-24.5851,-9.88254
-6.49184,-26.204,-11.1103
-5.26427,-24.6686,-8.32646
-10.333,-30.8722,-13.517
4.01726,-17.8195,-0.350971
6.32928,-15.4043,1.08649
4.65796,-16.2524,-1.22044
5.86779,-14.9291,-0.206825
-2.17836,-22.873,-7.39209
-2.92806,-22.6534,-5.66413
-10.8474,-29.8895,-10.7081
-2.62175,-22.6051,-1.38406
10.9231,-11.3156,11.4179
5.7885,-18.1681,5.17737
4.55494,-19.47,3.55993
-2.66801,-26.5397,-3.8796
4.80662,-19.9228,2.89254
12.2835,-13.2002,9.8448
-2.65757,-27.1298,-5.01911
1.50963,-21.3504,-0.883438
2.43082,-19.9112,-1.03745
-2.87792,-25.2739,-7.56279
-2.77088,-26.0799,-7.50705
-8.85928,-33.04,-12.7759
-5.71481,-29.4296,-9.27181
-7.36601,-30.8573,-12.2704
-6.38021,-30.415,-13.6101
-6.93883,-30.6313,-15.3131
-11.3691,-33.6508,-18.6629
-2.34792,-24.2012,-7.87774
-7.66427,-30.7443,-13.6961
-12.2518,-36.4199,-20.0141
-7.18583,-31.2486,-14.2292
-2.05898,-25.4923,-7.57817
11.1402,-12.1082,5.86573
10.0252,-13.6565,4.53098
9.22486,-14.5735,2.83062
16.6624,-6.91749,9.29998
14.0747,-8.88155,5.81988
6.05469,-16.1223,-3.29485
-7.54954,-31.3855,-17.7793
-8.49814,-34.8291,-19.2292
-8.24351,-34.8603,-18.8373
-14.6695,-41.0695,-24.5668
-3.49818,-30.1506,-11.3127
8.54935,-18.4165,3.63807
15.3855,-12.2202,11.1962
6.65382,-22.7687,1.51592
-4.29187,-36.7236,-9.71499
4.32045,-30.5823,-1.32268
10.0835,-25.7276,4.04147
20.725,-14.4444,14.127
24.3318,-10.0548,16.5345
23.6963,-11.3878,14.9083
33.3018,-3.18199,24.8653
35.2982,-1.5085,28.7975
36.3122,1.17538,31.667
23.7626,-9.05345,19.5463
13.4393,-18.6382,8.45345
18.8043,-13.9193,12.6517
13.7846,-19.946,7.38219
18.1939,-16.3082,12.1143
22.0208,-12.4009,15.9946
18.7812,-14.4384,12.4824
20.6622,-11.0009,13.2949
14.2711,-17.5777,5.31988
24.0018,-9.19154,13.8639
29.852,-2.47601,20.3622
23.4407,-5.6717,16.4361
24.1346,-2.41934,19.1132
14.26,-11.296,9.36715
16.8626,-7.50352,11.0755
18.6019,-3.61779,13.4978
13.9141,-6.54157,11.1177
15.7188,-3.53397,14.3012
8.24544,-9.67147,7.66187
13.3587,-5.03672,13.656
20.026,-0.155173,20.0674
31.6786,12.4224,29.9261
57.1289,42.223,53.2738
68.9161,58.5286,64.3618
87.7951,79.4949,83.446
105.095,97.3353,100.808
122.235,114.557,117.077
151.349,143.667,143.979
159.614,151.704,150.97
168.298,159.589,160.348
171.509,162.435,164.214
169.419,161.052,161.772
175.654,169.159,166.961
168.276,163.397,158.821
170.169,164.917,160.508
162.694,155.834,152.36
148.898,139.905,137.344
146.635,135.006,134.956
129.347,115.113,120.17
118.358,103.123,112.568
106.663,91.937,102.272
94.6879,78.7827,89.1255
92.4006,72.6973,85.1114
77.0145,53.2288,69.0995
70.757,44.3424,62.6921
62.9002,35.2007,55.4598
51.6989,23.2919,45.937
49.6167,20.416,44.9028
34.8189,4.60133,30.0742
29.4378,-1.58106,25.1101
18.9427,-12.7412,15.4581
6.78494,-26.2025,2.39092
8.77787,-25.7337,1.9534
-1.83502,-36.9876,-9.97784
-4.34748,-40.0158,-12.9927
-13.2083,-49.7632,-22.6401
-29.2944,-65.9401,-39.2555
-31.7815,-67.5401,-41.3761
-42.2716,-76.606,-49.8467
-48.9653,-81.8076,-53.774
-63.2857,-96.0607,-66.1175
-78.245,-112.135,-80.1415
-78.9215,-113.106,-81.1199
-94.1924,-127.248,-97.6547
-101.793,-133.169,-106.773
-107.887,-138.213,-113.424
-108.806,-138.855,-113.76
-91.7942,-122.042,-97.0019
-89.7674,-120.53,-95.8
-83.2305,-113.624,-89.4947
-76.4297,-105.064,-82.4911
-66.0381,-93.3471,-71.5185
-56.9468,-84.1039,-61.9285
-74.6789,-101.595,-79.0406
-74.0924,-100.876,-78.3256
-68.3551,-95.4258,-73.0798
-66.3455,-93.1159,-70.6544
-54.0104,-81.0346,-57.7222
-61.7006,-90.8451,-66.5587
-65.477,-96.6092,-72.1422
-65.8047,-97.109,-72.2203
-56.9074,-87.5448,-62.0167
-29.9783,-60.1844,-35.0831
-27.2053,-56.9308,-33.0609
-26.5828,-55.7386,-32.7517
-36.4589,-65.6205,-43.0516
-46.4524,-75.9816,-53.6412
-31.368,-60.8762,-38.0169
-35.1919,-64.5423,-39.8139
-35.6299,-65.2236,-38.1229
-37.8718,-66.3177,-40.61
-42.2216,-67.0652,-47.299
-27.4906,-49.1811,-34.1722
-27.8674,-48.1715,-35.3275
-25.6969,-44.9661,-33.8915
-29.2856,-46.5762,-37.8327
-39.2534,-53.6196,-48.5051
-34.4353,-46.3516,-44.428
-41.1488,-50.9631,-50.9618
-33.1895,-41.7641,-42.4535
-24.1592,-33.1498,-33.2178
-26.2558,-35.6082,-34.7956
-20.7025,-29.5358,-27.709
-31.8284,-39.4658,-37.1998
-28.3438,-34.6969,-33.12
-23.4226,-29.1714,-28.8717
-23.9861,-30.0563,-29.3023
-10.1243,-17.5788,-13.2767
-12.3502,-21.0116,-13.2763
-9.77177,-18.3146,-9.44209
-13.8768,-22.0614,-13.4293
-21.3268,-30.216,-22.5168
-12.1292,-21.6737,-15.3715
-16.6436,-24.9064,-20.7898
-12.1081,-18.0515,-16.3102
-10.9463,-15.922,-14.6387
-16.203,-22.2462,-19.2249
-4.87112,-12.5691,-7.53564
-9.25836,-17.1096,-12.2511
-3.05345,-9.68542,-6.24853
3.54212,-2.66495,1.78357
-0.487396,-7.34634,-0.23471
6.47948,-1.22915,6.97047
-17.1055,-25.4584,-17.9846
-33.6462,-41.4896,-35.1704
-24.0744,-30.3122,-25.5857
-8.08499,-13.3551,-10.778
13.388,7.59965,8.76079
13.6452,7.11474,7.49472
21.359,14.2807,14.1285
23.9079,15.4938,16.574
10.0501,0.169367,3.96935
4.33443,-6.16342,-0.192055
-9.00145,-19.3388,-12.5846
-1.31615,-11.151,-4.3869
8.72952,-1.15414,5.98135
-0.0189469,-10.5379,-2.55404
0.629502,-10.4084,-1.39692
-10.9237,-21.0763,-12.5558
-6.40277,-14.7086,-7.9038
5.6517,-3.14418,4.28022
-6.85439,-17.3285,-8.04441
-13.3947,-23.6177,-13.7086
-26.1405,-35.1325,-25.63
-26.9885,-35.3327,-26.5835
-18.7376,-27.5957,-18.9386
-18.3261,-28.0193,-17.8715
-4.65229,-15.3944,-1.41502
0.795864,-11.1339,5.55204
5.14198,-6.58502,8.96597
4.66822,-5.54618,7.07295
-4.01647,-12.5977,-3.72816
-5.07789,-13.0122,-6.3767
-13.9249,-21.9851,-14.3049
-5.60446,-14.1863,-4.02408
8.01904,-1.31689,10.9039
4.39461,-4.46025,7.46425
4.83156,-3.16795,6.63222
0.615185,-7.70463,0.704033
9.40307,0.779741,8.88359
17.4304,9.49039,17.3473
9.11094,2.51007,9.34295
11.1358,4.87427,11.1554
3.92847,-3.45276,3.40216
-1.00482,-9.06809,-2.25315
-4.3688,-12.6428,-6.26061
-11.1469,-19.46,-12.8776
-5.48614,-13.0933,-5.99297
-9.80062,-17.169,-8.98612
-7.17076,-15.5761,-5.64137
-1.96284,-11.4451,-0.127501
-2.93653,-12.4966,-1.05948
5.76872,-3.6615,7.05889
2.21747,-7.40519,2.13807
1.26746,-8.37322,0.333964
0.746498,-8.87795,0.733343
-3.96397,-13.1609,-2.78813
6.04308,-2.17943,7.29238
6.08325,-1.18809,6.40939
8.7791,1.90501,7.70617
9.93767,2.43825,7.73576
9.18355,0.677766,6.16839
23.7718,13.6508,20.1011
19.9232,7.40537,15.2922
13.8936,-0.102764,8.27431
6.85276,-7.19454,0.728511
-4.57992,-17.915,-11.1693
0.0551181,-13.0729,-5.98203
-0.00181236,-13.75,-4.03785
4.78334,-9.21149,2.29692
4.21601,-10.2864,1.69922
-3.92977,-18.8907,-7.20027
6.84471,-7.83324,3.78553
6.44304,-8.0069,4.05042
-6.36619,-20.2612,-8.97778
-17.7786,-31.546,-21.0287
-21.3424,-35.7521,-25.4183
-17.7731,-32.5803,-22.3396
-30.1982,-45.0379,-34.588
-33.4753,-47.8133,-37.9005
-30.1764,-43.8936,-35.0554
-27.8787,-41.0062,-33.076
-21.6118,-34.0396,-26.2697
-33.8211,-45.2715,-37.4978
-42.5399,-52.4461,-45.7715
-45.9864,-55.732,-48.8709
-44.4526,-56.2129,-46.9681
-35.9383,-49.2132,-37.994
-41.6876,-54.7416,-43.1158
-43.1797,-55.7109,-44.1714
-44.6965,-57.1421,-44.728
-44.9985,-56.4209,-44.3723
-35.559,-44.9265,-35.2978
-36.0371,-44.3689,-36.3734
-28.8364,-37.5747,-29.7957
-23.7052,-33.3224,-24.4348
-25.4709,-35.3074,-25.4449
-22.3037,-30.8827,-21.6714
-30.2049,-37.6024,-29.2773
-28.1399,-36.6999,-28.0979
-26.3971,-36.8125,-27.1798
-27.1799,-37.6515,-28.4803
-14.8933,-25.1519,-17.7125
-9.00563,-19.58,-12.8474
-2.26259,-12.9725,-5.8072
-6.30947,-18.3104,-9.54457
-15.7638,-29.2981,-19.3598
-10.6449,-23.5873,-14.2087
-3.33748,-15.2822,-6.00365
9.66792,-2.12879,7.13743
9.60911,-1.28587,6.32913
1.7742,-7.57579,-1.92919
4.33806,-4.37183,0.869443
-0.491342,-9.73623,-4.23228
4.05738,-6.14787,-1.03384
7.07051,-4.65105,0.824381
5.7288,-7.63303,-0.857899
10.2256,-3.38065,4.56878
1.45953,-11.1297,-2.20844
4.26233,-7.41979,1.80618
9.02472,-2.97368,6.47184
5.97484,-7.38667,3.04024
6.89062,-8.16562,3.49453
4.36862,-11.7041,0.0835475
12.5187,-2.61675,7.34432
15.9105,2.49846,10.9468
15.8723,3.7292,12.023
22.7421,11.4958,20.6834
16.4801,5.33777,16.1513
15.0766,3.43984,14.4242
17.9574,5.56467,16.3989
21.3727,8.13461,20.3181
26.7891,12.7205,26.4687
18.8936,3.74298,17.7269
20.5599,4.63875,17.1597
21.5243,5.94038,17.1332
21.4917,6.71044,18.0613
29.6388,15.2256,27.6225
25.5121,10.9132,24.5053
26.1893,11.8876,25.4334
26.9889,14.2334,26.3453
31.4638,20.4614,30.6012
41.8027,31.6737,40.3926
37.3337,27.0324,37.0395
34.9242,24.5167,37.7616
27.3693,18.1554,33.2018
20.2516,12.9071,25.9188
24.3175,17.0402,26.7017
19.6288,10.3138,18.3279
22.8132,12.5507,18.8175
25.773,16.0811,20.6237
29.7248,20.0474,24.5312
32.9818,23.0666,28.6859
14.7289,5.63237,12.2449
12.8076,4.59151,11.7821
17.9882,8.4648,17.5024
17.5537,5.46231,16.1277
16.8647,3.6036,12.7206
3.80539,-8.40578,-2.20922
-0.108268,-9.47459,-4.75046
-2.42002,-9.60096,-4.53873
1.75665,-5.37327,-0.190691
16.7999,8.64283,13.6366
14.1469,4.30062,10.678
7.56303,-3.1993,4.19818
-3.49851,-13.3545,-6.26595
-9.25224,-17.9987,-10.7291
-0.770659,-9.78053,-0.419233
-6.09577,-15.9965,-3.21637
-10.2918,-19.1599,-6.542
-14.3508,-20.4224,-12.3716
-10.3119,-14.501,-10.2338
3.28111,-0.169459,2.84711
0.785709,-2.31356,1.2714
1.95873,-1.25585,3.52854
3.20011,-0.552201,5.75345
6.56127,2.54314,10.7108
0.461947,-2.87342,5.62251
-17.1438,-20.5668,-13.1917
-7.72153,-12.878,-6.63138
-5.57951,-11.93,-5.94449
-9.49319,-15.5385,-9.78964
-3.13584,-8.2592,-4.38527
-7.75686,-12.3254,-9.84803
-1.19712,-5.7805,-1.83731
-1.91162,-6.8282,-0.503341
-5.38403,-10.8002,-3.71154
-0.379177,-6.14925,0.560747
-9.94196,-16.3805,-9.68854
-5.40967,-12.9267,-5.44639
-2.75704,-11.229,-2.51046
1.03471,-7.92986,0.974653
12.8597,4.41591,11.7064
10.0528,2.06939,8.01489
15.1793,6.70052,13.1283
4.4353,-4.02991,3.96582
-6.10221,-13.6389,-4.77851
0.113088,-6.56152,1.64621
-6.49368,-12.5178,-4.77915
-5.6638,-11.2717,-3.06928
-11.5043,-17.537,-8.49101
-13.8482,-20.7016,-10.6641
-2.74773,-10.4045,0.857448
-3.06445,-12.1469,0.289234
10.9249,0.655844,12.462
11.0439,1.08649,10.7353
-1.17306,-10.0766,-1.75881
0.930149,-7.1783,1.20651
-6.05685,-13.2742,-4.6536
-4.38711,-10.353,-2.74958
-8.09738,-13.0878,-7.25168
-4.00115,-8.98999,-3.87277
13.6589,7.78605,12.7498
11.4487,4.60251,9.09615
14.7685,7.73703,11.9422
13.8699,6.92378,10.8909
12.0233,4.77242,8.21882
7.3473,0.264963,3.83223
-18.1185,-24.8966,-19.8016
-20.068,-27.1614,-20.7193
-12.676,-20.3578,-13.4817
-5.65747,-14.1314,-6.75643
3.8339,-5.60669,2.10432
-5.20161,-15.1686,-7.46466
0.637571,-9.17606,-0.925737
1.17379,-8.80485,0.850896
-6.91963,-17.3085,-6.61711
-11.0247,-21.1006,-11.2358
-26.5342,-36.2156,-27.746
-24.1489,-34.2124,-24.9624
-28.6206,-39.4358,-27.6818
-34.7225,-46.4896,-32.7497
-26.5397,-39.3752,-25.3515
-28.2364,-41.2689,-28.7085
-20.1442,-32.1067,-22.0044
-19.1216,-29.1421,-21.657
-16.4141,-24.6066,-18.7949
-6.68427,-14.53,-8.47458
-14.3833,-23.5174,-16.3661
-8.70102,-19.6138,-11.9865
-13.5202,-25.8155,-17.1847
-21.7228,-34.6074,-24.0053
-10.875,-23.2828,-11.9649
-6.22717,-17.6859,-7.05672
7.9428,-3.24295,7.03626
3.14193,-8.75251,2.20756
-5.73485,-18.8255,-5.87011
-0.358756,-14.5746,0.379262
-8.61894,-23.3658,-7.34882
-3.29777,-18.0162,-1.24635
-1.61877,-15.81,0.717556
-1.98073,-14.4302,0.25345
2.14747,-7.60313,4.90749
-12.8838,-20.721,-9.17786
-13.6776,-21.717,-9.98
-13.404,-23.0905,-10.883
-17.5202,-29.0589,-16.2916
-17.1708,-30.616,-17.2416
-28.0413,-42.4247,-29.5347
-17.881,-31.4491,-20.1683
-9.327,-21.8048,-11.285
-4.69163,-16.7807,-5.78167
9.38684,-1.78266,9.09171
13.8947,4.73541,14.7425
30.0667,22.594,32.4384
31.1916,23.9029,34.1768
25.7808,17.467,27.5557
26.7799,17.3977,26.895
13.9149,3.53888,13.6079
20.1631,8.44824,19.8129
23.6687,11.9183,23.1845
20.7013,11.2104,20.6628
26.2388,18.7594,26.9954
19.1325,11.6867,20.0055
25.6744,17.1291,25.4728
26.9155,16.8875,25.6793
23.995,13.4789,23.2448
29.6064,21.8676,30.68
18.2306,14.4509,20.5122
19.5922,16.2399,21.109
13.3868,7.62423,13.1596
5.27679,-1.96697,3.63837
19.2697,12.5791,16.5526
31.1955,25.6946,27.9424
50.0201,45.3656,47.1819
49.293,45.6505,47.5773
45.9033,43.5263,45.7882
56.3832,54.3705,57.8392
49.0237,46.9334,50.8826
52.5046,51.7345,52.8743
54.3247,55.6867,52.1393
56.7062,60.4416,53.0549
77.9041,84.6008,74.2318
91.3054,100.786,88.4083
108.06,119.506,106.557
110.455,122.87,108.687
115.346,128.784,112.329
131.409,146.532,129.702
125.915,142.143,127.582
131.69,148.454,134.971
136.35,153.901,138.182
141.935,159.398,142.289
149.322,165.713,149.27
134.279,150.381,133.901
134.317,150.671,133.797
133.102,149.184,132.299
128.934,144.081,127.595
133.469,147.105,132.129
120.462,132.721,119.678
111.374,122.78,111.266
96.0541,106.644,96.8909
87.4299,96.589,88.7812
96.8504,103.548,96.8127
87.2271,91.062,84.7106
80.3522,81.7431,76.6605
67.8247,67.24,64.7327
59.5977,57.168,57.5746
61.8254,57.4076,59.6742
44.6573,38.8828,41.9341
36.4461,30.3088,34.4406
21.4234,14.6397,20.5403
9.03094,1.26691,9.15127
11.4929,2.66016,12.058
-0.842192,-11.5361,-1.34528
-5.34234,-17.6133,-6.91419
-14.6505,-27.1026,-16.1844
-18.7355,-30.6661,-20.1015
-9.85609,-21.6631,-11.1282
-20.365,-32.7476,-21.1368
-22.8118,-36.3467,-22.9456
-30.8504,-45.8978,-30.972
-37.4695,-52.7197,-37.8511
-30.7613,-44.1401,-30.912
-42.4973,-53.8685,-41.8032
-44.8712,-56.1749,-43.6207
-51.7114,-64.5953,-50.7782
-57.572,-71.9995,-56.092
-54.4042,-69.8084,-51.8551
-67.1853,-82.5322,-65.0771
-65.7409,-79.6069,-65.3751
-74.4379,-86.7043,-75.9605
-88.3083,-100.773,-90.6331
-83.7874,-98.2204,-85.6095
-87.3408,-102.551,-87.2857
-81.2996,-94.0928,-78.1859
-85.211,-94.8057,-80.7205
-91.39,-100.32,-88.749
-82.4725,-93.0001,-82.2653
-88.3422,-100.042,-88.7974
-84.2395,-95.5041,-83.9039
-85.5031,-95.1678,-84.4823
-83.4912,-91.175,-81.7429
-64.4732,-71.5001,-61.3974
-65.2332,-73.034,-62.161
-68.9667,-77.3,-68.2083
-80.0188,-88.6,-81.3244
-72.7136,-81.808,-73.2541
-50.8133,-60.6321,-49.5623
-60.4019,-71.5659,-59.3905
-63.795,-76.6626,-64.1635
-63.155,-76.6416,-64.1456
-59.2384,-72.1835,-60.0458
-51.7383,-64.6562,-52.1204
-64.3152,-77.5203,-64.4166
-58.8054,-71.7702,-58.1597
-51.7235,-64.7725,-50.2556
-48.153,-61.0899,-46.4218
-39.1053,-51.0399,-37.2335
-48.1063,-58.4948,-45.6174
-40.1704,-49.1603,-36.1421
-38.4557,-47.0107,-33.6696
-50.0747,-58.8503,-46.4451
-53.8556,-62.9025,-51.6815
-62.0366,-70.889,-60.2594
-49.4089,-57.9301,-47.3545
-37.2277,-46.3854,-34.4469
-30.252,-40.3321,-26.0546
-28.5967,-38.8048,-23.3161
-47.8532,-57.4635,-42.4919
-47.0126,-55.6876,-41.8299
-42.1404,-50.9525,-37.3491
-36.9854,-47.2046,-33.0819
-23.5319,-35.3098,-21.164
-26.7771,-39.8783,-26.4452
-16.2689,-30.1144,-17.1774
-15.6564,-29.4931,-16.4059
-28.8284,-41.9761,-28.0114
-31.5778,-44.1462,-28.6064
-39.6327,-52.9731,-35.9171
-29.9441,-44.5881,-26.791
-27.0918,-41.5218,-24.4858
-28.7872,-41.7931,-27.3041
-17.4331,-29.7262,-18.15
-18.442,-30.7978,-20.5803
-15.8753,-28.3059,-17.3997
-20.9134,-34.2131,-21.8662
-22.1004,-36.4003,-23.8693
-12.1021,-26.4314,-14.2912
-18.613,-33.7341,-20.5884
-13.6736,-31.4852,-16.2335
-14.0018,-33.894,-17.4153
-18.5463,-37.1772,-21.8931
-11.6645,-27.7029,-14.6617
-19.8888,-34.8918,-22.6621
-14.1684,-29.5805,-16.0401
-9.71035,-26.4255,-11.3787
-10.5622,-28.6776,-12.8389
-7.57955,-25.7256,-8.89022
-20.933,-37.4298,-21.1435
-15.4108,-29.768,-16.3605
-9.14738,-22.3019,-10.6765
-10.0879,-22.9634,-10.9323
-6.08244,-18.4541,-6.70515
-14.6285,-26.5349,-16.2482
-7.86938,-20.0957,-10.2613
-0.717996,-13.5435,-3.11126
1.10576,-11.8676,-0.861154
3.94598,-9.02045,3.14391
-8.32899,-21.1122,-7.98229
-2.44768,-14.7924,-2.10229
-2.64256,-14.5429,-3.93274
-7.0014,-18.4059,-10.2383
7.75259,-4.20059,3.20229
3.22977,-9.50355,-2.51085
0.579551,-11.6557,-4.57445
-4.41759,-15.8689,-7.38554
-9.31738,-20.0284,-11.1431
5.55112,-4.85432,3.1497
9.20042,-1.8486,5.07421
6.89834,-4.69603,1.72797
-6.54252,-18.06,-11.7126
-20.2922,-31.1136,-25.6872
-21.7138,-31.6678,-26.7185
-30.8126,-40.8629,-34.3952
-25.053,-36.043,-26.2834
-16.9055,-28.4978,-16.0615
-15.2318,-26.3296,-14.5681
-9.14761,-19.5355,-9.66913
-18.2994,-28.3911,-19.9054
-20.7063,-30.8264,-22.9569
-24.2891,-34.6062,-26.2899
-31.1861,-40.9905,-33.057
-25.5662,-35.2844,-27.3416
-28.7163,-39.0715,-29.9276
-28.8183,-39.2881,-29.2098
-35.3168,-46.4949,-34.811
-32.8073,-45.4928,-31.8497
-12.1261,-25.3499,-10.9464
-14.0516,-26.3698,-12.7336
-20.1645,-31.2377,-19.2581
-25.6839,-35.6892,-25.6332
-26.981,-35.8562,-28.0197
-17.7757,-25.6353,-19.4836
-19.5638,-26.2776,-20.8454
-11.1678,-16.7978,-11.4369
-3.33379,-9.43423,-3.1684
-4.16053,-11.9145,-3.68371
-2.92621,-12.1179,-2.2002
-16.6228,-26.7554,-17.2909
-19.7063,-29.9868,-21.9541
-14.1417,-24.1637,-17.0103
-3.12059,-12.4153,-6.11486
12.062,3.53044,9.70346
9.34811,0.266982,7.55061
19.0677,9.36956,18.234
26.2679,16.6641,26.9873
16.4198,6.53011,17.8453
6.05102,-4.66535,7.08307
-9.15572,-20.2069,-9.45132
-6.81036,-17.1267,-8.17553
1.66654,-8.75969,0.346467
6.02166,-6.07331,4.93098
5.40409,-8.17923,4.35746
-9.92126,-23.4199,-10.667
-1.11561,-12.3735,-0.0959509
14.344,5.51932,17.5167
10.2601,1.7624,13.165
3.43287,-6.45795,4.91348
-7.57412,-18.1891,-6.7619
-4.01559,-13.2008,-3.35441
1.30151,-6.06197,2.3073
2.21095,-3.48968,4.00321
5.34492,1.0355,7.74054
-0.601801,-5.52554,1.51962
0.24205,-6.05874,1.89803
-4.36391,-11.1435,-2.40866
-11.5422,-18.1426,-8.6636
-13.0575,-19.2284,-9.12468
-21.0817,-27.2948,-17.513
-21.4231,-27.8866,-19.5937
-23.0153,-29.2386,-21.933
-26.1653,-31.7641,-25.034
-20.7184,-25.7377,-19.5321
-17.9826,-22.5677,-16.4379
-12.8522,-17.375,-11.4624
-14.3462,-19.7825,-13.4168
-17.9318,-23.6889,-16.3274
-14.9935,-19.5732,-12.2946
-18.7301,-22.7247,-16.4537
-19.6559,-23.9178,-18.9506
-28.0627,-31.9606,-27.7392
-33.3362,-37.1917,-30.1926
-26.616,-32.8218,-19.5279
-30.3879,-39.7827,-22.5582
-33.9333,-45.5086,-27.2945
-32.1608,-46.4197,-25.1203
-16.4144,-33.0654,-8.60413
7.21953,-9.88281,15.9207
14.8735,-2.36897,25.7009
12.9379,-5.16732,24.6045
3.69906,-15.614,14.0203
-0.711079,-20.8375,8.05252
2.91713,-17.3953,11.3197
1.68513,-18.4007,10.6034
7.8702,-12.3084,17.0333
10.9644,-10.8145,19.075
11.3139,-12.2854,17.4942
7.66629,-15.9543,13.6485
-7.12344,-28.977,0.421043
-9.33776,-28.8755,-0.312778
-13.7336,-31.7626,-4.25222
-18.4656,-35.8126,-10.3561
-18.6334,-35.5354,-12.1681
-23.5975,-40.5757,-17.308
-16.303,-33.7719,-9.78878
-14.1386,-32.089,-8.21024
-22.1075,-39.9301,-17.5468
-30.2922,-47.6884,-26.8174
-40.8837,-58.5197,-37.6468
-40.7415,-58.2341,-36.4481
-46.8881,-63.5783,-41.1307
-55.7532,-71.7528,-50.6455
-47.7332,-63.564,-44.3678
-36.0283,-52.4036,-33.5043
-22.7793,-39.2276,-20.6526
-18.6674,-34.4417,-17.1998
-13.1585,-28.4968,-12.5023
-10.5556,-25.8826,-10.0849
-26.7171,-41.8399,-26.1923
-34.2517,-48.6258,-34.6048
-32.5852,-46.7209,-34.1855
-25.2856,-39.8956,-27.4779
-23.4564,-38.3147,-25.2064
-27.772,-43.0796,-28.4958
-11.5209,-27.9552,-11.3909
1.71376,-15.7933,2.39574
2.67423,-15.1026,2.80757
4.46615,-13.4888,3.64696
1.64263,-16.6257,1.4826
3.37458,-14.9469,5.31067
1.68079,-17.1458,4.68222
3.22108,-15.7887,5.134
13.4417,-4.91376,14.1245
17.8265,0.171049,18.3042
17.2571,0.738412,17.8517
4.63477,-10.6663,5.41523
2.98204,-11.5187,4.44756
13.8445,0.00336058,16.2023
14.3413,0.839965,16.7913
14.1713,1.26346,15.9993
12.1291,0.620029,13.6262
18.5259,8.50246,20.3556
27.4031,18.0481,30.1629
20.5753,10.7983,23.9659
12.8806,2.17655,16.3337
3.03574,-8.09434,6.89186
3.80834,-7.02382,8.09448
18.5858,7.43811,22.8079
24.132,11.8611,27.5256
23.5068,11.0636,25.88
11.3192,-0.532951,13.2701
6.72301,-4.33864,8.15807
16.1865,6.74506,17.4669
17.8017,10.2668,19.6281
16.8265,10.241,18.8226
10.0032,2.68136,12.1473
10.4453,1.5184,12.3678
16.8484,6.35336,17.4504
16.7345,5.05117,15.3755
20.4011,9.09523,17.5253
16.2783,6.73732,13.9963
11.5613,3.72002,11.2697
14.1763,6.97876,15.6244
14.4504,6.77951,16.6687
15.1754,6.89907,17.436
4.72529,-4.2394,6.88551
-2.01467,-11.0634,-0.0561373
-1.40588,-9.22696,0.774486
-6.18329,-13.6067,-3.86769
1.02856,-7.66407,2.29965
7.77061,-2.66318,6.58871
15.4372,3.62439,11.4898
20.254,7.53899,14.7389
9.24761,-4.49113,3.60502
3.5054,-10.9887,-1.58111
2.85306,-11.9882,-2.30581
8.81005,-6.12819,2.17888
13.4186,-1.0139,4.73965
10.0448,-3.80602,0.377316
13.7333,0.531584,4.8991
15.2391,3.18956,7.9497
20.5333,9.72527,14.0948
29.3162,19.3282,23.766
27.4015,17.7804,22.6559
25.2754,15.6464,20.4374
19.2989,8.99185,14.7583
21.2318,10.2006,17.6112
24.9005,13.8211,21.823
14.0357,3.15949,10.365
12.4176,1.85612,7.23604
18.5542,8.22879,13.0263
29.6686,19.1291,25.4606
35.9634,24.6099,32.8559
35.3562,23.2542,32.5211
38.3081,26.8082,35.5984
27.8729,17.4472,26.0539
19.2605,8.83861,18.4581
17.5591,6.20159,16.0503
15.2121,2.76569,12.2741
22.5231,9.52122,19.818
22.2593,8.45855,21.1278
23.1783,8.72068,23.3422
29.6019,16.1549,31.0481
24.6924,12.4689,27.3758
18.5738,6.53743,21.513
10.0604,-2.10791,12.4905
10.2647,-2.11623,11.2359
13.0408,0.0750926,11.8854
9.95762,-3.54734,7.62975
16.5892,2.99795,14.492
21.2469,7.20046,19.8708
23.7309,9.30929,22.0589
18.9212,5.29708,16.3959
10.7749,-1.8592,8.78094
15.1419,2.5806,14.4684
18.7478,5.23949,17.678
22.061,7.44849,18.3557
17.3361,2.57928,11.6595
4.50715,-9.23533,-1.82277
-1.37339,-13.8994,-8.19256
-13.1668,-26.1098,-18.1865
-11.7748,-27.2039,-13.3937
3.7749,-14.8039,2.61321
11.7635,-8.92317,8.92421
16.2146,-5.60951,13.2198
10.4103,-13.0846,8.95063
14.6798,-10.8011,14.2011
26.0797,-1.20663,24.8253
29.656,0.519872,27.4204
35.041,5.32467,32.1086
30.9376,2.80873,27.8291
24.3869,-0.728534,22.9573
17.4417,-5.03767,18.4928
11.8441,-9.65874,13.5979
19.3691,-1.98677,19.5256
24.9707,3.54436,22.941
31.8218,10.2697,28.4229
28.5943,6.82941,25.0135
14.0952,-7.88307,11.439
14.8413,-6.82287,13.3832
15.2218,-6.09063,13.8033
15.9707,-5.53593,13.4826
12.9293,-9.60019,9.69898
5.81069,-18.4114,2.2171
10.6104,-14.645,6.20976
10.8099,-14.5192,5.84033
8.92613,-15.8821,4.34692
1.37244,-21.9941,-2.06285
-6.48042,-28.5205,-8.68089
-0.622554,-22.6153,-2.32653
-0.847039,-23.8566,-2.21882
0.110744,-24.2207,-0.378483
0.694233,-24.8115,0.767928
-2.29021,-28.6853,-3.23178
6.3693,-19.5261,4.01912
9.16974,-15.2645,6.93544
10.5131,-13.3555,8.66078
6.28411,-18.0871,4.10064
-3.57714,-28.8357,-5.39935
-2.1329,-27.7778,-2.6517
-5.54716,-30.671,-5.14779
1.46022,-22.857,1.58077
11.8564,-12.0229,10.9718
8.13334,-15.7609,6.17139
4.43881,-20.0478,0.683696
-2.98321,-28.5618,-9.49569
-2.51782,-28.8377,-9.64083
3.4475,-23.6479,-0.452432
12.5604,-15.8253,11.1554
27.2917,-2.54417,24.2225
24.1256,-7.72524,17.8687
21.2573,-12.8518,13.0011
23.3313,-12.7921,14.0924
22.3927,-15.2592,12.8298
27.7975,-9.80497,18.7212
25.5857,-10.0213,18.0102
27.7934,-5.04706,22.3031
25.1781,-5.79504,21.2096
16.6421,-13.7887,13.6386
18.6398,-12.079,16.1334
15.757,-16.1334,12.9951
18.3599,-14.3036,15.2882
13.6514,-17.7585,11.2331
1.01323,-28.0437,0.704373
4.46983,-23.2255,6.12124
10.3298,-17.4497,12.048
19.7484,-8.82992,20.2751
17.4026,-12.5143,16.9586
1.54674,-29.0411,1.42378
-7.90578,-37.1128,-6.67522
-19.9144,-46.8609,-18.0251
-9.66299,-35.3094,-8.92273
17.905,-7.33101,16.469
62.3854,36.574,59.3663
122.609,95.3412,119.336
141.183,112.939,138.404
135.312,105.865,132.705
109.141,77.701,106.159
65.1695,32.381,61.7627
40.14,6.86758,36.2794
18.9256,-14.1126,15.2745
16.6739,-14.9482,14.1922
21.7372,-8.02935,20.372
14.6811,-13.8563,13.9373
15.9953,-12.4673,14.8775
6.32844,-23.1785,3.95048
-0.477217,-31.2711,-3.06999
3.74503,-27.7996,2.5614
6.12575,-24.8512,6.37624
14.3861,-14.7692,15.4497
5.978,-21.0315,7.71758
-0.695296,-25.8969,2.33489
-6.94909,-30.9366,-2.58638
-17.6831,-39.7313,-13.9528
-3.00081,-22.4092,-1.62701
-1.01805,-19.312,-1.71041
-7.92617,-25.8447,-9.33202
-17.8032,-33.8145,-20.0011
-38.5585,-51.7055,-43.4491
-40.8336,-51.7469,-48.5887
-41.7129,-51.2264,-50.6487
-34.7098,-43.2593,-43.5271
-24.1059,-32.0623,-32.047
-26.9629,-35.1476,-34.3943
-24.722,-34.9026,-32.3342
-29.6973,-42.1934,-37.0947
-23.3107,-35.5584,-29.5372
-11.1199,-22.142,-15.9902
-24.7305,-36.2675,-29.1348
-32.7034,-45.7644,-37.1237
-35.6827,-49.1855,-40.3685
-25.1102,-37.3255,-29.8727
-10.3255,-21.5583,-14.6624
-27.3935,-38.9626,-31.1249
-40.0375,-51.8215,-42.0979
-41.7337,-52.5786,-42.3996
-33.1806,-42.9404,-34.6262
-18.199,-27.379,-20.9098
-17.6189,-25.4834,-20.1617
-17.0514,-23.2474,-18.2578
-22.0991,-27.5627,-22.7482
-18.6315,-23.5217,-20.2555
-7.47576,-11.1579,-9.75937
-13.3968,-16.4924,-15.6531
-20.5868,-24.8316,-23.3581
-28.9491,-33.9718,-32.6304
-32.4255,-35.5491,-36.4428
-29.4824,-30.6267,-32.8569
-31.2115,-32.6674,-33.4331
-19.2321,-22.011,-19.9405
-7.17913,-10.9374,-6.72688
-12.7036,-15.8252,-12.4033
-23.7426,-25.0973,-23.8275
-28.3579,-28.1334,-28.5204
-22.5693,-21.383,-22.8418
-22.687,-21.9157,-23.1921
-21.5027,-21.5745,-23.2056
-20.6448,-20.7341,-23.867
-27.3042,-26.6368,-30.6279
-27.6977,-25.7415,-29.6856
-35.4551,-32.9328,-36.1717
-38.3663,-36.8433,-38.6451
-29.1238,-29.295,-28.937
-23.9514,-25.0928,-23.4769
-19.6825,-20.7984,-19.6569
-17.1,-18.5586,-17.7055
-10.2107,-12.9191,-11.7094
-3.48693,-7.17797,-5.31607
-2.08044,-5.52464,-2.98156
-8.12067,-10.2811,-6.97413
-15.0092,-16.7745,-11.4711
-5.66032,-8.77295,-2.25449
-2.91736,-7.5225,-1.82316
-6.61025,-12.3246,-6.49338
-2.38772,-8.96162,-1.36045
-8.30516,-15.5903,-6.50184
-9.49433,-17.9343,-7.73953
-4.11405,-13.9137,-1.98812
5.62373,-5.20972,9.02956
17.13,5.94395,21.3356
5.95339,-4.46127,9.27104
-2.87444,-12.0857,-1.1268
-8.87286,-16.9289,-7.61455
-14.2729,-20.8761,-12.5247
-7.70234,-13.3763,-6.34299
-2.14622,-8.40504,-2.18571
9.91401,2.4181,9.0089
5.09416,-3.50265,3.46041
-4.41215,-14.7102,-7.64225
-0.031369,-11.7075,-4.39478
-10.441,-21.6783,-13.9594
-14.8501,-24.4019,-16.6546
-14.707,-22.9405,-16.3982
-13.7085,-21.9333,-17.2905
-2.25113,-11.3725,-7.16172
-3.84654,-13.9865,-8.12882
-1.65435,-12.2028,-4.79233
-3.45409,-14.004,-6.15374
-14.2887,-25.3927,-17.1379
-8.53694,-21.3218,-11.7078
-6.38861,-20.9142,-9.88046
-2.54118,-18.0819,-6.43971
-2.2831,-18.9606,-6.86615
0.112653,-17.478,-4.86055
12.4075,-5.18639,7.83992
-1.88871,-18.216,-5.72208
-7.93924,-22.814,-10.8144
-0.460948,-15.7603,-2.47431
0.362605,-16.2366,-1.63589
6.83339,-10.2196,4.62679
4.08042,-12.4902,2.51146
13.4288,-2.46167,12.6263
22.2757,6.46192,21.9715
11.674,-4.3531,12.5467
12.156,-3.95063,14.1568
13.8316,-2.5354,15.5776
21.8074,4.34102,22.7224
30.043,11.203,30.2515
23.6278,4.77241,22.2198
18.4639,0.80202,15.0665
5.4897,-11.6261,0.803545
8.10386,-9.54864,3.28332
15.4876,-2.68658,11.9343
2.08693,-16.2285,-0.569682
0.37499,-18.6294,-2.52101
-0.265818,-20.4365,-3.61234
0.845839,-19.108,-2.25581
1.44293,-17.5321,-1.78442
-6.67383,-25.7177,-12.2507
-5.17104,-24.9219,-12.872
-7.33935,-27.4821,-14.7215
-1.46296,-21.1191,-7.04977
5.242,-14.1913,1.86727
-3.7176,-24.2082,-6.41084
-10.5248,-31.2154,-14.5913
-20.658,-39.6112,-26.4339
-14.5593,-32.104,-21.3875
-0.748595,-17.336,-7.12267
-4.01626,-18.5199,-7.65039
0.19474,-14.0563,-0.023877
5.31599,-10.4233,5.63149
12.7308,-1.47031,10.4891
21.2732,10.0373,15.8361
25.5875,17.5622,17.4693
45.0493,41.164,35.7431
66.1585,64.2164,56.4211
89.5539,87.6625,79.6094
106.927,105.067,98.4936
114.502,111.824,107.91
133.139,128.769,126.185
142.779,136.77,133.573
138.498,131.887,127.825
124.807,117.656,114.668
112.763,103.577,103.505
121.305,109.165,113.372
123.993,108.202,118.718
120.608,101.417,118.104
114.543,93.4491,112.818
101.675,79.7549,99.1691
99.1257,76.7771,96.7634
86.487,63.9152,84.5258
70.3446,47.2151,68.2017
55.5004,30.7988,52.8878
37.9147,12.3975,34.2594
32.2672,7.91246,27.8406
18.77,-4.66743,13.9549
7.49235,-17.0593,2.9386
1.96047,-24.9613,-1.73707
-5.17413,-33.6689,-8.63909
-4.69536,-32.9583,-7.57232
-17.5499,-45.1699,-18.9256
-32.8329,-60.9861,-33.436
-38.9784,-68.5701,-40.0513
-42.7047,-72.7351,-44.2039
-36.7362,-65.3601,-37.273
-40.5439,-67.5946,-39.5944
-44.415,-71.371,-42.9486
-38.4274,-67.0706,-37.166
-36.7769,-67.3015,-36.0284
-39.8874,-70.9618,-39.4087
-53.5652,-84.546,-53.0395
-53.5635,-84.9085,-53.4504
-45.7985,-78.2733,-46.9093
-47.2788,-80.5006,-49.8992
-45.7581,-78.4881,-48.6029
-51.0346,-82.9881,-52.3993
-51.2319,-81.9765,-50.0876
-53.5052,-82.1529,-50.0782
-66.0117,-92.7335,-62.5084
-64.4658,-90.3293,-62.8099
-62.0774,-88.3764,-62.601
-57.4678,-84.878,-59.6116
-51.5339,-80.1984,-54.5969
-55.1996,-84.8261,-58.8747
-53.3158,-83.4473,-57.4456
-53.9614,-84.3102,-58.8388
-47.3059,-76.9152,-52.7357
-39.7452,-67.7309,-44.7173
-45.9993,-72.0128,-49.9117
-46.9908,-71.316,-50.0257
-47.7645,-71.3359,-50.6814
-42.7575,-66.6875,-46.3951
-41.0125,-66.4472,-45.7802
-48.3051,-74.9848,-53.5928
-44.3288,-71.1814,-48.7434
-37.02,-64.0118,-40.2869
-24.8928,-52.296,-27.8978
-19.6461,-47.1436,-22.4548
-26.6667,-53.9296,-29.0883
-26.0851,-53.6493,-27.8444
-30.6277,-58.2091,-31.6917
-32.2813,-58.1574,-33.5272
-28.0496,-52.1141,-30.0229
-24.3239,-48.2385,-27.1332
-8.88912,-34.0777,-12.5522
-5.06529,-31.515,-9.41448
-9.62672,-36.184,-13.7777
-13.841,-39.8297,-16.6501
-19.8949,-45.022,-21.6186
-18.5469,-43.0241,-19.9462
-23.182,-47.118,-24.0143
-24.1795,-46.5537,-23.5961
-21.8059,-42.8602,-20.1057
-21.0516,-42.4173,-20.9069
-15.3375,-37.7653,-18.2609
-16.9616,-40.0934,-21.3911
-11.7905,-34.3713,-15.5826
-5.85737,-26.7353,-8.11348
-9.56106,-28.641,-11.2012
-7.21641,-25.7902,-8.71951
-12.9792,-32.3726,-14.2511
-14.6796,-34.4414,-15.7068
-10.6585,-30.5478,-10.6278
-14.4303,-35.0903,-13.4939
-12.3962,-33.5758,-11.2249
-14.3114,-35.6994,-11.8238
-20.0836,-40.7205,-15.6675
-30.474,-47.2738,-26.6583
-38.1302,-49.12,-36.399
-37.8586,-45.2523,-36.0525
-43.696,-50.4905,-41.0567
-37.945,-43.1311,-35.9905
-31.0343,-31.92,-29.6684
-38.1095,-34.0835,-36.4282
-41.7482,-33.163,-39.8912
-41.6256,-28.8513,-41.2203
-28.7328,-12.4816,-30.8981
-15.9833,2.65185,-19.6574
-19.3435,0.338001,-24.3173
-26.6109,-7.26048,-33.1811
-41.4129,-22.6722,-48.829
-47.0578,-28.1459,-54.2673
-41.5825,-22.8301,-48.0643
-32.3261,-14.9704,-38.7661
-21.2395,-5.23759,-28.1669
-27.1483,-11.0974,-34.6246
-34.5744,-18.5508,-43.1992
-39.3567,-25.0688,-48.85
-40.3965,-27.6253,-49.0685
-27.8571,-15.0262,-34.4777
-24.3967,-11.3934,-30.2288
-28.8206,-16.1052,-36.2208
-31.9858,-19.7453,-40.3845
-31.9924,-20.5342,-39.6388
-25.7172,-15.175,-32.2584
-30.1972,-20.3678,-35.9952
-31.9005,-22.6998,-37.827
-29.6108,-21.8773,-36.6705
-31.4599,-24.9445,-39.6571
-28.45,-20.5214,-36.8476
-33.1323,-22.5866,-41.9569
-33.9781,-22.7998,-43.4566
-30.9727,-21.3648,-40.0269
-31.0401,-22.4421,-39.0514
-31.5289,-22.5467,-38.7014
-38.8876,-30.5083,-46.0644
-38.4893,-31.9648,-46.6225
-37.1142,-32.1387,-46.5574
-41.3302,-36.7928,-51.8202
-36.6642,-31.7109,-47.1852
-29.8982,-24.4552,-39.7106
-19.7202,-13.7802,-28.399
-18.1129,-12.1335,-24.799
-23.3251,-17.9195,-28.2382
-15.002,-10.3292,-20.1279
-14.2327,-10.1179,-21.4106
-19.7304,-16.2714,-28.3901
-26.8851,-25.8197,-35.8023
-24.1556,-26.3685,-33.8489
-0.300083,-4.07138,-11.4395
14.8205,10.8309,2.17549
14.9383,11.235,1.64831
1.46576,-1.59579,-10.9876
-8.58061,-10.9972,-20.1127
-0.297772,-2.22759,-11.2219
2.59896,0.302314,-8.46141
-0.0666997,-3.85754,-12.1243
-3.59584,-9.36227,-15.7272
-9.54678,-16.0421,-21.5372
-14.9995,-20.5221,-26.7966
-23.2345,-28.3964,-33.1353
-15.6501,-22.4654,-23.5986
-6.44794,-15.8035,-14.4021
-11.4268,-22.3479,-20.1918
-11.734,-23.1732,-21.0443
-8.84739,-20.7829,-18.3808
-0.657889,-12.8785,-9.88844
-1.54166,-13.6925,-10.3103
-14.15,-25.4198,-22.187
-26.7317,-36.5722,-33.6032
-41.3358,-51.0773,-47.7943
-40.0959,-50.7615,-46.8224
-29.4145,-41.3423,-35.851
-23.6993,-37.1454,-29.852
-20.8063,-35.6133,-27.2375
-22.3564,-38.4182,-29.6042
-16.7138,-33.2509,-24.7112
-17.1382,-33.6887,-24.6281
-30.8711,-47.7628,-37.294
-37.0578,-54.3439,-42.8141
-35.5266,-52.947,-41.2022
-25.5769,-42.1813,-31.4244
-23.1467,-38.516,-29.1099
-28.3718,-43.772,-34.4406
-27.1688,-43.2812,-32.5152
-24.4665,-40.8708,-29.1824
-15.64,-32.3569,-20.9471
-14.2192,-31.3666,-19.6482
-18.2572,-36.0796,-22.9624
-13.7823,-33.0014,-18.0912
-9.84491,-30.5577,-14.6252
-6.24025,-26.9814,-11.6301
-6.04577,-25.6503,-10.853
-4.38285,-23.2376,-8.24546
4.18552,-14.8752,0.690617
8.37079,-11.7725,4.74637
12.6923,-8.28927,7.95836
10.0567,-10.9417,3.41518
5.88229,-14.4769,-1.15272
7.30882,-12.0336,1.84066
2.18043,-16.6894,-2.87734
3.60776,-15.1295,-2.19718
4.75188,-13.8459,-1.01181
7.40259,-11.6716,2.07796
13.6985,-6.46527,9.44379
5.39545,-15.404,2.56295
-2.69454,-22.5239,-5.2871
-5.98799,-24.256,-9.40939
-6.74748,-24.238,-11.5392
-8.5947,-25.5166,-14.3834
-21.1612,-37.5921,-26.3772
-27.9135,-45.1758,-30.3239
-21.6061,-41.5925,-21.1383
-8.24662,-31.4301,-8.95286
-3.7657,-29.5908,-8.23674
-12.1676,-40.0996,-18.5051
-6.3557,-36.1123,-11.7609
0.439955,-31.1292,-3.09394
0.772845,-32.2916,-1.88789
1.70912,-32.4536,-0.950735
-6.19909,-40.654,-8.82378
-9.4348,-43.8223,-11.8331
-11.8868,-46.5505,-13.6745
-12.4146,-46.428,-13.3993
-7.95536,-40.6475,-8.5033
-2.1097,-35.0628,-3.26251
10.3387,-23.7627,7.99886
13.2432,-20.7265,10.2103
5.2699,-27.9433,2.10788
-8.69627,-41.7039,-10.539
-15.8506,-49.3065,-15.8574
-4.3663,-38.0203,-4.22716
-0.918019,-33.9068,-1.30093
-1.22292,-33.6503,-1.06679
1.12203,-31.1902,2.78684
-0.587166,-32.5579,0.880465
5.20753,-25.8372,4.17634
-2.26946,-32.3222,-4.7701
-13.796,-43.1001,-16.3656
-18.3743,-47.6173,-21.1595
-21.1848,-51.6227,-24.0917
-8.83678,-40.3383,-11.2551
-8.56381,-40.1379,-10.227
-13.4909,-44.907,-15.3034
-11.8983,-42.8307,-14.372
-7.03466,-37.5174,-9.08604
6.62875,-24.1111,5.16998
-0.390713,-31.3141,-2.10235
-6.11299,-36.6075,-7.90073
-3.81714,-33.7434,-5.47921
-11.7384,-41.2137,-13.646
-3.74587,-32.8847,-6.16727
0.0755284,-28.7751,-3.08512
-2.42276,-31.1597,-5.90569
0.0986753,-29.0933,-2.68365
-5.88233,-35.2525,-7.36209
-0.0191142,-28.0049,-0.178637
5.58089,-20.5356,5.63483
6.59172,-18.9107,5.43258
2.27808,-23.3666,0.103169
-13.6494,-38.4238,-15.8831
-11.604,-34.1809,-13.489
-8.23311,-29.6202,-10.1537
3.75328,-19.1874,1.44603
13.965,-11.2478,11.6879
-5.26641,-30.9343,-6.92182
-9.74244,-34.2704,-10.2113
-6.63962,-29.7318,-6.19719
-0.63882,-22.711,-0.511177
4.5738,-16.7012,3.94356
-9.82438,-29.8411,-10.5027
-10.8986,-29.5156,-10.6026
-11.3777,-30.247,-9.91483
-16.235,-36.6026,-14.2936
-13.04,-33.5579,-11.4299
-13.4792,-33.2602,-13.0636
-1.71869,-21.1027,-2.08252
0.383522,-17.8063,-0.0243858
-5.63076,-22.0145,-6.03021
-3.97903,-19.6231,-4.25696
-10.8394,-26.4283,-11.4279
-3.77055,-19.8125,-4.74641
-2.77855,-20.7855,-3.98247
-6.52986,-26.6642,-7.83278
1.9345,-19.1768,1.46328
1.52401,-20.1066,2.05123
8.99171,-12.7097,9.86698
7.83829,-12.9824,9.08823
1.28693,-18.3621,3.28244
9.44014,-9.57657,12.3752
15.5733,-3.22871,18.713
25.1065,6.41057,28.0189
17.7114,-0.547149,20.9254
5.81268,-11.7816,9.28619
13.6027,-3.88656,16.7353
16.488,-0.932628,18.0609
23.1556,6.1924,24.2769
16.1779,-0.766135,20.1948
1.4851,-16.4343,8.08319
10.1943,-9.74994,16.522
16.4145,-5.9403,21.1125
22.7412,-1.8744,26.2165
24.7853,-1.42127,28.4094
22.4314,-4.35666,26.5067
23.9313,-3.71731,28.0941
15.4337,-13.4623,20.0599
14.1874,-14.8588,18.8816
14.5978,-13.3051,17.9557
14.2131,-11.5814,15.7241
16.5585,-6.89699,18.2009
7.26752,-14.083,11.1439
4.77912,-14.5477,10.3441
3.5844,-14.8794,9.18694
4.21772,-14.6631,9.01959
19.1969,-0.295396,23.7258
18.1875,-1.97287,22.3274
5.23667,-15.5893,8.40729
-0.673571,-22.0987,2.2391
2.3425,-19.169,6.02931
3.40509,-17.3697,8.11127
-5.74347,-25.8085,-0.729165
-6.58274,-26.9471,-1.79086
-8.62736,-30.5468,-5.16103
-8.76469,-32.2266,-7.39478
-1.11436,-25.0895,-0.195516
3.65421,-20.4716,5.39695
7.84196,-16.1672,10.775
-2.76298,-26.6305,1.43461
-6.70468,-31.0597,-3.18549
5.3163,-19.6731,6.87255
6.18648,-19.329,6.36167
2.68771,-22.1217,2.54229
-0.182356,-22.9777,0.710347
-4.69685,-25.9206,-2.91551
-15.2424,-35.2219,-13.3037
-18.5438,-37.9436,-16.7589
-4.43002,-24.7186,-3.00385
-1.15257,-23.1417,0.373124
-3.47649,-26.2505,-1.86405
-5.28376,-27.0747,-4.51329
-7.48832,-29.2078,-8.49708
4.88459,-18.5886,2.01544
10.5381,-13.0808,7.17571
13.084,-8.64049,10.5781
11.4409,-9.12138,10.1539
1.42074,-19.2746,1.80457
3.49493,-17.6531,5.44768
3.52505,-17.8295,5.87979
7.9926,-13.4943,9.16601
0.562923,-21.6957,-0.12579
-16.3013,-39.8103,-18.0322
-6.20615,-29.9462,-8.34153
0.182349,-22.5816,-2.27806
-1.00893,-22.6423,-3.74915
-2.28041,-23.0688,-4.31669
-4.32498,-24.5909,-4.62603
3.11483,-16.3973,3.37297
-2.77898,-21.4967,-3.13149
-5.42724,-24.391,-5.9218
1.68143,-18.9856,2.2467
-1.99149,-23.579,0.590537
-5.69568,-24.7866,-2.74003
-13.2389,-28.5441,-12.3732
-10.2824,-23.5798,-11.0553
-7.78245,-19.7731,-8.33311
-13.4447,-23.2964,-13.1222
-7.57575,-15.005,-7.37078
-8.31226,-13.9886,-9.95213
-7.45775,-12.1716,-11.776
-15.2507,-18.259,-21.2949
-24.7669,-24.9595,-31.1154
-15.7562,-13.5808,-22.4769
-27.9717,-24.7462,-35.546
-40.5657,-37.7237,-48.045
-33.7372,-31.55,-39.4718
-23.4927,-21.1744,-27.238
-8.7109,-6.20184,-12.2913
-14.3542,-11.7551,-18.8177
-20.9903,-17.5363,-25.8931
-19.6648,-15.082,-24.972
-23.7682,-19.8713,-29.2891
-15.685,-14.622,-20.9199
-19.5396,-20.6783,-24.5985
-23.7006,-24.8632,-29.3666
-24.217,-24.4047,-31.2917
-32.5929,-31.4653,-40.6585
-24.7376,-22.1699,-32.7643
-26.0994,-23.5587,-33.9035
-31.4557,-30.3556,-38.8591
-35.0063,-34.8484,-41.9565
-41.3573,-41.4395,-48.8385
-33.4673,-33.0891,-41.6838
-36.9705,-36.1171,-44.7144
-39.614,-39.2386,-45.8386
-35.8384,-35.3683,-40.2346
-39.4985,-38.1632,-42.9866
-38.772,-37.6488,-42.3777
-52.4361,-52.2841,-56.1233
-57.6774,-57.7012,-61.2238
-53.0143,-52.5614,-56.6551
-55.7803,-55.4867,-59.8668
-42.5894,-43.2118,-46.6707
-37.858,-38.9887,-41.5857
-25.8297,-26.983,-29.7807
-14.003,-15.5369,-19.2956
-22.9851,-24.7981,-30.1525
-10.3862,-12.324,-18.4897
-3.81735,-5.76562,-11.6161
-5.79227,-6.83842,-12.4407
-4.31507,-4.6139,-10.0306
-7.83336,-8.26782,-13.9596
0.889406,0.559365,-6.00179
-7.91267,-7.87091,-14.591
-20.3667,-20.2731,-26.3113
-17.1185,-16.8533,-22.7334
-16.7474,-15.35,-22.3472
-6.64537,-4.1889,-11.9747
-10.4337,-9.03537,-15.6245
-22.7356,-23.1082,-27.8626
-32.0349,-32.8941,-36.9014
-41.5339,-42.7716,-46.114
-18.5863,-21.6957,-21.7479
-5.54904,-11.2364,-7.25005
-9.44718,-16.5106,-11.7435
-4.5959,-11.6067,-8.45822
-11.9021,-17.9025,-16.5902
-18.686,-23.4287,-22.6987
-32.8338,-37.211,-35.441
-36.8902,-41.9678,-38.7576
-24.0539,-30.2698,-26.0073
-20.8453,-27.7389,-23.3933
-12.3898,-19.1248,-15.4616
-13.1986,-19.1403,-16.5428
-15.9444,-20.5854,-20.0883
-10.3334,-14.0966,-15.8467
-19.9668,-23.6808,-26.2547
-21.8335,-26.6493,-26.0434
-13.0313,-20.4406,-13.7791
1.80925,-7.53053,1.71827
22.1113,11.6256,20.4406
20.8601,8.13247,17.3088
11.4829,-3.55083,7.42543
4.30317,-11.7263,1.6954
7.72154,-8.04954,7.04937
16.3725,0.585659,17.6816
10.614,-6.25545,13.1889
8.69591,-8.78125,11.8524
4.44537,-12.7927,8.14867
4.31961,-12.5363,7.9462
9.55864,-7.71372,12.5422
7.79114,-11.125,9.4697
10.8016,-9.53281,10.2419
6.29492,-14.266,4.41391
2.44521,-16.9583,1.82132
3.76635,-13.5054,5.58203
0.63207,-14.7341,3.60499
4.64689,-9.48607,7.50285
2.91383,-11.024,5.74474
-9.49306,-23.9014,-6.95304
-17.024,-31.4627,-14.3148
-10.8626,-25.2971,-7.27844
1.49183,-13.2743,4.55439
-1.97926,-16.8189,-0.241206
-2.72918,-17.661,-1.20578
3.1791,-11.6455,5.89782
6.39438,-6.97119,10.6254
13.3502,1.71237,17.3873
4.76981,-6.72312,7.19557
-2.22249,-13.8555,-0.0852401
-4.97988,-15.9104,-1.1042
-7.38206,-18.3778,-2.17489
1.25658,-10.4905,5.69349
0.86908,-11.1534,3.71868
5.24621,-6.31135,7.01665
9.60311,-1.4883,11.2087
8.79975,-3.17909,11.0753
15.736,2.3874,18.2525
9.47562,-3.84838,11.3861
2.74599,-8.96544,4.0085
0.333029,-10.6162,0.923536
-2.98904,-15.0913,-3.76617
2.89772,-9.97813,0.772979
1.66718,-11.048,-0.757781
6.14557,-6.65961,4.07178
9.82713,-3.33727,8.10567
5.34189,-8.14296,3.25856
14.0128,-0.0245289,10.7347
15.4346,0.114839,11.0065
13.5303,-3.27473,9.17352
6.1937,-11.1033,2.7735
-4.22535,-21.0857,-7.58583
0.0474839,-16.1623,-3.49012
1.97482,-14.7459,-1.03963
6.34888,-12.2356,4.09273
-0.321933,-20.3825,-1.18077
-4.30599,-25.4479,-4.06375
17.5559,-4.35134,17.2112
18.8916,-2.73723,17.1228
10.0126,-10.867,6.98398
8.0703,-12.4178,4.16944
6.39586,-14.206,2.28389
11.66,-8.6396,7.98872
2.92267,-16.0162,-0.627847
1.3998,-16.9197,-3.32177
9.63262,-9.637,3.35069
14.694,-5.26676,7.81479
21.8215,2.3231,15.1912
14.7495,-3.62529,9.0747
14.3906,-2.60215,10.0071
7.93547,-7.73357,4.49088
-3.85396,-19.2683,-6.19223
2.09055,-14.3272,1.33961
-7.85063,-25.2548,-7.58652
-11.5702,-28.7887,-11.9753
-3.51461,-19.2491,-5.84023
-2.09546,-15.6682,-5.98834
3.44548,-7.98229,-0.577612
-7.11541,-17.6317,-10.508
-9.2281,-20.1923,-12.8567
-4.02125,-14.8807,-8.81456
-12.8385,-22.9425,-17.6312
-12.3942,-22.9126,-13.9521
-15.2604,-27.3616,-12.6628
-3.40853,-17.8193,0.686331
8.6892,-8.84368,12.9049
4.56949,-15.4041,9.45279
15.4873,-5.17297,20.9217
6.70245,-13.9366,12.1937
0.107477,-20.9556,5.49607
5.75486,-16.7236,10.2069
-2.73916,-26.6759,0.138789
-0.343957,-24.3919,1.77881
-5.12231,-27.8529,-2.20602
-4.9221,-25.3216,0.236311
-0.453764,-19.1818,6.18808
-10.23,-29.2816,-4.31929
-5.04966,-25.0735,0.106565
-1.64638,-22.1991,3.57247
3.8694,-17.6132,8.63156
8.24003,-14.1429,12.2995
-5.82075,-27.4267,-1.90808
-6.55858,-26.8685,-2.03604
-7.68329,-28.0267,-2.58721
-3.56344,-24.8164,1.29508
1.41807,-20.1502,5.9529
-9.17408,-29.0036,-4.91208
-4.47435,-21.4098,-0.914476
-4.09065,-19.3074,-1.63074
0.677832,-14.4595,1.53335
9.50037,-6.87773,9.09346
3.48387,-15.0177,3.63744
2.64268,-17.8589,3.88427
-8.97403,-30.7244,-8.19779
-10.5249,-32.304,-10.9299
0.163069,-21.6323,-1.08277
-0.531504,-23.4357,-2.39459
9.15313,-14.4303,6.99018
9.88446,-12.9548,7.7615
12.7208,-8.30729,11.3083
18.9601,-0.234703,18.7112
9.50003,-8.55495,9.21863
19.419,1.29146,17.86
20.0469,0.501887,17.3468
12.6011,-8.57695,9.45635
15.8487,-7.3696,12.7229
8.48369,-17.6056,5.78662
5.00924,-22.4094,3.23885
-5.5775,-30.7469,-8.79698
-6.54171,-28.3187,-14.1733
1.06066,-19.2704,-8.79767
-7.08158,-26.2951,-15.6768
-13.6506,-29.3914,-21.0513
-31.1421,-42.4292,-38.8891
-39.603,-49.022,-48.6499
-30.0931,-40.6043,-40.6315
-25.4812,-36.7802,-37.1318
-16.2305,-26.8459,-28.5818
-17.5074,-28.0018,-29.9713
-19.5069,-29.986,-30.8132
-17.2561,-26.6801,-26.4101
-23.9782,-32.5437,-32.4131
-18.392,-27.1323,-27.7204
-19.1897,-29.2185,-28.4531
-22.8324,-34.2257,-30.9943
-21.428,-33.0593,-28.8453
-23.9917,-34.9938,-31.7842
-13.6012,-25.06,-22.1854
-15.7553,-29.112,-23.7948
-23.0418,-36.1923,-29.1711
-23.8457,-33.9562,-27.9543
-27.8926,-36.1144,-31.5235
-18.0601,-27.2081,-22.9448
-13.4778,-24.6505,-20.1133
-7.04934,-19.7107,-14.5843
-0.354936,-13.7338,-5.98955
-14.5558,-27.8135,-16.7827
-20.9848,-33.4291,-20.993
-26.6613,-39.0421,-26.0362
-29.1508,-42.5793,-28.8124
-29.1439,-43.0683,-28.8889
-33.9445,-46.3482,-33.6918
-18.4657,-29.0652,-18.7602
-11.1698,-22.1551,-12.3846
-10.3313,-22.6961,-12.1089
-2.69795,-15.8347,-4.52759
-2.08894,-15.2757,-4.32557
-1.23266,-14.3702,-3.94936
-9.7278,-23.1601,-12.1551
-10.0096,-23.5608,-12.3231
-0.304212,-14.7111,-3.85222
-0.775443,-16.2618,-5.75546
1.36652,-13.4981,-3.27434
-1.9513,-15.6645,-5.40761
1.06886,-12.7393,-2.40801
9.3821,-5.65575,5.4213
5.00047,-10.7169,0.519749
8.01639,-7.25197,2.71228
3.00333,-12.0307,-1.66612
-3.31686,-18.6621,-4.5136
-0.787545,-17.0369,1.45859
2.61249,-14.7424,4.0019
14.8152,-3.37739,12.454
12.8386,-6.80807,7.49144
11.1424,-9.95073,4.21175
14.6969,-6.33078,7.1737
8.70742,-10.9739,1.37994
10.5127,-7.68208,4.48321
7.9751,-9.40337,3.53313
2.88282,-13.5907,-1.54293
-3.45009,-18.5431,-9.27014
-11.0656,-25.782,-17.8916
0.292439,-15.7747,-5.73719
7.78781,-10.6109,2.92495
11.1427,-8.06417,6.34312
8.65253,-9.09156,3.73488
-2.76418,-19.5068,-8.1222
5.36205,-11.8682,-0.993503
7.81251,-10.0402,0.103641
1.95322,-15.3381,-7.42044
-1.77045,-18.1705,-12.3495
-4.27085,-21.0797,-15.8089
2.89452,-14.5159,-9.12858
-3.81213,-20.5134,-14.7254
-15.8438,-30.5053,-24.782
-24.9728,-37.7752,-31.9922
-28.3614,-41.1923,-34.1165
-10.3529,-24.4333,-15.4324
4.76771,-11.0135,0.166729
14.4174,-3.3318,9.50446
16.0728,-3.08387,10.5787
7.66374,-11.3199,1.5063
9.29332,-8.37101,2.3227
2.44676,-14.4324,-4.60551
-0.676881,-17.5105,-6.94176
4.57937,-12.535,-0.401068
4.92257,-12.049,1.17463
10.1966,-5.73851,7.57463
4.10037,-10.9484,2.05331
6.4628,-8.28305,3.49722
15.3808,0.689941,11.089
9.61192,-5.33543,4.86893
6.17977,-9.00876,1.60006
-4.03522,-18.5795,-8.28251
-7.76588,-21.0722,-11.5785
2.475,-10.429,-0.404283
5.83768,-7.45616,3.28821
1.27587,-11.4854,-2.06327
-8.40678,-19.8746,-11.782
-5.96945,-17.2037,-8.6598
-3.77292,-16.7941,-5.88317
-13.0744,-29.1298,-13.7408
-21.4712,-38.6287,-19.7751
-32.2983,-47.0184,-30.1465
-19.9944,-30.8805,-19.9964
0.603113,-7.40087,-0.355027
5.90103,-0.6573,6.03954
5.45513,-1.09618,5.98128
-8.46627,-15.8653,-8.43353
-14.2688,-21.2786,-14.8944
-19.6628,-24.9563,-21.7133
-24.6748,-29.3598,-28.6231
-11.6396,-17.469,-16.683
-6.39552,-13.866,-10.698
-4.17265,-12.8356,-7.28939
-7.20637,-15.8542,-9.9208
-11.9819,-19.358,-14.3175
-5.05464,-11.2277,-7.05949
-10.5962,-16.3201,-12.536
-16.8551,-21.6769,-18.1249
-22.0052,-25.8062,-21.4877
-26.7111,-30.71,-25.5095
-17.9397,-22.6786,-18.1113
-20.461,-26.2883,-21.8026
-22.0669,-29.3997,-23.8139
-21.88,-29.4118,-23.4091
-21.4319,-27.5425,-21.6288
-11.0345,-16.4106,-9.7294
-12.7332,-19.17,-10.9263
-14.6304,-22.4528,-13.4801
-14.9243,-23.1714,-14.4386
-9.6683,-17.8929,-9.48441
-8.01649,-15.5071,-8.42858
-25.2125,-31.6268,-26.0795
-24.5206,-31.4411,-26.4079
-23.654,-32.1184,-27.5298
-25.5787,-34.6883,-30.6719
-10.5048,-18.9503,-15.2892
-8.8854,-16.2318,-12.4859
-5.13865,-12.0264,-7.27694
-11.939,-18.9215,-13.17
-34.1288,-40.766,-35.7384
-35.0663,-41.6798,-37.9239
-32.4683,-40.564,-36.838
-17.8154,-27.2998,-23.1678
-9.19042,-18.1121,-14.2004
-11.4154,-18.4957,-15.0056
-0.673673,-5.89516,-2.8271
-4.18567,-8.3471,-5.3603
-7.8333,-12.3731,-7.873
-17.603,-23.8481,-16.386
-24.6997,-33.0685,-23.6992
-9.73893,-19.3937,-10.7825
-7.20662,-16.3763,-9.71291
-5.21328,-11.9927,-7.91766
-10.9108,-14.9229,-13.2151
-19.0771,-22.1685,-20.2856
-8.45208,-12.4552,-8.49112
-10.2418,-14.9984,-9.21764
-8.70433,-13.4042,-6.92072
-11.1438,-15.6555,-9.87903
-16.9876,-21.5527,-17.2462
-6.02125,-10.7112,-6.83519
-11.0051,-15.4641,-10.9428
-8.64357,-13.3862,-8.09973
-3.02188,-8.85022,-1.89023
-2.24367,-8.21204,0.738886
6.03536,1.38147,10.1716
-4.14469,-7.24143,-0.619612
-6.84456,-8.76276,-5.27252
-5.61501,-6.13528,-6.47588
-5.01305,-3.68595,-6.76708
2.0107,4.46254,1.56235
-13.3589,-11.5481,-11.8998
-17.3385,-17.6203,-15.1117
-12.1315,-14.2354,-10.6316
-13.6129,-16.0173,-13.5083
-7.12345,-9.37817,-7.30086
-15.5624,-18.1034,-14.3486
-18.3829,-21.0502,-16.1914
-27.168,-29.3018,-25.2407
-43.1401,-45.4851,-41.4529
-35.6138,-40.4027,-34.1658
-33.9401,-40.9659,-32.7402
-26.5288,-33.7355,-25.2098
-21.6609,-28.8286,-20.3888
-25.0195,-32.8975,-24.1209
-20.6828,-29.1598,-20.6534
-31.3425,-40.024,-32.2211
-35.0877,-43.898,-36.2643
-39.226,-47.8283,-40.7965
-46.1278,-53.8661,-48.3634
-35.9651,-42.1622,-38.153
-37.5178,-42.2332,-38.7312
-34.3478,-38.6542,-34.7534
-34.5414,-38.8083,-34.8077
-38.4137,-42.0305,-38.3966
-24.7643,-27.8906,-24.1211
-26.6877,-30.046,-25.1868
-26.7445,-30.9324,-24.2892
-30.7435,-36.0053,-27.8425
-36.3114,-42.2306,-33.7162
-24.8448,-31.6562,-23.2068
-27.9371,-36.3399,-27.2156
-27.3136,-36.6543,-26.4865
-30.0636,-38.6012,-28.6087
-33.3904,-38.7518,-32.9835
-18.6029,-19.5307,-20.2283
-18.3539,-17.1633,-20.4531
-13.814,-13.2429,-15.708
-13.0317,-12.8879,-15.2553
-21.8951,-20.5997,-25.3491
-19.6434,-15.9716,-24.6907
-29.8394,-24.0309,-35.1704
-22.9189,-16.6545,-27.3291
-13.7573,-8.15511,-16.4947
-21.7626,-17.2656,-23.2296
-23.7526,-20.1278,-25.2662
-38.1392,-33.0213,-38.9681
-40.1267,-31.1163,-39.0617
-36.115,-24.5772,-33.6083
-32.6334,-23.0392,-29.2918
-21.1202,-15.985,-17.6472
-28.5792,-26.442,-26.008
-26.7835,-25.064,-24.8873
-22.8968,-20.7597,-20.3684
-22.4031,-20.5438,-18.3189
-11.1911,-9.59778,-5.1092
-19.4064,-17.4633,-12.4475
-13.8179,-11.8842,-8.27793
-0.367359,0.59379,2.93945
0.96771,0.653016,3.14258
3.19399,2.19724,5.78174
-15.3739,-16.0874,-11.8437
-16.5133,-16.6258,-12.7139
-8.4105,-7.97834,-4.99205
-8.73058,-7.65685,-5.69043
-2.20215,-1.23087,0.541343
-11.7827,-11.735,-9.25312
-8.79305,-9.35132,-6.45486
-4.1886,-4.55479,-1.9058
-7.15565,-6.6984,-4.74967
2.44822,4.10312,4.59081
-1.38363,1.42194,-0.269794
3.76614,6.69369,3.44891
8.74972,10.3478,7.73364
4.71797,4.80107,4.4719
11.7017,10.625,12.3962
3.82588,1.10416,3.43439
6.21872,1.94473,3.09178
5.86041,1.09697,0.863543
-4.46395,-9.11776,-8.98893
2.41689,-2.3049,-0.447344
-3.886,-8.86901,-6.25022
-2.32521,-7.73959,-5.85169
0.192688,-5.88976,-3.71767
-2.05542,-8.64461,-3.87778
6.99653,0.0623562,7.23571
-2.15367,-9.42506,-2.00016
-3.02117,-10.5579,-4.37221
1.19087,-6.50775,-1.36446
-2.22736,-9.65771,-4.67834
-2.95908,-9.17208,-4.7067
-17.3387,-22.4272,-19.1725
-10.9791,-16.6736,-14.197
-6.52511,-14.0543,-10.7074
-20.7664,-30.2248,-25.2336
-17.6442,-27.9107,-22.8519
-21.948,-31.2917,-26.4327
-12.4853,-21.5747,-14.3633
-8.12792,-18.7108,-9.38263
-21.7265,-33.4412,-24.8915
-7.37992,-19.6603,-12.4444
2.23904,-10.2005,-3.83848
9.23558,-2.29067,4.095
6.18673,-4.50904,3.22304
-10.1753,-20.5295,-11.6603
-5.26937,-15.7108,-6.73534
-7.92298,-19.5247,-11.4298
-12.0523,-24.8443,-18.1726
-15.6236,-28.8448,-22.5181
-16.9311,-30.5243,-23.2746
3.44732,-11.0358,-2.69574
4.9615,-10.3656,-1.94337
0.26569,-14.8631,-7.35326
-2.21087,-16.6887,-9.23
-11.0211,-25.6613,-17.3136
-4.85531,-20.3962,-10.9263
-9.75627,-25.061,-16.0221
-12.0601,-25.082,-19.1721
-12.9174,-24.8917,-19.6938
-18.6173,-32.7435,-23.1696
-7.39174,-23.7134,-10.0571
-8.81552,-26.1467,-11.2773
-8.26182,-27.1221,-10.6473
-7.4168,-29.1707,-8.77371
-14.2835,-40.3887,-14.9945
-7.47933,-38.4189,-6.93804
-12.866,-48.0622,-9.60602
-10.8996,-49.6461,-6.38149
0.379634,-40.7328,3.17843
2.36048,-39.7139,2.45184
9.83545,-32.8852,9.6605
-0.532231,-43.6397,1.36413
-3.50144,-46.4056,-0.169461
5.81958,-36.9674,9.23093
6.3133,-35.9629,9.51879
10.8321,-30.5401,14.7889
-3.35839,-44.206,1.37052
-6.06432,-46.4906,-2.0319
5.86349,-34.5184,8.90895
9.53181,-30.6288,12.5826
18.5693,-19.9781,22.5207
8.64841,-28.234,13.6506
-0.153708,-36.3765,5.41753
1.62394,-34.4082,7.62034
3.04932,-33.1304,8.70953
13.2129,-22.82,17.6545
6.60462,-28.5641,10.9555
8.9966,-25.1231,14.7262
22.6955,-10.3825,29.9216
12.5091,-19.3127,19.5873
2.46829,-28.4429,7.40823
-3.56168,-33.8788,-0.69489
0.177502,-29.189,2.81271
-4.70241,-33.5496,-0.84015
-24.0762,-53.2209,-20.2798
-19.037,-48.9714,-17.0254
-7.53413,-37.6842,-6.10775
3.81814,-23.9333,7.09918
5.15529,-18.7904,10.7082
-0.0434581,-21.5568,5.3104
3.75025,-16.9468,7.74269
-7.11803,-28.1809,-2.97109
-12.2543,-34.0752,-7.63039
-9.94893,-31.9815,-4.91731
-9.97245,-31.7848,-4.2954
-3.03945,-24.4139,2.61847
-7.30713,-28.3801,-2.10897
-9.03041,-30.0597,-4.34313
-10.4844,-31.5454,-6.37193
-15.6212,-36.9885,-12.2762
-7.18484,-29.0617,-4.50432
-7.44215,-29.6004,-4.86219
-5.31192,-27.0269,-1.75217
-2.89072,-23.6925,2.50875
-6.8952,-27.2686,-0.281263
-3.23149,-24.5713,4.41975
-16.6119,-39.7746,-7.62272
-33.2041,-56.4373,-24.9176
-37.5531,-59.0677,-32.3687
-18.4028,-38.6975,-16.1564
17.924,-0.969298,18.9775
26.4887,9.27352,27.4546
28.0231,10.6141,28.1535
36.1808,17.1758,35.0243
34.123,15.2095,32.7918
20.3798,4.14816,19.8485
3.68864,-10.6,3.48542
10.8387,-4.16113,9.82078
15.5227,-0.73123,13.9897
8.42924,-8.03882,6.95958
8.99753,-7.48432,7.37669
3.80368,-13.6322,2.37068
10.4978,-7.7767,9.52479
14.9873,-2.50966,14.5489
11.3723,-4.624,11.8255
12.1606,-3.27305,12.5767
0.703482,-15.416,0.0982608
-1.01139,-18.1854,-2.17363
-2.90771,-21.2326,-4.52315
-5.71148,-25.1196,-8.04762
-2.28728,-21.5835,-4.66216
-13.8091,-32.8148,-15.0215
-15.6021,-35.7138,-15.8275
-15.4266,-37.3105,-16.0497
-16.0486,-38.8222,-17.7479
-7.2893,-28.8372,-9.81389
-9.0196,-28.896,-12.1386
-8.85034,-27.9268,-12.938
-21.6674,-39.5501,-26.5851
-35.1431,-52.7441,-38.237
-26.3613,-46.6982,-25.4158
-24.8815,-49.1644,-21.7524
-19.3392,-46.4623,-16.0093
-28.965,-58.4821,-25.0886
-53.7762,-85.7481,-48.6543
-69.3529,-102.143,-62.7385
-89.3637,-121.368,-81.7905
-89.449,-121.07,-81.7122
-81.8513,-113.968,-73.9926
-74.0673,-106.976,-66.3874
-66.1083,-98.7006,-59.1511
-81.1212,-112.284,-74.1623
-87.695,-118.208,-80.5225
-91.3227,-121.464,-84.0609
-96.3922,-124.617,-88.1038
-90.5051,-117.376,-81.5221
-97.6056,-126.239,-89.6197
-96.4841,-128.091,-89.7304
-88.9547,-121.982,-82.0304
-78.2909,-110.665,-70.8085
-66.0248,-96.6705,-58.7546
-76.2558,-105.071,-68.8255
-76.41,-103.753,-67.5697
-70.8401,-97.5756,-60.3549
-57.9102,-85.2505,-47.3096
-37.4494,-65.4412,-28.2399
-44.8516,-73.0185,-36.1999
-54.2724,-82.3924,-44.6108
-64.0642,-91.4953,-53.5743
-70.7979,-96.8228,-61.0533
-64.2569,-88.4912,-56.3707
-62.5803,-85.7072,-56.1532
-51.02,-73.9045,-45.3652
-60.9661,-83.9914,-56.1471
-89.0682,-112.205,-84.7022
-89.5495,-112.024,-84.0605
-73.5248,-95.0428,-66.391
-42.9219,-63.8161,-35.5443
-35.1749,-54.917,-27.7083
-46.8443,-64.4448,-38.3201
-50.2163,-66.1436,-41.0892
-60.673,-76.614,-51.8048
-55.0424,-72.001,-46.9057
-50.0812,-68.2477,-42.2657
-53.9485,-73.5036,-46.1993
-55.178,-76.2042,-48.517
-57.3369,-79.3706,-51.2947
-38.0294,-59.1041,-30.9822
-23.9043,-42.4744,-15.8253
-19.2816,-36.521,-11.243
-14.6564,-32.4186,-6.91687
-28.1798,-47.1255,-20.4169
-28.6608,-47.8905,-20.8638
-32.1283,-51.0326,-24.0485
-40.0907,-59.3848,-30.9282
-36.3667,-55.5892,-24.8831
-50.2356,-67.7483,-36.2111
-48.9631,-64.2857,-35.4142
-22.1407,-37.0975,-12.1787
22.3829,5.75155,29.6904
57.9055,40.2878,64.1923
62.2961,46.2291,66.9077
92.6121,80.4884,94.4648
132.981,125.474,133.03
166.673,162.659,166.388
206.999,205.258,205.117
231.006,231.123,225.821
258.827,261.111,250.99
276.454,281.347,267.394
292.579,300.216,282.226
323.628,333.912,311.085
330.663,343.66,316.093
340.879,356.68,325.189
343.876,362.514,327.414
342.306,363.409,324.21
356.665,378.888,335.942
351.247,374.038,329.115
354.072,378.047,332.764
351.838,376.396,330.805
336.65,360.134,313.974
324.915,346.222,300.459
294.833,313.439,269.733
280.612,296.569,256.303
267.279,281.255,244.64
248.323,260.192,226.289
248.18,257.359,225.022
241.534,248.453,218
236.565,241.55,214.637
206.732,209.829,186.551
172.445,174.069,153.097
169.927,170.268,151.004
156.661,156.007,138.505
152.977,151.392,136.114
134.858,131.742,118.41
104.569,100.35,87.2875
106.782,102.925,88.4802
97.044,93.5032,78.2824
86.0514,80.8197,68.9194
77.7967,69.5704,64.8069
71.2025,61.0596,62.2696
76.5126,66.3011,69.4476
62.3873,52.4953,55.6781
59.9046,49.3588,52.4002
61.9074,50.1634,52.4055
54.1442,42.0705,43.1692
57.5012,45.7852,46.437
46.1897,33.8376,35.3291
43.8924,30.2737,33.9171
40.0376,25.9325,31.3382
28.572,14.6492,19.7833
41.4728,27.7045,31.7953
33.3596,19.6626,22.9122
21.4886,7.7494,10.4281
18.1447,3.59293,6.51315
7.92244,-7.31923,-3.88895
8.93753,-5.47616,-1.86996
3.2641,-9.45235,-6.7711
8.03096,-3.55211,-3.37719
11.9187,-0.0606695,-1.67651
7.85657,-5.78058,-6.23682
15.6831,0.443095,3.24423
8.60814,-7.33499,-1.79533
6.40059,-9.1916,-3.50593
6.64851,-7.9601,-3.93051
-3.06923,-16.5022,-13.6058
-1.61932,-14.3323,-11.1112
-3.25588,-16.4359,-12.7281
11.6453,-2.56003,1.39309
27.3164,12.0175,16.7733
20.2616,4.64446,9.13316
21.3058,6.82998,10.4098
15.3709,2.31946,6.13824
13.8674,1.41407,5.85298
16.1546,3.00662,8.41104
15.3426,1.57106,7.43598
23.1814,10.2243,15.1648
15.505,2.97015,7.63444
14.4036,0.999699,6.88983
11.0919,-2.6426,4.55647
1.14117,-11.7724,-3.99993
14.6449,2.03518,10.767
20.6727,7.50902,17.3954
22.6506,10.269,19.1935
21.4024,11.225,17.7604
15.8549,7.43147,12.1152
25.312,17.0966,21.3316
21.9528,13.0077,18.0122
22.493,13.6124,19.0377
28.08,19.5171,24.3484
29.9899,21.3834,25.2207
40.1604,32.0067,34.9116
32.2613,24.8792,26.5895
35.8993,28.6354,29.3944
49.0937,40.9183,42.284
50.6393,41.7193,44.565
52.3257,43.4577,47.6594
38.7448,29.9436,35.0954
36.3694,27.5728,32.4957
40.6084,32.2047,36.2083
36.0856,28.8986,31.6405
42.8704,36.4773,38.34
39.7403,32.8569,34.6843
38.9202,32.0353,33.5044
41.9274,35.2993,36.8029
37.6984,30.646,33.0378
40.0001,32.2967,35.9086
29.1486,21.0455,25.162
26.327,18.6317,21.5519
27.2977,19.5962,21.7404
20.8408,11.6643,15.148
24.4529,13.6675,19.4401
15.2839,4.05779,11.2818
11.2651,1.0819,7.81906
13.1612,4.80203,9.96656
12.7402,5.40504,9.55424
18.6307,10.1546,15.0763
12.3502,1.54315,8.8105
19.6593,8.26163,17.079
28.9625,18.7359,26.934
18.3412,8.65087,15.1747
17.2033,5.85387,12.4632
16.7325,2.37997,10.8325
24.4519,8.48962,18.4903
29.8883,13.7876,25.1108
25.621,9.50198,21.2659
30.3369,14.0687,25.4078
26.092,9.38329,20.4395
32.7735,16.295,26.897
41.6508,26.3738,36.7655
43.3814,28.4574,39.5829
51.1905,35.0386,47.4668
40.0792,22.956,35.9079
27.7194,10.7503,23.0196
10.8895,-6.15684,5.84982
-7.72856,-24.5347,-12.7963
4.10389,-11.4907,-0.694868
18.142,2.39734,13.4396
23.8359,5.18688,18.6934
16.8319,-5.4584,11.3991
4.88239,-18.9054,-0.590999
-0.505755,-23.4996,-5.66316
-23.8811,-45.2536,-28.5455
-36.4404,-56.2371,-40.5048
-38.8375,-57.0476,-40.9214
-43.751,-59.1934,-42.8931
-40.1261,-52.7413,-36.9409
-47.4167,-59.9695,-43.6667
-43.6948,-57.6758,-40.8288
-30.908,-45.3764,-28.6523
-25.4779,-40.3197,-24.0058
-25.8768,-41.7353,-25.6315
-42.7063,-59.1001,-42.9614
-42.3857,-58.0911,-42.3839
-26.2163,-41.542,-25.4825
-22.027,-37.7604,-20.7396
-26.5564,-42.0264,-24.8982
-44.1708,-58.5421,-41.9114
-53.6273,-66.9133,-50.8466
-51.7377,-64.9406,-48.5609
-36.3354,-49.7668,-32.6733
-10.3554,-23.0715,-5.04452
-3.7602,-15.3076,4.10533
-0.334017,-11.2524,8.19821
-8.69708,-19.811,-1.30626
-18.4337,-30.2761,-12.025
-13.7499,-26.6174,-8.07595
-19.8997,-32.9057,-13.9363
-19.433,-31.0658,-12.5283
-16.7862,-27.8793,-10.4034
-7.75,-20.1379,-3.68783
-1.55304,-14.6439,0.847428
-20.0556,-33.1138,-17.1629
-28.1634,-41.8842,-25.0756
-28.3387,-42.3263,-25.8275
-17.132,-29.9465,-14.4756
-7.95394,-18.6482,-4.53076
-27.6201,-36.6258,-23.7305
-38.2447,-46.9067,-35.6203
-50.4951,-59.5007,-49.0665
-51.7019,-61.6468,-49.7468
-23.7825,-34.9223,-22.4366
-5.61463,-16.9394,-6.33288
15.952,4.86406,14.6039
25.9687,15.0998,25.4026
34.0403,24.0987,33.6098
48.1461,39.5081,47.0367
35.8127,27.8453,34.4744
31.465,23.0471,30.0987
25.2826,16.0261,23.5645
21.8608,11.5779,20.2779
31.9039,20.4055,31.3532
26.5734,14.6767,27.3457
34.1614,22.6454,36.5422
38.8273,27.4466,43.4076
33.4048,21.6154,39.3069
32.5102,19.9716,37.9223
20.9566,7.3799,25.0786
23.6422,9.26574,26.8448
20.2874,5.76742,23.5726
14.3372,0.352346,18.3361
22.4398,9.65073,26.9853
16.459,4.94102,21.7524
19.0972,8.60584,25.4944
13.7622,3.77296,19.8879
6.96271,-3.94987,11.4875
12.1744,-0.030496,16.0514
2.08576,-10.6426,6.70357
4.22645,-9.52242,8.90038
4.53106,-9.97611,8.19071
5.0165,-8.07691,8.53595
12.6344,1.85385,16.8685
-4.74855,-14.1299,0.144907
-13.8174,-22.9966,-8.39353
-18.0522,-28.175,-12.1978
-16.3099,-27.8896,-9.9799
2.12362,-10.1996,8.84105
5.05478,-6.57219,12.0835
11.9425,1.70383,19.4474
5.74687,-4.37202,12.9805
-5.681,-17.5189,0.513751
-0.74158,-14.2859,4.66117
-0.883555,-15.0622,4.00762
11.758,-2.27883,16.903
8.75955,-5.33196,14.9287
-0.999618,-15.8014,6.28506
3.19621,-12.1268,10.938
-4.28335,-20.6236,3.16183
0.913249,-16.1931,8.6863
1.56559,-14.0242,10.06
-1.49644,-15.1793,6.52946
5.01004,-7.95375,11.6351
-4.37999,-16.77,1.25786
0.0453305,-11.6781,5.65104
0.523876,-10.8142,5.93459
-9.19553,-20.6538,-5.05317
-6.69783,-19.0619,-3.92266
-6.20995,-19.6407,-3.9749
6.52273,-6.98507,8.31302
0.0643484,-12.7769,1.32702
-8.96296,-22.039,-7.16658
5.13404,-9.91316,7.59601
5.6772,-11.9573,7.17652
11.8711,-7.64762,11.0146
10.7586,-9.7007,8.25302
7.38899,-13.4979,5.57975
18.1339,-3.46969,18.0401
15.2463,-7.89744,15.5565
19.3045,-5.80321,18.5355
15.7723,-10.6903,13.7107
7.62891,-18.3689,4.57638
9.88872,-14.62,6.21444
-0.6764,-25.0145,-4.57941
5.68789,-19.3561,1.69483
8.46632,-16.143,3.90901
4.48078,-18.9148,-1.00293
8.76386,-13.7753,2.74665
-2.39089,-23.8643,-8.72993
0.331931,-20.1364,-6.51492
-0.274012,-20.982,-6.97202
-3.60126,-25.2006,-9.55205
4.63728,-18.0833,-1.78113
0.809389,-22.8749,-6.2603
7.99523,-15.0856,1.71274
8.41271,-12.9681,2.89982
4.24561,-15.9918,-1.56359
10.7733,-9.35154,4.05593
6.43533,-14.5519,-1.3075
16.313,-5.91827,7.96191
16.3307,-6.58298,8.53082
8.26034,-14.3311,1.64492
12.8633,-8.34474,6.94473
4.25743,-16.0877,-1.80052
11.1696,-10.4055,3.83269
13.8674,-9.57536,5.40231
12.1519,-11.8595,4.3174
22.7247,-0.210694,16.1115
15.4956,-5.74777,9.82719
14.9934,-5.53714,10.4628
13.3944,-7.29826,9.57551
14.1665,-6.56658,9.87259
20.7674,0.134216,15.9833
6.84363,-13.7133,3.27815
6.3328,-12.9269,4.15976
3.99539,-11.542,0.172027
1.80387,-9.91969,-6.18537
14.8896,4.73294,3.86082
8.77963,-0.613759,-2.47243
12.2342,4.47138,2.02542
14.7578,9.17052,5.47839
16.3205,12.3733,8.73484
22.4504,19.4729,17.1777
-0.682224,-2.58985,-5.0514
-2.33085,-3.3946,-7.66733
4.99062,3.75063,-2.39688
-2.54014,-4.42374,-12.016
-4.14631,-6.33664,-14.3448
-13.2489,-14.9051,-22.7479
-2.65013,-3.15417,-11.2362
4.74386,5.26448,-3.12948
-2.94334,-1.56192,-9.36092
-0.0806595,1.43182,-4.77283
-7.05007,-6.66294,-11.554
-2.84823,-3.74508,-7.28964
-2.67838,-4.09723,-5.41475
-13.913,-15.4071,-15.0583
-7.85699,-9.69712,-9.65573
-5.79073,-7.55636,-10.1735
9.22442,8.21586,3.22443
12.5843,11.8045,7.04947
-6.46388,-6.88476,-11.1661
-6.90963,-6.48771,-11.4917
-7.30236,-6.50376,-12.7759
3.7535,4.38414,-2.31939
12.1373,12.2767,6.76509
6.53348,5.96748,2.27101
4.39317,3.22496,1.11937
-9.82172,-11.1131,-12.9506
-9.32643,-10.8128,-13.5896
-2.3892,-5.42206,-8.31301
-0.259194,-5.26553,-7.80082
9.09056,3.16896,0.746421
1.1494,-5.02194,-6.66253
-0.71349,-6.48951,-7.01111
1.42964,-4.0621,-3.6893
-1.84661,-7.4767,-7.27845
8.71982,3.50433,3.16947
4.72164,0.529845,-0.704408
-7.42454,-10.1738,-13.5555
-18.1114,-20.5811,-24.0058
-14.1117,-18.2473,-19.0541
8.43885,2.49186,3.4512
7.5485,0.949643,1.89462
3.77115,-2.75134,-2.12994
-0.32964,-6.96641,-5.97441
-9.29999,-15.2368,-15.4145
-7.79594,-12.0936,-15.049
-10.4715,-14.5429,-17.3195
-5.71888,-11.2833,-10.8623
-8.98602,-16.596,-13.3285
-16.1858,-24.9672,-20.8782
-8.26532,-15.8463,-12.8612
-6.56154,-11.949,-9.75776
1.14724,-3.38713,0.174074
5.15436,-0.495913,6.13034
-0.587623,-7.72447,0.160293
2.36379,-5.22582,0.717515
6.15079,-2.13974,1.7702
20.4131,10.5373,14.6025
22.8052,12.1786,17.3212
11.7503,1.80714,7.24895
10.2051,0.411172,6.79683
3.24169,-7.27569,-0.0152055
8.69662,-1.92242,4.14898
14.0541,3.77693,9.5237
9.32243,-0.921439,6.72414
8.09957,-2.60393,7.14493
-1.23124,-12.8678,-1.4673
-1.65159,-13.7386,-2.61401
1.01527,-11.1689,-1.57109
0.505314,-12.3406,-3.4373
1.78239,-11.5393,-2.85327
-7.68004,-21.0304,-12.3053
-4.66727,-18.3691,-9.36684
2.87989,-11.5448,-2.11889
1.83782,-12.523,-3.43605
-0.42542,-13.8105,-5.54392
-12.0602,-24.6462,-16.6187
-7.2783,-19.3648,-10.9947
0.213171,-12.4339,-1.98261
-3.41451,-16.1186,-4.78256
-6.5166,-15.4872,-8.69764
-12.2806,-16.1286,-15.4276
-1.20124,-2.06108,-4.03205
5.69674,6.08039,3.51448
6.92552,7.95659,3.80576
14.8757,15.8052,11.5144
10.4278,10.6788,8.83703
11.0289,11.3963,9.58323
10.7545,11.7898,7.56344
6.23584,7.72963,1.82945
8.6922,10.1264,4.10303
2.4447,2.74081,-1.83064
-9.50047,-10.1419,-13.1357
-25.093,-24.7242,-27.0576
-20.29,-17.9828,-20.7983
5.51374,8.8091,5.14461
16.4633,20.7251,16.0381
22.7292,28.8473,22.204
13.9488,21.0097,13.1738
0.202098,6.24477,-1.05724
-1.8018,2.18872,-3.72987
-3.76493,-1.32303,-5.58263
8.66105,10.5045,7.39446
9.93843,11.7231,9.17589
2.11924,5.02001,2.30148
3.12653,7.81549,4.26089
6.41557,10.7565,8.05993
15.4546,17.3291,17.1952
7.04629,7.61834,9.01677
3.71474,4.64918,5.88111
6.40892,6.91507,8.17955
-7.04298,-7.8417,-5.20036
-1.35394,-1.76575,0.217385
5.62679,7.41238,6.48329
7.93006,10.9827,10.0764
11.0222,12.9788,15.2256
-0.968873,-1.13487,3.58314
3.52128,1.36277,7.19548
9.01232,4.62206,12.1694
11.2455,4.42661,14.3532
8.2919,0.541523,10.7168
-14.9463,-21.236,-13.5669
-14.9271,-18.7802,-14.0531
-8.34098,-10.4427,-7.27658
-1.19354,-3.6026,0.283028
5.48471,1.24424,6.92581
-4.41588,-10.0643,-3.68697
2.73613,-3.32613,1.91444
7.04392,1.23727,4.86366
14.3686,9.53988,12.797
27.4111,23.5699,27.375
15.4013,11.2164,16.0534
15.853,10.636,16.4402
17.741,12.2033,17.7526
13.151,7.45962,12.555
12.4363,5.60072,11.042
1.76831,-6.49426,-0.955106
12.4427,3.37817,8.9742
19.8555,10.3051,16.5196
16.5417,6.35715,13.5524
17.8438,6.70354,15.2194
12.8075,0.817736,10.2791
17.2012,5.42101,13.9871
-1.33973,-11.7756,-4.98355
-15.4417,-25.5871,-18.2852
-1.76514,-13.1747,-4.41232
-2.97881,-15.0284,-7.0747
4.83636,-7.41405,-1.55868
9.17514,-4.11718,1.44216
6.81531,-7.59351,0.312193
9.10761,-5.31926,5.16941
-2.27532,-15.8989,-4.35078
4.81137,-8.4284,3.25195
7.72135,-6.34723,6.51659
-4.53819,-19.1981,-4.47329
-8.90307,-20.9782,-8.7456
-12.3035,-19.5343,-14.3417
12.4007,8.2491,8.16428
32.6788,29.551,26.6746
46.0628,43.668,38.1686
66.9847,65.1943,57.5527
60.5133,60.1092,50.2131
72.5944,74.9661,62.4356
89.3995,94.8474,79.2825
89.5033,98.1372,78.6659
97.0653,108.813,85.838
92.871,106.799,81.9771
97.3786,113.14,87.5243
97.4647,115.189,88.2235
90.237,109.726,80.243
91.9306,112.764,81.2707
77.1347,98.5171,67.1742
70.015,91.2023,61.9517
63.6693,83.4679,56.6424
56.2858,73.4864,48.0198
63.5679,78.5268,54.5648
53.9274,68.2598,46.3612
53.866,68.4908,48.0061
54.9787,69.5053,49.3042
38.8527,52.686,31.829
33.8822,46.0249,26.4257
25.1879,35.2982,18.496
23.2974,32.5528,16.6959
22.7231,31.8464,15.3742
20.655,29.2166,11.9452
26.7126,33.942,17.0853
19.7604,25.3237,10.3805
17.192,21.9053,8.36578
12.7076,18.0024,4.48072
7.48263,14.3537,-0.215587
13.3624,21.6051,5.27746
8.98128,17.3498,-0.0877559
8.78364,16.6937,0.30754
6.26355,13.3071,0.085298
0.205863,6.25333,-4.81605
6.16727,12.5257,1.16562
2.9081,10.7193,-1.91263
0.837066,10.2754,-3.88277
3.78221,13.6109,-0.766507
11.9818,20.6826,7.51316
26.4481,33.5529,22.8322
21.8673,27.3191,19.8563
12.9588,17.2711,10.9275
0.156038,4.38518,-2.91398
-8.22676,-3.05289,-11.1617
2.22186,8.33666,0.15965
8.49878,14.6669,6.7574
10.4237,16.1355,8.38739
-0.71895,4.50441,-2.68892
-5.56335,-0.645462,-7.22885
4.72511,9.17561,3.09264
2.43928,6.51086,0.786967
0.386972,5.18208,-1.45106
-4.85273,0.131912,-7.2507
-6.15969,-2.12478,-9.59732
0.556227,4.47984,-3.11461
-5.04665,-0.62581,-7.3609
-2.77515,2.3589,-3.55059
-3.56016,2.5415,-3.84714
-10.4475,-4.26032,-11.2809
-6.01624,-0.917807,-6.79993
-9.30528,-5.17878,-9.15469
-13.115,-9.12474,-12.5471
-19.4588,-15.4529,-18.9079
-17.9921,-14.2163,-17.8417
-6.52722,-2.93857,-7.55924
-12.6611,-9.50308,-14.6683
-18.8687,-16.8873,-20.5812
-19.7129,-19.1506,-21.1365
-9.90168,-10.0439,-13.0771
8.35872,8.44426,2.89375
13.6445,14.078,7.09094
11.0399,11.6102,3.33992
1.95288,2.71289,-6.74558
5.81177,6.89741,-2.95146
12.0756,13.2831,3.70464
0.0171228,0.0157237,-8.0399
2.03394,-0.130728,-6.56566
5.49413,1.93283,-4.18668
5.71971,2.45027,-4.27393
8.0218,6.16495,-1.2134
2.29452,0.476541,-5.9904
10.7362,6.16379,2.40982
11.6306,3.41051,3.11126
10.3639,1.02504,3.50993
13.0597,5.92197,8.62771
3.04324,-1.89831,-0.609729
7.4763,2.44797,2.47379
11.6712,5.24728,5.071
16.9691,9.13612,10.2901
14.4418,5.62821,8.17308
-5.20226,-14.5909,-10.9726
2.70741,-5.87178,-1.33482
15.4685,9.0852,14.1414
18.7889,14.1466,19.5332
16.3886,11.8833,17.303
4.96445,-0.961792,4.4356
10.8711,3.56011,8.43808
7.07708,-0.528949,3.07291
0.690147,-6.75421,-4.50983
5.87771,-2.0405,0.0198205
-0.087808,-8.88519,-6.11152
8.04806,-1.0987,1.339
13.3362,3.5474,5.63899
20.0458,9.11898,13.1774
30.7419,19.3567,25.9623
21.242,9.90309,17.0795
24.9903,14.063,20.4317
26.6105,16.5074,22.3993
27.5317,17.3919,24.0181
30.9152,19.1444,26.8959
18.0183,4.13508,12.3122
15.9877,2.24007,9.77406
8.45759,-2.48948,3.71004
7.04602,-1.9733,3.12117
15.9992,6.47209,11.1836
2.02752,-8.2351,-3.50559
-4.12319,-14.5909,-9.57386
-6.91347,-17.6907,-12.5135
-3.78138,-13.9955,-9.30056
0.931834,-7.85726,-3.62417
-16.1083,-24.4316,-19.8373
-17.9718,-27.1275,-21.5539
-21.4671,-30.7439,-25.2511
-21.2839,-29.0243,-25.2644
-17.4416,-23.9023,-22.1514
-36.2079,-42.8307,-42.1737
-38.3181,-45.6403,-44.895
-44.1025,-51.8887,-50.5856
-46.5795,-54.2326,-52.7899
-29.8326,-37.0902,-35.3344
-28.4205,-35.7269,-33.1814
-24.7937,-33.0052,-29.9563
-36.2321,-46.4712,-42.7628
-51.5415,-63.8115,-59.0765
-49.3008,-61.9204,-56.9599
-55.2274,-66.6581,-62.5357
-47.4907,-58.3877,-53.6684
-48.9675,-61.2796,-54.3702
-51.1726,-64.5471,-57.3985
-30.0216,-42.4155,-36.6997
-20.997,-31.4431,-26.1643
-2.9876,-11.5328,-5.79414
-4.47371,-11.6174,-6.45911
-27.9987,-34.5012,-30.5022
-33.9403,-41.4077,-36.5846
-40.5964,-50.3738,-44.0475
-29.1042,-40.7245,-34.5497
-20.6045,-33.1479,-27.5293
-20.5618,-34.022,-28.0052
-13.2549,-27.9503,-20.5986
-23.0231,-38.3714,-29.2305
-25.4248,-39.818,-30.1799
-28.3491,-41.2249,-32.9577
-29.3865,-41.8107,-35.416
-14.247,-26.6704,-21.7216
-13.7319,-25.725,-21.2029
-9.46593,-20.7064,-15.3345
-8.60414,-19.6535,-13.2342
-10.0865,-22.1116,-15.5021
-2.56413,-15.654,-8.29095
-16.1055,-29.4387,-20.8109
-19.6662,-32.9957,-23.9677
-18.3491,-32.1518,-22.5315
-16.6802,-30.9812,-20.5616
-3.21977,-17.076,-6.51747
-5.8417,-18.4988,-7.65063
-2.49609,-14.4484,-3.15552
-4.11441,-16.2988,-5.59219
-2.68985,-15.2635,-6.59524
9.96747,-2.61406,3.11932
-3.17548,-15.2883,-10.8773
-7.1861,-19.1587,-11.2581
-0.451404,-14.0818,0.535911
10.8681,-5.94978,13.2181
31.5483,10.2237,31.3264
33.0131,6.21429,28.8339
42.9347,11.6725,35.958
52.2458,17.4319,45.4234
57.5345,18.4051,52.5973
72.1227,27.8038,67.5735
68.3773,19.4876,61.8846
74.7893,22.2317,66.7446
86.0247,29.7095,78.2394
95.977,35.9979,87.898
103.891,40.4643,93.8868
91.5593,24.7459,81.5657
104.509,34.7683,98.7584
126.783,55.1165,126.891
140.371,67.7695,145.192
153.823,80.3735,161.972
145.581,71.1997,154.002
144.753,69.6917,149.321
139,63.7193,140.719
123.514,49.3755,127.643
119.97,48.3589,127.763
108.096,39.1511,115.939
110.034,42.8782,115.249
106.198,40.2691,108.433
92.5847,27.8941,93.2439
92.9713,28.7039,94.1791
88.9009,23.6218,90.0676
94.7509,28.4116,94.2617
83.5122,17.8699,82.3068
63.52,-0.357294,62.9884
63.5156,0.729093,63.2931
59.5005,-2.89239,58.17
64.1552,2.42392,61.4059
52.9863,-7.8895,49.2487
29.2405,-30.9232,23.8617
28.1487,-30.3325,22.0284
32.7363,-22.7836,29.0176
53.0619,-0.241576,53.7207
64.6057,11.8718,69.1729
62.0351,9.3534,68.7176
66.8761,13.9549,74.045
61.6904,9.29962,68.7891
66.3054,16.0828,72.8257
62.9829,14.2185,67.3376
54.7744,6.0461,55.8755
60.3587,11.5419,59.1476
53.4312,5.0927,52.9766
53.9801,7.17517,57.2633
53.374,7.8326,59.9275
50.8819,5.8427,58.3001
58.1376,13.7785,66.0666
51.3505,6.8458,58.7716
49.3376,3.05152,52.9356
39.3243,-8.35473,38.4526
22.2111,-23.7943,19.8917
24.131,-18.4783,23.1363
23.6546,-16.8066,23.7679
30.7179,-8.92771,31.2606
27.9694,-11.2569,29.7749
19.6401,-18.8747,22.8665
24.6345,-12.9752,28.621
14.2543,-23.0852,18.2975
13.4082,-23.9911,16.8818
19.8188,-16.0606,21.9593
27.0305,-5.72361,27.4106
36.224,5.00546,36.0873
26.6876,-4.59287,26.9451
26.214,-4.10761,26.3733
24.4433,-5.40132,23.9644
19.3447,-12.5072,18.6665
22.1651,-12.6567,22.6669
9.71864,-26.5778,10.353
10.8075,-24.9537,9.22777
15.2323,-19.6309,11.3976
13.4439,-21.064,8.30316
19.3191,-15.1768,14.2405
10.9379,-22.7943,8.60284
9.87919,-21.827,12.3924
4.59404,-25.3751,10.118
-2.35889,-31.9063,2.53767
8.10459,-21.5993,11.3499
11.5091,-17.8128,13.4855
19.6814,-8.98796,20.3141
17.2004,-11.0851,16.5676
9.91334,-17.9504,8.46959
15.9015,-11.4546,14.32
13.0443,-14.185,11.3975
19.2855,-8.507,17.228
17.9346,-9.96807,16.3113
7.26386,-18.5551,7.88537
8.51545,-15.0258,11.053
1.20806,-22.5836,2.50709
5.02195,-20.5457,3.66355
5.94092,-21.7024,3.02752
4.02617,-24.9985,0.527797
15.0469,-13.7274,11.6328
13.0583,-13.9324,10.2466
20.5034,-4.6721,18.4315
21.462,-3.58316,20.2569
13.4916,-11.4516,13.2473
15.1795,-7.96736,14.9053
8.56879,-12.5422,8.04179
14.9771,-4.91568,16.6303
21.123,2.10001,26.1197
24.0599,5.39204,30.119
32.3132,12.9693,37.9614
24.4714,4.67108,29.9107
29.238,9.91274,34.1933
35.4638,16.1547,39.7513
33.0221,12.832,36.6476
34.6519,13.6076,37.4978
24.9527,4.0375,26.4064
27.2076,7.47017,27.4285
21.7129,3.34188,22.7839
14.4176,-3.36679,18.1781
27.5353,9.61993,34.0536
26.7666,8.72384,33.9949
29.8049,11.2558,34.9879
32.7459,13.4199,34.8337
34.337,15.0467,33.5595
38.2342,19.5951,36.01
24.736,6.92788,22.9772
27.5982,10.8531,26.7195
32.7058,16.1932,32.5139
26.5185,9.50924,26.6909
24.6478,8.22321,25.0797
10.9811,-3.40317,12.4578
7.63938,-5.34101,10.4042
0.0452731,-13.7684,2.82994
-13.5852,-28.7462,-11.1812
-13.9237,-29.397,-10.8179
-21.8443,-37.1777,-18.658
-14.7247,-30.737,-12.7607
-10.6172,-28.2988,-9.70051
-16.4829,-35.3905,-16.0117
-17.6015,-36.6619,-16.8959
-31.9542,-49.9892,-29.8159
-36.3879,-52.7072,-32.5067
-44.3938,-59.5438,-40.434
-55.3979,-69.9765,-52.384
-52.4459,-67.6075,-49.4714
-53.1498,-70.0981,-49.7246
-43.5832,-61.1757,-40.4904
-46.4804,-62.8872,-44.9346
-55.4111,-70.4196,-55.7456
-49.0881,-63.8627,-50.7685
-54.9964,-70.2552,-58.3268
-49.4876,-64.8482,-53.588
-44.01,-59.1372,-47.0338
-40.3654,-55.1937,-42.2297
-27.2571,-41.8124,-27.9039
-34.5359,-48.9533,-34.3206
-34.3425,-49.7563,-34.785
-29.237,-46.4243,-31.7326
-20.7804,-38.7653,-25.6818
-3.84787,-21.6968,-9.19901
-6.71668,-23.3095,-9.54438
-6.99022,-21.6138,-5.52247
-6.6574,-20.5487,-2.0208
-5.70549,-19.8112,-0.95262
-0.519314,-15.2887,1.99365
-10.9121,-27.0415,-11.694
-7.91522,-24.8179,-11.3368
-2.85373,-19.1575,-8.118
0.0751805,-14.5643,-5.89806
5.28058,-7.34632,0.957648
-12.1199,-23.865,-13.1956
-16.5934,-28.6569,-14.7536
-14.13,-24.691,-12.9109
-8.57675,-14.8734,-11.2605
7.436,5.44456,1.27522
16.3055,18.5107,8.02705
41.5632,49.5248,32.2302
56.8073,72.411,46.918
60.2677,85.7137,49.621
75.5548,111.116,63.3924
85.3474,128.092,70.7393
108.225,155.728,91.924
128.323,180.336,111.967
139.597,195.9,124.129
157.869,217.274,142.945
161.49,223.43,144.896
167.368,232.258,148.154
167.282,234.924,147.176
162.591,232.909,143.102
163.99,237.587,145.158
150.885,227.066,130.783
150.328,227.029,127.091
146.5,222.068,121.524
134.8,208.908,110.33
127.213,200.096,104.155
100.742,171.638,79.6313
84.2059,152.153,64.4077
70.2041,135.351,50.5388
51.4773,113.794,31.7673
40.4674,98.9826,20.7919
20.1277,74.3941,0.269506
14.9162,65.7728,-4.36717
11.0463,59.5703,-6.19689
4.69101,51.0583,-10.775
10.4107,53.5098,-5.7357
-10.4544,28.5959,-29.4452
-33.3423,2.42904,-53.1204
-46.4004,-12.8542,-62.6594
-57.413,-25.8892,-69.7757
-59.4724,-30.7202,-70.4138
-71.1731,-45.1863,-82.5357
-78.7966,-54.1592,-91.1439
-91.8389,-67.7408,-104.202
-107.322,-83.6721,-118.537
-108.537,-85.7079,-118.204
-105.357,-84.424,-113.614
-98.2025,-79.5664,-106.001
-108.565,-92.396,-117.417
-118.382,-104.555,-128.004
-111.047,-97.814,-119.038
-112.968,-98.8136,-118.991
-111.721,-97.0323,-117.307
-110.574,-96.7218,-116.15
-113.091,-101.195,-118.938
-113.839,-104.359,-119.958
-124.682,-116.549,-130.356
-121.913,-113.314,-126.98
-114.46,-105.204,-119.186
-113.314,-104.156,-117.328
-115.296,-106.458,-117.915
-129.238,-120.126,-130.563
-128.401,-119.245,-128.843
-125.311,-117.598,-124.98
-126.562,-120.858,-126.27
-124.078,-120.784,-124.966
-130.986,-129.854,-132.689
-127.922,-126.704,-129.083
-123.432,-120.89,-123.552
-122.359,-119.565,-122.53
-116.076,-114.399,-117.252
-120.177,-119.242,-120.777
-123.384,-121.954,-121.292
-125.156,-123.545,-121.141
-125.099,-123.73,-121.261
-121.645,-120.726,-119.37
-122.565,-122.758,-122.742
-112.447,-113.789,-114.684
-106.757,-109.691,-109.871
-106.42,-110.859,-108.476
-105.5,-109.884,-104.525
-110.386,-113.868,-107.445
-102.25,-104.98,-100.064
-97.7811,-100.22,-96.7199
-95.5264,-97.9152,-95.0129
-91.1128,-93.4555,-91.7964
-93.1905,-96.12,-94.8143
-83.2521,-86.9321,-84.7589
-73.6545,-77.6996,-74.9644
-65.5699,-70.4318,-67.3376
-60.0752,-65.974,-62.7724
-65.1694,-71.0476,-67.9257
-61.3899,-65.9591,-62.7139
-67.0159,-70.497,-67.3328
-83.0454,-86.5416,-83.6615
-88.2295,-92.4458,-89.2901
-80.2975,-86.1848,-82.0978
-48.515,-56.6824,-51.011
-26.5758,-36.0933,-28.3112
-25.6544,-35.0603,-26.648
-30.9199,-39.9677,-33.0705
-41.9602,-51.3351,-46.1829
-42.3521,-52.8216,-48.984
-46.1309,-58.2293,-54.9173
-47.509,-60.2959,-56.9776
-37.5136,-49.6985,-46.8817
-30.971,-43.0715,-40.9403
-32.6253,-45.1456,-43.3904
-47.6198,-60.1249,-57.9365
-48.7919,-61.0686,-58.5102
-38.6114,-50.7579,-48.9052
-36.1732,-48.6099,-47.7032
-30.6291,-43.1719,-43.3827
-38.3172,-50.0162,-51.7382
-41.143,-51.4138,-54.5894
-31.7675,-41.1876,-44.7924
-31.7834,-41.4689,-44.1925
-34.2367,-43.7803,-46.0548
-50.5993,-59.3274,-61.9094
-47.6598,-56.0788,-57.902
-25.771,-33.3287,-34.0531
-23.2507,-29.1625,-30.0308
-20.9019,-26.4909,-27.3104
-25.1071,-32.2763,-31.2364
-28.0518,-36.875,-33.8853
-30.7591,-39.7318,-36.8555
-40.2029,-48.7056,-46.5029
-33.0908,-41.497,-38.8821
-30.8914,-39.836,-36.1535
-32.886,-42.6507,-38.2283
-35.5877,-45.1644,-40.2766
-42.3848,-51.1976,-45.5653
-29.9649,-38.0348,-32.2975
-23.5174,-31.0421,-25.5818
-21.8931,-29.9611,-23.6021
-18.2955,-27.3763,-18.9993
-18.8684,-28.1872,-18.0794
-6.47869,-15.5864,-5.93706
-7.31774,-16.4082,-9.19005
-9.13799,-17.8332,-12.3486
-8.22663,-15.8573,-10.8483
-17.7758,-24.1861,-19.8117
-8.44668,-13.2429,-10.6494
4.12786,0.584187,0.973384
18.7218,14.7914,14.1378
33.9559,28.767,28.33
37.1976,31.2896,31.127
44.8696,39.4413,39.2169
41.8956,37.2888,37.3423
40.2724,35.7663,36.5627
44.8187,39.5273,41.9486
44.7074,37.8559,42.5251
55.0191,46.863,53.3069
48.1452,40.0006,46.9902
38.6723,31.12,37.0983
37.563,30.3836,34.714
29.8376,23.2797,26.2983
31.5097,25.7276,28.1091
28.0382,22.1825,25.5379
31.8458,24.9338,30.231
36.9561,28.8831,35.1244
29.5647,21.0469,27.1923
29.5664,21.5972,27.2404
22.0324,14.2042,19.7733
21.1547,12.7538,18.436
24.6751,15.8803,21.5744
16.6109,6.62132,13.3648
20.1586,8.85398,15.9846
19.2266,8.91455,11.8599
22.5428,14.714,10.7286
30.0849,22.7414,15.902
23.6306,14.3307,9.19139
17.574,6.65729,2.82228
-2.88967,-14.7097,-17.7615
-16.5242,-28.7781,-30.2064
-22.8191,-33.2996,-34.8213
-39.2998,-46.8078,-51.3174
-41.6882,-46.9713,-56.061
-44.4803,-47.9989,-60.9239
-44.3399,-46.8326,-61.4498
-42.1008,-44.1659,-59.613
-47.941,-49.6503,-65.9413
-44.7856,-46.6502,-63.0728
-50.5165,-53.0299,-67.902
-53.9399,-57.1943,-70.2169
-50.4735,-53.6262,-67.0248
-57.1347,-58.9566,-74.5571
-58.1904,-59.2473,-75.7493
-65.9984,-68.523,-82.82
-67.0905,-71.5684,-83.0883
-62.8131,-66.7143,-78.0367
-73.4354,-75.0215,-87.9608
-82.7509,-83.0921,-97.2023
-93.8633,-95.0857,-109.287
-85.9896,-88.8903,-103.363
-69.165,-72.276,-87.6116
-67.8578,-70.1127,-85.1554
-64.8887,-67.2403,-80.6172
-72.307,-75.3379,-87.545
-77.9554,-80.9713,-93.8689
-76.2809,-78.5276,-93.2867
-75.7077,-77.422,-93.455
-63.9251,-66.4842,-82.5248
-66.0333,-69.2801,-85.1237
-67.9624,-70.0872,-86.2033
-65.4581,-66.8646,-82.3527
-74.6003,-76.984,-91.2691
-72.6744,-75.9471,-90.4348
-78.0174,-81.7928,-96.9994
-82.1003,-86.5971,-101.692
-80.0106,-84.94,-99.4376
-76.1127,-81.7076,-94.5064
-60.1097,-67.5963,-77.8256
-66.9471,-76.5811,-84.6632
-74.2952,-84.7815,-91.6951
-71.7002,-81.5119,-89.0044
-75.5754,-84.5351,-93.3429
-67.8321,-76.7424,-85.4566
-72.9002,-81.8037,-89.1272
-75.802,-84.7835,-90.8767
-74.4936,-84.5241,-89.9478
-93.5164,-105.397,-109.851
-101.123,-114.471,-118.022
-110.553,-124.018,-128.373
-115.363,-128.311,-134.09
-111.559,-124.512,-130.28
-117.549,-130.518,-135.52
-108.714,-121.084,-125.544
-110.497,-122.345,-126.159
-113.68,-126.034,-128.042
-118.702,-132.231,-132.425
-143.925,-157.164,-157.814
-142.175,-153.44,-156.106
-138.83,-148.319,-153.911
-140.903,-149.586,-157.766
-134.025,-143.386,-151.632
-134.136,-145.226,-151.575
-122.049,-135.083,-138.425
-120.641,-135.294,-136.437
-132.145,-146.385,-149.109
-145.472,-158.6,-163.361
-161.835,-176.475,-178.433
-150.4,-168.245,-165.856
-141.182,-161.052,-157.883
-138.521,-158.86,-156.638
-131.52,-152.302,-149.924
-141.273,-162.476,-159.441
-134.886,-155.614,-152.58
-127.533,-147.588,-144.849
-122.811,-143.274,-138.944
-110.691,-133.055,-125.283
-107.653,-132.149,-122.32
-94.3122,-119.514,-110.901
-97.4034,-121.719,-116.45
-102.193,-125.706,-122.315
-89.8701,-113.516,-109.926
-87.2122,-110.629,-107.966
-75.5221,-98.1176,-97.1335
-70.6385,-92.2664,-90.7585
-64.8631,-85.2591,-81.7134
-48.138,-68.4482,-63.6881
-50.1511,-71.5593,-67.3023
-46.1935,-67.8915,-64.8843
-45.5607,-66.5475,-64.5277
-40.9897,-60.8592,-60.1962
-23.1969,-42.2809,-43.1365
-32.1514,-50.736,-52.9043
-35.0972,-53.126,-55.3994
-28.6077,-46.5641,-47.6447
-19.6835,-37.7412,-38.2163
-0.689973,-18.2132,-19.0789
8.99258,-7.40251,-9.24629
26.1548,10.1174,7.87774
32.7363,15.7679,14.041
30.5781,12.9583,11.0765
37.9807,20.8901,17.546
41.6767,25.7173,19.8274
55.6616,41.021,32.7961
62.6537,48.5799,40.5972
61.2555,46.4784,40.4729
63.6119,47.7074,43.1337
56.0103,39.5805,35.2187
58.309,41.8635,37.4912
59.4671,41.98,38.6035
57.8801,38.8178,35.9281
61.5459,41.7673,38.3669
49.4657,30.0459,25.9756
42.4151,24.0647,19.9051
33.3649,15.5565,11.7815
23.9588,5.92929,1.60315
24.028,5.12493,0.0743992
12.6482,-7.95733,-12.9839
6.51467,-15.1922,-19.4205
5.58055,-16.1214,-18.8713
14.3421,-7.12882,-9.91043
23.3335,2.71215,-2.197
3.6472,-15.418,-21.9963
-18.7098,-36.3805,-42.3464
-41.9001,-58.9659,-62.9405
-54.2797,-71.4955,-74.5725
-43.2232,-61.437,-64.4453
-42.5812,-62.2128,-64.9689
-42.2864,-63.19,-65.1698
-43.761,-66.2841,-66.2245
-52.8653,-75.8833,-74.3402
-64.8525,-85.8974,-84.9155
-79.8771,-98.7422,-98.7855
-75.8972,-94.1336,-94.1541
-75.1965,-93.5393,-93.0019
-83.309,-101.366,-100.621
-88.9665,-106.668,-105.744
-96.0037,-114.352,-113.37
-90.3681,-109.585,-109.159
-92.7181,-111.388,-111.988
-99.6688,-116.789,-118.417
-92.2611,-109.092,-110.01
-89.1014,-107.449,-106.166
-97.311,-115.865,-115.049
-116.333,-132.644,-134.889
-118.568,-133.613,-136.124
-92.4599,-109.104,-107.745
-63.1716,-82.5397,-77.2116
-34.9126,-56.9928,-49.8869
-16.6071,-41.4476,-33.137
1.23139,-25.1106,-15.0919
19.2036,-7.86675,4.65107
30.6745,1.37761,17.3647
52.7594,20.9194,39.3805
70.5155,37.5806,55.9509
83.1294,49.3546,66.205
81.7243,46.7573,63.4094
65.688,30.6647,49.5498
65.8174,31.7426,54.3281
70.2861,36.1607,63.0199
68.8806,34.4669,63.01
51.687,18.3991,44.8624
32.6651,1.11446,25.5815
40.6401,10.0698,34.4367
41.6239,10.6407,35.9657
26.5374,-5.46896,21.3402
10.2357,-21.9027,6.29275
1.98075,-29.0558,-0.431103
8.98263,-21.0787,7.91807
-4.0787,-33.6859,-4.09868
-19.907,-49.0244,-20.7957
-16.3091,-45.0333,-19.1268
-7.89806,-36.0173,-10.1742
-3.20832,-30.5673,-3.12204
-20.7317,-47.761,-19.5831
-20.7587,-47.9788,-20.2333
-5.74014,-33.0018,-5.94524
-6.34611,-32.5132,-5.92677
-2.17984,-26.5985,-0.591708
-1.73531,-25.6027,0.112967
4.17646,-20.616,5.77694
8.34578,-17.8096,9.1694
0.852213,-26.4195,0.358996
2.95799,-24.0081,2.64219
-3.47043,-28.9998,-2.23403
-6.69885,-32.0409,-5.07658
-4.21389,-30.7223,-2.56653
-9.28971,-36.0607,-6.44165
-2.82794,-28.6123,0.834777
0.533754,-24.3298,3.65089
9.19614,-14.2344,11.4454
10.7914,-10.3328,12.4016
-7.56027,-28.1388,-6.80271
-14.2456,-36.2536,-14.6359
-15.6087,-37.6594,-16.3223
0.761355,-19.6297,0.853313
19.1931,-0.126244,20.5028
20.5518,1.96825,22.1316
30.1975,13.7444,29.7047
34.8136,20.9282,31.1492
41.7182,29.5905,35.0021
43.2905,32.8664,35.7772
31.8941,22.6183,28.0926
47.5043,38.4317,47.2154
73.1494,64.7948,71.7998
99.8224,92.0825,96.4048
118.434,109.197,115.328
122.157,109.557,120.558
136.703,119.784,135.567
140.096,118.317,138.403
144.243,117.789,143.097
151.024,121.258,151.239
147.478,115.318,147.732
152.062,116.129,152.143
150.38,107.972,152.137
153.743,103.709,157.661
155.804,100.349,161.018
145.227,86.8812,151.242
140.335,79.6894,147.869
121.857,58.6177,132.413
102.729,36.2468,115.857
84.4323,14.5,98.2432
56.5528,-15.9579,69.9104
41.1577,-33.2401,53.9583
18.7696,-58.0639,32.0978
3.45462,-75.6071,18.8626
-3.04082,-82.499,15.397
-10.9781,-89.9822,9.85911
-5.01093,-84.0469,15.4532
-28.1132,-107.564,-9.68214
-57.6809,-137.675,-39.836
-67.4032,-147.132,-48.9543
-76.9817,-155.351,-58.3443
-72.7238,-149.991,-54.372
-79.1555,-155.625,-60.6969
-87.4967,-162.247,-67.8504
-89.5898,-162.018,-69.4328
-100.052,-171.048,-81.738
-96.9761,-167.354,-80.503
-100.052,-169.733,-83.4479
-102.9,-172.343,-85.3066
-98.9638,-168.697,-81.5657
-101.177,-170.931,-85.9818
-87.3646,-156.759,-74.1979
-86.589,-154.882,-73.9666
-90.5874,-157.37,-77.4888
-85.0705,-151.386,-71.0329
-85.8325,-152.759,-72.0283
-73.6619,-140.983,-61.8724
-73.3537,-139.326,-63.6421
-72.7544,-135.715,-63.3682
-64.0482,-124.115,-54.2364
-65.8052,-123.913,-55.9655
-56.6929,-113.356,-45.7477
-55.859,-111.112,-42.7488
-53.9768,-108.45,-39.9351
-44.1336,-98.6538,-31.0535
-40.6181,-94.7545,-28.6118
-23.8713,-77.6058,-11.5544
-20.147,-74.2125,-7.04364
-19.9492,-74.253,-7.3462
-11.8394,-66.1825,-1.01952
-10.4123,-64.1348,-1.08863
10.2889,-41.7503,19.4957
12.0751,-37.8541,22.484
2.1334,-45.8545,13.9594
9.71748,-37.4233,20.9172
5.70838,-41.0426,15.0351
3.10109,-42.7788,12.566
-3.60361,-49.0997,7.38412
3.62701,-42.0767,16.2334
27.2683,-19.0497,41.8416
34.372,-12.9009,49.8407
42.8377,-5.01496,57.0807
41.3073,-6.00867,53.2672
37.0729,-8.1664,47.9397
41.7222,-1.87675,54.2219
28.4783,-15.5537,44.7594
13.8905,-31.1042,34.1733
7.48272,-36.6805,28.1978
23.7132,-17.7803,40.9409
55.4219,15.8237,70.1872
57.9208,19.2658,72.5227
55.2092,18.1365,70.0739
54.5864,19.1419,69.1785
51.5871,17.1084,65.0926
54.7711,20.8492,67.1788
53.8835,20.3597,65.1548
62.112,28.86,72.1124
64.5005,31.3894,73.8983
61.9105,28.9424,72.0897
64.0059,31.2752,76.0475
64.8124,32.6681,77.3538
80.2307,48.8704,91.3232
91.8741,60.7576,102.001
92.8775,62.4769,103.653
91.5991,63.2084,103.776
86.7556,60.0245,98.7325
100.427,74.0352,111.455
117.384,90.7305,129.692
118.121,91.7992,131.45
113.265,88.2004,125.495
107.836,84.0537,118.519
110.948,87.5326,120.514
111.24,87.3405,120.544
111.327,87.1135,120.597
113.347,88.9584,122.07
110.182,85.4216,117.903
113.924,89.1315,120.667
113.14,88.2139,119.188
112.804,87.5387,118.279
111.793,87.0957,117.502
105.888,82.3837,112.263
110.822,88.0264,116.792
113.342,90.0811,118.656
112.87,87.9737,118.057
112.565,86.9257,117.926
114.504,90.0637,120.303
120.98,97.9228,126.175
112.975,90.9285,115.99
101.463,81.0828,102.268
90.8246,71.9111,90.7948
82.8012,64.1395,83.5019
94.7252,76.2294,97.0913
100.498,82.3289,104.528
100.718,82.9535,106.611
101.873,84.8118,109.547
91.9702,75.5802,100.131
81.5182,66.0354,89.8037
68.4962,53.979,77.3342
64.6319,50.6429,72.9963
60.2957,46.2509,67.1426
47.0316,32.4836,52.8386
42.442,27.4938,47.7712
38.1693,23.2486,43.2903
42.818,28.6263,48.1032
44.1745,30.6685,50.4226
24.6801,11.4291,32.4043
11.6461,-0.714086,20.4196
7.1018,-4.77748,16.2452
8.36092,-4.06919,16.4473
3.95904,-8.35589,10.0073
-10.8534,-22.0085,-5.52058
-15.0486,-24.8266,-8.64239
-21.4211,-30.2532,-13.296
-27.4153,-35.2352,-17.8752
-36.2133,-43.0244,-26.8425
-48.3844,-55.3776,-41.4453
-46.8722,-54.1054,-43.0071
-44.2017,-50.548,-42.0708
-36.3062,-41.7534,-35.0745
-34.439,-40.2307,-34.1192
-44.7792,-51.5846,-44.7982
-45.7113,-52.3547,-44.6903
-43.6142,-49.9633,-41.6501
-38.2816,-45.6962,-36.8996
-41.3579,-49.2309,-40.1499
-57.8899,-64.5989,-56.8545
-67.995,-73.4238,-68.3768
-75.3393,-80.4813,-76.1253
-62.5558,-68.3991,-61.9196
-46.8483,-54.072,-45.1601
-55.0116,-63.9181,-53.5304
-65.4645,-76.0508,-64.2284
-75.9274,-88.5819,-75.2132
-75.2763,-89.4046,-75.6803
-81.5519,-94.4366,-81.9931
-108.999,-118.509,-107.674
-129.154,-135.031,-125.152
-133.869,-137.301,-128.061
-110.598,-113.93,-105.655
-81.2153,-85.8461,-78.8169
-72.1868,-76.8998,-71.6997
-68.5711,-71.6573,-67.6664
-75.5785,-77.1965,-72.3057
-76.2809,-76.9131,-71.7957
-66.1208,-65.5555,-62.6588
-66.2923,-64.4775,-64.7027
-65.2592,-62.816,-64.3614
-59.5459,-57.811,-56.9533
-42.1176,-41.2946,-36.8495
-30.8724,-29.6621,-23.4583
-33.4757,-31.1166,-25.8739
-32.8572,-29.1416,-27.4568
-36.2007,-31.5811,-33.666
-26.2278,-21.7591,-26.5255
-14.3447,-9.75311,-15.9065
-18.3987,-12.208,-18.1324
-19.6539,-11.539,-16.6701
-15.4145,-6.99251,-11.1149
1.51589,9.6124,5.89994
12.1791,21.6448,17.2265
3.13694,14.3035,9.32191
1.97075,13.3806,7.38252
7.57681,20.0273,11.0717
19.4785,34.3138,21.7963
22.4441,37.8492,23.9593
8.15466,22.3545,9.45482
-2.42575,11.0971,-0.814018
-12.0174,1.23227,-9.93556
-9.43699,3.4988,-6.10928
-7.35127,5.93633,-2.4092
-12.089,1.65339,-6.54671
-3.96249,9.08321,0.631664
6.83842,18.1792,10.2526
23.9271,35.8346,26.3262
38.2937,54.7596,38.3037
47.7116,67.9701,44.829
67.8952,88.7783,63.7454
80.856,102.487,76.2339
90.4605,114.214,84.7948
92.8306,117.927,85.9028
83.1617,108.779,75.1901
85.6173,113.381,76.7119
96.835,128.3,87.4382
115.675,150.186,107.057
114.651,150.719,108.587
87.0884,123.284,84.2237
61.3324,96.505,59.9693
42.5698,77.5108,41.2393
52.7978,89.3302,51.3773
66.8955,104.367,66.3123
62.4353,98.2821,63.3116
61.3472,94.8781,61.9785
53.5375,86.3122,53.1359
42.4852,75.7934,41.9861
28.2449,62.2005,27.8132
14.8122,48.9683,13.2029
24.4325,58.4499,20.7201
37.6315,71.4609,34.0051
48.5396,82.4729,48.173
50.4912,84.9199,53.5985
45.0392,79.9399,49.2306
48.6474,83.3755,51.7141
44.4771,78.3759,46.1963
47.2967,80.7652,48.9666
53.9428,87.3711,56.797
62.0325,95.0022,66.157
76.3117,109.496,81.1633
70.1006,104.19,76.1478
67.0542,100.934,74.8426
65.9294,99.1775,74.4975
61.8047,95.7255,69.9826
74.1763,110.017,81.4453
78.2046,115.639,83.7892
80.4779,117.885,83.9843
78.2222,114.989,80.6659
74.6399,111.904,77.2993
101.615,140.793,105.062
128.566,170.308,132.959
154.721,198.725,159.942
183.088,228.992,188.178
204.018,251.688,208.38
226.001,274.366,230.374
224.945,273.783,229.142
232.969,284.473,234.893
263.756,318.823,263.027
295.455,352.219,295.113
325.977,383.999,327.606
331.527,392.533,333.723
328.823,392.654,330.032
323.766,388.061,323.142
321.139,384.843,319.537
330.454,394.97,329.702
317.43,383.397,317.848
303.148,369.279,303.349
297.482,363.594,295.766
292.438,358.554,288.67
299.056,363.735,293.466
285.537,347.572,277.625
271.907,330.424,263.478
265.916,320.345,259.963
251.265,301.693,247.601
243.691,290.282,239.271
226.329,269.189,219.966
213.636,252.717,207.443
202.884,238.776,198.334
185.781,219.882,182.043
178.857,212.294,174.588
162.258,195.199,156.721
147.487,179.266,139.928
132.128,162.301,122.624
113.76,142.205,104.301
110.195,137.253,102.312
95.4713,122.42,89.1242
83.1861,110.467,77.373
73.8137,100.646,67.243
60.4321,86.8917,53.1795
58.8378,85.3291,50.7655
40.3504,66.938,30.415
26.9263,53.3762,15.0745
23.5554,49.6933,10.4308
13.8966,40.4812,1.0379
13.9242,41.4416,1.89285
1.89138,29.8777,-10.8029
-10.5313,16.9158,-23.762
-13.9576,11.8413,-25.6585
-14.8869,9.26495,-24.009
-12.9712,11.2355,-19.8607
-31.2691,-5.59136,-37.3985
-41.6308,-15.3774,-48.9013
-38.867,-14.0443,-48.4691
-36.5097,-13.4872,-48.5135
-19.9904,2.93397,-32.5532
-16.4388,7.60467,-27.3717
-14.8061,9.95601,-24.5583
-15.4365,9.45279,-26.647
-24.8992,0.0795128,-37.993
-22.5133,2.45705,-35.0966
-29.0294,-4.40341,-39.6996
-26.1457,-2.02846,-35.5995
-13.3246,10.2662,-22.9342
-0.256887,22.7158,-10.6387
24.3581,46.728,13.8071
33.5561,55.9693,24.2589
42.2624,65.9491,34.5748
53.8577,79.6966,46.8895
57.0011,85.1903,50.5311
59.8496,89.4315,53.3404
43.8164,72.7267,35.7871
46.1763,73.3256,36.7482
71.1567,97.0038,61.8096
86.0383,111.284,77.1949
98.73,123.787,89.7534
96.7745,121.88,87.6884
110.117,134.741,101.431
125.677,149.332,116.174
121.303,144.754,109.673
132.739,156.44,120.411
136.593,160.548,126.128
144.514,169.269,136.4
166.258,191.811,158.367
174.371,200.172,164.549
178.371,204.183,167.344
169.853,195.563,160.001
158.798,184.921,150.574
146.768,173.987,138.875
133.599,161.293,124.876
138.405,165.284,128.744
126.067,151.401,115.554
109.127,132.977,97.5961
98.3998,121.589,86.3466
83.7785,107.745,72.6389
94.1687,120.07,85.8769
85.9704,113.304,80.0159
57.1594,84.2777,51.5168
41.1154,67.0426,35.088
31.4415,56.1409,24.2656
31.6009,56.0363,23.0272
9.5982,35.2066,-0.233014
-20.2868,6.66186,-31.469
-36.7173,-9.96114,-47.5698
-53.9319,-29.2579,-62.436
-60.9867,-38.3317,-67.3327
-76.1584,-53.7867,-81.8333
-98.3998,-75.1074,-104.038
-119.133,-94.557,-124.304
-145.241,-119.954,-149.508
-153.957,-129.376,-156.518
-157.967,-135.522,-158.916
-162.726,-143.193,-163.49
-163.116,-146.111,-164.847
-176.015,-161.107,-178.942
-181.575,-170.659,-183.866
-183.81,-179.422,-183.965
-188.959,-190.416,-187.942
-194.27,-200.136,-192.689
-207.068,-218.085,-204.308
-209.566,-226.214,-205.503
-210.715,-231.79,-205.674
-214.476,-238.275,-208.064
-221.595,-247.944,-213.373
-231.205,-261.15,-221.951
-228.937,-261.772,-219.44
-232.529,-266.722,-222.742
-242.593,-277.805,-232.501
-250.46,-286.843,-240.114
-249.9,-287.589,-239.743
-229.012,-268.56,-219.587
-213.876,-256.404,-205.643
-220.411,-265.277,-213.15
-233.757,-279.545,-224.476
-238.991,-286.163,-225.072
-233.536,-282.249,-217.001
-234.202,-283.587,-219.837
-230.26,-279.751,-219.053
-218.565,-268.193,-205.2
-208.429,-258.885,-188.873
-198.272,-249.379,-173.719
-200.426,-251.158,-172.318
-196.827,-247.84,-164.78
-187.187,-239.937,-152.518
-181.78,-235.531,-148.43
-177.038,-229.234,-146.593
-182.894,-232.527,-153.137
-183.676,-230.958,-153.057
-178.644,-223.21,-147.72
-169.89,-212.906,-140.026
-165.387,-208.784,-137.087
-175.196,-219.412,-146.914
-170.904,-215.041,-141.178
-162.928,-205.218,-131.919
-157.707,-197.283,-126.962
-146.869,-184.497,-118.169
-149.445,-187.228,-122.656
-144.901,-184.682,-118.419
-138.004,-178.756,-111.318
-138.528,-177.733,-112.289
-128.965,-165.286,-102.872
-126.539,-161.006,-100.55
-121.193,-156.151,-96.1983
-118.227,-153.937,-93.271
-116.233,-151.009,-89.9055
-102.456,-135.991,-76.0717
-103.049,-135.824,-77.7253
-100.505,-131.756,-75.5929
-100.718,-129.771,-76.1274
-109.407,-136.852,-85.1881
-100.433,-127.295,-76.1738
-86.7159,-114.398,-61.7228
-65.0223,-94.9541,-39.3456
-49.6837,-81.6913,-24.48
-46.5616,-79.4857,-22.6208
-38.8425,-72.2756,-16.3878
-45.386,-79.3531,-23.7654
-37.8124,-72.1714,-15.492
-17.365,-52.3621,5.19472
-12.2121,-48.2148,7.31727
-9.14909,-46.2412,5.53459
-16.8336,-54.9687,-5.12927
-18.2676,-56.4423,-7.399
-20.2023,-56.8923,-9.53452
-25.3606,-60.3922,-14.8932
-15.6316,-49.8269,-6.46368
-15.1414,-48.9238,-7.49111
-13.598,-47.7505,-6.44344
-14.7379,-50.4628,-7.26793
-20.4308,-57.7051,-11.3839
-14.1848,-52.0518,-4.75857
-17.8363,-55.2138,-11.8159
-18.6175,-54.8733,-16.4895
-16.2247,-51.9027,-14.9323
-13.1217,-48.2827,-9.87825
-3.86007,-37.0218,3.19392
-17.7289,-48.1755,-7.10946
-26.7299,-55.6044,-16.1012
-31.9489,-60.5066,-25.2278
-46.4896,-74.9884,-43.5407
-47.6814,-75.6846,-45.6683
-49.6306,-76.6086,-46.9069
-46.2013,-71.7456,-42.9478
-52.868,-77.0682,-50.7379
-67.7141,-91.7624,-67.377
-65.0869,-90.0153,-64.9318
-65.307,-90.7358,-64.6078
-61.5908,-87.1257,-62.0391
-64.4512,-90.0878,-67.0738
-79.1777,-104.208,-81.7806
-80.8559,-104.839,-80.226
-81.8578,-104.821,-78.9536
-74.4769,-96.0518,-72.4412
-73.0207,-93.345,-70.4774
-78.7772,-99.1739,-73.3603
-67.8123,-89.5473,-61.8418
-65.5323,-88.4744,-61.4851
-59.9261,-82.8078,-56.7495
-58.5484,-79.6806,-55.7907
-70.0488,-89.4184,-69.2319
-72.5482,-91.9982,-74.4762
-75.3086,-96.1183,-78.8545
-71.7919,-94.1221,-74.4034
-82.824,-106.107,-83.6515
-103.394,-127.159,-104.593
-101.832,-125.187,-104.337
-96.0508,-117.854,-98.4454
-79.8753,-100.39,-81.3325
-70.4004,-90.5148,-71.525
-79.3189,-99.8515,-81.0501
-80.4006,-101.377,-83.0733
-81.888,-102.263,-86.5481
-70.5987,-90.189,-77.3158
-60.2975,-79.0776,-66.6939
-55.7321,-73.0976,-60.7216
-33.5469,-49.8855,-38.8104
-19.6979,-36.1105,-28.4454
-11.5235,-28.4475,-25.4018
-14.6648,-31.8377,-29.9058
-25.3097,-43.1967,-37.0427
-24.537,-43.3624,-32.6644
-30.4347,-48.9395,-36.0675
-26.5992,-43.7664,-29.3325
-19.3395,-35.2661,-20.0554
-19.6724,-35.6421,-21.0074
-16.9706,-34.0152,-20.0558
-31.9798,-49.7916,-35.5492
-37.8228,-56.078,-40.9745
-28.7874,-46.9255,-32.3208
-21.4668,-38.7018,-26.1087
-9.70615,-25.3121,-15.4507
-11.4197,-25.0389,-18.843
-3.28736,-16.4981,-13.1061
6.2265,-8.52416,-4.93619
3.81204,-12.0895,-5.22034
7.54319,-7.71585,3.04433
4.1556,-10.2934,3.28194
8.59772,-6.21137,9.09075
11.8362,-3.18375,11.5756
9.82747,-4.59996,7.62409
18.0828,4.7752,14.8595
15.8113,3.98356,14.1375
20.3421,9.72354,20.8193
29.1578,18.2826,29.1163
34.5172,21.0652,31.7909
44.2358,28.0707,39.1519
29.6031,12.5404,22.6805
22.4387,5.29207,13.9559
31.6086,15.2518,22.1162
33.6084,18.3687,22.4694
32.5386,17.4757,19.5403
25.6395,11.048,14.0702
39.5465,26.1848,32.4183
51.0977,38.3553,45.8971
44.4566,30.7623,36.442
41.3893,25.9208,28.8933
32.3095,16.6475,17.1222
33.9971,19.882,17.9752
36.4954,23.639,21.2857
31.14,19.6269,20.0518
31.6422,22.0608,25.6887
20.8612,12.1882,16.6314
17.5349,8.00104,10.9948
19.3283,8.68715,9.86072
20.2863,9.53721,11.493
29.5321,18.3853,24.6991
19.574,7.36141,17.1464
13.2375,1.10901,10.6144
12.0622,1.43969,9.93548
8.79816,-0.816046,7.94422
13.6692,3.63323,12.6415
9.10894,-2.31776,6.31989
18.2516,4.74318,13.2311
24.3788,9.75772,17.8389
14.0225,1.0222,8.43022
12.0823,1.24661,10.8934
4.42636,-6.9083,8.62615
1.48012,-11.7607,7.40553
-1.34417,-14.6227,1.20398
-3.8687,-14.9599,-6.53261
10.3599,1.54428,4.36678
14.6922,6.52126,8.61967
15.1086,6.14909,10.9118
3.71858,-5.57986,-1.03433
-15.7606,-24.1619,-25.2346
-19.2046,-27.3596,-34.0012
-29.2363,-38.7757,-44.6314
-33.6882,-44.9322,-41.8107
-38.5985,-51.4729,-36.7316
-47.2174,-62.1586,-40.8379
-52.5039,-68.5725,-47.7293
-82.4443,-97.6828,-81.1423
-111.844,-125.396,-113.974
-130.522,-142.039,-136.079
-139.513,-149.707,-147.73
-130.783,-142.368,-138.161
-133.301,-147.802,-135.055
-134.571,-150.806,-129.898
-140.236,-157.018,-132.519
-154.099,-170.968,-146.188
-161.987,-178.394,-155.129
-194.346,-210.121,-189.643
-215.01,-231.384,-212.03
-222.557,-240.778,-220.328
-240.487,-260.07,-239.239
-241.101,-260.341,-240.841
-250.681,-267.051,-250.733
-262.493,-275.232,-261.889
-273.304,-284.767,-271.493
-293.699,-305.935,-291.399
-297.777,-311.002,-295.736
-302.705,-317.173,-299.503
-311.053,-326.82,-304.799
-327.672,-343.99,-318.949
-366.444,-383.216,-357.843
-434.085,-451.778,-428.085
-578.716,-597.008,-576.074
-783.673,-801.898,-782.964
-1012.99,-1032.04,-1013.04
-1259.86,-1280.78,-1260.83
-1507.99,-1529.77,-1508.53
-1790.22,-1811.59,-1788.11
-2109.29,-2130.95,-2103.77
-2465.18,-2487.34,-2458.76
-2857.71,-2877.65,-2855.12
-3249.61,-3265.87,-3251.98
-3635.18,-3650.33,-3640.68
-3971.58,-3988.48,-3980.48
-4230.74,-4249.61,-4244.23
-4425.79,-4445.78,-4440.49
-4619.61,-4640.33,-4628.96
-4953.49,-4974.59,-4956.29
-5452.82,-5473.68,-5453.29
-6044.98,-6065.21,-6045.65
-6647.15,-6666.73,-6648.36
-7161.29,-7180.4,-7164.67
-7559.51,-7578.11,-7567.63
-7824.09,-7841.06,-7836.43
-7959.51,-7974.05,-7971.97
-8000.61,-8013.49,-8010.84
-7959.95,-7972.83,-7969.43
-7869.41,-7883.32,-7879.38
-7703.44,-7718.09,-7712.21
-7438.43,-7453.29,-7444.46
-7104.13,-7118.65,-7109.07
-6733.93,-6747.9,-6739.29
-6382.72,-6396.06,-6388.03
-6053.62,-6065.92,-6058.71
-5739.97,-5752.03,-5744.93
-5462.8,-5475.68,-5467.76
-5228.45,-5242.49,-5234.13
-5051.94,-5067.49,-5059.38
-4892.13,-4909.15,-4901.1
-4699.49,-4718.17,-4708.42
-4479.8,-4499.61,-4488.29
-4255.46,-4274.85,-4264.54
-4070.82,-4089.06,-4081.08
-3910.36,-3928.1,-3920.36
-3752.41,-3770.91,-3760.52
-3606.28,-3625.9,-3612.44
-3468.78,-3488.83,-3473.42
-3371.22,-3390.21,-3375.86
-3310.3,-3327.67,-3318.1
-3260.4,-3277.56,-3272.38
-3192.61,-3210.13,-3204.47
-3083.71,-3101.14,-3091.5
-2961.09,-2979.71,-2968.21
-2807.96,-2829.04,-2819.1
-2601.28,-2623.68,-2613.74
-2354.81,-2376.5,-2364.83
-2076.53,-2096.35,-2087.1
-1790.17,-1808.7,-1803.62
-1467.86,-1486.62,-1478.38
-1088.61,-1108.7,-1091.39
-674.088,-695.692,-671.964
-233.058,-255.039,-230.072
214.241,193.137,214.831
698.487,678.036,694.02
1232.13,1211.89,1223.83
1795.8,1776.01,1787.34
2391.6,2371.56,2384.35
2996.79,2975.95,2989.45
3599.77,3579.28,3591.76
4135.69,4115.83,4128.41
4523.38,4502.58,4518.51
4782.66,4760.44,4781.38
4971.01,4948.88,4972.54
5140.08,5119.24,5141.29
5271.1,5251.74,5270.66
5327.2,5308.28,5326.6
5334.99,5315.27,5335.72
5317.57,5297.72,5318.96
5309.12,5290.44,5309.42
5290.22,5272.9,5289.77
5212.67,5196.26,5212.87
5065.97,5049.83,5067.27
4822.28,4805.25,4825.24
4498.98,4480.15,4504.1
4120.45,4100.47,4126.68
3728.8,3709.17,3733.51
3409.65,3391.39,3411.34
3175.7,3159.39,3176.56
3008.4,2994.4,3012.13
2880.85,2868.53,2887.81
2789.36,2777.21,2796.51
2769,2755.17,2775.17
2801.13,2784.89,2807.57
2881.78,2864.55,2888.85
2986.69,2970.4,2993.52
3077.04,3062.69,3083.8
3179.64,3166.39,3188.05
3291.85,3278.63,3301.46
3403.8,3390.64,3412.36
3482.37,3469.3,3489.11
3502.36,3488.89,3507.4
3491.51,3476.66,3495.7
3441.05,3424.87,3444.95
3322.36,3305.67,3325.28
3100.87,3083.31,3103.92
2812.28,2793.02,2816.89
2553.76,2532.92,2559.7
2349.6,2327.63,2357.14
2188.91,2165.93,2197.34
2031.67,2007.9,2038.99
1858.58,1834.55,1864.73
1716.48,1692.76,1722.6
1610.86,1588.09,1616.4
1536.86,1515.55,1539.81
1465.9,1445.82,1464.68
1374.03,1354.87,1370.83
1294.15,1275.64,1293.44
1230.56,1211.94,1232.43
1189.75,1170.07,1191.4
1149.98,1128.78,1150.02
1091.1,1068.88,1090.53
1046.7,1023.92,1048.38
1019.88,996.284,1024.2
1001.24,977.131,1005.73
958.413,934.842,961.387
883.096,860.256,884.09
825.952,803.165,825.597
783.828,761.365,783.019
737.346,715.998,735.908
673.022,651.696,670.981
592.415,569.516,589.491
530.713,506.774,526.156
483.055,459.521,478.871
448.729,426.258,449.23
416.172,394.389,422.573
372.047,350.033,380.275
339.719,317.087,344.967
319.041,296.125,319.699
308.456,286.045,305.697
291.249,269.433,287.792
266.185,244.277,264.494
261.185,239.206,262.031
250.144,228.556,252.105
216.001,194.594,217.199
167.172,145.045,168.023
115.573,92.375,117.553
81.8984,57.586,84.0486
51.0841,25.8659,50.1863
28.9065,4.03768,25.1221
11.6988,-11.8717,7.6123
-8.75532,-31.2246,-13.8796
-9.26527,-32.2037,-15.4662
-3.3063,-27.8253,-6.87058
13.0147,-11.8193,14.3516
41.2285,16.932,45.6517
72.2983,48.1848,75.6692
109.384,85.2146,108.715
129.715,105.199,125.432
146.962,122.509,140.59
174.946,151.337,167.605
195.658,172.855,188.94
205.009,181.845,199.688
189.874,165.16,184.754
170.461,145.208,163.971
178.022,153.195,169.547
203.676,179.34,193.658
225.188,202.486,215.367
224.167,202.543,216.851
226.325,203.342,221.894
244.776,219.547,241.679
267.694,241.335,265.171
291.393,265.308,288.986
304.162,278.778,300.729
321.084,295.78,317.006
346.622,321.124,343.104
372.741,347.518,369.045
391.772,366.966,387.947
396.155,371.717,394.16
411.844,388.207,411.452
444.883,421.728,444.147
475.52,451.282,473.083
491.467,466.231,487.089
500.338,475.518,495.792
522.896,498.584,520.002
546.633,522.391,545.53
567.524,543.662,567.634
591.479,568.026,591.286
608.216,583.985,606.41
626.181,600.474,623.989
634.978,608.925,634.375
643.213,617.918,644.324
663.6,638.626,664.582
673.372,647.838,672.474
676.941,650.522,674.803
674.018,646.537,671.391
681.009,652.367,677.201
703.14,673.936,698.239
719.876,690.744,714.718
735.397,706.558,729.373
732.2,703.742,723.951
725.24,697.644,715.636
726.693,700.103,717.457
717.839,690.063,708.904
718.681,688.011,709.548
711.318,678.911,702.637
683.677,650.439,675.671
646.533,612.929,637.699
585.441,552.333,574.236
525.052,492.096,511.568
467.036,433.706,453.183
411.227,377.635,398.775
367.506,333.906,356.339
316.064,282.714,305.815
274.801,241.51,264.913
239.83,206.563,228.431
217.044,183.462,203.741
206.205,172.147,192.853
177.971,144.659,165.33
168.159,136.027,155.175
170.035,138.387,155.98
168.201,136.958,153.788
175.492,144.599,161.888
172.091,141.306,159.627
172.845,141.868,160.72
173.336,141.711,160.147
168.383,136.301,153.701
170.731,138.587,155.443
160.276,128.111,144.713
156.298,124.087,140.683
154.903,122.737,140.077
145.035,113.196,130.883
144.598,112.947,130.401
135.054,103.186,121.198
136.682,104.362,124.292
150.078,117.524,139.374
159.352,127.472,149.728
171.506,140.298,162.094
171.959,139.677,162.986
178.738,143.849,172.068
186.574,150.714,181.728
196.326,164.284,190.292
224.547,198.763,216.407
250.008,228.079,240.851
290.92,270.129,281.045
342.69,322.892,331.817
388.6,371.484,376.668
435.869,422.598,422.621
463.059,453.451,448.022
487.869,482.786,471.418
511.395,511.753,494.514
540.149,544.061,523.064
591.772,597.931,573.293
616.969,628.779,593.224
631.777,651.709,601.833
655.56,680.15,626.392
678.251,704.093,655.652
709.232,736.624,692.303
723.598,753.033,709.07
729.808,760.14,714.141
731.465,761.725,711.667
727.661,759.042,702.428
734.814,769.321,706.048
732.66,771.217,704.731
729.699,772.067,704.737
727.95,772.833,703.257
714.518,760.847,686.823
704.275,751.348,675.109
690.795,738.427,662.422
684.615,733.563,656.502
679.678,730.099,650.671
666.588,718.01,635.468
664.699,715.644,632.172
657.708,706.208,625.777
653.619,699.196,622.056
648.779,691.552,616.124
635.092,675.039,601.62
634.383,671.787,600.833
635.952,671.577,603.271
643.503,678.07,614.957
647.462,680.593,624.697
637.418,668.338,618.333
636.208,664.502,618.506
632.851,659.362,614.467
626.768,654.087,606.826
614.999,644.074,595.403
591.423,620.358,574.053
578.249,605.14,562.985
566.747,591.621,552.279
560.517,585.122,545.479
551.399,576.732,534.79
525.646,550.646,508.355
498.554,522.068,482.87
470.14,492.715,456.535
455.901,478.249,443.319
439.628,461.784,426.464
407.306,429.946,393.007
386.183,409.334,372.146
373.132,395.684,359.391
372.273,394.119,357.747
371.883,393.192,357.009
359.451,379.827,345.402
360.068,379.615,347.666
361.006,380.178,349.12
360.256,379.201,347.187
360.354,378.536,346.821
348.085,365.225,335.316
339.27,355.823,326.974
338.921,355.139,325.459
348.622,364.586,333.363
351.258,366.139,335.723
339.982,352.321,324.807
332.378,341.971,317.244
325.178,333.179,310.566
323.7,331.739,309.793
315.089,323.529,301.249
293.78,301.089,279.494
278.585,283.648,264.39
267.675,270.707,254.296
261.188,262.163,248.258
248.955,248.335,236.146
227.352,227.357,215.018
207.671,209.409,196.888
187.266,189.219,178.308
180.173,180.499,171.362
175.06,173.443,165.091
159.078,157.312,148.478
151.611,151.279,142.299
146.065,146.27,137.607
144.64,143.934,133.771
140.094,137.606,126.127
129.302,124.344,113.799
126.858,120.02,111.294
122.863,116.064,108.653
119.241,114.26,106.636
111.264,107.575,99.5669
96.5716,91.9432,84.1535
84.9815,79.0601,70.4746
69.115,62.7191,52.9062
62.9772,56.2365,46.8605
64.9699,59.2464,51.312
61.1715,59.0177,50.0409
67.0396,68.0497,55.5019
79.6353,79.4052,65.1293
102.846,97.7591,86.2342
132.546,122.492,116.141
159.965,145.88,144.634
196.979,178.541,183.111
236.393,213.671,224.346
277.948,252.401,267.666
323.286,294.939,314.5
376.218,343.982,367.076
429.235,393.464,417.753
445.754,408.216,433.011
412.104,374.748,399.806
325.173,288.302,314.395
177.38,140.367,169.357
-51.3436,-88.778,-57.3463
-404.545,-443.35,-411.237
-869.029,-909.509,-877.569
-1347.12,-1388.08,-1357.32
-1725.38,-1765.62,-1737.35
-1985.91,-2024.97,-1998.39
-2199.8,-2238.63,-2211.76
-2398.24,-2437.94,-2410.03
-2594.77,-2635.16,-2606.47
-2818.5,-2858.3,-2830.53
-3115.33,-3153.81,-3128.63
-3501.71,-3540.17,-3516.34
-3907.63,-3946.76,-3923.04
-4269.69,-4309.1,-4286.06
-4577.92,-4617.16,-4596.09
-4875.68,-4913.44,-4895.08
-5214.5,-5251.04,-5232.04
-5599.14,-5635.6,-5612.7
-5993.48,-6029.29,-6004.15
-6326.47,-6361.74,-6337.2
-6573.27,-6609.55,-6587.04
-6747.27,-6784.36,-6763.47
-6823.79,-6858.88,-6839.57
-6789.51,-6821.21,-6803.93
-6674.13,-6704.03,-6686.48
-6576.06,-6606.21,-6586.13
-6589.5,-6620.27,-6598.83
-6685.1,-6716.39,-6695.63
-6812.89,-6845.66,-6825.17
-6972.86,-7006.7,-6984.62
-7220.95,-7254.09,-7230.69
-7597.04,-7629.27,-7606.56
-8126.15,-8159.13,-8137.09
-8908.29,-8943.02,-8920.25
-9859.05,-9894.66,-9871.84
-10727.2,-10762.2,-10741.4
-11395.4,-11428.6,-11409.1
-11841.5,-11872.8,-11852.1
-12043.8,-12073.4,-12052.8
-11954.8,-11982.3,-11965.8
-11530.9,-11555.6,-11543.4
-10671.3,-10693.2,-10681.7
-9447.5,-9463.71,-9455.54
-8607.98,-8616.2,-8614.81
-8766.83,-8771.34,-8771.55
-9544.64,-9549.38,-9547.89
-10424.2,-10427.8,-10427.8
-11396.8,-11397.3,-11400.7
-12616.3,-12614.7,-12619.9
-14002.9,-14000.1,-14006.8
-15338.8,-15334.5,-15344.4
-16433.3,-16427.5,-16441.3
-17071.7,-17065.4,-17082.3
-17109.3,-17101.8,-17123.9
-16546,-16535.4,-16564
-15673,-15659.1,-15690.5
-14872.2,-14855.4,-14886.5
-14173,-14153.4,-14184.4
-13451.4,-13430.3,-13461.3
-12710.6,-12689,-12720
-12053.3,-12031.7,-12062.5
-11555.9,-11534.8,-11564.9
-11170.1,-11150.1,-11179.5
-10842.5,-10824.7,-10851.7
-10566.1,-10550.5,-10574.3
-10406.7,-10392.9,-10414.4
-10445.8,-10434.1,-10453.2
-10609.9,-10601.6,-10616.8
-10802.2,-10798.7,-10807.7
-10947,-10948,-10950.5
-11015.5,-11018.4,-11018.4
-11081.1,-11084.2,-11085.8
-11085.7,-11089.3,-11093
-10903.1,-10907.2,-10911.5
-10563.1,-10567.4,-10570.7
-10228.2,-10232.6,-10235.6
-10002.9,-10007.6,-10012.3
-9814.65,-9820.38,-9824.82
-9568.68,-9574.46,-9576.24
-9210.34,-9214.61,-9214.47
-8746.48,-8749.71,-8748.9
-8284.59,-8288.15,-8286.86
-7919.12,-7923.65,-7921.96
-7711.83,-7717.58,-7716
-7644.14,-7651.13,-7649.79
-7650.42,-7658.18,-7656.35
-7707.8,-7715.83,-7713.12
-7745.39,-7754.19,-7750.74
-7674.36,-7683.73,-7680.9
-7415.51,-7423.76,-7422.49
-6966.87,-6973.31,-6971.45
-6397.18,-6402.6,-6397.85
-5708.15,-5713.42,-5706.46
-4901.19,-4906.46,-4899.51
-3996.83,-4001.77,-3995.85
-3087.63,-3092.43,-3086.49
-2329.29,-2334.47,-2326.54
-1766.79,-1772.36,-1762.03
-1368.84,-1375.11,-1364.57
-1058.84,-1066.72,-1057.51
-778.398,-787.844,-778.711
-528.819,-539.465,-528.532
-242.333,-253.677,-241.34
153.168,142.459,153.899
683.541,673.786,683.286
1301.59,1292.4,1300.28
1923.55,1915.81,1922.67
2563.75,2557.03,2564.21
3254.28,3246.28,3254.82
4012.83,4003.12,4013.17
4810.9,4800.97,4812.61
5591.18,5582.75,5594.01
6387.32,6381.43,6388.39
7230.57,7226.7,7229.21
8105.92,8103.38,8105.04
8954.95,8953.29,8956.82
9682.73,9681.6,9687.11
10265.8,10265.1,10272.5
10706.1,10704.5,10714.7
11021.7,11017.7,11030.8
11222.1,11216.4,11230.9
11291.2,11285.5,11299.9
11270.4,11265.3,11279.4
11190.8,11185,11200.7
11094,11086.3,11104.9
10999.4,10989.4,11010.5
10871.9,10859.8,10882.3
10730.7,10717.3,10740.3
10590.6,10576.7,10599.5
10458.7,10446.1,10467.5
10338.7,10328.2,10348.5
10207.2,10197.7,10217.6
10079.5,10069.3,10089.9
9949.2,9938.29,9960.6
9820.67,9810.84,9833.12
9713.51,9705.94,9724.71
9610.12,9603.96,9618.77
9525.86,9519.28,9533.38
9439.69,9432.84,9447.46
9347.81,9342,9355.4
9277.77,9272.06,9283.58
9201.91,9195.81,9205.44
9119.71,9114.53,9123.08
9018.98,9014.35,9024.12
8902.67,8896.89,8909.32
8803.51,8795.65,8810.7
8702.43,8692.67,8710.04
8589.47,8579.56,8598.27
8449.9,8441.53,8460.14
8285.04,8278.19,8295.85
8133.63,8127.14,8143.94
7995.65,7988.62,8004.67
7864.69,7857.64,7872.39
7711.85,7706.23,7718.8
7532.68,7529.19,7539.94
7370.87,7368.11,7381
7232.63,7228.42,7245.99
7122.4,7115.37,7136.16
7005.7,6994.89,7018.19
6860.82,6845.12,6871.64
6721.05,6699.44,6730.42
6596.83,6569.67,6605.9
6496.06,6465.01,6506.04
6389.33,6356.74,6400.78
6260.91,6229.28,6274.29
6137.79,6107.79,6152.85
6021.32,5992.25,6036.09
5919.12,5891.05,5932.97
5811.85,5785,5825.4
5684.66,5658.56,5696.7
5569.17,5543.42,5578.56
5469.3,5444.12,5477.28
5385.53,5360.8,5395.43
5294.76,5269.86,5308.15
5186.85,5162.26,5201.53
5091.93,5068.88,5105.56
5007.37,4986.53,5019.32
4937.37,4917.93,4949.29
4855.45,4835.87,4869.71
4744.35,4724.31,4761.6
4639.65,4619.59,4659.13
4551.08,4531.14,4570.64
4479.55,4460.16,4497.52
4394.34,4376.39,4411.27
4278.19,4261.92,4294.71
4165.36,4149.84,4181.54
4064.41,4049.28,4080.82
3978.56,3964.62,3996.54
3889.3,3876.33,3909.23
3777.55,3765.09,3798.15
3673.76,3662.19,3694.88
3590.36,3579.98,3611.87
3523.41,3514.4,3543.85
3452.13,3444.36,3471.36
3366.62,3359.59,3385.41
3287.99,3280.85,3307.13
3224,3216.18,3244.42
3180.86,3172.66,3202.35
3129.78,3121.92,3151.56
3054.22,3047.4,3076.09
2984.29,2978.65,3005.42
2929.18,2924.62,2948.96
2883.07,2879.6,2903.29
2827.7,2825.06,2850.41
2761.95,2760.29,2785.97
2713.04,2712.64,2736.25
2679.32,2679.79,2701.86
2636.41,2637.91,2659.48
2577.61,2580.32,2601.05
2520.66,2523.82,2542.62
2475.08,2478.47,2496.27
2435.86,2439.77,2459.5
2401.92,2406.61,2427.8
2356.6,2363.61,2380.97
2302.28,2312.95,2324.54
2253.36,2266.43,2277.94
2209.49,2223.33,2238.13
2176.58,2190.92,2206.94
2135.2,2150.75,2166.46
2079.15,2096.53,2111.15
2021.24,2040.15,2052.74
1974.02,1993.87,2003.26
1948.44,1969.04,1974.56
1916.93,1938.14,1942.8
1866.35,1887.76,1894.97
1810.15,1832.51,1840.85
1760.34,1784.74,1791.46
1724.47,1750.32,1755.24
1678.36,1704.3,1709.04
1609.77,1635.86,1640.9
1535.1,1562.01,1566.86
1470.77,1497.76,1502.8
1425.62,1452.75,1457.3
1372.5,1400.17,1403.65
1303.94,1331.27,1335.18
1228.32,1256.39,1260.84
1150.23,1181.44,1183.96
1089.08,1123.08,1122.06
1034.07,1068.64,1066.04
981.923,1016.27,1014.37
934.201,969.183,967.758
889.472,925.211,923.878
855.435,891.756,890.003
816.401,853.978,851.548
775.367,814.31,811.397
742.17,782.34,778.811
713.836,755.904,751.354
698.698,742.827,737.041
682.506,727.846,721.791
663.677,710.094,703.368
649.065,697.285,687.563
635.039,685.596,672.225
626.332,679.931,664.076
608.72,665.058,648.024
594.433,651.993,634.699
589.013,647.678,629.517
582.674,642.629,621.927
584.563,645.196,621.134
580.698,641.521,615.703
567.891,629.454,603.708
542.329,607.603,579.629
498.746,570.005,536.58
454.233,529.977,492.585
403.321,480.628,442.175
349.195,427.321,386.905
293.149,372.947,329.805
224.567,305.962,262.496
158.966,241.858,198.911
85.9212,170.42,126.713
5.27671,90.9856,46.0605
-74.7561,10.6762,-33.8639
-158.998,-76.0301,-116.922
-237.032,-156.833,-193.373
-319.94,-242.401,-275.647
-402.084,-327.868,-357.311
-489.838,-418.397,-444.07
-594.348,-525.543,-547.369
-692.914,-626.737,-644.695
-788.515,-723.747,-739.216
-874.361,-810.836,-824.51
-948.717,-887.095,-898.268
-1024.05,-964.487,-972.88
-1087.37,-1029.72,-1036.85
-1140.68,-1084.85,-1092.04
-1179.8,-1125.82,-1133.18
-1211.98,-1159.26,-1166.46
-1251.35,-1199.78,-1206.42
-1285.07,-1235.41,-1241.18
-1327.31,-1279.2,-1283.22
-1371.48,-1324.71,-1326.38
-1409.41,-1364.39,-1364.93
-1449.48,-1404.85,-1406
-1478.3,-1431.38,-1434.21
-1498.74,-1448.28,-1452.78
-1502.96,-1450.24,-1455.73
-1498.91,-1445.97,-1452.07
-1504.1,-1451.86,-1457.74
-1505.39,-1452.97,-1458.62
-1503.66,-1449.71,-1456.33
-1499.08,-1443.48,-1451.77
-1505.48,-1448.2,-1458.55
-1529.58,-1470.72,-1482.67
-1537.96,-1478.95,-1491.84
-1537.09,-1478.68,-1492.95
-1537.46,-1478.65,-1494.24
-1542.69,-1482.66,-1499.1
-1556.34,-1495.44,-1512.94
-1557.95,-1496.83,-1514.98
-1562.92,-1501.25,-1519.13
-1572.12,-1509.48,-1527.5
-1582.5,-1519.33,-1538.29
-1595.7,-1532.23,-1551.88
-1594.62,-1529.98,-1551.18
-1587.19,-1520.24,-1544.45
-1561.02,-1491.67,-1518.61
-1522.39,-1452.13,-1480.53
-1495.11,-1424.98,-1454.05
-1462.87,-1391.81,-1421.7
-1423.28,-1351.29,-1381.02
-1368.97,-1297.44,-1325.35
-1305.95,-1234.33,-1260.58
-1249.81,-1176.93,-1203.09
-1180.91,-1106.92,-1134.66
-1109.45,-1034.9,-1064.73
-1042.24,-967.745,-998.849
-984.49,-910.478,-941.884
-939.687,-866.07,-897.143
-889.661,-816.656,-847.511
-847.699,-775.592,-805.892
-809.476,-737.679,-767.268
-779.991,-707.028,-737.662
-773.252,-697.999,-730.572
-774.692,-698.173,-731.788
-789.925,-714.137,-747.87
-811.741,-737.33,-770.681
-846.361,-772.338,-804.807
-903.21,-828.434,-859.734
-950.598,-875.702,-905.901
-992.134,-917.972,-947.043
-1025.44,-951.105,-980.219
-1048.82,-974.082,-1004.74
-1073.06,-999.844,-1030.76
-1081.05,-1010.47,-1038.93
-1085.67,-1014.96,-1042.2
-1084.54,-1009.65,-1041.37
-1100.42,-1020.91,-1059.84
-1162.19,-1080.27,-1123.42
-1229.69,-1146.17,-1191.52
-1280.16,-1193.97,-1243.81
-1282.03,-1192.08,-1248.13
-1236.75,-1142.31,-1203.56
-1187.83,-1089.3,-1154.07
-1140.71,-1038.85,-1107.07
-1113.82,-1008.14,-1082.38
-1106.59,-996.897,-1077.22
-1116.67,-1003.59,-1086.72
-1155.35,-1039.16,-1124.41
-1188.02,-1068.61,-1157.62
-1211.04,-1089.03,-1182.56
-1212.84,-1089.87,-1186.92
-1176.81,-1053.29,-1151.93
-1123.73,-998.605,-1097.09
-1039.2,-912.819,-1009.72
-935.538,-809.057,-904.551
-821.993,-695.312,-790.696
-704.905,-578.21,-673.629
-606.672,-480.717,-576.074
-510.283,-385.134,-481.019
-420.399,-296.158,-392.073
-328.598,-206.557,-300.693
-229.894,-111.447,-202.889
-141.827,-25.6393,-114.462
-48.0941,68.1543,-17.51
46.2747,162.486,80.6345
149.973,265.15,186.852
270.274,384.107,308.378
384.176,496.427,421.796
504.985,615.221,541.203
628.13,736.189,663.095
764.272,870.183,797.86
905.763,1010.46,937.708
1009.6,1115.46,1040.56
1108.12,1216.06,1139.87
1202.17,1310.71,1235.19
1281.14,1388.52,1314.6
1362.73,1467.42,1395.95
1431.73,1533.74,1463.58
1487.43,1589.14,1517.62
1516.91,1620.04,1547.6
1525.15,1628.61,1558.52
1532.03,1634.36,1567.22
1532.74,1634.93,1567.16
1544.66,1648.27,1577.63
1558.8,1662.82,1590.79
1570.79,1673.62,1601.7
1593.83,1695.48,1625.13
1608.2,1709.07,1641.21
1619.65,1719.26,1652.98
1607.78,1705.55,1639.67
1558.4,1654.45,1588.73
1505.26,1599.77,1535.24
1447.4,1540.43,1477.36
1388.61,1480.46,1417.95
1325.1,1415.32,1353.15
1256.89,1344.65,1283.03
1199.22,1284.53,1224.07
1146.2,1229.33,1171.21
1109.04,1190.2,1135.8
1085.15,1165.01,1114.08
1074.11,1153.23,1103.6
1083.07,1160.64,1111.12
1091.48,1166.94,1116.67
1101.41,1176.21,1124.66
1112.39,1187.78,1135.91
1121.56,1197.8,1145.44
1144.53,1221.03,1168.23
1164.59,1240.54,1187.16
1176.19,1251.66,1196.2
1192.47,1267.02,1211.22
1213.39,1286.43,1233.06
1235.02,1306.51,1255.82
1250.4,1320.11,1271.62
1268.26,1335.78,1288.38
1278.16,1343.77,1296.38
1272.92,1338.25,1290.86
1266.43,1332.04,1285.45
1261.6,1326,1280.16
1263.26,1325.01,1278.95
1262.72,1321.67,1275.79
1259.17,1317.08,1272.11
1258.61,1317.64,1273.83
1261.12,1320.72,1278.31
1271.54,1329.85,1287.81
1281.43,1338.03,1295.99
1282.09,1337.34,1296.08
1274.54,1328.58,1288.63
1267.45,1320.22,1281.87
1261.52,1313.52,1275.86
1242.79,1294.89,1256.59
1219.29,1272.55,1232.02
1195.46,1249.94,1206.1
1174.14,1228.09,1182.29
1164.26,1216.94,1171.3
1138.97,1191.57,1146.82
1105,1158.39,1113.53
1076.97,1130.85,1084.22
1045.24,1098.52,1050.82
1014.42,1066.04,1021.7
981.397,1030.51,993.593
960.149,1005.66,975.291
944.198,984.926,958.303
922.032,958.152,933.879
902.447,934.598,912.137
874.274,900.483,883.152
845.234,863.381,856.536
817.038,829.06,833.222
786.329,794.32,806.825
766.367,769.096,788.791
744.758,740.747,767.577
723.661,713.324,746.167
707.27,691.828,728.533
693.979,673.955,714.287
694.5,670.071,715.366
691.349,663.868,713.112
683.465,654.167,705.573
670.519,638.929,692.754
660.677,625.898,683.297
663.3,626.272,685.984
645.33,609.609,667.512
628.149,595.56,650.226
626.958,595.714,649.179
622.365,591.123,645.068
623.484,592.769,646.615
615.272,585.783,637.275
603.521,575.134,623.586
593.093,565.06,611.567
569.279,540.498,587.214
552.972,523.226,572.343
535.304,505.228,556.255
512.286,482.442,533.344
491.12,462.34,512.404
466.164,438.998,488.642
454.328,428.314,477.472
438.439,413.057,460.289
422.069,397.558,441.266
411.243,387.889,428.541
388.881,366.874,406.338
375.067,353.839,392.772
363.276,341.521,378.802
355.517,332.516,367.964
351.698,328.105,363.528
341.574,318.847,355.457
343.559,321.777,359.007
341.26,319.51,356.332
336.667,314.858,351.307
339.786,318.206,355.015
337.263,316.34,353.336
342.847,322.469,359.317
345.781,324.584,361.758
351.021,327.819,365.802
361.37,336.288,374.477
362.005,336.902,373.773
373.758,350.306,384.608
369.077,346.874,378.849
356.563,334.589,367.539
364.837,342.638,378.868
367.225,345.011,381.817
371.487,349.963,384.36
371.071,350.788,383.29
369.609,350.864,382.592
375.468,359.013,389.018
367.458,352.951,381.13
361.198,346.439,375.156
354.087,338.671,368.951
342.381,328.135,358.485
337.179,324.251,353.723
324.353,311.355,339.323
316.849,303.656,330.032
310.754,298.063,325.235
303.875,291.939,320.741
305.577,294.274,322.22
294.101,283.43,309.443
285.515,275.781,300.963
280.901,272.038,296.365
273.348,265.057,288.049
270.42,262.108,284.246
263.647,254.816,275.453
266.424,257.927,276.649
270.172,262.478,281.615
264.377,256.314,277.504
254.827,245.366,266.913
247.553,236.75,256.35
261.999,250.393,269.317
273.808,262.344,283.07
270.89,260.828,282.443
271.025,262.606,283.78
260.937,253.46,273.864
254.833,247.52,266.58
256.844,249.733,265.478
264.153,257.664,267.499
271.224,264.583,270.687
256.856,249.426,257.526
249.484,241.46,254.617
248.667,240.29,257.878
246.706,238.039,258.244
251.916,242.713,263.808
248.762,239.303,259.599
246.42,237.373,255.981
239.604,230.951,247.694
229.318,221.48,236.176
229.881,223.861,237.304
226.43,222.195,235.429
224.893,220.616,234.168
219.271,213.226,226.755
213.083,206.588,218.488
224.812,219.235,230.375
228.615,222.427,236.623
223.171,215.293,233.633
217.042,210.016,226.876
229.042,226.125,235.44
266.411,267.04,271.061
293.814,296.743,300.213
314.997,322.176,323.382
333.188,346.51,340.944
348.474,367.405,354.22
367.039,390.622,371.024
379.028,407.528,381.79
400.069,433.99,402.37
419.47,458.474,421.296
425.603,469.807,425.405
434.062,483.344,428.33
435.151,488.154,422.199
443.91,499.445,427.444
460.48,517.176,444.825
470.084,526.911,455.701
469.15,526.695,453.468
448.996,509.785,429.756
438.504,504.302,416.485
432.273,500.902,410.231
419.831,488.303,399.217
413.49,481.058,393.55
401.026,469.624,380.037
392.087,463.303,368.931
376.924,447.933,351.222
349.154,417.001,320.278
330.037,395,299.18
310.763,373.925,280.454
297.956,359.67,268.521
286.369,346.02,255.898
265.388,322.083,233.763
248.017,301.953,218.643
227.618,280.82,202.007
215.623,268.361,190.689
205.685,255.392,178.878
193.077,239.317,165.903
188.146,232.773,163.502
176.025,219.553,154.429
164.963,207.051,144.557
150.749,191.636,130.862
133.475,173.058,115.547
126.599,164.261,111.017
120.664,155.698,105.37
122.049,154.106,105.278
121.096,150.662,102.686
111.167,138.929,91.147
108.266,133.811,87.3484
103.864,126.48,82.4259
103.051,124.157,80.6041
100.119,122.076,77.5138
93.5524,116.637,72.6213
94.9832,117.897,75.1168
87.0881,109.298,64.649
77.5718,98.6914,51.9705
61.558,80.3419,36.953
38.8045,55.0267,17.5616
25.1431,40.2104,5.0449
6.72426,21.3212,-14.8967
-13.0066,0.268382,-35.5183
-33.9253,-22.077,-56.0043
-53.9198,-42.054,-75.5106
-64.004,-51.8343,-83.3643
-75.969,-64.5674,-91.8655
-82.9548,-72.6183,-97.9667
-85.7399,-76.6643,-102.088
-85.1129,-77.9332,-102.099
-73.2421,-68.4639,-90.4635
-66.1278,-63.8465,-84.6625
-56.9581,-56.9242,-77.3739
-49.1038,-50.7532,-71.4204
-44.3826,-47.4687,-67.9252
-33.5775,-38.1995,-56.1143
-30.2975,-35.4568,-50.7799
-24.3024,-29.6245,-44.0223
-18.0351,-24.1914,-37.5931
-17.8416,-23.6334,-36.671
-14.9769,-19.7935,-33.5619
-9.98727,-15.8275,-29.2241
6.40717,-1.33909,-12.6601
21.3176,12.4665,2.44823
25.9842,16.767,5.35262
35.4553,25.9425,12.9404
44.2129,33.6963,22.126
53.0004,41.4527,33.5958
55.2502,43.5248,38.6712
54.8948,43.6127,38.8618
67.2043,55.7866,48.7019
74.2612,61.7882,51.5246
75.718,62.8681,50.2793
71.135,59.3806,47.1375
69.5075,59.2621,48.1207
82.5556,72.8886,61.159
89.1806,79.1966,67.1999
92.0006,81.589,70.7115
94.5787,83.5747,74.0147
96.9017,85.2769,76.759
105.941,93.7131,86.2128
110.055,96.3085,89.5338
116.048,100.573,93.7241
125.338,109.248,102.289
122.889,107.127,99.5475
119.562,104.279,95.5632
121.078,105.989,96.8905
123.662,108.436,100.309
122.626,106.503,101.162
122.316,105.456,102.596
126.715,109.715,108.014
128.566,110.295,110.531
130.947,110.933,112.839
129.411,109.416,110.746
133.465,114.443,114.544
141.249,122.411,122.225
136.395,117.508,117.257
131.06,112.548,111.743
130.254,111.199,109.95
134.678,113.275,113.183
144.363,119.825,123.838
151.509,124.651,133.659
145.021,118.363,128.941
129.189,104.093,113.063
126.569,101.61,109.309
129.771,104.189,111.511
129.08,103.344,109.914
133.423,107.319,113.385
134.915,107.527,114.192
134.981,106.376,113.766
132.643,104.168,112.388
130.167,101.989,111.906
139.124,110.268,122.209
142.162,112.093,125.735
144.192,112.853,127.059
147.84,115.63,129.926
150.115,117.349,133.203
159.547,126.407,143.628
162.945,130.087,146.579
168.772,136.842,151.806
174.596,143.555,158.159
171.98,141.624,157.103
171.733,142.115,157.292
169.741,140.096,153.696
172.543,142.194,154.958
175.7,145.082,157.881
174.675,143.52,156.401
181.011,148.552,161.581
181.913,148.236,162.245
182.157,147.241,163.256
178.753,142.641,160.084
167.46,130.806,148.189
162.512,125.552,142.402
152.17,114.746,131.715
148.986,110.685,128.906
140.313,100.565,119.99
119.46,78.1952,98.6481
117.61,74.9701,97.5526
113.169,69.1941,94.5109
104.772,60.2206,86.555
98.4427,53.6023,78.561
88.1468,41.8881,64.4725
85.3432,37.3964,57.5289
70.5891,21.9947,42.0543
57.3654,8.63724,32.1655
59.4157,9.35276,36.7456
54.5105,1.26664,31.7786
50.0501,-7.32072,27.4808
37.7653,-24.2519,15.2344
24.5194,-42.3627,1.19534
13.3664,-57.9081,-9.81995
-3.25246,-78.5538,-25.4648
-3.95258,-83.1447,-25.9086
-9.24312,-91.3852,-32.5275
-20.726,-104.384,-45.2786
-33.004,-116.549,-56.4071
-53.2318,-135.29,-74.2819
-60.2064,-141.113,-80.6055
-72.9772,-153.68,-94.9962
-97.6208,-178.673,-121.908
-124.719,-206.52,-150.364
-163.469,-245.016,-189.029
-195.042,-274.866,-219.622
-226.695,-305.713,-251.334
-261.34,-341.791,-287.431
-296.111,-378.5,-323.066
-342.273,-425.432,-369.091
-382.399,-465.313,-409.107
-428.503,-510.704,-454.054
-471.413,-552.714,-494.362
-499.961,-580.413,-522.385
-527.815,-607.532,-553.062
-544.687,-624.465,-572.773
-569.435,-650.287,-597.825
-597.229,-678.71,-624.381
-620.447,-701.301,-646.588
-647.839,-727.101,-672.936
-660.747,-738.003,-684.372
-673.199,-749.289,-696.361
-681.972,-757.845,-706.126
-677.471,-753.17,-702.499
-675.321,-750.266,-700.639
-663.355,-736.969,-688.938
-654.699,-727.547,-680.193
-644.443,-717.816,-669.436
-622.641,-696.657,-647.676
-602.262,-675.171,-627.602
-565.699,-636.568,-590.787
-527.098,-597.197,-552.064
-488.171,-558.495,-513.594
-445.629,-515.861,-471.565
-409.091,-478.743,-434.632
-363.619,-432.457,-387.762
-325.397,-392.879,-348.98
-287.502,-353.611,-311.663
-242.863,-308.736,-266.661
-209.541,-274.843,-231.783
-171.9,-236.008,-192.897
-142.855,-207.007,-163.264
-117.09,-181.538,-137.159
-78.9169,-142.936,-98.9111
-46.3978,-110.273,-66.7476
-11.9349,-76.9472,-32.9743
8.46555,-57.958,-13.5795
20.7771,-45.1432,-1.73633
37.9564,-25.8698,16.3905
48.5254,-13.2225,28.2996
61.5301,1.15604,41.9466
53.5282,-6.63705,33.8558
30.6875,-29.9119,9.99846
8.17797,-52.6688,-14.0657
-25.8273,-87.5868,-48.5241
-59.1671,-122.824,-81.296
-97.2895,-162.17,-119.771
-129.953,-194.04,-153.411
-152.558,-214.3,-174.877
-176.786,-236.763,-195.7
-179.892,-240.106,-195.9
-177.116,-237.507,-192.165
-171.95,-231.154,-188.029
-154.351,-213.034,-172.959
-136.816,-196.039,-157.718
-103.198,-162.616,-124.967
-73.8285,-132.616,-95.0245
-55.0615,-112.659,-73.7543
-33.6628,-89.6374,-49.5922
-12.1884,-66.4721,-27.2423
25.357,-28.1181,10.1483
61.8951,8.7251,46.7158
98.3963,46.4048,83.4038
142.409,92.3596,126.757
178.975,130.833,162.321
228.251,181.895,212.497
280.935,236.888,267.696
324.292,282.734,312.991
362.627,322.91,351.63
399.692,362.001,386.818
465.769,430.275,450.234
529.23,496.068,512.834
576.086,545.733,560.913
635.76,606.98,621.589
692.45,663.202,677.438
744.839,714.142,728.531
781.56,749.504,765.267
807.543,774.76,793.324
838.768,805.342,826.995
861.743,826.735,850.227
888.177,851.334,875.919
919.369,881.829,907.463
960.023,922.127,948.198
1023.71,984.355,1010.59
1107.35,1065.31,1092.97
1233.13,1188.56,1218.95
1366.9,1321.4,1353.84
1417.22,1371.7,1404.77
1351.44,1304.35,1339.15
1198.26,1147.95,1186.17
1022.27,969.474,1011.14
857.555,802.895,846.865
725.081,668.593,713.115
641.074,583.03,627.854
579.532,519.078,566.149
528.22,464.537,516.077
481.416,414.539,470.359
453.35,383.983,441.057
449.643,379.08,435.402
439.735,368.833,425.214
422.084,351.301,408.684
396.967,325.658,383.742
374.18,300.798,358.951
368.668,293.173,351.385
362.221,285.646,344.225
357.171,279.512,339.299
342.599,263.157,324.98
312.853,231.124,294.772
297.919,213.497,279.252
288.94,202.615,270.816
271.203,184.675,254.897
239.73,153.227,224.866
203.935,115.967,188.158
173.457,83.7098,155.938
132.514,42.9549,114.308
77.272,-11.1699,58.9676
8.18518,-79.9573,-8.74117
-61.2732,-149.992,-75.6234
-128.501,-218.151,-140.77
-217.94,-308.242,-229.139
-346.213,-437.082,-357.886
-537.527,-628.851,-550.174
-809.165,-900.499,-821.636
-1163.67,-1255.09,-1174.66
-1605.22,-1697.02,-1614.79
-2107.01,-2199.34,-2116.12
-2630.56,-2723.83,-2639.63
-3142.64,-3236,-3152.56
-3628.55,-3720.06,-3640.43
-4105.94,-4194.85,-4119.8
-4579.41,-4666.38,-4594.23
-5060.15,-5146.02,-5075.2
-5535.84,-5620.69,-5551.49
-5926.35,-6009.6,-5943.08
-6140.38,-6220.32,-6158.2
-6142.57,-6217.57,-6161.37
-5964.72,-6036.39,-5984.07
-5642.29,-5713.39,-5660.96
-5205.48,-5276.48,-5221.81
-4698.14,-4767.6,-4712.28
-4149.68,-4216.22,-4164.41
-3577.19,-3641.53,-3594.12
-2986.3,-3049.68,-3004.31
-2386.71,-2448.37,-2403.94
-1804.9,-1863.45,-1821.76
-1239.84,-1294.91,-1258.24
-679.682,-731.385,-698.907
-105.962,-154.028,-124.627
497.758,453.163,478.835
1129.21,1086.97,1109.72
1806.06,1765.52,1787.92
2556.86,2519.29,2540.82
3455.45,3423.56,3438.89
4584.12,4558.35,4565.17
5804.68,5781.65,5785.89
6817.53,6794.51,6802.48
7505.68,7482.26,7494.11
7834.79,7810.73,7824.28
7534.36,7509.24,7525.26
6389.11,6362.79,6382.38
4730.85,4703.35,4723.98
3207.39,3179.74,3197.42
2260.91,2235.62,2246.7
2009.42,1988.01,1991.22
2367.55,2349.72,2347.78
3041.97,3026.42,3024.26
3570.05,3555.05,3555.18
3697.55,3683.16,3683.33
3547.02,3534.1,3532.53
3392.9,3381.35,3378.33
3359.23,3349.65,3343.17
3314.44,3307.64,3295.83
3131.41,3126.22,3111.52
2827.66,2822.72,2808.63
2441.28,2437.71,2424.07
1962.9,1962.52,1947.25
1367.8,1370.07,1353.23
700.048,702.169,685.218
43.6947,42.9223,27.0022
-571.03,-573.83,-590.264
-1147.8,-1149.02,-1169.47
-1704.18,-1702.56,-1727.73
-2222.82,-2219.27,-2246.73
-2638.46,-2633.19,-2661.05
-2901.31,-2893.78,-2922.68
-3024.39,-3015.04,-3045.07
-3090.89,-3081.62,-3111.07
-3137.4,-3129.73,-3157.47
-3126.64,-3120.37,-3146.54
-3022.45,-3016.56,-3042.44
-2836.9,-2830.14,-2857.09
-2636.89,-2628.7,-2656.23
-2472.37,-2463.65,-2490.61
-2353.7,-2345.37,-2371.38
-2284.8,-2277.28,-2302.74
-2338.66,-2331.73,-2357.81
-2649.17,-2642.67,-2668.41
-3258.41,-3252.62,-3275.72
-4088.52,-4083.82,-4103.88
-4993.1,-4990.17,-5007.72
-5839.44,-5838.54,-5854.49
-6590.07,-6591.01,-6606.63
-7232.81,-7236.17,-7251.29
-7776.97,-7783.13,-7796.69
-8234.17,-8241.75,-8255.21
-8595.93,-8602.55,-8618.66
-8887.9,-8892.3,-8911.21
-9106,-9109.12,-9129.48
-9250.55,-9253.5,-9274.04
-9327.27,-9330.78,-9349.16
-9350.24,-9354.44,-9370.66
-9392.81,-9396.08,-9413.32
-9463.64,-9465.1,-9484.35
-9550.93,-9551.53,-9571.81
-9635.34,-9636.49,-9657.41
-9638.11,-9640.82,-9661.59
-9545.22,-9550.15,-9568.31
-9401.23,-9408.94,-9422.71
-9277.8,-9287.65,-9298.95
-9203.52,-9214.39,-9225.35
-9115.6,-9126.76,-9137.16
-8968.21,-8979.61,-8989.17
-8723.12,-8735.21,-8743.98
-8397.82,-8410.07,-8418.61
-8050.17,-8060.84,-8071.05
-7680.18,-7688.99,-7701.81
-7293.99,-7302.79,-7315.77
-6874.35,-6884.36,-6894.04
-6425.06,-6436.05,-6442.39
-5971.47,-5983.07,-5988.79
-5489.69,-5501.81,-5508.85
-4978.84,-4990.55,-4999.04
-4446.69,-4456.71,-4466.33
-3934.77,-3943.22,-3953.15
-3472.93,-3480.97,-3489.15
-3023.83,-3032.74,-3038.42
-2581.79,-2591.49,-2597.35
-2146.48,-2155.78,-2164.61
-1728.94,-1738.81,-1748.43
-1336.45,-1349.11,-1355.08
-933.367,-948.611,-950.97
-524.928,-540.882,-542.693
-113.081,-128.42,-131.617
279.94,266.278,261.241
630.417,618.119,613.19
974.385,961.092,958.07
1316.6,1301.59,1298.51
1692.46,1676.78,1672.17
2109.94,2093.94,2089.63
2518.21,2501.9,2500.01
2912.02,2894.68,2896.09
3269.95,3251.42,3254.63
3582.59,3564.04,3566.85
3833.81,3814.99,3818.55
3998.97,3979.23,3984.49
4118.36,4099.3,4103.23
4216,4197.88,4199.33
4303.41,4283.65,4286.08
4369.96,4347.47,4353.63
4398.2,4374.21,4383.75
4429.69,4404.62,4417.13
4472.83,4446.37,4461.44
4532.09,4504.51,4520.51
4597.09,4568.81,4585
4638.9,4610.43,4627.65
4682.56,4654.4,4672.81
4730.5,4703.18,4721.04
4793.87,4767.99,4784.41
4867.44,4842.4,4858.71
4920.15,4894.29,4911.55
4966.81,4939.61,4957.73
5006.91,4979.63,4998.47
5051.45,5025.05,5044.22
5095.42,5069.23,5088.46
5110.55,5084.07,5102.61
5119.57,5092.74,5109.8
5123.82,5096.1,5113.01
5132.71,5104.68,5121.75
5145.28,5118.24,5133.5
5135.84,5109.13,5123.79
5128.84,5100.92,5118.27
5113.55,5085.19,5104.51
5088.68,5061.22,5080.74
5065.76,5038.16,5058.38
5034.56,5004.79,5026.34
5011.68,4979.55,5003.62
4985.04,4953,4979.93
4960.78,4930.42,4958.39
4939.99,4909.52,4937.77
4890.61,4858.17,4887.34
4830.61,4796.32,4826.77
4775.96,4740.79,4771.64
4740.14,4705.04,4735.33
4711.82,4677.27,4707.14
4663.56,4629.51,4658.41
4620.89,4586.67,4614.59
4563.6,4529.47,4556.93
4493.66,4460.74,4487.78
4444.89,4413.04,4440.36
4396.73,4365.09,4392.57
4349.57,4316.88,4344.74
4297.06,4261.91,4292.6
4248.15,4210.7,4244.44
4206.99,4169.35,4202.55
4146.46,4111.94,4140.78
4080.78,4049.47,4074.79
4008.59,3976.18,4004.01
3929.51,3893.59,3927.17
3849.2,3811.37,3847.69
3751.32,3713.66,3748.75
3650.32,3613.21,3646.93
3542.84,3505.32,3540.45
3428.29,3389.82,3428.1
3314.19,3275.1,3316.28
3179.98,3140.91,3182.18
3047.72,3008.64,3047.76
2922.19,2882.53,2920.66
2789.54,2749.5,2788.36
2660.7,2620.55,2661.02
2538.76,2498.38,2539.75
2429.88,2388.75,2430.15
2313.43,2270.91,2312.64
2185.85,2142.99,2184.42
2062.53,2020.61,2061.11
1937.62,1895.8,1936.22
1815.81,1773.34,1814.81
1695,1651.89,1694.52
1578.26,1533.91,1576.53
1471.63,1425.54,1467.83
1369.46,1321.8,1364.7
1279.98,1230.77,1275.16
1199.18,1147.92,1194.85
1127.88,1075.15,1123.68
1066.39,1013,1061.45
997.929,944.172,992.183
935.202,881.972,930.096
880.428,827.359,877.663
836.385,782.19,835.703
804.618,748.634,804.651
769.956,712.218,769.188
743.387,685.085,740.33
718.97,661.644,713.752
691.604,635.427,685.978
668.79,612.339,664.295
642.384,585.725,638.576
615.557,561.024,612.125
590.468,538.305,588.84
569.918,517.784,570.018
556.596,502.521,557.654
531.992,475.616,532.735
486.504,429.89,484.425
431.632,376.039,427.454
389.174,333.689,385.544
355.591,300.679,352.788
311.05,258.195,308.492
258.954,208.58,257.13
198.326,150.114,197.369
142.531,96.4238,141.186
95.9503,51.9631,94.1651
50.2274,7.94387,49.7993
11.4218,-29.699,12.8147
-31.9417,-71.92,-31.025
-73.5993,-111.223,-75.4913
-113.967,-147.103,-117.426
-152.912,-180.882,-155.132
-173.704,-198.308,-173.807
-185.943,-208.745,-185.26
-190.663,-210.963,-191.933
-193.057,-209.985,-196.835
-203.002,-216.81,-207.569
-216.508,-227.526,-220.917
-234.274,-243.82,-237.987
-242.491,-252.201,-245.763
-241.986,-251.893,-246.286
-242.806,-252.112,-248.767
-239.575,-248.045,-245.713
-240.062,-248.372,-245.094
-234.109,-242.828,-239.256
-227.239,-236.273,-233.93
-229.334,-239.52,-236.508
-227.513,-240.591,-233.487
-224.824,-240.748,-229.207
-217.848,-234.468,-221.092
-224.216,-240.097,-227.558
-235.626,-251.412,-239.233
-228.694,-244.393,-231.453
-227.493,-240.723,-230.615
-223.982,-233.208,-230.04
-217.906,-224.35,-226.838
-224.204,-228.646,-234.217
-233.323,-234.722,-243.703
-246.921,-245.519,-257.564
-240.292,-237.567,-250.903
-219.222,-215.3,-229.765
-207.082,-201.955,-217.16
-191.645,-185.634,-200.672
-191.554,-183.899,-199.48
-194.32,-184.833,-201.51
-192.087,-181.987,-199.074
-190.262,-180.827,-196.895
-176.282,-168.755,-183.459
-181.552,-176.552,-191.034
-188.444,-185.538,-199.366
-185.917,-184.007,-196.976
-193.627,-191.696,-205.126
-194.382,-192.163,-206.379
-199.316,-196.644,-211.273
-197.685,-194.835,-208.957
-193.796,-191.907,-205.04
-210.53,-210.059,-223.66
-218.758,-220.133,-234.832
-221.712,-225.645,-239.758
-219.951,-224.943,-237.032
-219.155,-223.264,-233.562
-233.729,-237.374,-246.706
-232.631,-237.049,-245.491
-229.11,-234.528,-242.284
-220.837,-226.871,-234.941
-208.752,-214.768,-224.911
-220.756,-226.201,-239.211
-223.198,-228.459,-242.011
-218.34,-223.944,-236.65
-213.768,-219.274,-231.403
-209.368,-214.701,-224.994
-218.705,-225.038,-233.34
-218.548,-225.725,-233.98
-215.348,-221.781,-231.726
-212.215,-217.978,-228.968
-210.125,-216.159,-226.906
-219.104,-225.516,-237.318
-215.266,-222.83,-235.85
-208.304,-218.021,-230.282
-202.378,-214.195,-224.631
-191.88,-205.513,-213.738
-190.7,-204.909,-212.055
-176.646,-190.143,-197.66
-168.726,-182.054,-190.664
-180.107,-193.288,-203.55
-181.802,-194.234,-204.335
-183.532,-195.846,-203.891
-181.992,-195.597,-201.712
-179.804,-196.054,-200.16
-176.263,-194.134,-197.243
-170.494,-187.901,-192.287
-176.759,-194.506,-200.102
-179.024,-197.897,-203.111
-183.08,-201.171,-206.176
-188.547,-205.72,-211.462
-184.581,-203.501,-209.453
-183.621,-204.608,-210.495
-181.69,-203.369,-209.538
-183.789,-206.293,-211.838
-186.005,-208.93,-213.206
-177.765,-200.616,-203.255
-174.28,-197.369,-198.287
-171.153,-194.31,-194.05
-168.826,-192.255,-190.786
-163.639,-187.802,-186.088
-153.254,-178.08,-177.706
-153.184,-177.914,-179.067
-149.307,-173.243,-174.924
-144.49,-168.652,-169.394
-139.149,-165.367,-164.552
-130.778,-159.281,-157.086
-131.001,-160.498,-157.302
-127.151,-156.18,-153.084
-126.034,-153.615,-151.099
-128.276,-154.352,-152.076
-123.207,-148.777,-146.072
-118.352,-145.094,-140.801
-107.176,-136.419,-130.185
-100.742,-132.297,-124.533
-100.583,-132.247,-123.596
-92.5262,-121.987,-112.966
-87.2251,-114.286,-105.412
-79.6173,-105.446,-97.1885
-73.7256,-99.5218,-92.2443
-66.3034,-92.8729,-86.771
-53.8463,-81.1711,-75.027
-51.999,-79.0889,-72.5527
-51.8888,-77.9246,-72.2567
-57.6398,-83.3283,-78.4946
-65.2374,-91.6643,-86.8488
-63.5442,-90.9197,-85.0233
-63.0555,-91.3041,-84.1751
-61.2381,-90.0311,-82.8202
-64.1181,-92.9313,-85.548
-72.3825,-100.91,-92.7527
-78.1744,-106.738,-97.7875
-88.3286,-117.362,-108.053
-94.4266,-124.216,-114.172
-98.0431,-129.313,-117.845
-95.0491,-127.827,-116.634
-85.7814,-119.128,-109.155
-89.2607,-122.536,-112.359
-91.915,-125.027,-114.233
-92.0616,-124.955,-113.774
-91.5219,-124.526,-112.004
-90.0685,-124.47,-108.724
-94.4417,-130.475,-112.056
-91.6472,-126.325,-110.107
-84.8964,-116.331,-104.541
-72.0106,-102.324,-91.3318
-50.9225,-81.3597,-69.1716
-39.3103,-69.4682,-57.9012
-34.0037,-64.8328,-54.1484
-35.7613,-68.5704,-57.3607
-37.819,-71.7752,-60.2242
-36.0031,-69.0329,-57.5067
-42.4701,-73.5942,-62.1219
-41.6482,-71.4485,-60.0086
-39.0299,-68.7294,-56.5171
-38.1253,-67.6308,-54.821
-32.1302,-60.8996,-47.6661
-27.373,-55.7938,-41.7617
-11.813,-39.5897,-26.0732
0.542216,-26.1265,-14.6395
0.119958,-26.9214,-16.4549
1.34406,-27.7278,-15.4089
7.32545,-22.7817,-7.72636
22.6189,-7.04338,9.72406
34.1516,4.60076,22.8656
40.7873,11.303,30.6398
54.6761,25.2053,45.8416
65.4441,35.0383,57.9796
70.965,40.1458,64.7955
63.464,33.6512,58.8593
52.515,23.725,48.9389
50.9374,21.7983,46.698
46.3589,16.2091,40.3601
43.1797,12.9727,36.767
37.3943,8.13834,32.708
35.9929,7.98243,32.5035
39.8985,12.5889,35.3192
33.6597,6.72735,27.4473
27.8474,2.37734,22.0225
23.2148,0.577267,19.9753
22.4334,2.22871,21.6052
26.4607,6.226,26.639
19.8729,-2.00044,19.9271
5.86375,-16.6866,5.34927
-1.08955,-23.6254,-2.32767
8.83666,-13.8247,6.29096
24.0044,2.3,21.165
38.2314,18.6457,36.8337
60.3427,42.7313,60.4382
70.441,53.6066,71.4572
68.3564,50.9299,70.2263
68.8563,49.4814,72.2225
75.3611,52.8548,79.7517
90.3964,65.1215,94.2896
96.0322,69.2221,99.8351
90.9785,63.7948,95.2218
73.4261,46.3654,76.9255
49.5847,22.3846,51.7405
30.5157,3.69407,31.8719
0.475273,-25.9875,1.72508
-30.1422,-56.4809,-28.8073
-51.6788,-77.253,-50.3437
-64.7442,-89.2392,-63.6416
-72.4175,-95.6659,-71.8418
-90.9158,-113.832,-90.7307
-106.333,-129.565,-106.933
-119.429,-142.321,-121.759
-131.627,-155.133,-136.178
-117.88,-143.699,-124.204
-97.3019,-125.569,-104.441
-81.6281,-110.729,-89.1133
-69.7569,-97.2812,-76.8722
-58.1374,-83.8402,-64.0599
-43.1811,-68.2592,-47.4007
-40.538,-65.3417,-43.3088
-27.8484,-52.6581,-31.5162
0.770403,-24.0347,-4.52103
31.3249,6.19599,25.9503
50.148,24.5925,44.2958
42.0016,16.969,34.9176
34.5759,10.3021,26.3081
28.7071,4.88942,19.6423
21.5796,-2.50762,12.6015
30.9817,5.60447,22.8478
27.7687,1.49611,21.1172
6.95887,-18.5514,1.3018
-19.4788,-43.4836,-25.4942
-46.3906,-70.2315,-53.5294
-57.0431,-82.4392,-65.3216
-68.7031,-95.7235,-77.9507
-78.2564,-106.362,-88.746
-91.8742,-120.388,-103.709
-115.132,-142.914,-127.123
-126.138,-153.658,-137.745
-140.222,-168.979,-152.175
-143.759,-173.688,-155.802
-139.8,-170.047,-151.843
-146.386,-176.306,-158.902
-150.978,-179.904,-163.822
-163.61,-192.379,-176.726
-170.042,-200.067,-183.801
-169.9,-199.918,-183.908
-170.827,-199.374,-184.564
-155.945,-183.903,-169.963
-143.385,-171.218,-157.668
-127.603,-154.522,-141.398
-111.528,-137.108,-124.48
-108.702,-133.248,-120.614
-96.6655,-120.713,-107.66
-87.8827,-111.836,-98.6044
-79.4526,-103.943,-89.9642
-75.1921,-100.269,-85.2645
-75.6434,-100.443,-85.0945
-63.6108,-87.4879,-71.7841
-68.104,-90.7589,-74.8549
-69.4724,-90.9289,-75.3295
-64.1612,-85.3608,-69.552
-71.0315,-93.4598,-75.7085
-64.6477,-87.9475,-68.6019
-58.9342,-81.0973,-63.3162
-53.3369,-73.4824,-58.09
-49.8287,-68.1584,-53.1413
-59.821,-76.9659,-62.1653
-57.5518,-75.2617,-63.0434
-55.6473,-75.5546,-67.5463
-51.0342,-72.6307,-67.6199
-41.9732,-63.1425,-59.1188
-44.4247,-63.5611,-60.5815
-36.2828,-53.5062,-51.4627
-34.7797,-49.6896,-48.3518
-29.9241,-41.0643,-41.9723
-16.5227,-24.5804,-28.3595
-23.6122,-30.3455,-36.3993
-24.0544,-29.8985,-37.4217
-20.9567,-25.4314,-33.4309
-11.1143,-13.5147,-22.3145
6.43167,6.34176,-4.40895
10.4817,12.3646,-0.431957
18.0058,20.7126,6.84033
18.4172,20.085,5.49564
19.4521,19.3885,3.82958
24.4495,23.5904,8.15786
11.8825,11.9329,-2.75983
10.4762,13.4454,-1.87609
18.2061,24.0958,7.20316
23.1405,29.0276,12.1844
22.5817,26.1837,11.9358
9.58161,11.94,-0.00583959
15.0698,18.0422,6.45671
19.5295,23.3429,10.8391
8.76224,13.1587,0.387605
6.19856,10.6789,-0.453558
8.39732,12.2623,1.91473
21.28,24.1618,13.6205
30.1144,31.5901,22.5799
39.9419,39.6271,32.5851
59.6869,57.3614,50.8928
69.7706,66.0231,59.1268
81.6699,78.0128,70.8945
93.0731,90.2575,83.9083
104.386,102.215,96.593
115.511,113.9,108.31
112.035,110.847,105.144
113.891,112.596,107.736
119.473,117.417,115.152
120.709,117.513,118.345
125.611,120.812,123.899
120.087,113.768,116.613
108.585,102.175,103.026
98.9319,93.5591,94.2893
96.9674,91.8232,94.25
102.525,95.9257,100.133
99.9061,91.3307,96.0733
94.088,83.8885,88.6056
82.1996,71.0545,77.4883
73.1275,61.7406,69.7763
72.4194,60.7137,68.4838
67.6151,55.935,62.62
65.2261,54.498,59.923
61.7532,51.4294,56.1623
59.9409,49.2238,53.2904
61.2437,50.7388,53.2314
58.6495,48.8437,49.7613
53.6913,44.5977,44.996
41.4246,32.4095,34.1853
35.0179,25.0206,29.6464
38.4539,27.3442,33.9698
36.8701,24.8208,31.35
38.2089,24.9597,31.3323
36.2851,21.9781,29.8154
32.0039,17.727,26.4107
32.2038,19.0604,26.7947
28.1209,17.1844,23.3841
27.9995,19.3333,24.4055
27.024,18.5813,23.5196
29.285,20.1407,25.0455
36.1003,27.1618,32.1421
40.2713,31.1294,37.2781
47.7558,37.3811,45.0539
49.8137,38.1282,47.6675
51.259,38.6732,50.6929
55.9128,42.7828,57.0747
60.0713,46.0554,61.373
67.1605,51.8287,67.1138
66.7388,49.8479,66.045
65.3095,46.8393,64.5871
69.9433,50.3005,69.4622
72.2167,52.2674,72.9436
74.0752,54.5677,76.1288
68.5016,49.1517,69.5799
66.5091,47.7043,63.9756
70.2386,52.3031,65.3011
66.7515,48.1428,63.0452
64.2659,44.7759,62.552
59.6289,41.3338,57.4894
60.3107,44.1381,56.7332
64.6714,49.3848,61.3601
63.443,47.5976,61.449
62.0969,45.1875,61.0384
52.635,34.9096,52.8486
43.094,25.0877,44.1036
41.0736,23.1318,41.159
38.9753,21.2533,37.7371
39.8917,22.1084,38.4054
37.3124,19.0305,36.1479
33.4891,14.9023,31.6985
32.081,13.5366,29.112
32.0095,13.2779,28.3263
40.6514,21.1497,36.7303
40.8442,20.547,36.8129
32.8214,12.7585,28.5847
25.872,7.21809,22.2301
19.5679,2.39846,17.4843
19.2505,2.70905,18.4099
18.351,1.83612,17.4465
25.1249,8.37277,22.1627
38.1027,19.931,33.0349
42.8384,22.6577,38.0794
35.5934,15.4794,31.8183
23.9207,6.10533,20.3842
23.1359,8.16815,20.0302
15.2905,2.99853,13.3655
0.801546,-9.73756,-0.252268
6.22332,-4.70154,4.43585
18.5697,5.43337,15.725
31.2529,16.042,28.0347
29.6437,13.3046,26.2487
10.9562,-6.02201,7.8821
5.39137,-11.7302,3.00924
5.44571,-10.8954,3.25936
13.8056,-1.96446,10.8374
26.5864,9.11233,22.3854
34.6319,14.2453,30.407
41.1091,19.9846,38.3003
36.5758,17.3865,35.7533
41.9084,25.2165,42.8461
41.2082,26.0797,42.3224
30.1607,14.546,29.7803
36.7987,19.2771,34.8324
38.154,18.5455,36.3951
40.736,19.2449,40.7793
45.1125,23.6311,46.6068
40.6498,20.863,42.2067
42.9572,24.38,43.4553
36.6045,18.7284,36.2452
33.0619,15.896,32.8706
32.5302,15.7332,33.2903
22.7174,7.05949,24.579
25.3535,12.2114,27.1469
24.6151,13.4152,25.4472
26.4257,15.5699,27.2331
31.2323,19.6063,32.9669
34.3092,21.5617,37.0942
46.6198,33.1759,49.8395
32.3686,19.0397,35.1625
17.7133,5.19035,20.3606
19.4791,8.1464,22.6834
14.7593,4.47745,18.3026
20.6845,10.7201,23.9454
22.3147,11.7852,25.5467
25.2747,13.8367,29.6748
32.7302,20.8382,38.273
28.4579,16.0641,33.0248
29.4564,15.956,32.2496
22.6126,7.86594,25.1213
17.3213,1.28737,20.3334
21.5326,4.45222,24.6388
17.3468,-0.0453734,19.7277
21.1128,4.54318,22.2847
16.1988,1.56402,16.2793
11.6887,-1.85549,11.4003
10.9232,-3.54727,10.9863
-4.9819,-21.1316,-4.25686
-3.00072,-20.536,-1.08349
7.51016,-10.2193,10.1384
23.2973,6.70554,25.617
41.7081,25.8541,44.0218
40.3706,23.95,43.0652
38.1648,20.7882,40.7109
30.5556,12.5277,32.4873
23.8005,5.71448,24.8801
23.3541,5.57261,23.7463
16.0424,-1.44825,16.5488
20.2046,3.0025,21.4043
18.9035,1.32863,20.1197
13.5005,-5.26561,13.9257
16.773,-2.776,17.3565
13.4199,-5.37064,14.6184
15.655,-1.3505,16.0384
8.7143,-6.59892,8.09324
2.30241,-11.983,2.53171
4.54187,-9.41205,6.36353
-0.0099552,-13.3575,1.89479
6.74006,-5.2038,8.46708
8.43785,-2.75621,11.8042
5.04998,-6.97548,9.71418
0.824238,-12.1992,4.06932
-9.48312,-22.7333,-8.07346
3.00732,-10.8755,5.01172
19.1972,4.03123,22.5364
26.3131,11.3657,30.3533
30.2557,16.2575,35.5945
19.9682,5.16064,26.4789
15.3569,-0.619376,22.1482
6.86892,-9.14051,13.721
0.892914,-15.1228,8.33637
6.10722,-9.78651,14.4584
-0.317149,-15.3459,8.26143
-3.99603,-18.7866,4.70216
-8.71888,-24.0899,0.40389
-4.2523,-19.9902,4.57638
9.57529,-6.7073,17.0332
8.32523,-8.94845,14.63
7.9543,-10.4823,15.1948
2.23718,-17.9892,11.2187
-2.079,-23.4332,6.62264
2.62471,-17.7505,9.64679
-1.62912,-21.043,4.05047
1.68827,-18.3371,7.70726
2.28192,-18.1832,10.247
6.55146,-13.5099,15.899
23.7278,3.25395,33.5967
16.2039,-4.92502,26.5212
3.58835,-17.5915,14.0241
-2.73613,-24.6934,6.89568
-7.66082,-30.3295,0.605576
-7.70577,-29.8727,0.0781283
-12.7511,-34.3484,-5.87721
-7.08558,-28.6226,-2.63804
-0.996322,-22.487,2.0234
-1.01023,-22.1928,2.851
-3.75618,-24.3614,2.45934
-10.7727,-30.634,-2.97058
-3.38638,-22.8133,3.56885
5.69787,-13.8821,10.867
4.28597,-15.1955,8.69894
-2.83792,-21.6211,2.57648
-9.782,-27.8744,-3.10005
-1.0477,-17.8232,5.63464
3.50902,-11.1304,8.98231
-2.06039,-15.2294,1.84402
-4.00915,-17.099,-0.422675
-6.93081,-20.9278,-3.22476
1.51998,-13.6788,4.81558
1.62138,-14.1063,4.62582
-12.0797,-28.0942,-9.86328
-17.1801,-34.5147,-16.3776
-15.1087,-33.2817,-15.6918
-3.59389,-20.8657,-5.26513
-0.874677,-17.3208,-3.22212
-6.45856,-22.8715,-9.14402
-2.88408,-19.5773,-4.32043
1.38675,-15.767,2.69234
3.8208,-13.2796,6.64885
2.72906,-14.4768,5.21718
6.79083,-12.1147,8.05988
16.6982,-4.53693,17.7653
14.0657,-8.19528,16.6041
9.96867,-12.1991,13.542
5.45541,-16.7602,8.4126
2.28551,-20.04,3.94107
3.90702,-18.0643,4.91043
-1.99786,-23.2328,-1.84115
-3.34141,-23.8125,-4.12758
-5.26028,-25.6071,-5.77743
-10.2049,-30.7783,-10.4071
-15.2975,-34.822,-15.5931
-23.4834,-41.096,-24.1352
-23.1021,-39.4664,-24.6884
-27.8036,-43.3384,-29.8595
-41.3839,-55.7858,-43.5362
-49.5758,-62.4358,-52.543
-52.3316,-63.9945,-56.7791
-51.9981,-63.5528,-57.2457
-54.6578,-66.9265,-58.7236
-53.5603,-66.2396,-56.2385
-47.8405,-60.6759,-51.1861
-43.3948,-56.6437,-48.0749
-40.4347,-54.4462,-45.4159
-50.7153,-65.9368,-55.8467
-56.4651,-72.1521,-62.0364
-49.109,-64.9938,-54.1568
-40.2866,-57.1999,-43.4735
-32.5459,-49.8647,-33.863
-39.63,-55.8053,-40.1289
-46.0628,-60.6347,-47.0766
-51.0029,-64.2482,-53.7202
-60.0681,-72.2411,-65.0997
-60.9419,-73.6878,-68.5005
-58.6082,-73.7068,-67.1889
-49.6408,-65.7752,-57.2933
-51.1785,-66.4288,-57.7889
-58.1864,-72.8751,-63.8831
-52.384,-67.1597,-57.2516
-51.9991,-66.921,-55.8587
-44.9091,-59.6177,-47.623
-33.22,-47.9034,-36.1845
-30.0772,-45.1631,-34.4621
-26.9563,-41.113,-31.9953
-33.6709,-46.0253,-38.3015
-31.1629,-42.7514,-35.572
-21.4596,-33.4378,-25.9062
-23.0991,-35.9475,-26.8981
-22.9751,-36.1679,-25.7134
-30.5328,-43.5255,-33.1081
-31.6129,-44.3258,-35.5033
-28.0446,-39.9129,-33.8565
-27.4588,-38.5142,-34.2484
-22.1315,-33.6363,-28.8626
-36.2342,-48.9053,-42.6026
-42.9001,-56.8224,-48.4974
-36.2809,-52.058,-41.4765
-32.7275,-50.6632,-38.8255
-18.7802,-37.1194,-25.5129
-16.2137,-33.1554,-22.49
-15.2859,-31.9561,-21.628
-13.2307,-30.4597,-19.6444
-18.9463,-34.8381,-24.4924
-8.98815,-22.5602,-14.0271
-2.28235,-15.4526,-7.76801
0.734795,-13.9912,-4.82271
1.87353,-14.2618,-2.53401
-5.64697,-21.7328,-8.67111
1.53384,-13.9151,-1.30838
0.846849,-14.0791,-3.61501
-2.44873,-16.1593,-9.06107
0.128301,-12.753,-7.10964
-3.08086,-16.3822,-8.74136
1.82885,-11.6348,-1.54103
-5.8413,-19.6283,-7.42005
-13.6728,-29.3249,-14.1106
-17.0639,-34.2242,-17.189
-27.5305,-44.6629,-27.173
-22.4031,-39.4401,-21.2242
-15.5221,-32.8399,-14.4487
-12.088,-30.1835,-11.801
-17.1616,-36.4262,-17.1499
-29.358,-49.3309,-29.2374
-26.308,-46.7622,-26.676
-28.1708,-49.1969,-28.9577
-22.9807,-44.3386,-23.1131
-17.2323,-38.3921,-17.4432
-30.5546,-50.8237,-32.2783
-28.8264,-48.865,-31.6221
-28.7745,-49.546,-31.7235
-31.4733,-52.0146,-34.5113
-32.7639,-52.5144,-36.5026
-40.6205,-61.2985,-45.2518
-34.0242,-56.969,-38.8029
-27.3229,-51.6353,-31.4125
-19.1551,-44.3436,-23.4484
-16.9492,-43.9969,-23.1402
-25.8071,-54.4492,-33.2869
-20.632,-49.757,-28.1304
-21.7271,-51.26,-29.6783
-22.1423,-52.4978,-30.9507
-19.3071,-50.7818,-28.0158
-27.8746,-59.7937,-35.4677
-24.0619,-55.8907,-31.0066
-28.7596,-60.9103,-36.4852
-30.9498,-62.9643,-39.1816
-24.585,-55.7353,-31.5569
-38.5958,-69.6916,-44.1054
-42.3442,-74.6579,-47.5208
-43.1685,-76.0498,-48.5683
-43.5629,-75.6085,-49.0342
-37.3997,-68.9165,-42.8459
-42.1856,-74.0591,-47.4338
-41.8801,-73.9808,-46.4517
-47.073,-78.4678,-51.5945
-54.3013,-84.2591,-59.7786
-52.3153,-82.0669,-58.612
-51.4484,-82.4658,-58.3314
-42.0167,-72.9062,-48.5271
-42.0306,-70.8495,-47.4548
-45.4093,-72.7746,-51.0096
-40.6098,-67.9,-47.2763
-47.3072,-74.0495,-54.4723
-44.7022,-70.4283,-51.6344
-39.8507,-64.7313,-46.7664
-38.2159,-62.0158,-45.5141
-32.2908,-55.6534,-39.9793
-34.8651,-59.0807,-43.5199
-33.9694,-59.3588,-43.7181
-40.3873,-65.5894,-50.4057
-41.5325,-65.3203,-51.2353
-27.2846,-50.0423,-36.5551
-29.1774,-51.2911,-38.5133
-38.0774,-59.6559,-47.2597
-47.452,-69.0374,-55.2104
-49.304,-71.5831,-55.7421
-40.1956,-63.7579,-46.6475
-40.5356,-64.5637,-48.1486
-37.0721,-61.3582,-45.9676
-35.5956,-61.8872,-45.1883
-37.8914,-65.5047,-47.3768
-37.8588,-64.0698,-46.7505
-44.8944,-68.71,-54.0132
-42.9976,-65.9946,-52.2296
-44.9461,-69.7338,-53.7508
-48.1348,-75.1107,-57.5541
-43.7116,-71.2667,-54.0945
-45.2022,-72.1469,-56.0512
-39.1041,-65.1517,-50.3085
-37.3214,-63.0786,-49.0172
-39.7968,-66.2801,-51.42
-36.1791,-63.7466,-46.8081
-40.4333,-68.0378,-50.8642
-38.0959,-65.1356,-48.53
-37.2818,-65.0457,-46.4177
-37.4202,-67.3751,-45.1945
-24.3416,-56.916,-31.6814
-25.074,-58.8892,-33.3243
-30.5849,-64.8703,-39.5821
-31.9454,-67.5716,-40.1555
-30.2347,-65.9702,-38.6816
-23.1548,-57.4911,-33.4888
-22.8133,-56.6388,-33.5632
-20.581,-54.8019,-29.5574
-21.186,-54.4792,-27.9138
-24.2433,-53.9917,-29.1171
-29.3535,-55.4953,-32.4105
-38.1382,-63.2505,-39.482
-40.0515,-65.7935,-41.053
-43.9351,-70.4707,-45.7144
-47.3803,-74.7291,-49.8184
-47.1985,-75.6418,-49.6905
-42.4472,-71.5994,-45.0304
-31.2116,-60.2123,-34.6911
-32.4985,-61.6819,-36.8513
-32.7568,-62.3295,-37.3646
-16.4719,-46.1581,-21.2813
-5.39393,-35.5744,-11.6691
-3.28963,-34.0448,-11.8391
-13.4419,-45.4693,-23.1736
-26.0356,-60.2716,-35.4191
-29.6817,-65.5327,-37.779
-31.3516,-67.6469,-39.0101
-30.97,-66.3128,-39.3223
-39.2781,-72.8198,-48.3752
-46.4254,-79.2097,-56.484
-45.8935,-79.1135,-55.6775
-46.9998,-80.4105,-55.0426
-46.6268,-79.6341,-54.0088
-51.2128,-83.8795,-59.1711
-55.2337,-87.5509,-63.086
-54.8352,-86.8062,-60.502
-58.2664,-90.342,-61.5315
-59.8423,-91.9374,-62.9905
-59.6823,-91.8692,-63.846
-48.8398,-81.55,-53.2743
-31.6785,-64.3918,-35.2246
-25.7801,-58.1674,-28.5541
-21.8817,-54.8387,-24.8878
-25.2498,-58.7744,-28.716
-29.4498,-61.771,-33.249
-27.9696,-57.7851,-31.8783
-28.7384,-56.5271,-32.7611
-23.7394,-50.7171,-27.8989
-19.4161,-46.7303,-23.2116
-20.1204,-48.4374,-23.7726
-28.5253,-57.8915,-32.2213
-39.9286,-69.9393,-43.7828
-41.4922,-71.3428,-46.5043
-45.5738,-75.2065,-51.8985
-46.743,-76.491,-53.5864
-41.3289,-71.8084,-48.0905
-43.8737,-76.0126,-50.9297
-41.7235,-74.2998,-49.4132
-39.5113,-69.8343,-46.5758
-41.3178,-69.1883,-46.822
-46.0625,-73.6409,-50.4268
-53.1737,-81.2122,-56.8112
-45.542,-73.1582,-48.6234
-34.1579,-61.7069,-37.4881
-29.1679,-57.9926,-33.92
-31.8104,-62.0396,-37.1823
-35.4436,-66.1508,-40.1901
-31.8898,-61.5849,-35.7141
-36.0344,-63.7232,-38.2485
-38.6807,-65.2822,-40.8156
-30.7244,-58.2259,-35.5295
-23.3764,-52.8163,-30.8067
-15.9866,-46.5101,-24.3999
-20.1742,-50.3146,-28.8143
-26.191,-55.13,-34.3812
-23.2849,-51.2008,-29.892
-22.2676,-50.6285,-27.9432
-19.8402,-50.2369,-26.3067
-23.7765,-55.385,-30.8594
-27.116,-57.8469,-33.8451
-26.5037,-57.034,-32.6265
-24.2941,-56.5158,-29.5788
-13.8322,-47.0598,-18.2699
-4.27146,-36.9392,-8.54471
8.60548,-23.216,3.61341
17.6461,-13.4211,12.32
14.7436,-15.2515,10.266
14.6732,-13.8677,11.7222
13.9918,-13.9779,12.9537
12.952,-16.1568,13.3669
10.473,-19.777,10.7437
4.81477,-24.5613,3.26858
11.1051,-16.1738,7.79433
17.6037,-8.66656,14.2747
19.861,-5.99374,17.625
19.2015,-5.02157,18.0975
14.269,-8.71579,13.4621
15.6224,-8.5038,13.5429
15.6867,-10.5635,11.5611
17.691,-9.13512,11.4907
21.8354,-3.97588,14.4668
26.0776,0.725214,19.2268
33.9682,8.14558,28.4605
33.3667,6.70142,29.1713
33.087,6.11436,29.0286
37.7398,12.1806,33.0818
36.7968,13.6313,33.0503
36.388,14.2619,34.3624
34.4102,10.5803,32.2921
37.867,11.844,33.677
41.7831,15.0942,35.0301
33.9841,7.40922,24.434
33.6969,7.37035,22.4633
40.2519,13.7884,29.836
46.3978,19.3805,36.7333
47.9766,20.7924,37.6866
50.916,23.4304,40.3039
59.1014,30.9134,49.0147
53.1184,25.64,43.5787
44.6523,18.9574,34.7455
44.4187,19.1773,34.6697
47.2752,21.3158,39.0649
55.8695,29.7481,49.0352
57.0895,31.2415,50.8704
53.9604,27.7986,47.5922
51.2221,24.5103,44.8818
44.8743,17.8784,39.258
46.0145,18.2491,40.8234
44.2897,14.7766,38.8683
39.9512,9.29099,34.1178
38.8532,8.25259,33.2404
40.5942,9.52853,35.5763
46.902,14.6314,41.7281
42.4884,9.36473,36.7115
37.4725,4.73265,30.8
39.6609,8.40431,31.9949
42.8792,13.3447,35.7852
45.4028,17.8846,40.1741
40.0101,14.2319,35.5231
41.4419,16.6303,36.4134
50.4144,26.3669,45.6499
52.9972,29.3208,49.0811
54.2672,30.4941,49.7474
52.0023,28.3813,45.9232
56.1002,33.1805,49.546
60.0768,38.0272,54.1628
55.5388,34.0571,49.8264
58.7033,37.6165,51.8413
61.566,40.7388,53.3528
67.342,46.5478,58.4026
70.4743,49.2081,60.718
65.7598,43.1362,55.2543
67.0645,43.6058,55.8781
75.1316,52.1244,63.4871
88.1749,65.5927,76.7673
81.0495,58.5925,69.7956
63.9744,42.0573,52.0233
63.0899,42.0034,49.9924
61.5238,40.2016,47.4845
66.3674,43.2551,51.746
69.4223,44.7346,55.1685
60.6134,35.7708,47.3263
60.09,35.44,46.8962
59.629,33.9449,45.3706
61.9554,34.5102,46.409
58.9721,30.819,42.7172
50.9511,23.5135,34.6759
56.0885,30.2677,40.9239
50.9536,26.8801,38.1073
41.705,18.8611,30.9836
33.1218,10.3428,23.5876
31.4828,6.9347,22.6147
39.2188,11.5961,30.0149
23.7728,-6.42792,13.6097
15.9741,-14.2427,4.93966
22.1825,-5.67107,10.0293
20.2897,-5.49276,7.56057
20.8974,-4.7997,8.07523
13.9722,-12.9992,0.479418
16.5465,-12.4451,2.22132
21.6507,-9.69604,7.31101
10.595,-22.1373,-3.38098
8.28175,-24.7438,-5.80458
7.44232,-25.6651,-6.19832
12.6316,-20.4495,0.591315
15.4376,-17.6254,4.66515
5.37396,-27.7191,-5.71792
8.56076,-24.4267,-3.27194
7.93013,-24.7331,-2.60377
7.3436,-24.9941,-0.413683
2.28455,-30.6229,-4.22422
-11.6072,-45.6178,-17.9036
-9.25961,-43.1318,-13.8018
-10.9509,-43.8727,-13.0981
-8.81743,-41.8428,-10.2292
-4.66995,-38.5812,-6.75925
-8.42759,-43,-11.3396
-3.47246,-38.1625,-6.97825
-9.82498,-44.2077,-13.6061
-14.6182,-48.9584,-18.6022
-11.7204,-46.2086,-16.3263
-14.3022,-48.3594,-19.4537
-7.18831,-40.0901,-11.9721
-9.50792,-40.6183,-13.6103
-13.0171,-42.214,-17.0867
-14.6035,-42.8394,-19.3683
-23.7616,-51.7773,-29.2278
-21.1396,-48.6123,-26.659
-26.4545,-53.3886,-31.2677
-32.3227,-59.7774,-35.6153
-35.0946,-63.1873,-36.9046
-38.1258,-65.5226,-39.8761
-27.2513,-53.289,-30.3651
-23.3219,-48.5114,-27.3414
-12.2219,-37.4556,-15.4477
0.343307,-25.1266,-1.92859
-8.56127,-33.6232,-10.7035
-15.7882,-39.6788,-17.5288
-20.5108,-42.5356,-22.0264
-10.2137,-31.1367,-12.3755
9.75548,-12.3335,7.5765
18.2196,-5.98324,17.3086
26.0053,1.00675,26.1066
19.7195,-4.4824,19.9912
13.6176,-9.82749,15.1734
9.04088,-14.4838,12.5535
2.04183,-21.9825,5.58042
11.5389,-13.2786,13.6688
9.61947,-15.4832,10.5928
6.67471,-16.9865,7.18308
9.43757,-10.3657,10.3226
8.06593,-7.00774,9.97019
16.8911,4.02543,19.5296
17.0064,3.84469,19.7352
19.5199,5.68857,21.8051
28.9892,13.927,29.879
32.069,15.4755,31.1989
40.4457,23.432,38.7929
40.6218,24.3701,38.4726
45.4256,30.6196,42.4418
45.3029,31.7059,42.5299
31.7037,18.3115,30.582
37.0997,23.6674,37.3234
37.6957,24.3895,36.8177
34.4715,21.1785,30.0604
31.8008,18.4534,24.8441
24.752,10.5578,18.4353
29.3479,14.0321,24.1981
26.7723,11.678,21.1741
30.4379,16.0237,23.792
36.0126,21.7189,28.7172
25.2445,11.2886,18.1965
22.2407,8.21236,16.152
14.615,-0.423983,9.5291
12.2277,-3.2543,8.26757
17.9112,2.93091,14.4764
18.3275,4.2416,14.1278
29.5179,16.7934,24.4691
29.4172,18.0893,24.5053
31.0582,19.4877,27.0222
33.4701,20.203,30.1834
19.0371,4.37201,15.5025
14.9721,-1.30383,10.051
3.98382,-14.9173,-1.63917
-2.59825,-24.0417,-7.03967
8.71694,-13.6434,5.24784
18.7271,-3.96073,14.7886
31.6117,7.5613,27.6684
24.9603,-0.0956392,22.1109
12.125,-12.7736,9.83471
13.5216,-11.0174,10.0799
14.5368,-8.90407,8.6905
21.7758,0.442117,15.2505
15.2071,-4.84236,10.7443
6.41902,-13.8174,3.71878
13.1742,-7.6016,10.2328
14.886,-6.05216,11.3678
25.0864,4.33271,22.5324
22.7389,2.69484,21.6951
10.8382,-8.32225,10.2516
14.7583,-4.32302,13.6242
16.9398,-2.09575,15.1062
24.0105,5.26362,22.2613
24.9683,6.3032,23.7068
25.149,7.1025,24.019
31.277,13.4101,30.6658
21.3474,1.81772,21.3146
9.23109,-12.8668,9.20632
1.51775,-22.0826,2.01406
9.92427,-12.7608,11.6372
30.6642,10.0709,33.3005
32.8846,12.9184,35.2931
31.3822,10.0642,32.1609
27.1642,3.92067,25.0933
17.9944,-6.26042,13.8481
14.7077,-9.53884,10.2511
8.42308,-15.5569,3.45479
11.005,-12.902,5.36558
9.96009,-14.7547,4.1328
3.83034,-22.7679,-2.97455
2.31943,-26.4139,-6.75083
-3.55816,-33.6022,-14.883
4.06572,-25.644,-7.77843
14.139,-13.9559,3.28039
17.9497,-8.98391,7.58068
15.3041,-10.992,5.43634
1.2779,-23.3941,-7.23473
1.77221,-21.5945,-6.17257
11.4759,-12.8501,3.07823
19.9739,-5.65994,11.3066
28.3106,2.49971,20.1607
26.9602,0.204062,18.8603
29.6635,1.09937,20.5918
25.6341,-2.78032,15.295
18.6542,-6.99867,6.91359
22.0646,-1.27333,9.9348
18.97,-4.40951,7.40589
19.0024,-4.84126,8.52877
12.7308,-10.6209,3.47559
8.75026,-14.4438,-0.982946
18.5118,-5.64072,7.04223
21.0301,-4.43445,8.8523
23.6687,-2.76346,12.3048
21.3251,-5.42722,10.371
19.0778,-7.57149,7.18228
24.2616,-3.56847,12.1205
20.8393,-9.41845,10.049
18.2666,-13.4796,8.95688
12.8818,-19.6737,3.93706
13.3486,-20.6507,4.27622
26.6081,-8.79312,18.1475
16.6477,-18.3307,8.44559
-1.41331,-34.749,-9.94766
-6.91103,-39.5693,-15.8367
-3.56298,-36.2042,-13.4427
3.54241,-28.7152,-6.55521
2.9384,-28.7673,-6.27478
6.92044,-25.0007,-2.07684
8.55746,-24.6405,-0.868607
6.6102,-27.7216,-2.60636
5.52546,-29.3128,-3.36698
-0.672706,-35.5751,-10.0892
-1.58505,-35.9478,-11.2132
-1.07175,-35.2951,-9.87677
-0.413762,-35.1421,-8.79413
-1.80696,-36.5213,-10.1385
-7.88149,-42.3809,-15.4983
-7.89772,-42.1374,-14.6738
-9.952,-43.3213,-16.5154
-13.1825,-45.262,-19.7923
-13.7722,-45.0076,-19.9854
-18.7297,-50.0313,-24.5193
-16.1803,-48.3485,-22.0525
-10.2132,-44.1117,-16.2537
-3.68104,-38.2961,-8.93887
1.19446,-31.5097,-2.50216
3.09286,-27.5707,-0.796858
18.6207,-12.7107,12.6328
30.5516,-3.68559,23.8965
29.1128,-7.60193,24.0329
23.2803,-13.5709,20.6599
20.0927,-15.2881,19.1586
26.2415,-7.58618,24.916
25.8906,-7.29095,24.0334
19.7092,-14.2877,18.6624
11.0946,-24.9123,10.9372
0.661323,-36.4878,-0.0157067
12.1029,-23.6528,9.30365
27.366,-7.51559,22.008
25.9617,-11.1254,19.1532
20.6163,-19.4376,14.853
18.9351,-21.7128,15.2311
24.3884,-13.3997,21.1632
19.8233,-13.757,16.1074
15.1004,-16.7145,11.6464
22.2243,-11.6459,20.0976
27.2938,-8.90506,25.7736
31.9273,-3.44168,29.0329
31.5106,-2.18823,28.0695
33.2534,-0.548263,32.1756
40.5058,6.05623,41.7546
41.2059,7.02961,41.6819
43.8929,10.3987,42.8626
45.265,11.6469,45.3
47.7749,14.6004,49.6076
56.6456,25.6948,57.5274
62.1262,32.5701,60.3539
71.158,40.6999,69.7229
68.8156,37.2944,70.007
57.6135,26.651,58.7571
57.1275,27.5045,56.1876
58.9376,29.8444,57.2822
58.1645,28.3235,57.5617
50.8871,19.3019,51.4744
50.7182,17.8887,51.4115
58.1476,26.4035,58.5859
60.7336,31.2149,60.8082
65.9636,37.4156,65.804
66.7941,37.8038,67.4788
67.2169,37.5613,69.0397
70.8115,41.2651,73.1753
66.0891,37.6605,68.3004
66.3106,39.1718,68.5417
68.318,41.5989,71.3419
68.4452,41.1847,72.1074
67.499,39.295,72.192
57.9422,29.5881,64.2632
55.9383,28.7574,62.3487
53.1356,27.8525,57.5346
45.1102,21.458,47.487
43.3978,19.1564,46.223
44.263,16.8726,49.0807
47.0216,17.4564,51.9866
45.0413,16.6978,47.794
45.3326,19.0967,46.3148
51.9434,25.1727,53.7546
58.2568,28.7295,62.0845
64.8586,33.8311,70.8303
59.2862,29.0685,66.7681
53.0241,23.9665,59.3468
56.1642,27.3236,59.9411
54.6775,25.8327,56.8437
56.4592,28.4106,58.6154
54.8708,27.5935,57.9489
51.3019,23.7622,54.4337
54.0286,25.2825,56.4642
56.0594,24.615,57.6459
56.5018,20.8678,57.0348
45.6786,6.60888,45.5814
34.6392,-4.98471,34.4786
28.6558,-9.48031,29.3522
20.1138,-16.9442,22.4628
17.2783,-20.248,21.7908
13.6783,-25.6263,20.7196
10.5891,-30.1656,18.293
9.35004,-31.4077,14.4109
4.10024,-36.3968,5.93474
7.7524,-32.6737,9.23484
11.2444,-28.3718,13.6932
9.62693,-28.6702,12.7042
3.76517,-34.0505,9.29189
-9.30672,-47.315,-1.30465
-15.8854,-53.799,-7.89131
-24.0301,-61.8065,-16.3004
-28.0299,-65.3772,-21.0293
-30.9887,-67.2375,-26.4
-47.7623,-82.3298,-45.4654
-59.9763,-92.382,-58.6219
-66.6112,-97.7022,-65.7094
-71.5972,-102.281,-71.774
-77.1238,-106.838,-77.0636
-93.34,-121.786,-91.0804
-115.923,-143.732,-112.626
-135.468,-162.677,-133.592
-142.215,-167.281,-142.077
-145.184,-166.846,-144.825
-152.422,-171.019,-151.457
-155.648,-171.809,-155.498
-161.802,-175.424,-162.706
-164.462,-175.379,-166.117
-169.387,-178.351,-171.338
-183.081,-190.699,-184.558
-184.736,-190.545,-185.627
-178.295,-182.215,-178.587
-165.756,-169.168,-165.921
-161.139,-165.611,-162.231
-168.784,-175.215,-171.303
-168.114,-176.863,-172.375
-164.046,-174.55,-169.614
-162.024,-171.855,-167.494
-174.611,-181.341,-178.509
-187.4,-191.961,-189.466
-183.124,-187.866,-185.083
-182.805,-188.931,-186.922
-173.664,-180.924,-180.784
-161.512,-168.78,-170.573
-159.831,-167.316,-170.028
-155.465,-164.562,-166.44
-164.281,-175.018,-174.082
-168.387,-179.561,-176.719
-163.067,-174.035,-173.038
-161.394,-172.358,-174.456
-151.312,-162.796,-165.736
-151.499,-164.007,-165.521
-149.116,-163.011,-162.101
-141.957,-156.756,-154.133
-140.622,-155.692,-152.972
-135.978,-151.225,-149.022
-140.16,-155.27,-153.129
-137.524,-152.711,-150.433
-133.043,-149.327,-147.238
-133.709,-151.669,-149.195
-129.133,-147.547,-144.426
-135.323,-151.435,-149.594
-138.618,-151.542,-153.327
-138.561,-150.153,-155.439
-140.402,-152.327,-158.001
-133.71,-146.357,-149.446
-137.765,-151.084,-150.99
-138.879,-152.349,-150.431
-136.769,-149.846,-147.76
-138.535,-151.832,-149.399
-125.858,-140.41,-137.298
-121.491,-137.776,-134.823
-123.258,-141.016,-138.416
-127.076,-145.24,-142.653
-130.94,-149.039,-146.394
-123.122,-141.367,-138.24
-124.25,-142.49,-138.183
-121.742,-139.877,-135.422
-112.667,-130.077,-127.022
-109.416,-126.223,-123.184
-110.467,-128.124,-122.569
-125.296,-144.727,-135.667
-124.677,-146.464,-134.257
-109.268,-132.962,-119.527
-100.162,-124.365,-111.64
-89.6489,-113.886,-101.194
-94.5864,-119.515,-104.918
-97.0682,-123.256,-106.619
-94.1655,-121.412,-103.75
-89.825,-118.114,-99.8199
-75.7109,-104.611,-87.2294
-85.4709,-114.076,-99.4284
-94.7576,-123.883,-110.215
-95.3824,-125.314,-110.641
-101.437,-130.618,-115.594
-91.8341,-120.065,-104.753
-87.2328,-115.469,-99.4281
-85.507,-114.182,-97.088
-86.1714,-114.924,-96.622
-92.5378,-119.761,-101.595
-83.5904,-108.312,-90.9184
-84.3744,-108.066,-90.0259
-88.0007,-112.825,-92.5033
-92.2065,-119.038,-96.2677
-109.538,-137.599,-113.842
-105.287,-133.146,-109.702
-93.4644,-119.908,-97.3135
-82.4396,-107.491,-85.0289
-77.5853,-102.195,-78.3316
-81.4624,-105.595,-80.0914
-71.2836,-94.7499,-69.1452
-74.3167,-98.2512,-73.6866
-78.1849,-103.98,-78.8417
-74.1519,-101.39,-73.4677
-76.6243,-103.414,-73.2437
-69.3289,-95.2694,-64.8573
-69.6687,-96.0354,-66.225
-66.0106,-93.0234,-63.7683
-56.5774,-83.2222,-55.2734
-63.5279,-89.3018,-63.6492
-62.5921,-87.619,-63.4982
-66.5286,-91.1012,-67.2005
-74.1979,-98.6263,-74.2619
-78.6024,-103.685,-77.581
-88.5202,-114.935,-86.7321
-76.1696,-102.518,-75.2699
-68.4277,-93.2867,-69.8634
-67.4548,-91.4161,-70.1336
-58.6368,-82.1193,-60.4397
-56.0664,-78.2043,-57.108
-38.6172,-58.9733,-39.8713
-25.8422,-45.4974,-27.3021
-21.5527,-41.6474,-22.8638
-15.0445,-35.3718,-15.5331
-18.31,-38.4748,-17.6773
-15.0976,-35.9002,-13.9877
-15.5798,-37.7031,-14.3336
-19.6712,-42.31,-17.985
-20.299,-42.299,-18.7445
-28.4466,-49.797,-28.7474
-27.0738,-48.991,-29.071
-26.9028,-49.9575,-28.1933
-28.1453,-51.4431,-28.2899
-23.8893,-47.1205,-25.03
-28.6257,-51.962,-32.1238
-27.2408,-50.7687,-31.9924
-32.2874,-56.5177,-36.3816
-37.4227,-62.2736,-40.4881
-32.0003,-56.8164,-35.0218
-33.3603,-57.7246,-37.234
-29.7895,-53.767,-34.5148
-37.5182,-61.2778,-42.3622
-50.9805,-74.2265,-55.5496
-48.9875,-72.1369,-54.0582
-48.6222,-72.1231,-54.8072
-48.6618,-71.4833,-54.9335
-53.4924,-74.822,-58.802
-60.1477,-80.6727,-64.7524
-68.3426,-90.1836,-72.7005
-87.7851,-111.889,-91.6741
-94.0076,-119.322,-96.7562
-96.3652,-122.191,-98.158
-98.3139,-123.582,-99.4102
-92.0315,-115.994,-92.5054
-90.8139,-114.541,-91.5702
-86.0965,-110.396,-87.2278
-95.6309,-119.785,-97.1405
-107.78,-131.109,-110.401
-103.663,-126.872,-107.469
-103.331,-126.715,-107.543
-101.259,-123.963,-105.098
-104.08,-125.641,-108.067
-107.229,-127.491,-112.608
-106.112,-125.724,-112.473
-115.716,-135.769,-120.72
-117.373,-138.045,-119.911
-113.408,-134.831,-115.712
-100.444,-123.436,-104.5
-79.3152,-104.06,-83.9189
-82.3295,-107.287,-86.1929
-99.7771,-124.502,-103.05
-131.169,-156.635,-133.454
-156.555,-181.557,-157.318
-159.297,-182.081,-159.22
-168.032,-189.165,-167.762
-178.636,-199.791,-177.565
-193.209,-215.67,-191.166
-201.626,-225.949,-199.47
-197.663,-223.669,-195.062
-202.305,-229.626,-199.009
-203.717,-231.899,-200.496
-204.2,-231.829,-200.939
-200.765,-226.399,-197.038
-189.943,-214.885,-186.36
-194.349,-220.501,-191.807
-199.092,-225.731,-196.819
-200.713,-226.712,-197.954
-197.568,-222.789,-194.209
-190.839,-216.212,-186.188
-197.836,-224.175,-192.462
-198.101,-224.453,-193.138
-194.533,-220.185,-190.449
-190.099,-214.372,-186.776
-183.197,-204.906,-179.907
-185.612,-205.53,-182.655
-180.839,-200.093,-178.582
-172.336,-190.694,-170.001
-161.14,-178.89,-158.297
-145.506,-163.579,-141.884
-141.431,-159.41,-137.385
-129.321,-145.779,-125.079
-111.274,-126.543,-106.423
-105.293,-120.871,-100.731
-99.4273,-116.112,-96.0558
-89.7287,-107.396,-86.932
-74.8205,-92.1566,-71.0191
-67.1656,-82.9729,-61.5146
-62.2698,-76.92,-55.0052
-53.1269,-68.238,-44.6441
-52.4053,-68.6349,-43.9228
-51.7732,-67.9761,-43.9648
-47.588,-63.0592,-39.7837
-31.9118,-47.0671,-24.3203
-13.2321,-28.6831,-5.9793
-11.9757,-27.2794,-3.5226
-19.7375,-34.5008,-9.43346
-23.1888,-39.0445,-12.1658
-13.4039,-30.6329,-1.91285
-0.56285,-17.6165,12.0741
3.5266,-13.3461,16.0846
1.35458,-16.1471,11.7349
1.87,-16.5422,9.94203
15.8406,-2.93155,22.7591
23.0655,4.16274,30.0835
18.3867,-0.581538,26.1113
24.3829,6.33027,32.2863
31.7179,14.9508,38.9561
38.4533,22.7678,45.121
42.0294,26.7382,48.6049
41.1529,24.6969,47.2434
47.057,29.1428,52.256
46.1942,28.1743,50.9516
47.7621,30.2928,52.1848
50.8332,33.3719,54.0665
48.6684,30.4242,50.272
50.655,31.3952,51.4285
50.6393,30.7832,51.9208
60.0438,40.141,61.4653
69.0217,50.1517,69.9218
70.7928,53.6868,72.9012
77.7562,61.6799,82.5278
77.6581,61.4457,84.481
77.1295,60.3108,84.6224
75.6285,59.0863,83.5442
70.2993,55.1111,79.3429
75.1931,60.2021,84.4097
77.4155,60.5868,85.2846
83.2882,65.4232,90.2993
90.724,74.0403,98.4505
89.1348,73.8241,98.4006
88.2315,73.5997,98.3125
81.4115,67.019,91.8216
79.7024,64.8512,90.7361
77.3627,61.9809,88.3113
75.7689,60.3289,85.7344
80.6527,65.5605,89.6665
69.6814,54.7746,78.8625
60.8003,44.9066,70.4542
52.3912,35.3201,61.1672
43.6325,26.4322,51.0197
53.1298,36.6468,59.629
58.1158,43.0271,64.0669
62.7937,49.0054,68.2961
65.0566,51.6342,70.7639
59.0109,45.1398,65.5058
66.2912,51.9418,73.0672
69.4298,55.0689,75.9486
69.9091,55.4821,76.0201
64.2742,49.0293,70.2386
53.1119,36.3611,59.0636
62.7918,45.1018,67.3203
69.4065,51.987,71.5082
75.3739,58.1132,76.271
71.5625,54.4052,72.7358
56.1237,39.649,58.5525
64.7736,48.1721,67.8597
72.5003,55.1995,74.0767
85.2725,68.125,85.601
107.003,90.0088,108.089
109.328,91.3835,110.449
100.995,81.9911,100.236
85.461,66.2579,83.584
87.5464,69.036,86.9146
104.303,87.1352,105.058
110.053,93.9066,110.207
121.694,105.144,120.692
126.723,107.823,125.286
128.548,107.604,126.257
126.867,107.254,123.258
119.435,102.61,116.119
138.716,122.784,137.627
146.972,130.684,147.616
145.682,128.797,146.215
163.712,146.404,163.436
187.387,170.67,186.645
237.398,221.093,236.449
299.659,282.929,298.498
357.695,341.24,356.383
389.377,373.799,388.493
366.064,350.735,366.146
322.029,306.913,322.926
271.358,256.841,272.053
231.681,217.465,231.34
222.545,208.131,221.394
229.459,214.296,227.428
250.74,234.678,248.53
249.43,233.033,248.862
223.641,207.63,225.216
210.705,195.542,213.04
206.12,191.963,207.014
205.299,191.998,203.96
185.552,172.384,182.567
162.526,148.681,158.897
155.993,142.005,153.014
157.308,144.465,155.086
177.345,165.476,175.209
182.683,170.706,180.12
172.904,160.388,169.562
173.215,159.967,169.474
178.154,164.22,174.782
199.194,185.491,197.296
211.415,198.913,211.644
203.331,192.414,204.76
194.329,184.715,195.338
188.242,179.477,187.633
206.983,199.051,204.981
225.702,218.504,222.97
224.794,218.353,221.53
212.819,207.898,209.118
189.687,187.798,184.939
181.679,183.33,176.286
173.952,177.719,168.833
166.881,171.296,161.215
171.913,176.817,165.596
172.562,179.221,166.36
176.897,186.387,170.195
168.138,179.863,160.47
149.017,161.756,141.131
138.983,151.789,131.57
133.203,145.448,125.113
145.815,157.676,135.995
158.286,170.488,148.3
158.808,171.608,150.779
155.022,167.547,149.953
141.765,153.239,138.247
140.063,151.163,136.009
129.686,141.341,125.416
105.152,117.302,101.826
90.3785,101.787,87.6059
77.3223,87.1989,74.2178
66.8544,76.6348,64.4402
47.051,58.5047,45.9839
28.695,41.8534,27.3442
25.4603,39.0559,23.4151
15.9358,28.8503,14.4834
0.524473,12.2788,0.0770128
-17.7816,-7.60139,-18.6041
-25.2949,-15.9151,-27.7689
-24.9939,-14.4218,-28.0246
-43.5177,-30.9936,-45.6616
-62.4675,-49.4545,-63.009
-81.0523,-69.1252,-80.2473
-89.421,-79.074,-88.5643
-82.6756,-73.7159,-82.7647
-89.1542,-80.4589,-90.8125
-86.9621,-78.4683,-89.7567
-83.9485,-77.106,-87.1842
-91.2724,-86.325,-94.6073
-94.1858,-90.6296,-97.5334
-95.3551,-93.5353,-99.5508
-89.3738,-89.5302,-93.9892
-97.3349,-99.1029,-101.104
-111.415,-114.216,-114.388
-108.455,-112.243,-110.929
-103.747,-109.486,-106.336
-91.5044,-99.2499,-93.9701
-83.3816,-91.435,-84.7151
-82.8212,-90.149,-83.603
-82.2157,-89.8291,-83.2905
-88.8024,-97.9738,-90.5426
-76.796,-87.515,-79.1209
-62.3196,-74.2617,-64.9703
-61.5191,-74.2671,-64.6984
-65.4246,-78.3481,-68.7209
-71.5094,-85.8708,-74.9163
-63.4367,-80.9709,-67.8696
-60.1995,-79.7729,-66.343
-58.4777,-78.1805,-66.0175
-52.8261,-72.7973,-59.5889
-64.9363,-85.8488,-70.1095
-73.1458,-94.1285,-78.3511
-74.8448,-94.2846,-80.2096
-76.7785,-94.1689,-81.683
-72.8711,-89.5581,-77.6484
-71.0852,-87.9773,-75.6582
-61.3963,-77.4774,-64.5054
-59.9165,-74.5623,-60.9283
-63.2839,-77.4486,-63.8695
-54.9961,-70.1694,-56.7655
-55.0178,-71.8752,-57.3291
-56.9018,-75.2612,-58.3386
-61.1923,-80.2151,-62.6727
-56.4251,-75.0458,-59.9757
-42.6381,-60.4196,-47.1205
-45.5703,-62.1032,-48.2347
-50.6389,-66.2783,-50.0984
-55.5142,-71.8319,-51.8644
-59.4588,-76.9985,-54.5288
-62.1115,-79.812,-57.3718
-76.4037,-92.4343,-71.625
-85.3319,-98.8211,-80.6257
-86.2615,-98.7575,-82.3802
-75.7179,-88.6087,-72.3883
-57.2692,-70.2738,-53.768
-53.0714,-65.7713,-49.9292
-50.7014,-62.9098,-48.3253
-56.755,-68.6267,-55.2176
-64.2916,-76.5111,-63.7038
-58.9344,-72.2842,-57.3754
-55.3419,-69.0224,-51.224
-45.591,-57.5215,-39.73
-40.5857,-50.6657,-34.2885
-42.3031,-52.3909,-36.816
-37.7038,-50.0603,-33.1161
-34.8886,-50.6799,-30.3175
-25.3851,-43.5174,-20.3121
-16.5613,-35.0058,-11.1217
-9.37514,-26.5991,-4.20418
9.6609,-6.51486,14.8385
17.5745,1.32873,22.5514
10.1783,-6.26056,13.7646
2.38981,-14.0654,5.37632
5.713,-10.6762,10.1567
17.6546,2.11464,23.3806
22.403,7.87247,27.5734
24.5054,9.01425,30.0102
22.133,4.06438,30.1672
27.2033,8.13711,36.5445
42.8126,24.77,50.9778
50.9932,33.4723,57.3512
52.1173,34.2187,57.4172
43.8817,26.0934,50.1712
40.9743,23.9856,49.0394
47.6215,31.3489,55.9785
51.2398,35.4662,59.4637
53.1818,37.5972,61.422
48.2894,31.5208,55.6195
44.5514,25.9448,50.5109
46.1192,26.8359,52.1339
47.3728,27.9792,54.0911
53.6627,33.3763,59.9485
53.7439,32.1214,58.8663
52.78,30.6522,56.1322
55.4692,33.4063,57.4115
54.1217,31.2488,55.1441
58.6086,34.3166,58.3416
58.7037,33.6847,57.9235
56.1594,30.894,56.0447
54.2069,28.8067,55.3867
48.0012,22.4822,50.3907
44.5994,18.7195,47.1339
37.7596,12.2168,39.9978
34.1607,10.3765,36.8039
38.0226,15.6678,41.4739
39.8859,17.4144,43.4777
38.4564,16.235,41.8036
32.0414,10.4432,36.0302
29.2337,7.29998,34.1774
27.1275,5.02873,32.6559
20.401,-1.15653,25.9899
22.5084,1.45021,27.2313
24.8891,3.3507,28.7072
26.9473,3.78948,29.713
24.3788,0.523923,25.4615
10.4355,-11.9861,10.35
2.69957,-18.1683,2.36143
-2.97305,-23.6513,-4.17931
-7.99242,-28.6321,-11.8569
-12.0709,-33.2257,-18.2524
-18.636,-41.8428,-25.3472
-26.1284,-50.8602,-32.1784
-39.6551,-65.3331,-42.7737
-46.5565,-74.185,-46.3086
-48.5356,-77.7888,-47.5372
-58.4198,-88.0101,-57.8888
-68.1594,-97.9642,-67.1568
-80.5748,-111.808,-77.4012
-88.3951,-122.071,-82.5045
-95.3867,-131.228,-88.0017
-110.714,-148.212,-103.074
-114.919,-153.523,-107.957
-117.81,-157.592,-111.925
-128.28,-169.91,-122.183
-145.687,-188.821,-137.226
-164.524,-208.682,-152.764
-171.863,-217.889,-157.788
-183.386,-233.216,-167.946
-203.377,-257.764,-186.631
-227.585,-284.634,-210.106
-250.293,-308.351,-233.566
-260.454,-320.335,-245.116
-273.011,-335.155,-257.654
-289.201,-350.914,-273.265
-304.195,-363.221,-287.607
-324.267,-382.619,-306.166
-341.782,-401.242,-323.132
-360.615,-419.125,-342.644
-373.255,-429.131,-356.022
-380.819,-434.721,-364.54
-389.28,-441.299,-374.028
-391.019,-440.193,-376.974
-398.876,-444.602,-386.199
-404.859,-447.152,-393.051
-405.201,-445.389,-393.212
-405.322,-444.839,-393.053
-396.744,-434.592,-385.138
-388.621,-423.656,-377.353
-379.25,-413.007,-367.825
-369.034,-404.125,-358.174
-367.375,-404.517,-358.024
-367.448,-404.878,-359.514
-371.302,-407.807,-364.41
-365.059,-401.769,-359.986
-352.025,-389.658,-347.983
-352.126,-389.353,-346.86
-346.954,-382.694,-340.341
-334.151,-368.557,-327.355
-322.37,-355.678,-316.152
-317.508,-349.741,-311.213
-317.223,-348.3,-309.657
-312.121,-341.765,-304.049
-308.81,-337.842,-301.824
-302.133,-332.189,-296.284
-294.915,-326.126,-288.194
-291.838,-322.709,-283.237
-280.082,-309.643,-271.076
-273.902,-303.097,-266.216
-279.053,-308.464,-272.984
-283.671,-312.624,-277.383
-287.351,-315.903,-279.897
-284.609,-312.964,-277.11
-284.643,-312.267,-277.358
-283.472,-310.355,-276.088
-279.088,-305.957,-271.888
-278.148,-305.211,-271.232
-273.837,-300.773,-267.032
-272.881,-299.996,-265.957
-273.28,-301.015,-266.602
-276.468,-304.919,-271.015
-278.965,-308.348,-275.321
-270.646,-300.335,-267.947
-263.123,-292.508,-260.085
-255.956,-285.214,-253.491
-251.9,-280.684,-250.615
-253.648,-281.417,-252.599
-247.893,-274.18,-246.779
-243.416,-268.377,-241.876
-236.792,-261.9,-234.976
-231.944,-258.184,-230.459
-238.809,-265.883,-237.494
-240.07,-267.54,-239.231
-235.697,-263.313,-235.829
-223.219,-250.161,-223.458
-212.319,-238.31,-211.905
-212.058,-238.597,-212.078
-212.779,-241.03,-214.224
-217.399,-247.254,-219.419
-216.079,-246.289,-218.171
-208.842,-238.393,-211.223
-202.814,-232.125,-205.288
-199.954,-228.264,-202.21
-213.796,-239.993,-215.043
-219.938,-244.943,-220.433
-203.082,-228.378,-203.74
-186.257,-213.166,-186.996
-175.957,-204.375,-177.013
-179.142,-207.271,-180.899
-184.34,-211.238,-186.379
-185.512,-211.478,-186.714
-186.876,-212.731,-186.57
-182.829,-208.862,-181.921
-180.743,-206.555,-180.64
-174.233,-199.523,-176.352
-171.77,-195.765,-176.297
-176.548,-198.985,-181.237
-173.252,-195.29,-175.784
-172.024,-195.212,-172.139
-169.251,-193.761,-168.912
-166.153,-190.34,-166.778
-170.397,-192.651,-171.832
-167.902,-188.27,-169.803
-165.753,-186.435,-166.836
-167.06,-189.533,-167.367
-169.741,-192.11,-172.038
-173.03,-193.309,-178.412
-170.487,-188.616,-177.14
-169.433,-185.238,-175.057
-160.44,-173.707,-164.395
-151.532,-162.785,-155.226
-150.359,-160.788,-155.368
-147.991,-157.972,-155.204
-152.299,-160.643,-161.306
-149.159,-155.632,-159.221
-138.44,-144.09,-149.264
-129.999,-135.807,-141.122
-119.019,-125.497,-129.492
-114.951,-122.41,-124.39
-105.582,-114.282,-115.883
-93.2154,-101.963,-104.702
-91.7439,-98.4657,-101.983
-86.5413,-91.3746,-95.0257
-82.3718,-87.5588,-90.7955
-75.4462,-82.0849,-84.4859
-70.0189,-77.475,-78.4112
-68.6314,-76.1327,-76.1319
-58.0095,-64.4377,-66.0615
-53.3394,-57.9181,-62.0464
-51.9472,-55.2961,-60.6746
-52.6829,-55.5067,-61.0487
-55.9026,-58.5862,-63.5882
-52.0928,-54.9372,-59.9712
-51.4321,-54.5707,-60.5955
-49.3799,-52.424,-59.648
-47.8915,-50.7545,-57.7285
-51.0468,-54.4555,-59.875
-50.351,-54.1666,-59.1804
-56.2506,-59.7925,-64.5296
-55.2967,-58.3436,-61.5754
-45.801,-48.742,-50.7514
-40.5675,-44.2953,-46.4267
-31.8099,-36.5832,-39.4775
-28.0198,-33.5651,-35.9515
-24.3896,-30.512,-31.141
-29.0519,-35.8259,-35.0356
-39.6005,-47.7936,-46.1467
-37.1172,-46.081,-45.1276
-37.2046,-44.9378,-46.1639
-35.1014,-41.3816,-43.9891
-30.8791,-36.899,-38.9158
-34.4841,-40.8869,-41.267
-37.7155,-44.6656,-43.4876
-44.504,-51.7597,-50.0224
-45.3532,-51.1543,-51.5353
-45.4274,-48.7617,-51.8107
-52.2316,-54.695,-58.1403
-49.8339,-52.4442,-56.1628
-49.3805,-51.3665,-56.9475
-44.679,-45.1533,-53.9312
-34.605,-33.3976,-46.1252
-27.0374,-24.8703,-39.9513
-15.6575,-13.1959,-27.7645
-4.54831,-2.5191,-14.8442
17.1275,18.0858,8.05509
22.7462,23.5573,13.9289
7.62691,9.29459,-1.94248
8.00143,10.0059,-2.53505
13.8065,15.5258,3.26511
30.5148,32.1221,20.6451
47.7906,49.0002,38.8397
50.7548,50.8097,42.6887
62.364,61.3782,54.4368
69.0811,67.4384,60.8098
68.2413,66.5493,60.186
60.5599,60.1559,53.4384
47.8292,49.0018,41.3626
49.3429,51.2423,43.3958
45.7524,48.1379,40.8164
48.1156,50.2476,43.6612
54.8844,55.3835,50.0868
53.6122,52.8378,48.7676
58.5566,57.5195,53.2402
46.9979,45.6492,40.3582
37.1812,35.276,29.7997
49.8292,48.0794,42.1397
74.0977,73.429,65.5254
100.62,100.413,90.9735
107.013,106.28,97.7257
119.028,118.354,112.476
144.817,145.091,141.798
165.629,166.241,164.631
184.396,185.089,183.614
174.731,176.737,173.116
159.71,162.86,157.581
165.108,167.231,163.56
182.182,182.606,180.01
217.106,217.581,211.459
245.765,247.556,237.39
278.282,281.083,271.243
312.962,316.132,308.325
339.248,342.579,334.557
378.273,382.234,371.335
411.645,416.238,402.507
446.359,450.356,436.874
479.787,483.072,471.489
497.159,500.366,490.292
517.963,520.444,511.801
530,531.389,523.272
538.561,538.743,530.624
540.471,539.186,532.392
527.668,525.254,520.762
528.296,525.11,522.464
529.428,525.851,523.792
528.287,524.133,522.807
514.683,510.086,509.731
484.417,480.152,479.851
465.474,460.612,461.763
448.682,441.732,445.985
440.181,431.116,437.024
424.363,414.032,419.837
393.531,382.731,388.717
378.115,366.48,373.765
368.124,355.013,363.441
369.108,355.565,363.372
369.574,356.308,362.301
353.285,339.449,344.813
348.438,333.727,340.194
340.944,325.764,333.121
331.563,315.874,323.018
323.017,306.349,312.788
307.759,289.901,296.69
306.761,288.208,296.798
301.411,282.876,292.662
298.386,279.849,290.16
296.014,277.209,288.15
283.216,263.847,275.634
279.642,259.322,272.862
269.375,248.438,264.009
265.938,244.892,261.84
266.931,246.066,263.59
251.357,231.786,248.612
241.176,223.823,239.529
230.98,215.153,230.361
232.047,216.499,231.45
243.051,226.534,241.722
241.833,223.736,239.742
240.775,221.599,238.679
233.085,213.521,231.582
237.835,217.811,236.555
246.126,225.103,244.106
238.483,216.606,235.362
240.355,217.979,236.044
238.742,215.29,232.624
246.384,221.08,238.256
263.252,236.403,254.164
262.544,234.867,254.007
252.209,224.431,244.178
232.625,205.689,224.047
227.33,201.29,217.105
232.222,206.207,219.414
224.802,198.541,210.394
222.695,196.167,208.982
215.169,187.898,203.29
213.813,186.281,203.349
217.584,190.834,207.465
205.933,179.189,195.771
195.996,167.665,186.68
181.543,152.384,173.185
183.902,156.345,174.257
196.929,171.615,184.179
190.991,166.692,176.284
185.833,162.1,170.874
177.774,154.881,163.165
170.115,148.453,155.81
156.129,136.676,141.374
131.907,115.132,116.575
119.478,104.282,104.626
97.4155,82.3036,83.9043
74.4093,59.1156,62.1929
56.2813,41.1378,44.8437
33.0993,18.1478,22.4617
21.3993,6.34676,11.3018
-5.28174,-20.6369,-15.9625
-32.9696,-48.732,-44.0042
-55.6408,-72.2342,-65.7432
-88.5231,-105.91,-97.5138
-94.2703,-112.211,-102.24
-86.5403,-105.25,-93.6641
-74.4091,-94.1785,-81.9851
-58.2379,-78.6487,-67.2526
-53.2812,-73.3197,-64.0612
-44.2894,-63.852,-57.0477
-47.5029,-67.0987,-61.4909
-58.5204,-77.9222,-72.3321
-67.1627,-86.1056,-80.0129
-84.567,-102.99,-96.3184
-89.7403,-107.288,-100.477
-95.792,-112.918,-106.979
-101.364,-119.431,-114.951
-97.4294,-117.256,-113.534
-101.137,-122.023,-117.87
-95.5417,-116.55,-110.58
-94.0875,-115.318,-107.463
-93.5057,-115.203,-106.779
-87.2509,-109.386,-100.783
-88.0501,-110.384,-101.751
-75.7265,-97.5816,-90.0202
-70.6558,-91.1363,-85.789
-68.275,-88.508,-83.7579
-58.1087,-80.8395,-73.8989
-56.7051,-82.0216,-73.3148
-46.2917,-71.965,-63.1447
-42.62,-66.7941,-58.8182
-43.2646,-65.2582,-58.2933
-35.2593,-56.1417,-49.4993
-31.4308,-52.7267,-46.4372
-14.0298,-36.181,-30.0377
-3.77239,-26.5068,-19.642
0.288023,-22.663,-14.4568
13.6508,-8.97675,0.254982
11.8703,-9.36426,-1.87417
16.3995,-3.49983,0.734028
22.0052,1.56106,4.77622
25.7351,3.89746,8.34929
41.9549,19.7953,25.5363
55.244,34.2056,39.1085
71.9454,52.5959,55.202
78.0562,59.5948,60.7175
77.9487,59.6196,59.7856
84.0584,66.7941,65.1856
84.4431,68.8794,65.3534
92.0517,76.9564,73.2829
96.3126,82.1305,77.8983
103.253,92.7993,83.5669
126.892,121.476,105.284
140.679,139.517,119.419
151.924,153.871,132.44
158.549,162.485,139.38
159.613,164.133,140.208
162.685,166.924,144.115
158.107,163.107,140.158
165.243,172.071,147.43
171.459,179.961,154.117
170.022,180.543,153.671
169.274,181.502,153.467
165.205,177.352,148.175
172.942,183.904,154.19
171.53,181.339,152.319
160.797,169.724,141.993
161.3,169.777,142.879
160.485,168.893,141.964
165.739,173.501,147.37
165.457,171.711,148.376
156.205,161.541,141.41
154.288,159.833,141.935
147.393,153.896,136.203
151.296,158.714,140.651
160.993,168.086,150.962
161.177,166.984,151.069
162.613,167.058,152.344
162.209,166.397,151.887
165.389,170.57,155.009
158.897,164.835,148.383
146.65,153.003,135.917
144.081,150.799,134.845
143.397,149.677,137.484
151.699,156.725,147.421
156.972,161.197,151.288
155.362,159.813,148.093
154.288,158.551,147.023
145.398,148.069,138.661
140.901,141.349,134.422
136.523,134.937,129.714
128.815,125.7,120.886
126.712,122.713,117.955
123.557,119.461,114.642
128.028,124.212,119.155
125.47,122.088,117.273
114.559,112.122,108.344
113.194,110.813,109.339
113.559,109.606,109.894
116.098,110.871,110.157
107.246,101.704,99.6106
95.2403,89.3871,88.3261
94.4108,88.2036,89.1166
92.7678,86.5431,88.208
96.3495,90.126,91.3113
98.589,92.6628,92.1894
98.6842,93.9717,90.7625
102.144,98.074,93.2203
99.2232,93.8145,90.04
101.554,94.799,93.5464
98.7616,91.8943,92.5352
89.0747,81.5931,82.5886
95.8643,87.1472,87.2206
108.243,99.1468,97.2268
116.888,108.236,104.401
112.906,104.002,100.977
107.055,96.58,97.3871
106.62,94.7522,99.2194
100.738,88.9215,94.6191
104.326,93.5646,99.7742
106.957,97.2235,104.149
106.507,96.8055,103.004
109.899,98.8245,104.073
102.963,90.3192,95.7466
99.7513,86.5705,92.0144
99.7855,86.2303,91.7167
99.8606,85.8419,91.6365
108.784,95.41,100.931
110.162,98.2038,102.673
106.334,94.6504,98.5927
97.7563,84.8598,90.9427
89.2514,75.6316,84.8067
89.0042,76.0242,85.6164
86.5171,75.0367,82.2396
93.0331,83.181,87.2521
98.6099,89.6185,91.016
96.389,87.774,87.6467
92.9076,84.53,85.7108
85.2418,76.5131,80.54
90.6151,81.5639,85.8114
99.1246,90.2006,92.3167
97.1653,88.3512,89.6502
90.874,82.054,85.2145
78.6973,69.9439,74.8622
78.5761,70.0214,74.3517
86.8069,78.0871,80.9219
82.0691,73.2339,74.1862
71.2317,62.1585,62.2233
61.8907,51.5149,52.9872
61.3938,50.2179,52.7665
65.4897,55.0006,56.9952
69.2387,59.0529,60.6466
62.8105,51.7986,54.3149
51.076,39.9778,44.2198
60.184,49.9564,56.1877
66.2808,56.4995,63.7984
58.8687,50.3682,55.8225
55.1155,48.7559,50.8107
53.4245,47.9407,48.5733
46.4746,40.7298,42.3318
32.2407,25.6168,28.6752
29.9723,22.051,25.676
37.9141,28.9687,33.1207
41.5771,32.1283,37.0413
43.4625,33.8121,38.235
38.7358,28.6018,32.2942
37.0123,26.2548,29.8678
41.1243,29.8473,33.5269
39.2828,27.253,30.822
40.3684,27.9155,30.7551
42.2495,29.9202,31.8096
49.0733,37.0566,38.4233
57.4686,45.3401,47.9776
59.342,45.3637,51.899
64.5019,47.7796,58.8646
64.844,46.9875,60.3118
64.2288,47.4175,59.4234
65.3111,50.3888,58.6524
69.3705,55.9584,60.1744
79.3115,66.3031,69.2785
81.1365,67.2862,72.5471
82.0532,67.8092,74.2236
80.9674,67.5498,72.612
71.4324,58.8059,62.452
66.8694,54.9282,57.6732
62.8607,51.6454,54.5314
65.8395,55.206,58.4818
74.5641,64.3,67.6142
74.1629,63.8579,67.4304
74.8964,65.102,67.8827
76.1341,67.5331,68.354
81.1455,72.4317,73.0385
83.5511,72.9878,77.1117
80.6195,68.0837,77.8499
84.954,70.9348,85.2265
89.3608,74.2635,89.9148
94.2856,79.4,92.7326
88.1783,74.9325,84.9755
82.155,69.9271,79.8073
90.732,78.0639,89.4443
86.3032,72.4749,83.6886
84.8464,69.3288,80.2351
95.1735,78.1121,89.929
101.004,83.4355,95.1082
109.168,92.3573,102.438
108.824,92.7632,103.084
109.984,92.3816,105.992
114.257,92.9605,109.958
111.562,87.9255,105.479
112.392,89.284,105.311
102.323,80.6667,95.8468
94.3205,73.9594,89.8801
92.8074,73.2019,90.4607
90.5986,71.0423,88.7518
96.5477,76.7897,93.9828
94.4904,73.8316,92.415
97.5565,74.7359,97.7234
104.405,79.1,106.079
103.227,76.0379,104.137
107.255,78.1504,107.419
103.915,72.3516,105.407
100.689,68.0134,103.32
99.5332,67.8027,101.308
92.6132,61.4909,93.108
93.4069,61.8511,94.2564
90.1797,57.7845,92.0807
91.0899,57.7268,92.9329
91.5786,57.5295,93.1956
83.5929,48.2802,84.9015
82.7646,45.5627,82.7829
73.4384,34.9383,72.6371
71.0589,31.3217,70.6831
73.5709,33.4336,74.3761
64.4375,26.151,66.8718
60.8102,24.4802,64.0401
55.604,19.4042,58.643
56.0249,19.429,58.3353
57.6702,21.8417,58.1442
50.8729,15.9588,49.2313
51.3983,15.463,48.3454
45.918,8.11959,42.1433
44.4686,5.80283,41.3963
44.294,4.30908,42.2536
31.4849,-10.2913,29.4546
28.3331,-13.2576,26.3316
20.7075,-19.1719,18.9979
16.0532,-22.9114,14.4176
15.6462,-24.0834,13.3895
7.35862,-34.1168,4.54337
8.65644,-34.8402,6.80693
7.28377,-38.6858,7.68826
10.3757,-37.6074,12.4674
14.9077,-32.1106,16.5537
3.67869,-39.4931,3.70452
-4.93645,-44.4603,-5.65295
-8.47346,-45.9173,-8.1191
-1.33409,-37.3881,0.792547
7.51117,-27.2717,9.80118
6.52236,-27.5945,7.43671
10.8136,-22.9816,11.0015
7.66295,-25.2448,6.92202
11.0173,-20.8757,7.91442
18.1507,-13.5836,13.2165
12.2827,-19.8314,7.08513
11.8708,-19.9009,6.97134
0.646272,-29.6651,-4.25756
-7.76848,-36.0181,-13.1162
-4.75352,-30.4922,-10.6752
-3.24734,-27.0174,-9.28495
1.44546,-22.1381,-4.07562
-8.88562,-32.5415,-13.998
-16.9117,-39.693,-22.4309
-13.2365,-35.3937,-18.3941
-12.1277,-34.2843,-15.8756
-5.80094,-27.6848,-9.99895
-9.64895,-30.0989,-15.7294
-12.4353,-31.0082,-18.5573
-11.6999,-30.0999,-15.6996
-17.3487,-37.378,-19.871
-7.92849,-28.7094,-11.9384
1.29651,-18.0867,-5.29002
12.0167,-5.74473,5.20726
9.85303,-7.64987,4.6326
-8.08169,-25.8183,-11.9972
-3.31237,-20.4177,-7.22502
-4.79833,-21.4832,-9.39399
-11.9033,-29.5355,-15.634
-10.2818,-28.9386,-12.1281
-11.0827,-29.2941,-12.7506
1.36635,-15.4716,-1.20939
4.87392,-11.5843,1.98482
-0.820248,-17.4131,-5.13897
-0.239323,-15.8326,-7.3774
-3.77591,-18.2094,-11.8172
0.330342,-14.6884,-5.57814
-6.22304,-23.006,-9.0989
-13.8218,-31.8712,-14.9556
-10.6513,-28.901,-12.8765
-18.7716,-36.5036,-23.5488
-18.0959,-36.1154,-23.1583
-12.6975,-32.287,-15.5864
-0.0191106,-20.1088,-0.846914
12.8716,-5.80572,12.6393
11.0766,-6.89295,10.8771
16.0319,-2.6775,16.8643
7.96942,-10.2998,9.92036
-5.72905,-21.8643,-4.26702
-8.94482,-24.298,-8.22986
-14.4062,-31.6329,-13.1805
-13.4713,-32.4626,-12.3202
-21.3124,-39.3813,-22.0969
-25.6745,-41.3486,-28.3204
-18.489,-33.495,-21.5918
-22.4928,-39.2611,-25.1178
-20.3687,-38.5039,-22.538
-20.9036,-38.0918,-24.6404
-14.7105,-30.853,-21.7144
-3.80197,-20.6906,-12.4884
-18.9307,-36.7345,-26.5322
-25.7051,-43.5002,-32.0082
-27.6842,-44.3038,-35.0015
-31.9691,-46.8839,-40.6484
-29.8427,-44.74,-37.4541
-34.2326,-50.991,-39.3894
-32.1497,-50.6952,-35.7461
-40.7758,-60.0761,-44.9368
-54.5692,-74.3339,-60.4227
-52.606,-72.8643,-58.9155
-51.8078,-72.0464,-56.8396
-49.5821,-69.1764,-52.5346
-58.2004,-77.2832,-58.9652
-69.0642,-88.3796,-67.9649
-67.3552,-87.5128,-65.4919
-72.3529,-93.4025,-71.8321
-66.5204,-87.9083,-68.269
-59.6986,-81.154,-61.7926
-60.5477,-82.4265,-60.2487
-59.2618,-81.9411,-56.1877
-67.1704,-89.7464,-63.2456
-66.3047,-86.8342,-63.0961
-71.9712,-89.8437,-70.1803
-84.7074,-100.18,-84.0799
-84.2624,-96.9131,-83.9045
-89.6767,-98.901,-89.5878
-97.6789,-103.567,-97.7773
-115.487,-119.955,-115.552
-135.916,-140.648,-136.283
-141.967,-145.868,-142.464
-149.678,-151.263,-150.921
-150.095,-150.54,-152.773
-152.004,-153.885,-155.05
-156.192,-159.802,-158.329
-152.408,-157.046,-153.29
-154.923,-160.982,-155.365
-149.356,-157.017,-150.409
-147.747,-156.785,-150.066
-149.066,-159.279,-152.564
-142.176,-153.348,-146.505
-141.736,-153.083,-147.365
-136.405,-147.646,-143.256
-138.926,-151.052,-146.243
-140.275,-153.124,-147.936
-128.024,-140.393,-136.124
-127.384,-139.605,-135.746
-129.52,-143.162,-137.949
-133.733,-149.974,-142.404
-130.778,-149.573,-139.52
-120.82,-140.895,-129.184
-124.02,-143.556,-132.762
-113.604,-132.236,-123.127
-111.537,-130.172,-120.95
-128.517,-147.405,-137.743
-131.656,-151.362,-142.3
-130.674,-151.969,-144.269
-122.616,-145.378,-137.665
-121.095,-144.538,-135.055
-124.854,-147.789,-137.245
-121.336,-142.142,-131.629
-125.646,-143.325,-133.707
-120.343,-136.332,-127.834
-111.596,-128.54,-119.821
-109.644,-128.801,-118.939
-105.81,-127.034,-116.641
-105.433,-127.543,-118.082
-94.4517,-115.649,-107.604
-84.899,-104.683,-97.4654
-84.7359,-103.453,-96.8033
-78.0425,-96.1433,-89.0701
-84.4909,-102.43,-94.3418
-97.4955,-115.372,-106.133
-100.415,-118.524,-107.792
-96.7484,-114.862,-103.969
